rule_id,antecedent_product_ids,consequent_product_ids,antecedent_product_names,consequent_product_names,support,confidence,lift,leverage,conviction
1,"1516, 2928",1996,E/H Ice Cream (Chocolate) 80ml | Revello Dark Chocolate 100g,KVC Tomato Sauce400g,0.010313180054877472,0.990909090909091,58.50792280345354,0.01013691025139252,108.13700444696816
2,1996,"1516, 2928",KVC Tomato Sauce400g,E/H Ice Cream (Chocolate) 80ml | Revello Dark Chocolate 100g,0.010313180054877472,0.6089385474860336,58.50792280345354,0.01013691025139252,2.53052863495668
3,"1098, 3059",1153,Rathmal Baby Soap 75g | Signal Clove & Ginger Toothpaste 120g,Sunsilk Shampoo (Almond)180ml,0.010123947393320088,0.9953488372093023,58.443565891472865,0.009950721354852143,211.33834799886523
4,"1102, 3059",1153,Baby Milk Soap 75g | Signal Clove & Ginger Toothpaste 120g,Sunsilk Shampoo (Almond)180ml,0.010123947393320088,0.9953488372093023,58.443565891472865,0.009950721354852143,211.33834799886523
5,1153,"1098, 3059",Sunsilk Shampoo (Almond)180ml,Rathmal Baby Soap 75g | Signal Clove & Ginger Toothpaste 120g,0.010123947393320088,0.5944444444444444,58.443565891472865,0.009950721354852143,2.4406736164305793
6,1153,"1102, 3059",Sunsilk Shampoo (Almond)180ml,Baby Milk Soap 75g | Signal Clove & Ginger Toothpaste 120g,0.010123947393320088,0.5944444444444444,58.443565891472865,0.009950721354852143,2.4406736164305793
7,1996,"1516, 1822",KVC Tomato Sauce400g,E/H Ice Cream (Chocolate) 80ml | CBL Sun Cracker 95g,0.010313180054877472,0.6089385474860336,58.24318107131121,0.010136109025013045,2.53040766121947
8,"1516, 1822",1996,E/H Ice Cream (Chocolate) 80ml | CBL Sun Cracker 95g,KVC Tomato Sauce400g,0.010313180054877472,0.9864253393665158,58.243181071311206,0.010136109025013045,72.41902419024156
9,"1602, 3059",1153,Godrej Hair Colour Shampoo 10ml | Signal Clove & Ginger Toothpaste 120g,Sunsilk Shampoo (Almond)180ml,0.010123947393320088,0.9907407407407408,58.1729938271605,0.009949915652347641,106.16065852966302
10,"1098, 1602",1153,Rathmal Baby Soap 75g | Godrej Hair Colour Shampoo 10ml,Sunsilk Shampoo (Almond)180ml,0.010123947393320088,0.9907407407407408,58.1729938271605,0.009949915652347641,106.16065852966302
11,"1098, 1102",1153,Rathmal Baby Soap 75g | Baby Milk Soap 75g,Sunsilk Shampoo (Almond)180ml,0.010123947393320088,0.9907407407407408,58.1729938271605,0.009949915652347641,106.16065852966302
12,1153,"1602, 3059",Sunsilk Shampoo (Almond)180ml,Godrej Hair Colour Shampoo 10ml | Signal Clove & Ginger Toothpaste 120g,0.010123947393320088,0.5944444444444444,58.1729938271605,0.009949915652347641,2.4405569661597566
13,1153,"1098, 1602",Sunsilk Shampoo (Almond)180ml,Rathmal Baby Soap 75g | Godrej Hair Colour Shampoo 10ml,0.010123947393320088,0.5944444444444444,58.1729938271605,0.009949915652347641,2.4405569661597566
14,1153,"1098, 1102",Sunsilk Shampoo (Almond)180ml,Rathmal Baby Soap 75g | Baby Milk Soap 75g,0.010123947393320088,0.5944444444444444,58.1729938271605,0.009949915652347641,2.4405569661597566
15,"1822, 2928",1996,CBL Sun Cracker 95g | Revello Dark Chocolate 100g,KVC Tomato Sauce400g,0.010313180054877472,0.981981981981982,57.98082439981882,0.010135307798633567,54.5600340618793
16,1996,"1822, 2928",KVC Tomato Sauce400g,CBL Sun Cracker 95g | Revello Dark Chocolate 100g,0.010313180054877472,0.6089385474860336,57.98082439981882,0.010135307798633567,2.5302866874822603
17,"1102, 1602",1153,Baby Milk Soap 75g | Godrej Hair Colour Shampoo 10ml,Sunsilk Shampoo (Almond)180ml,0.010123947393320088,0.9861751152073734,57.90491551459294,0.00994910994984314,71.10142870659564
18,1153,"1102, 1602",Sunsilk Shampoo (Almond)180ml,Baby Milk Soap 75g | Godrej Hair Colour Shampoo 10ml,0.010123947393320088,0.5944444444444444,57.904915514592936,0.00994910994984314,2.4404403158889334
19,"2036, 3180",2961,Prima Instant Noodles 345g | Edinborouah Dark Soya Sauce 600ml,CocaCola Zero 1050ml,0.010455104551045511,1.0,57.75409836065573,0.010274076626658973,inf
20,2961,"2036, 3180",CocaCola Zero 1050ml,Prima Instant Noodles 345g | Edinborouah Dark Soya Sauce 600ml,0.010455104551045511,0.6038251366120219,57.75409836065573,0.010274076626658973,2.497747805064258
21,"1822, 2019",1996,CBL Sun Cracker 95g | Harischandra Noodles 400g,KVC Tomato Sauce400g,0.010313180054877472,0.9775784753363229,57.72082070295865,0.01013450657225409,43.84463998486147
22,1996,"1822, 2019",KVC Tomato Sauce400g,CBL Sun Cracker 95g | Harischandra Noodles 400g,0.010313180054877472,0.6089385474860336,57.72082070295865,0.01013450657225409,2.5301657137450504
23,2961,"2036, 2877",CocaCola Zero 1050ml,Prima Instant Noodles 345g | CBL Wafer Stix 55g strawberry,0.010455104551045511,0.6038251366120219,57.49394476443657,0.010273257495779396,2.497628392729551
24,"2036, 2877",2961,Prima Instant Noodles 345g | CBL Wafer Stix 55g strawberry,CocaCola Zero 1050ml,0.010455104551045511,0.9954954954954955,57.49394476443656,0.010273257495779396,218.1561169457871
25,2837,"2499, 3062",Kumarika Shampoo 40ml,Imorich Wonder Cone (Cooki Cream) 120ml | Ayush Toothpaste 30g,0.010880878039549626,0.6233062330623307,57.28455284552847,0.010690933674113265,2.6257910503842177
26,"2499, 3062",2837,Imorich Wonder Cone (Cooki Cream) 120ml | Ayush Toothpaste 30g,Kumarika Shampoo 40ml,0.010880878039549626,1.0,57.28455284552846,0.010690933674113265,inf
27,2961,"2877, 3180",CocaCola Zero 1050ml,CBL Wafer Stix 55g strawberry | Edinborouah Dark Soya Sauce 600ml,0.010455104551045511,0.6038251366120219,57.23612438432699,0.010272438364899819,2.497508980394844
28,"2877, 3180",2961,CBL Wafer Stix 55g strawberry | Edinborouah Dark Soya Sauce 600ml,CocaCola Zero 1050ml,0.010455104551045511,0.9910313901345292,57.236124384326985,0.010272438364899819,109.56940107862721
29,"2019, 2928",1996,Harischandra Noodles 400g | Revello Dark Chocolate 100g,KVC Tomato Sauce400g,0.010313180054877472,0.9688888888888889,57.207746741154565,0.010132904119495136,31.598475325412615
30,"1516, 2019",1996,E/H Ice Cream (Chocolate) 80ml | Harischandra Noodles 400g,KVC Tomato Sauce400g,0.010313180054877472,0.9688888888888889,57.207746741154565,0.010132904119495136,31.598475325412615
31,1996,"2019, 2928",KVC Tomato Sauce400g,Harischandra Noodles 400g | Revello Dark Chocolate 100g,0.010313180054877472,0.6089385474860336,57.207746741154565,0.010132904119495136,2.52992376627063
32,1996,"1516, 2019",KVC Tomato Sauce400g,E/H Ice Cream (Chocolate) 80ml | Harischandra Noodles 400g,0.010313180054877472,0.6089385474860336,57.207746741154565,0.010132904119495136,2.52992376627063
33,"2499, 2746",2837,Imorich Wonder Cone (Cooki Cream) 120ml | Misumi Romansu Soap 90g,Kumarika Shampoo 40ml,0.010880878039549626,0.9956709956709956,57.036567768275084,0.01069010782904615,226.96749929037358
34,"2746, 3062",2837,Misumi Romansu Soap 90g | Ayush Toothpaste 30g,Kumarika Shampoo 40ml,0.010880878039549626,0.9956709956709956,57.036567768275084,0.01069010782904615,226.96749929037358
35,2837,"2499, 2746",Kumarika Shampoo 40ml,Imorich Wonder Cone (Cooki Cream) 120ml | Misumi Romansu Soap 90g,0.010880878039549626,0.6233062330623307,57.036567768275084,0.01069010782904615,2.625665462520702
36,2837,"2746, 3062",Kumarika Shampoo 40ml,Misumi Romansu Soap 90g | Ayush Toothpaste 30g,0.010880878039549626,0.6233062330623307,57.036567768275084,0.01069010782904615,2.625665462520702
37,"1878, 2126",1276,Dettol Hand Wash (sensitive) 200ml | Sunlight 2in1 (Rose) 200g,Sunlight  (Care) 115g,0.010029331062541395,0.9769585253456222,56.8896675172335,0.009853036640368806,42.65469770082335
38,1276,"1878, 2126",Sunlight  (Care) 115g,Dettol Hand Wash (sensitive) 200ml | Sunlight 2in1 (Rose) 200g,0.010029331062541395,0.584022038567493,56.8896675172335,0.009853036640368806,2.379294625855071
39,1934,"1288, 1882",Diva Fresh (Jasmine) 400g,Senola Soap | Dettol Hand Wash Refill (sensitive)175ml,0.010975494370328319,0.6236559139784947,56.8225806451613,0.010782340623249025,2.6279794006731283
40,"1288, 1882",1934,Senola Soap | Dettol Hand Wash Refill (sensitive)175ml,Diva Fresh (Jasmine) 400g,0.010975494370328319,1.0,56.822580645161295,0.010782340623249025,inf
41,"1967, 3062",2837,Edinborough Mustard Cream165g | Ayush Toothpaste 30g,Kumarika Shampoo 40ml,0.010880878039549626,0.9913793103448275,56.79072049341183,0.010689281983979036,113.97502128867347
42,2837,"1967, 3062",Kumarika Shampoo 40ml,Edinborough Mustard Cream165g | Ayush Toothpaste 30g,0.010880878039549626,0.6233062330623307,56.79072049341183,0.010689281983979036,2.6255398746571865
43,"1314, 1882",1934,BIO Clean (Tile Cleaner) Kohomba | Dettol Hand Wash Refill (sensitive)175ml,Diva Fresh (Jasmine) 400g,0.010975494370328319,0.9957081545064378,56.57870690848679,0.010781508063994373,228.8995174567143
44,1934,"1314, 1882",Diva Fresh (Jasmine) 400g,BIO Clean (Tile Cleaner) Kohomba | Dettol Hand Wash Refill (sensitive)175ml,0.010975494370328319,0.6236559139784947,56.57870690848679,0.010781508063994373,2.6278536961193795
45,"1967, 2746",2837,Edinborough Mustard Cream165g | Misumi Romansu Soap 90g,Kumarika Shampoo 40ml,0.010880878039549626,0.9871244635193133,56.54698349558603,0.01068845613891192,76.31086195477317
46,2837,"1967, 2746",Kumarika Shampoo 40ml,Edinborough Mustard Cream165g | Misumi Romansu Soap 90g,0.010880878039549626,0.6233062330623307,56.54698349558603,0.01068845613891192,2.6254142867936707
47,"2636, 3208",3200,Maliban Wafers Lemon Cream 90g | Sunsilk Damage Restore Shampoo 80ml,Pears Kokum Baby Soap 2 Pack,0.01107011070110701,0.9957446808510637,56.42909132394044,0.01087393333157332,230.8532027627905
48,3200,"2636, 3208",Pears Kokum Baby Soap 2 Pack,Maliban Wafers Lemon Cream 90g | Sunsilk Damage Restore Shampoo 80ml,0.01107011070110701,0.6273458445040214,56.42909132394044,0.01087393333157332,2.6536201637611283
49,"1288, 1314",1934,Senola Soap | BIO Clean (Tile Cleaner) Kohomba,Diva Fresh (Jasmine) 400g,0.010975494370328319,0.9914529914529916,56.336917562724025,0.01078067550473972,114.94095940959599
50,"1296, 1314",1934,Vim Limes (Promo) | BIO Clean (Tile Cleaner) Kohomba,Diva Fresh (Jasmine) 400g,0.010975494370328319,0.9914529914529916,56.336917562724025,0.01078067550473972,114.94095940959599
51,1934,"1288, 1314",Diva Fresh (Jasmine) 400g,Senola Soap | BIO Clean (Tile Cleaner) Kohomba,0.010975494370328319,0.6236559139784947,56.336917562724025,0.01078067550473972,2.6277279915656306
52,1934,"1296, 1314",Diva Fresh (Jasmine) 400g,Vim Limes (Promo) | BIO Clean (Tile Cleaner) Kohomba,0.010975494370328319,0.6236559139784947,56.336917562724025,0.01078067550473972,2.6277279915656306
53,"1967, 2499",2837,Edinborough Mustard Cream165g | Imorich Wonder Cone (Cooki Cream) 120ml,Kumarika Shampoo 40ml,0.010880878039549626,0.982905982905983,56.30532971996387,0.010687630293844806,57.47878228782309
54,2837,"1967, 2499",Kumarika Shampoo 40ml,Edinborough Mustard Cream165g | Imorich Wonder Cone (Cooki Cream) 120ml,0.010880878039549626,0.6233062330623307,56.30532971996387,0.010687630293844806,2.6252886989301554
55,"1904, 3164",1670,Rin Lemon-Rose 200g | Sunlight 2in1 (sakura Fresh) 50g,Delmege Colouring (egg yellow)28ml,0.010928186204938973,0.9871794871794873,56.24528301886793,0.0107338910459783,76.63099630996403
56,"1904, 2782",1670,Rin Lemon-Rose 200g | Cinthol Lime Soap 100g,Delmege Colouring (egg yellow)28ml,0.010928186204938973,0.9871794871794873,56.24528301886793,0.0107338910459783,76.63099630996403
57,1670,"1904, 3164",Delmege Colouring (egg yellow)28ml,Rin Lemon-Rose 200g | Sunlight 2in1 (sakura Fresh) 50g,0.010928186204938973,0.6226415094339622,56.24528301886792,0.0107338910459783,2.6206642066420662
58,1670,"1904, 2782",Delmege Colouring (egg yellow)28ml,Rin Lemon-Rose 200g | Cinthol Lime Soap 100g,0.010928186204938973,0.6226415094339622,56.24528301886792,0.0107338910459783,2.6206642066420662
59,"2746, 2837",2499,Misumi Romansu Soap 90g | Kumarika Shampoo 40ml,Imorich Wonder Cone (Cooki Cream) 120ml,0.010880878039549626,1.0,56.21808510638298,0.01068733039346813,inf
60,2499,"2746, 2837",Imorich Wonder Cone (Cooki Cream) 120ml,Misumi Romansu Soap 90g | Kumarika Shampoo 40ml,0.010880878039549626,0.6117021276595744,56.21808510638298,0.01068733039346813,2.5473204784734884
61,3200,"1689, 3208",Pears Kokum Baby Soap 2 Pack,Gold Hair Cream 100ml | Sunsilk Damage Restore Shampoo 80ml,0.01107011070110701,0.6273458445040214,56.18998500477121,0.010873098534256156,2.6534932145115584
62,"1689, 3208",3200,Gold Hair Cream 100ml | Sunsilk Damage Restore Shampoo 80ml,Pears Kokum Baby Soap 2 Pack,0.01107011070110701,0.9915254237288135,56.1899850047712,0.010873098534256156,115.91777840855211
63,"2782, 3164",1670,Cinthol Lime Soap 100g | Sunlight 2in1 (sakura Fresh) 50g,Delmege Colouring (egg yellow)28ml,0.010975494370328319,0.9830508474576272,56.01005071040249,0.010779538568983367,57.964471567792756
64,1670,"2782, 3164",Delmege Colouring (egg yellow)28ml,Cinthol Lime Soap 100g | Sunlight 2in1 (sakura Fresh) 50g,0.010975494370328319,0.6253369272237197,56.01005071040249,0.010779538568983367,2.639265368857341
65,"1878, 3164",1670,Dettol Hand Wash (sensitive) 200ml | Sunlight 2in1 (sakura Fresh) 50g,Delmege Colouring (egg yellow)28ml,0.010928186204938973,0.9829787234042553,56.0059413890004,0.01073306072478616,57.71885940013238
66,"1878, 2782",1670,Dettol Hand Wash (sensitive) 200ml | Cinthol Lime Soap 100g,Delmege Colouring (egg yellow)28ml,0.010928186204938973,0.9829787234042553,56.0059413890004,0.01073306072478616,57.71885940013238
67,1670,"1878, 3164",Delmege Colouring (egg yellow)28ml,Dettol Hand Wash (sensitive) 200ml | Sunlight 2in1 (sakura Fresh) 50g,0.010928186204938973,0.6226415094339622,56.0059413890004,0.01073306072478616,2.6205388400037846
68,1670,"1878, 2782",Delmege Colouring (egg yellow)28ml,Dettol Hand Wash (sensitive) 200ml | Cinthol Lime Soap 100g,0.010928186204938973,0.6226415094339622,56.0059413890004,0.01073306072478616,2.6205388400037846
69,"1854, 3180",2961,CBL Nice Biscuits  100g | Edinborouah Dark Soya Sauce 600ml,CocaCola Zero 1050ml,0.010455104551045511,0.9692982456140351,55.98094621800402,0.010268342710501933,32.00746117351285
70,2961,"1854, 3180",CocaCola Zero 1050ml,CBL Nice Biscuits  100g | Edinborouah Dark Soya Sauce 600ml,0.010455104551045511,0.6038251366120219,55.98094621800402,0.010268342710501933,2.496911918721309
71,"2746, 3062",2499,Misumi Romansu Soap 90g | Ayush Toothpaste 30g,Imorich Wonder Cone (Cooki Cream) 120ml,0.010880878039549626,0.9956709956709956,55.97471677258911,0.010686488881963429,226.891001986939
72,2499,"2746, 3062",Imorich Wonder Cone (Cooki Cream) 120ml,Misumi Romansu Soap 90g | Ayush Toothpaste 30g,0.010880878039549626,0.6117021276595744,55.974716772589105,0.010686488881963429,2.547198643746184
73,"1288, 1562",1069,Senola Soap | Sun Silk Shampoo (King-coconut)80ML,P.Baby Cream (Bedtime) 100ml,0.010171255558709433,0.9953703703703705,55.95781619385343,0.009989489073693767,212.157820039743
74,1069,"1288, 1562",P.Baby Cream (Bedtime) 100ml,Senola Soap | Sun Silk Shampoo (King-coconut)80ML,0.010171255558709433,0.5718085106382979,55.957816193853425,0.009989489073693767,2.31153925490521
75,"1689, 2636",3200,Gold Hair Cream 100ml | Maliban Wafers Lemon Cream 90g,Pears Kokum Baby Soap 2 Pack,0.01107011070110701,0.9873417721518987,55.95289646044728,0.01087226373693899,77.60597029047172
76,3200,"1689, 2636",Pears Kokum Baby Soap 2 Pack,Gold Hair Cream 100ml | Maliban Wafers Lemon Cream 90g,0.01107011070110701,0.6273458445040214,55.95289646044728,0.01087226373693899,2.653366265261988
77,"1102, 1153",1098,Baby Milk Soap 75g | Sunsilk Shampoo (Almond)180ml,Rathmal Baby Soap 75g,0.010123947393320088,1.0,55.920634920634924,0.009942906040558475,inf
78,1098,"1102, 1153",Rathmal Baby Soap 75g,Baby Milk Soap 75g | Sunsilk Shampoo (Almond)180ml,0.010123947393320088,0.5661375661375662,55.92063492063492,0.009942906040558475,2.281543584666616
79,"1288, 1296",1934,Senola Soap | Vim Limes (Promo),Diva Fresh (Jasmine) 400g,0.010975494370328319,0.9830508474576272,55.85948605795517,0.010779010386230416,57.961680386034786
80,"1296, 1882",1934,Vim Limes (Promo) | Dettol Hand Wash Refill (sensitive)175ml,Diva Fresh (Jasmine) 400g,0.010975494370328319,0.9830508474576272,55.85948605795517,0.010779010386230416,57.961680386034786
81,1934,"1288, 1296",Diva Fresh (Jasmine) 400g,Senola Soap | Vim Limes (Promo),0.010975494370328319,0.6236559139784947,55.85948605795517,0.010779010386230416,2.627476582458133
82,1934,"1296, 1882",Diva Fresh (Jasmine) 400g,Vim Limes (Promo) | Dettol Hand Wash Refill (sensitive)175ml,0.010975494370328319,0.6236559139784947,55.85948605795517,0.010779010386230416,2.627476582458133
83,"1807, 1998",1477,Maliban Smart Cream Cracker 190g | Crunchy Peanut Butter325g,Milkmaid 510g,0.011259343362664397,0.9916666666666668,55.74960106382979,0.011057380601535879,117.86545557763469
84,1477,"1807, 1998",Milkmaid 510g,Maliban Smart Cream Cracker 190g | Crunchy Peanut Butter325g,0.011259343362664397,0.6329787234042553,55.749601063829786,0.011057380601535879,2.6937022547483
85,"1967, 3062",2499,Edinborough Mustard Cream165g | Ayush Toothpaste 30g,Imorich Wonder Cone (Cooki Cream) 120ml,0.010880878039549626,0.9913793103448275,55.733446441672776,0.010685647370458726,113.93660705837732
86,"2837, 3062",2499,Kumarika Shampoo 40ml | Ayush Toothpaste 30g,Imorich Wonder Cone (Cooki Cream) 120ml,0.010880878039549626,0.9913793103448275,55.733446441672776,0.010685647370458726,113.93660705837732
87,2499,"1967, 3062",Imorich Wonder Cone (Cooki Cream) 120ml,Edinborough Mustard Cream165g | Ayush Toothpaste 30g,0.010880878039549626,0.6117021276595744,55.733446441672776,0.010685647370458726,2.5470768090188804
88,2499,"2837, 3062",Imorich Wonder Cone (Cooki Cream) 120ml,Kumarika Shampoo 40ml | Ayush Toothpaste 30g,0.010880878039549626,0.6117021276595744,55.733446441672776,0.010685647370458726,2.5470768090188804
89,"1102, 3059",1098,Baby Milk Soap 75g | Signal Clove & Ginger Toothpaste 120g,Rathmal Baby Soap 75g,0.010123947393320088,0.9953488372093023,55.660538944259876,0.009942060052928747,211.15526539880847
90,1098,"1102, 3059",Rathmal Baby Soap 75g,Baby Milk Soap 75g | Signal Clove & Ginger Toothpaste 120g,0.010123947393320088,0.5661375661375662,55.660538944259876,0.009942060052928747,2.281434545114682
91,"1098, 1153",1602,Rathmal Baby Soap 75g | Sunsilk Shampoo (Almond)180ml,Godrej Hair Colour Shampoo 10ml,0.010123947393320088,1.0,55.62631578947368,0.009941948149803122,inf
92,"1102, 1153",1602,Baby Milk Soap 75g | Sunsilk Shampoo (Almond)180ml,Godrej Hair Colour Shampoo 10ml,0.010123947393320088,1.0,55.62631578947368,0.009941948149803122,inf
93,1602,"1098, 1153",Godrej Hair Colour Shampoo 10ml,Rathmal Baby Soap 75g | Sunsilk Shampoo (Almond)180ml,0.010123947393320088,0.5631578947368421,55.62631578947368,0.009941948149803122,2.2659813252442067
94,1602,"1102, 1153",Godrej Hair Colour Shampoo 10ml,Baby Milk Soap 75g | Sunsilk Shampoo (Almond)180ml,0.010123947393320088,0.5631578947368421,55.62631578947368,0.009941948149803122,2.2659813252442067
95,"1967, 2746",2499,Edinborough Mustard Cream165g | Misumi Romansu Soap 90g,Imorich Wonder Cone (Cooki Cream) 120ml,0.010880878039549626,0.9871244635193133,55.494247100721395,0.010684805858954023,76.28514208218982
96,"1967, 2837",2499,Edinborough Mustard Cream165g | Kumarika Shampoo 40ml,Imorich Wonder Cone (Cooki Cream) 120ml,0.010880878039549626,0.9871244635193133,55.494247100721395,0.010684805858954023,76.28514208218982
97,2499,"1967, 2746",Imorich Wonder Cone (Cooki Cream) 120ml,Edinborough Mustard Cream165g | Misumi Romansu Soap 90g,0.010880878039549626,0.6117021276595744,55.494247100721395,0.010684805858954023,2.5469549742915762
98,2499,"1967, 2837",Imorich Wonder Cone (Cooki Cream) 120ml,Edinborough Mustard Cream165g | Kumarika Shampoo 40ml,0.010880878039549626,0.6117021276595744,55.494247100721395,0.010684805858954023,2.5469549742915762
99,"1314, 1934",1882,BIO Clean (Tile Cleaner) Kohomba | Diva Fresh (Jasmine) 400g,Dettol Hand Wash Refill (sensitive)175ml,0.010975494370328319,1.0,55.480314960629926,0.010777667548722912,inf
100,1882,"1314, 1934",Dettol Hand Wash Refill (sensitive)175ml,BIO Clean (Tile Cleaner) Kohomba | Diva Fresh (Jasmine) 400g,0.010975494370328319,0.6089238845144357,55.48031496062992,0.010777667548722912,2.52898212513359
101,"1602, 3059",1098,Godrej Hair Colour Shampoo 10ml | Signal Clove & Ginger Toothpaste 120g,Rathmal Baby Soap 75g,0.010123947393320088,0.9907407407407408,55.40285126396238,0.00994121406529902,106.06869145614614
102,"1153, 3059",1098,Sunsilk Shampoo (Almond)180ml | Signal Clove & Ginger Toothpaste 120g,Rathmal Baby Soap 75g,0.010123947393320088,0.9907407407407408,55.40285126396238,0.00994121406529902,106.06869145614614
103,"1153, 1602",1098,Sunsilk Shampoo (Almond)180ml | Godrej Hair Colour Shampoo 10ml,Rathmal Baby Soap 75g,0.010123947393320088,0.9907407407407408,55.40285126396238,0.00994121406529902,106.06869145614614
104,1098,"1602, 3059",Rathmal Baby Soap 75g,Godrej Hair Colour Shampoo 10ml | Signal Clove & Ginger Toothpaste 120g,0.010123947393320088,0.5661375661375662,55.402851263962376,0.00994121406529902,2.281325505562748
105,1098,"1153, 3059",Rathmal Baby Soap 75g,Sunsilk Shampoo (Almond)180ml | Signal Clove & Ginger Toothpaste 120g,0.010123947393320088,0.5661375661375662,55.402851263962376,0.00994121406529902,2.281325505562748
106,1098,"1153, 1602",Rathmal Baby Soap 75g,Sunsilk Shampoo (Almond)180ml | Godrej Hair Colour Shampoo 10ml,0.010123947393320088,0.5661375661375662,55.402851263962376,0.00994121406529902,2.281325505562748
107,"1098, 3059",1602,Rathmal Baby Soap 75g | Signal Clove & Ginger Toothpaste 120g,Godrej Hair Colour Shampoo 10ml,0.010123947393320088,0.9953488372093023,55.367588739290085,0.009941097686048369,211.13492288769106
108,"1102, 3059",1602,Baby Milk Soap 75g | Signal Clove & Ginger Toothpaste 120g,Godrej Hair Colour Shampoo 10ml,0.010123947393320088,0.9953488372093023,55.367588739290085,0.009941097686048369,211.13492288769106
109,1602,"1098, 3059",Godrej Hair Colour Shampoo 10ml,Rathmal Baby Soap 75g | Signal Clove & Ginger Toothpaste 120g,0.010123947393320088,0.5631578947368421,55.367588739290085,0.009941097686048369,2.265873029443918
110,1602,"1102, 3059",Godrej Hair Colour Shampoo 10ml,Baby Milk Soap 75g | Signal Clove & Ginger Toothpaste 120g,0.010123947393320088,0.5631578947368421,55.367588739290085,0.009941097686048369,2.265873029443918
111,"1288, 1934",1882,Senola Soap | Diva Fresh (Jasmine) 400g,Dettol Hand Wash Refill (sensitive)175ml,0.010975494370328319,0.9957081545064378,55.24220202088473,0.010776814846905647,228.80031223389284
112,"1296, 1934",1882,Vim Limes (Promo) | Diva Fresh (Jasmine) 400g,Dettol Hand Wash Refill (sensitive)175ml,0.010975494370328319,0.9957081545064378,55.24220202088473,0.010776814846905647,228.80031223389284
113,1882,"1288, 1934",Dettol Hand Wash Refill (sensitive)175ml,Senola Soap | Diva Fresh (Jasmine) 400g,0.010975494370328319,0.6089238845144357,55.242202020884726,0.010776814846905647,2.5288611559321583
114,1882,"1296, 1934",Dettol Hand Wash Refill (sensitive)175ml,Vim Limes (Promo) | Diva Fresh (Jasmine) 400g,0.010975494370328319,0.6089238845144357,55.242202020884726,0.010776814846905647,2.5288611559321583
115,"1069, 1288",1562,P.Baby Cream (Bedtime) 100ml | Senola Soap,Sun Silk Shampoo (King-coconut)80ML,0.010171255558709433,0.9817351598173516,55.19127076654037,0.009986964539179662,53.77611410729492
116,1562,"1069, 1288",Sun Silk Shampoo (King-coconut)80ML,P.Baby Cream (Bedtime) 100ml | Senola Soap,0.010171255558709433,0.5718085106382979,55.19127076654036,0.009986964539179662,2.311207803907948
117,"1098, 1153",1102,Rathmal Baby Soap 75g | Sunsilk Shampoo (Almond)180ml,Baby Milk Soap 75g,0.010123947393320088,1.0,55.19060052219321,0.009940511313670092,inf
118,1102,"1098, 1153",Baby Milk Soap 75g,Rathmal Baby Soap 75g | Sunsilk Shampoo (Almond)180ml,0.010123947393320088,0.5587467362924282,55.19060052219321,0.009940511313670092,2.2433285689251976
119,"1102, 1602",1098,Baby Milk Soap 75g | Godrej Hair Colour Shampoo 10ml,Rathmal Baby Soap 75g,0.010123947393320088,0.9861751152073734,55.147538585326615,0.009940368077669293,71.0398334752587
120,1098,"1102, 1602",Rathmal Baby Soap 75g,Baby Milk Soap 75g | Godrej Hair Colour Shampoo 10ml,0.010123947393320088,0.5661375661375662,55.14753858532661,0.009940368077669293,2.281216466010814
121,"1098, 1102",1602,Rathmal Baby Soap 75g | Baby Milk Soap 75g,Godrej Hair Colour Shampoo 10ml,0.010123947393320088,0.9907407407407408,55.11125730994152,0.009940247222293617,106.05847289242203
122,"1153, 3059",1602,Sunsilk Shampoo (Almond)180ml | Signal Clove & Ginger Toothpaste 120g,Godrej Hair Colour Shampoo 10ml,0.010123947393320088,0.9907407407407408,55.11125730994152,0.009940247222293617,106.05847289242203
123,1602,"1098, 1102",Godrej Hair Colour Shampoo 10ml,Rathmal Baby Soap 75g | Baby Milk Soap 75g,0.010123947393320088,0.5631578947368421,55.11125730994152,0.009940247222293617,2.2657647336436293
124,1602,"1153, 3059",Godrej Hair Colour Shampoo 10ml,Sunsilk Shampoo (Almond)180ml | Signal Clove & Ginger Toothpaste 120g,0.010123947393320088,0.5631578947368421,55.11125730994152,0.009940247222293617,2.2657647336436293
125,"1998, 3116",1477,Crunchy Peanut Butter325g | Candy Sugar 80g,Milkmaid 510g,0.011259343362664397,0.9794238683127573,55.06133438402942,0.011054856067021772,47.73550950894146
126,1477,"1998, 3116",Milkmaid 510g,Crunchy Peanut Butter325g | Candy Sugar 80g,0.011259343362664397,0.6329787234042553,55.06133438402942,0.011054856067021772,2.693315561918161
127,"3057, 3208",3200,Signal Toothpaste 70g | Sunsilk Damage Restore Shampoo 80ml,Pears Kokum Baby Soap 2 Pack,0.01107011070110701,0.970954356846473,55.02421768102077,0.010868924547670333,33.821046726950776
128,3200,"3057, 3208",Pears Kokum Baby Soap 2 Pack,Signal Toothpaste 70g | Sunsilk Damage Restore Shampoo 80ml,0.01107011070110701,0.6273458445040214,55.02421768102077,0.010868924547670333,2.6528584682637084
129,"1296, 1314",1882,Vim Limes (Promo) | BIO Clean (Tile Cleaner) Kohomba,Dettol Hand Wash Refill (sensitive)175ml,0.010975494370328319,0.9914529914529916,55.006124234470704,0.010775962145088382,114.891143911441
130,"1288, 1314",1882,Senola Soap | BIO Clean (Tile Cleaner) Kohomba,Dettol Hand Wash Refill (sensitive)175ml,0.010975494370328319,0.9914529914529916,55.006124234470704,0.010775962145088382,114.891143911441
131,1882,"1296, 1314",Dettol Hand Wash Refill (sensitive)175ml,Vim Limes (Promo) | BIO Clean (Tile Cleaner) Kohomba,0.010975494370328319,0.6089238845144357,55.0061242344707,0.010775962145088382,2.5287401867307264
132,1882,"1288, 1314",Dettol Hand Wash Refill (sensitive)175ml,Senola Soap | BIO Clean (Tile Cleaner) Kohomba,0.010975494370328319,0.6089238845144357,55.0061242344707,0.010775962145088382,2.5287401867307264
133,"1069, 2514",1562,P.Baby Cream (Bedtime) 100ml | Pears Baby Oil (Olive Oil) 100ml,Sun Silk Shampoo (King-coconut)80ML,0.010171255558709433,0.9772727272727274,54.94040135396519,0.009986123027674959,43.21733371179891
134,1562,"1069, 2514",Sun Silk Shampoo (King-coconut)80ML,P.Baby Cream (Bedtime) 100ml | Pears Baby Oil (Olive Oil) 100ml,0.010171255558709433,0.5718085106382979,54.940401353965186,0.009986123027674959,2.3110973202421943
135,1102,"1098, 3059",Baby Milk Soap 75g,Rathmal Baby Soap 75g | Signal Clove & Ginger Toothpaste 120g,0.010123947393320088,0.5587467362924282,54.93390005464813,0.009939654135727803,2.243221355745647
136,"1098, 3059",1102,Rathmal Baby Soap 75g | Signal Clove & Ginger Toothpaste 120g,Baby Milk Soap 75g,0.010123947393320088,0.9953488372093023,54.93390005464812,0.009939654135727803,211.10440912101492
137,"1098, 1153",3059,Rathmal Baby Soap 75g | Sunsilk Shampoo (Almond)180ml,Signal Clove & Ginger Toothpaste 120g,0.010123947393320088,1.0,54.9038961038961,0.00993955342291474,inf
138,"1102, 1153",3059,Baby Milk Soap 75g | Sunsilk Shampoo (Almond)180ml,Signal Clove & Ginger Toothpaste 120g,0.010123947393320088,1.0,54.9038961038961,0.00993955342291474,inf
139,3059,"1098, 1153",Signal Clove & Ginger Toothpaste 120g,Rathmal Baby Soap 75g | Sunsilk Shampoo (Almond)180ml,0.010123947393320088,0.5558441558441558,54.903896103896095,0.00993955342291474,2.2286683055764427
140,3059,"1102, 1153",Signal Clove & Ginger Toothpaste 120g,Baby Milk Soap 75g | Sunsilk Shampoo (Almond)180ml,0.010123947393320088,0.5558441558441558,54.903896103896095,0.00993955342291474,2.2286683055764427
141,"1079, 1939",1225,P. Baby Soap (Herbal) 100g | Diva Fresh (Purple lotus) 60g,N/S Facial Wash 100ml (Carrot),0.011117418866496358,0.9915611814345993,54.86811584598052,0.010914798114989164,116.35850127732188
142,"1891, 1939",1225,Lifebuoy Hand Wash 200ml (Green Tea) | Diva Fresh (Purple lotus) 60g,N/S Facial Wash 100ml (Carrot),0.011117418866496358,0.9915611814345993,54.86811584598052,0.010914798114989164,116.35850127732188
143,1225,"1079, 1939",N/S Facial Wash 100ml (Carrot),P. Baby Soap (Herbal) 100g | Diva Fresh (Purple lotus) 60g,0.011117418866496358,0.6151832460732984,54.86811584598052,0.010914798114989164,2.5695034187390537
144,1225,"1891, 1939",N/S Facial Wash 100ml (Carrot),Lifebuoy Hand Wash 200ml (Green Tea) | Diva Fresh (Purple lotus) 60g,0.011117418866496358,0.6151832460732984,54.86811584598052,0.010914798114989164,2.5695034187390537
145,"1878, 1904",1670,Dettol Hand Wash (sensitive) 200ml | Rin Lemon-Rose 200g,Delmege Colouring (egg yellow)28ml,0.010928186204938973,0.9625000000000001,54.839150943396234,0.010728909118825463,26.198631217081495
146,1670,"1878, 1904",Delmege Colouring (egg yellow)28ml,Dettol Hand Wash (sensitive) 200ml | Rin Lemon-Rose 200g,0.010928186204938973,0.6226415094339622,54.83915094339623,0.010728909118825463,2.619912006812376
147,"1807, 3116",1477,Maliban Smart Cream Cracker 190g | Candy Sugar 80g,Milkmaid 510g,0.011259343362664397,0.9754098360655739,54.8356731775375,0.01105401455551707,39.943293279086774
148,1477,"1807, 3116",Milkmaid 510g,Maliban Smart Cream Cracker 190g | Candy Sugar 80g,0.011259343362664397,0.6329787234042553,54.8356731775375,0.01105401455551707,2.6931866643081146
149,"1148, 3058",1253,Sunsilk Shampoo (Black)80ml | Signal Toothpaste 160g,Chandanalepa Herbal Cream 12g,0.011259343362664397,1.0,54.76165803108809,0.01105373703576552,inf
150,"2036, 3180",2877,Prima Instant Noodles 345g | Edinborouah Dark Soya Sauce 600ml,CBL Wafer Stix 55g strawberry,0.010455104551045511,1.0,54.76165803108809,0.010264184390353696,inf
151,"2036, 2961",2877,Prima Instant Noodles 345g | CocaCola Zero 1050ml,CBL Wafer Stix 55g strawberry,0.010455104551045511,1.0,54.76165803108809,0.010264184390353696,inf
152,1253,"1148, 3058",Chandanalepa Herbal Cream 12g,Sunsilk Shampoo (Black)80ml | Signal Toothpaste 160g,0.011259343362664397,0.6165803108808291,54.76165803108809,0.01105373703576552,2.5787425233919703
153,2877,"2036, 3180",CBL Wafer Stix 55g strawberry,Prima Instant Noodles 345g | Edinborouah Dark Soya Sauce 600ml,0.010455104551045511,0.572538860103627,54.76165803108808,0.010264184390353696,2.314935331171494
154,2877,"2036, 2961",CBL Wafer Stix 55g strawberry,Prima Instant Noodles 345g | CocaCola Zero 1050ml,0.010455104551045511,0.572538860103627,54.76165803108808,0.010264184390353696,2.314935331171494
155,"1188, 2683",1060,Baby Diaper (Softlove) 4pcs /L | Lifebuoy Shampoo 80ml,P.Baby Cologne (magic) 50ml,0.010029331062541395,0.9636363636363637,54.75630498533725,0.009846168026517926,27.01603746806706
156,1060,"1188, 2683",P.Baby Cologne (magic) 50ml,Baby Diaper (Softlove) 4pcs /L | Lifebuoy Shampoo 80ml,0.010029331062541395,0.5698924731182796,54.75630498533725,0.009846168026517926,2.3008018734033495
157,1102,"1098, 1602",Baby Milk Soap 75g,Rathmal Baby Soap 75g | Godrej Hair Colour Shampoo 10ml,0.010123947393320088,0.5587467362924282,54.67957644328402,0.009938796957785514,2.2431141425660956
158,1102,"1602, 3059",Baby Milk Soap 75g,Godrej Hair Colour Shampoo 10ml | Signal Clove & Ginger Toothpaste 120g,0.010123947393320088,0.5587467362924282,54.67957644328402,0.009938796957785514,2.2431141425660956
159,1102,"1153, 3059",Baby Milk Soap 75g,Sunsilk Shampoo (Almond)180ml | Signal Clove & Ginger Toothpaste 120g,0.010123947393320088,0.5587467362924282,54.67957644328402,0.009938796957785514,2.2431141425660956
160,1102,"1153, 1602",Baby Milk Soap 75g,Sunsilk Shampoo (Almond)180ml | Godrej Hair Colour Shampoo 10ml,0.010123947393320088,0.5587467362924282,54.67957644328402,0.009938796957785514,2.2431141425660956
161,"1098, 1602",1102,Rathmal Baby Soap 75g | Godrej Hair Colour Shampoo 10ml,Baby Milk Soap 75g,0.010123947393320088,0.9907407407407408,54.67957644328401,0.009938796957785514,106.04314504683587
162,"1602, 3059",1102,Godrej Hair Colour Shampoo 10ml | Signal Clove & Ginger Toothpaste 120g,Baby Milk Soap 75g,0.010123947393320088,0.9907407407407408,54.67957644328401,0.009938796957785514,106.04314504683587
163,"1153, 3059",1102,Sunsilk Shampoo (Almond)180ml | Signal Clove & Ginger Toothpaste 120g,Baby Milk Soap 75g,0.010123947393320088,0.9907407407407408,54.67957644328401,0.009938796957785514,106.04314504683587
164,"1153, 1602",1102,Sunsilk Shampoo (Almond)180ml | Godrej Hair Colour Shampoo 10ml,Baby Milk Soap 75g,0.010123947393320088,0.9907407407407408,54.67957644328401,0.009938796957785514,106.04314504683587
165,"1225, 1891",1079,N/S Facial Wash 100ml (Carrot) | Lifebuoy Hand Wash 200ml (Green Tea),P. Baby Soap (Herbal) 100g,0.011117418866496358,1.0,54.62015503875969,0.010913878271296524,inf
166,"1670, 2782",3164,Delmege Colouring (egg yellow)28ml | Cinthol Lime Soap 100g,Sunlight 2in1 (sakura Fresh) 50g,0.010975494370328319,1.0,54.62015503875969,0.010774552165705505,inf
167,1079,"1225, 1891",P. Baby Soap (Herbal) 100g,N/S Facial Wash 100ml (Carrot) | Lifebuoy Hand Wash 200ml (Green Tea),0.011117418866496358,0.6072351421188631,54.62015503875969,0.010913878271296524,2.5177470980175394
168,3164,"1670, 2782",Sunlight 2in1 (sakura Fresh) 50g,Delmege Colouring (egg yellow)28ml | Cinthol Lime Soap 100g,0.010975494370328319,0.599483204134367,54.62015503875969,0.010774552165705505,2.469370862443116
169,"1288, 1296",1882,Senola Soap | Vim Limes (Promo),Dettol Hand Wash Refill (sensitive)175ml,0.010975494370328319,0.9830508474576272,54.539970639263316,0.010774256741453853,57.936559750213036
170,1882,"1288, 1296",Dettol Hand Wash Refill (sensitive)175ml,Senola Soap | Vim Limes (Promo),0.010975494370328319,0.6089238845144357,54.53997063926331,0.010774256741453853,2.5284982483278626
171,"1148, 3146",1253,Sunsilk Shampoo (Black)80ml | Chandanalepa Cinnamon Ayurveda Soap 100g,Chandanalepa Herbal Cream 12g,0.011259343362664397,0.99581589958159,54.532529754807385,0.011052873143635693,234.63563251017376
172,"1148, 1265",1253,Sunsilk Shampoo (Black)80ml | Misumi Soap 90g,Chandanalepa Herbal Cream 12g,0.011259343362664397,0.99581589958159,54.532529754807385,0.011052873143635693,234.63563251017376
173,"3058, 3146",1253,Signal Toothpaste 160g | Chandanalepa Cinnamon Ayurveda Soap 100g,Chandanalepa Herbal Cream 12g,0.011259343362664397,0.99581589958159,54.532529754807385,0.011052873143635693,234.63563251017376
174,1253,"1148, 3146",Chandanalepa Herbal Cream 12g,Sunsilk Shampoo (Black)80ml | Chandanalepa Cinnamon Ayurveda Soap 100g,0.011259343362664397,0.6165803108808291,54.532529754807385,0.011052873143635693,2.578619138582239
175,1253,"1148, 1265",Chandanalepa Herbal Cream 12g,Sunsilk Shampoo (Black)80ml | Misumi Soap 90g,0.011259343362664397,0.6165803108808291,54.532529754807385,0.011052873143635693,2.578619138582239
176,1253,"3058, 3146",Chandanalepa Herbal Cream 12g,Signal Toothpaste 160g | Chandanalepa Cinnamon Ayurveda Soap 100g,0.011259343362664397,0.6165803108808291,54.532529754807385,0.011052873143635693,2.578619138582239
177,"2961, 3180",2877,CocaCola Zero 1050ml | Edinborouah Dark Soya Sauce 600ml,CBL Wafer Stix 55g strawberry,0.010455104551045511,0.9954954954954955,54.51498389581292,0.01026332049822387,217.94606869145838
178,"2961, 3180",2036,CocaCola Zero 1050ml | Edinborouah Dark Soya Sauce 600ml,Prima Instant Noodles 345g,0.010455104551045511,0.9954954954954955,54.51498389581292,0.01026332049822387,217.94606869145838
179,2877,"2961, 3180",CBL Wafer Stix 55g strawberry,CocaCola Zero 1050ml | Edinborouah Dark Soya Sauce 600ml,0.010455104551045511,0.572538860103627,54.51498389581291,0.01026332049822387,2.3148246587360983
180,2036,"2961, 3180",Prima Instant Noodles 345g,CocaCola Zero 1050ml | Edinborouah Dark Soya Sauce 600ml,0.010455104551045511,0.572538860103627,54.51498389581291,0.01026332049822387,2.3148246587360983
181,1516,"1822, 1996",E/H Ice Cream (Chocolate) 80ml,CBL Sun Cracker 95g | KVC Tomato Sauce400g,0.010313180054877472,0.5647668393782385,54.51160479806943,0.010123987678445313,2.2738145925415303
182,"1822, 1996",1516,CBL Sun Cracker 95g | KVC Tomato Sauce400g,E/H Ice Cream (Chocolate) 80ml,0.010313180054877472,0.995433789954338,54.51160479806942,0.010123987678445313,215.00085154697962
183,"2036, 2961",3180,Prima Instant Noodles 345g | CocaCola Zero 1050ml,Edinborouah Dark Soya Sauce 600ml,0.010455104551045511,1.0,54.47938144329897,0.01026319516672317,inf
184,3180,"2036, 2961",Edinborouah Dark Soya Sauce 600ml,Prima Instant Noodles 345g | CocaCola Zero 1050ml,0.010455104551045511,0.5695876288659794,54.47938144329896,0.01026319516672317,2.299062391821523
185,"1188, 1288",1069,Baby Diaper (Softlove) 4pcs /L | Senola Soap,P.Baby Cream (Bedtime) 100ml,0.010171255558709433,0.9684684684684685,54.44544278320874,0.009984440004665555,31.150156116945773
186,"1188, 1562",1069,Baby Diaper (Softlove) 4pcs /L | Sun Silk Shampoo (King-coconut)80ML,P.Baby Cream (Bedtime) 100ml,0.010171255558709433,0.9684684684684685,54.44544278320874,0.009984440004665555,31.150156116945773
187,"1188, 1288",1562,Baby Diaper (Softlove) 4pcs /L | Senola Soap,Sun Silk Shampoo (King-coconut)80ML,0.010171255558709433,0.9684684684684685,54.44544278320874,0.009984440004665555,31.150156116945773
188,1069,"1188, 1288",P.Baby Cream (Bedtime) 100ml,Baby Diaper (Softlove) 4pcs /L | Senola Soap,0.010171255558709433,0.5718085106382979,54.44544278320874,0.009984440004665555,2.3108763529106864
189,1069,"1188, 1562",P.Baby Cream (Bedtime) 100ml,Baby Diaper (Softlove) 4pcs /L | Sun Silk Shampoo (King-coconut)80ML,0.010171255558709433,0.5718085106382979,54.44544278320874,0.009984440004665555,2.3108763529106864
190,1562,"1188, 1288",Sun Silk Shampoo (King-coconut)80ML,Baby Diaper (Softlove) 4pcs /L | Senola Soap,0.010171255558709433,0.5718085106382979,54.44544278320874,0.009984440004665555,2.3108763529106864
191,"1079, 1904",1225,P. Baby Soap (Herbal) 100g | Rin Lemon-Rose 200g,N/S Facial Wash 100ml (Carrot),0.011117418866496358,0.9832635983263599,54.40896843304344,0.01091308823522961,58.6702147790711
192,"1079, 1891",1225,P. Baby Soap (Herbal) 100g | Lifebuoy Hand Wash 200ml (Green Tea),N/S Facial Wash 100ml (Carrot),0.011117418866496358,0.9832635983263599,54.40896843304344,0.01091308823522961,58.6702147790711
193,"1891, 1904",1225,Lifebuoy Hand Wash 200ml (Green Tea) | Rin Lemon-Rose 200g,N/S Facial Wash 100ml (Carrot),0.011117418866496358,0.9832635983263599,54.40896843304344,0.01091308823522961,58.6702147790711
194,1225,"1079, 1904",N/S Facial Wash 100ml (Carrot),P. Baby Soap (Herbal) 100g | Rin Lemon-Rose 200g,0.011117418866496358,0.6151832460732984,54.40896843304344,0.01091308823522961,2.569257545008731
195,1225,"1079, 1891",N/S Facial Wash 100ml (Carrot),P. Baby Soap (Herbal) 100g | Lifebuoy Hand Wash 200ml (Green Tea),0.011117418866496358,0.6151832460732984,54.40896843304344,0.01091308823522961,2.569257545008731
196,1225,"1891, 1904",N/S Facial Wash 100ml (Carrot),Lifebuoy Hand Wash 200ml (Green Tea) | Rin Lemon-Rose 200g,0.011117418866496358,0.6151832460732984,54.40896843304344,0.01091308823522961,2.569257545008731
197,"2012, 3190",2047,Marina Vegetable Oil 500ml | Fortune Cooking Oil RBD Palm Olein 2L,Edinborough Chilli Sauce 405g,0.010360488220266818,0.9909502262443438,54.407028265851785,0.010170062671390267,108.48739237392279
198,2047,"2012, 3190",Edinborough Chilli Sauce 405g,Marina Vegetable Oil 500ml | Fortune Cooking Oil RBD Palm Olein 2L,0.010360488220266818,0.5688311688311688,54.407028265851785,0.010170062671390267,2.295028823782214
199,"1098, 1102",3059,Rathmal Baby Soap 75g | Baby Milk Soap 75g,Signal Clove & Ginger Toothpaste 120g,0.010123947393320088,0.9907407407407408,54.3955266955267,0.00993783011478011,106.03292648311178
200,"1098, 1602",3059,Rathmal Baby Soap 75g | Godrej Hair Colour Shampoo 10ml,Signal Clove & Ginger Toothpaste 120g,0.010123947393320088,0.9907407407407408,54.3955266955267,0.00993783011478011,106.03292648311178
201,"1153, 1602",3059,Sunsilk Shampoo (Almond)180ml | Godrej Hair Colour Shampoo 10ml,Signal Clove & Ginger Toothpaste 120g,0.010123947393320088,0.9907407407407408,54.3955266955267,0.00993783011478011,106.03292648311178
202,3059,"1098, 1102",Signal Clove & Ginger Toothpaste 120g,Rathmal Baby Soap 75g | Baby Milk Soap 75g,0.010123947393320088,0.5558441558441558,54.39552669552669,0.00993783011478011,2.228455280504222
203,3059,"1098, 1602",Signal Clove & Ginger Toothpaste 120g,Rathmal Baby Soap 75g | Godrej Hair Colour Shampoo 10ml,0.010123947393320088,0.5558441558441558,54.39552669552669,0.00993783011478011,2.228455280504222
204,3059,"1153, 1602",Signal Clove & Ginger Toothpaste 120g,Sunsilk Shampoo (Almond)180ml | Godrej Hair Colour Shampoo 10ml,0.010123947393320088,0.5558441558441558,54.39552669552669,0.00993783011478011,2.228455280504222
205,"1564, 3116",1477,Watawala Tea 100g | Candy Sugar 80g,Milkmaid 510g,0.011259343362664397,0.967479674796748,54.389854696419306,0.011052331532507667,30.20302299176842
206,"1564, 1998",1477,Watawala Tea 100g | Crunchy Peanut Butter325g,Milkmaid 510g,0.011259343362664397,0.967479674796748,54.389854696419306,0.011052331532507667,30.20302299176842
207,1477,"1564, 3116",Milkmaid 510g,Watawala Tea 100g | Candy Sugar 80g,0.011259343362664397,0.6329787234042553,54.389854696419306,0.011052331532507667,2.692928869088022
208,1477,"1564, 1998",Milkmaid 510g,Watawala Tea 100g | Crunchy Peanut Butter325g,0.011259343362664397,0.6329787234042553,54.389854696419306,0.011052331532507667,2.692928869088022
209,3200,"1689, 3057",Pears Kokum Baby Soap 2 Pack,Gold Hair Cream 100ml | Signal Toothpaste 70g,0.01107011070110701,0.6273458445040214,54.347690414450845,0.010866420155718839,2.6524776205149987
210,"1689, 3057",3200,Gold Hair Cream 100ml | Signal Toothpaste 70g,Pears Kokum Baby Soap 2 Pack,0.01107011070110701,0.9590163934426229,54.34769041445084,0.010866420155718839,23.969438925158457
211,"1265, 3146",1253,Misumi Soap 90g | Chandanalepa Cinnamon Ayurveda Soap 100g,Chandanalepa Herbal Cream 12g,0.011259343362664397,0.9916666666666668,54.305310880829026,0.011052009251505866,117.80868577916748
212,1253,"1265, 3146",Chandanalepa Herbal Cream 12g,Misumi Soap 90g | Chandanalepa Cinnamon Ayurveda Soap 100g,0.011259343362664397,0.6165803108808291,54.305310880829026,0.011052009251505866,2.578495753772507
213,"2877, 3180",2036,CBL Wafer Stix 55g strawberry | Edinborouah Dark Soya Sauce 600ml,Prima Instant Noodles 345g,0.010455104551045511,0.9910313901345292,54.270522084620936,0.010262456606094043,109.46390386980897
214,"2877, 2961",2036,CBL Wafer Stix 55g strawberry | CocaCola Zero 1050ml,Prima Instant Noodles 345g,0.010455104551045511,0.9910313901345292,54.270522084620936,0.010262456606094043,109.46390386980897
215,2036,"2877, 3180",Prima Instant Noodles 345g,CBL Wafer Stix 55g strawberry | Edinborouah Dark Soya Sauce 600ml,0.010455104551045511,0.572538860103627,54.27052208462093,0.010262456606094043,2.3147139863007027
216,2036,"2877, 2961",Prima Instant Noodles 345g,CBL Wafer Stix 55g strawberry | CocaCola Zero 1050ml,0.010455104551045511,0.572538860103627,54.27052208462093,0.010262456606094043,2.3147139863007027
217,1516,"1996, 2019",E/H Ice Cream (Chocolate) 80ml,KVC Tomato Sauce400g | Harischandra Noodles 400g,0.010313180054877472,0.5647668393782385,54.26382477626002,0.010123123786315486,2.273705896399624
218,"1996, 2019",1516,KVC Tomato Sauce400g | Harischandra Noodles 400g,E/H Ice Cream (Chocolate) 80ml,0.010313180054877472,0.990909090909091,54.263824776260016,0.010123123786315486,107.99129529756898
219,"2036, 2877",3180,Prima Instant Noodles 345g | CBL Wafer Stix 55g strawberry,Edinborouah Dark Soya Sauce 600ml,0.010455104551045511,0.9954954954954955,54.23397882418501,0.010262326798468318,217.9250638660255
220,3180,"2036, 2877",Edinborouah Dark Soya Sauce 600ml,Prima Instant Noodles 345g | CBL Wafer Stix 55g strawberry,0.010455104551045511,0.5695876288659794,54.23397882418501,0.010262326798468318,2.29895247823966
221,"2176, 3119",1119,Wijaya Roasted Curry Powder 50g | Rice Flakes (Samuel's Product) 200g,Silicone oil 25ml,0.011117418866496358,0.9873949579831932,54.2118301866201,0.010912345198475457,77.88838426845766
222,"1721, 2176",1119,LankaSoy (polos curry)90g | Wijaya Roasted Curry Powder 50g,Silicone oil 25ml,0.011117418866496358,0.9873949579831932,54.2118301866201,0.010912345198475457,77.88838426845766
223,1119,"2176, 3119",Silicone oil 25ml,Wijaya Roasted Curry Powder 50g | Rice Flakes (Samuel's Product) 200g,0.011117418866496358,0.6103896103896104,54.2118301866201,0.010912345198475457,2.537767685369161
224,1119,"1721, 2176",Silicone oil 25ml,LankaSoy (polos curry)90g | Wijaya Roasted Curry Powder 50g,0.011117418866496358,0.6103896103896104,54.2118301866201,0.010912345198475457,2.537767685369161
225,"1288, 2514",1069,Senola Soap | Pears Baby Oil (Olive Oil) 100ml,P.Baby Cream (Bedtime) 100ml,0.010171255558709433,0.9641255605381166,54.20129281557104,0.009983598493160852,27.379163118554267
226,"1288, 2514",1562,Senola Soap | Pears Baby Oil (Olive Oil) 100ml,Sun Silk Shampoo (King-coconut)80ML,0.010171255558709433,0.9641255605381166,54.20129281557104,0.009983598493160852,27.379163118554267
227,1069,"1288, 2514",P.Baby Cream (Bedtime) 100ml,Senola Soap | Pears Baby Oil (Olive Oil) 100ml,0.010171255558709433,0.5718085106382979,54.20129281557103,0.009983598493160852,2.3107658692449324
228,1562,"1288, 2514",Sun Silk Shampoo (King-coconut)80ML,Senola Soap | Pears Baby Oil (Olive Oil) 100ml,0.010171255558709433,0.5718085106382979,54.20129281557103,0.009983598493160852,2.3107658692449324
229,"1904, 1939",1225,Rin Lemon-Rose 200g | Diva Fresh (Purple lotus) 60g,N/S Facial Wash 100ml (Carrot),0.011117418866496358,0.9791666666666667,54.18226439790576,0.010912233295349832,47.132557479421116
230,1225,"1904, 1939",N/S Facial Wash 100ml (Carrot),Rin Lemon-Rose 200g | Diva Fresh (Purple lotus) 60g,0.011117418866496358,0.6151832460732984,54.18226439790576,0.010912233295349832,2.5691346081435698
231,"1564, 1807",1477,Watawala Tea 100g | Maliban Smart Cream Cracker 190g,Milkmaid 510g,0.011259343362664397,0.9635627530364373,54.16965285554312,0.011051490021002964,26.956266229329035
232,1477,"1564, 1807",Milkmaid 510g,Watawala Tea 100g | Maliban Smart Cream Cracker 190g,0.011259343362664397,0.6329787234042553,54.16965285554311,0.011051490021002964,2.692799971477976
233,"1891, 1939",1079,Lifebuoy Hand Wash 200ml (Green Tea) | Diva Fresh (Purple lotus) 60g,P. Baby Soap (Herbal) 100g,0.011117418866496358,0.9915611814345993,54.15922546037354,0.010912146010911844,116.3304711893287
234,"1225, 1939",1079,N/S Facial Wash 100ml (Carrot) | Diva Fresh (Purple lotus) 60g,P. Baby Soap (Herbal) 100g,0.011117418866496358,0.9915611814345993,54.15922546037354,0.010912146010911844,116.3304711893287
235,1079,"1891, 1939",P. Baby Soap (Herbal) 100g,Lifebuoy Hand Wash 200ml (Green Tea) | Diva Fresh (Purple lotus) 60g,0.011117418866496358,0.6072351421188631,54.15922546037354,0.010912146010911844,2.51750619985957
236,1079,"1225, 1939",P. Baby Soap (Herbal) 100g,N/S Facial Wash 100ml (Carrot) | Diva Fresh (Purple lotus) 60g,0.011117418866496358,0.6072351421188631,54.15922546037354,0.010912146010911844,2.51750619985957
237,3164,"1670, 1904",Sunlight 2in1 (sakura Fresh) 50g,Delmege Colouring (egg yellow)28ml | Rin Lemon-Rose 200g,0.010928186204938973,0.5968992248062016,54.151312506238156,0.010726377870123819,2.453424201401778
238,"1670, 1904",3164,Delmege Colouring (egg yellow)28ml | Rin Lemon-Rose 200g,Sunlight 2in1 (sakura Fresh) 50g,0.010928186204938973,0.9914163090128756,54.15131250623815,0.010726377870123819,114.36708770933927
239,"1102, 1602",3059,Baby Milk Soap 75g | Godrej Hair Colour Shampoo 10ml,Signal Clove & Ginger Toothpaste 120g,0.010123947393320088,0.9861751152073734,54.1448560655934,0.009936968460712797,71.01587977418323
240,3059,"1102, 1602",Signal Clove & Ginger Toothpaste 120g,Baby Milk Soap 75g | Godrej Hair Colour Shampoo 10ml,0.010123947393320088,0.5558441558441558,54.144856065593395,0.009936968460712797,2.2283487679681113
241,"2636, 3057",3200,Maliban Wafers Lemon Cream 90g | Signal Toothpaste 70g,Pears Kokum Baby Soap 2 Pack,0.01107011070110701,0.9551020408163264,54.12586310663675,0.010865585358401673,21.879703936899464
242,3200,"2636, 3057",Pears Kokum Baby Soap 2 Pack,Maliban Wafers Lemon Cream 90g | Signal Toothpaste 70g,0.01107011070110701,0.6273458445040214,54.12586310663675,0.010865585358401673,2.652350671265429
243,"1854, 2036",2961,CBL Nice Biscuits  100g | Prima Instant Noodles 345g,CocaCola Zero 1050ml,0.010455104551045511,0.9364406779661018,54.08328702417338,0.010261789663465316,15.460913993755337
244,2961,"1854, 2036",CocaCola Zero 1050ml,CBL Nice Biscuits  100g | Prima Instant Noodles 345g,0.010455104551045511,0.6038251366120219,54.08328702417338,0.010261789663465316,2.495956620043654
245,1516,"1996, 2928",E/H Ice Cream (Chocolate) 80ml,KVC Tomato Sauce400g | Revello Dark Chocolate 100g,0.010313180054877472,0.5647668393782385,54.01828710758916,0.010122259894185658,2.2735972002577176
246,"1996, 2928",1516,KVC Tomato Sauce400g | Revello Dark Chocolate 100g,E/H Ice Cream (Chocolate) 80ml,0.010313180054877472,0.9864253393665158,54.01828710758915,0.010122259894185658,72.32144321443181
247,"2877, 2961",3180,CBL Wafer Stix 55g strawberry | CocaCola Zero 1050ml,Edinborouah Dark Soya Sauce 600ml,0.010455104551045511,0.9910313901345292,53.99077712542185,0.010261458430213465,109.45335414892715
248,3180,"2877, 2961",Edinborouah Dark Soya Sauce 600ml,CBL Wafer Stix 55g strawberry | CocaCola Zero 1050ml,0.010455104551045511,0.5695876288659794,53.99077712542185,0.010261458430213465,2.2988425646577975
249,"1069, 1188",1562,P.Baby Cream (Bedtime) 100ml | Baby Diaper (Softlove) 4pcs /L,Sun Silk Shampoo (King-coconut)80ML,0.010171255558709433,0.9598214285714285,53.95932275835866,0.009982756981656151,24.446168564249696
250,"1562, 2514",1069,Sun Silk Shampoo (King-coconut)80ML | Pears Baby Oil (Olive Oil) 100ml,P.Baby Cream (Bedtime) 100ml,0.010171255558709433,0.9598214285714285,53.95932275835866,0.009982756981656151,24.446168564249696
251,1562,"1069, 1188",Sun Silk Shampoo (King-coconut)80ML,P.Baby Cream (Bedtime) 100ml | Baby Diaper (Softlove) 4pcs /L,0.010171255558709433,0.5718085106382979,53.95932275835866,0.009982756981656151,2.310655385579178
252,1069,"1562, 2514",P.Baby Cream (Bedtime) 100ml,Sun Silk Shampoo (King-coconut)80ML | Pears Baby Oil (Olive Oil) 100ml,0.010171255558709433,0.5718085106382979,53.95932275835866,0.009982756981656151,2.310655385579178
253,"1904, 2782",3164,Rin Lemon-Rose 200g | Cinthol Lime Soap 100g,Sunlight 2in1 (sakura Fresh) 50g,0.010928186204938973,0.9871794871794873,53.919896640826884,0.010725511739931479,76.57195571955813
254,"1670, 1878",3164,Delmege Colouring (egg yellow)28ml | Dettol Hand Wash (sensitive) 200ml,Sunlight 2in1 (sakura Fresh) 50g,0.010928186204938973,0.9871794871794873,53.919896640826884,0.010725511739931479,76.57195571955813
255,3164,"1904, 2782",Sunlight 2in1 (sakura Fresh) 50g,Rin Lemon-Rose 200g | Cinthol Lime Soap 100g,0.010928186204938973,0.5968992248062016,53.919896640826884,0.010725511739931479,2.4533068407607157
256,3164,"1670, 1878",Sunlight 2in1 (sakura Fresh) 50g,Delmege Colouring (egg yellow)28ml | Dettol Hand Wash (sensitive) 200ml,0.010928186204938973,0.5968992248062016,53.919896640826884,0.010725511739931479,2.4533068407607157
257,2683,"1060, 1188",Lifebuoy Shampoo 80ml,P.Baby Cologne (magic) 50ml | Baby Diaper (Softlove) 4pcs /L,0.010029331062541395,0.5608465608465609,53.8871572871573,0.009843213784001418,2.2534087528085665
258,"1060, 1188",2683,P.Baby Cologne (magic) 50ml | Baby Diaper (Softlove) 4pcs /L,Lifebuoy Shampoo 80ml,0.010029331062541395,0.9636363636363637,53.887157287157294,0.009843213784001418,27.00823162077782
259,"1265, 3058",1253,Misumi Soap 90g | Signal Toothpaste 160g,Chandanalepa Herbal Cream 12g,0.011259343362664397,0.9834710743801653,53.85650665867341,0.01105028146724621,59.3952124136628
260,1253,"1265, 3058",Chandanalepa Herbal Cream 12g,Misumi Soap 90g | Signal Toothpaste 160g,0.011259343362664397,0.6165803108808291,53.85650665867341,0.01105028146724621,2.578248984153044
261,"1566, 2944",2273,Watawala Tea 400g | Daily Banana Flavoured milk 180ml,Highland Dairy Ice Cream (butter scotch)1L,0.011212035197275049,0.995798319327731,53.83423241419329,0.01100376557598629,233.59759674519287
262,2273,"1566, 2944",Highland Dairy Ice Cream (butter scotch)1L,Watawala Tea 400g | Daily Banana Flavoured milk 180ml,0.011212035197275049,0.6061381074168797,53.83423241419329,0.01100376557598629,2.5103740048389485
263,"1079, 1225",1891,P. Baby Soap (Herbal) 100g | N/S Facial Wash 100ml (Carrot),Lifebuoy Hand Wash 200ml (Green Tea),0.011117418866496358,1.0,53.786259541984734,0.01091072260315389,inf
264,1891,"1079, 1225",Lifebuoy Hand Wash 200ml (Green Tea),P. Baby Soap (Herbal) 100g | N/S Facial Wash 100ml (Carrot),0.011117418866496358,0.5979643765903309,53.786259541984734,0.01091072260315389,2.4596889518067533
265,"1822, 2928",1516,CBL Sun Cracker 95g | Revello Dark Chocolate 100g,E/H Ice Cream (Chocolate) 80ml,0.010313180054877472,0.981981981981982,53.774961489987405,0.01012139600205583,54.486517172864254
266,1516,"1822, 2928",E/H Ice Cream (Chocolate) 80ml,CBL Sun Cracker 95g | Revello Dark Chocolate 100g,0.010313180054877472,0.5647668393782385,53.774961489987405,0.01012139600205583,2.2734885041158113
267,"1276, 1878",2126,Sunlight  (Care) 115g | Dettol Hand Wash (sensitive) 200ml,Sunlight 2in1 (Rose) 200g,0.010029331062541395,0.9860465116279069,53.71920402781107,0.009842631887748166,70.35118428107323
268,2126,"1276, 1878",Sunlight 2in1 (Rose) 200g,Sunlight  (Care) 115g | Dettol Hand Wash (sensitive) 200ml,0.010029331062541395,0.5463917525773195,53.71920402781107,0.009842631887748166,2.182122459336481
269,"1891, 1904",1079,Lifebuoy Hand Wash 200ml (Green Tea) | Rin Lemon-Rose 200g,P. Baby Soap (Herbal) 100g,0.011117418866496358,0.9832635983263599,53.706010184554515,0.010910413750527165,58.656081464661035
270,"1225, 1904",1079,N/S Facial Wash 100ml (Carrot) | Rin Lemon-Rose 200g,P. Baby Soap (Herbal) 100g,0.011117418866496358,0.9832635983263599,53.706010184554515,0.010910413750527165,58.656081464661035
271,1079,"1891, 1904",P. Baby Soap (Herbal) 100g,Lifebuoy Hand Wash 200ml (Green Tea) | Rin Lemon-Rose 200g,0.011117418866496358,0.6072351421188631,53.70601018455451,0.010910413750527165,2.5172653017016002
272,1079,"1225, 1904",P. Baby Soap (Herbal) 100g,N/S Facial Wash 100ml (Carrot) | Rin Lemon-Rose 200g,0.011117418866496358,0.6072351421188631,53.70601018455451,0.010910413750527165,2.5172653017016002
273,"1878, 2782",3164,Dettol Hand Wash (sensitive) 200ml | Cinthol Lime Soap 100g,Sunlight 2in1 (sakura Fresh) 50g,0.010928186204938973,0.9829787234042553,53.690450272142506,0.010724645609739139,57.6743897246664
274,3164,"1878, 2782",Sunlight 2in1 (sakura Fresh) 50g,Dettol Hand Wash (sensitive) 200ml | Cinthol Lime Soap 100g,0.010928186204938973,0.5968992248062016,53.690450272142506,0.010724645609739139,2.453189480119654
275,"1288, 1882",1314,Senola Soap | Dettol Hand Wash Refill (sensitive)175ml,BIO Clean (Tile Cleaner) Kohomba,0.010975494370328319,1.0,53.649746192893396,0.010770917552185195,inf
276,"1882, 1934",1314,Dettol Hand Wash Refill (sensitive)175ml | Diva Fresh (Jasmine) 400g,BIO Clean (Tile Cleaner) Kohomba,0.010975494370328319,1.0,53.649746192893396,0.010770917552185195,inf
277,1314,"1288, 1882",BIO Clean (Tile Cleaner) Kohomba,Senola Soap | Dettol Hand Wash Refill (sensitive)175ml,0.010975494370328319,0.5888324873096447,53.649746192893396,0.010770917552185195,2.4054052791240164
278,1314,"1882, 1934",BIO Clean (Tile Cleaner) Kohomba,Dettol Hand Wash Refill (sensitive)175ml | Diva Fresh (Jasmine) 400g,0.010975494370328319,0.5888324873096447,53.649746192893396,0.010770917552185195,2.4054052791240164
279,"1854, 2877",2961,CBL Nice Biscuits  100g | CBL Wafer Stix 55g strawberry,CocaCola Zero 1050ml,0.010455104551045511,0.9285714285714286,53.628805620608894,0.010260151401706162,13.757592960544997
280,2961,"1854, 2877",CocaCola Zero 1050ml,CBL Nice Biscuits  100g | CBL Wafer Stix 55g strawberry,0.010455104551045511,0.6038251366120219,53.628805620608894,0.010260151401706162,2.49571779537424
281,"1566, 2432",2273,Watawala Tea 400g | Little Lion Milky Cookies 200g,Highland Dairy Ice Cream (butter scotch)1L,0.011212035197275049,0.9916317991631799,53.60898457982429,0.011002890493543901,117.2895496262652
282,2273,"1566, 2432",Highland Dairy Ice Cream (butter scotch)1L,Watawala Tea 400g | Little Lion Milky Cookies 200g,0.011212035197275049,0.6061381074168797,53.60898457982428,0.011002890493543901,2.5102538912502004
283,1148,"3058, 3146",Sunsilk Shampoo (Black)80ml,Signal Toothpaste 160g | Chandanalepa Cinnamon Ayurveda Soap 100g,0.011259343362664397,0.6055979643765904,53.56121243093041,0.011049128865052271,2.5068160383837093
284,1148,"1253, 1265",Sunsilk Shampoo (Black)80ml,Chandanalepa Herbal Cream 12g | Misumi Soap 90g,0.011259343362664397,0.6055979643765904,53.56121243093041,0.011049128865052271,2.5068160383837093
285,1148,"1253, 3058",Sunsilk Shampoo (Black)80ml,Chandanalepa Herbal Cream 12g | Signal Toothpaste 160g,0.011259343362664397,0.6055979643765904,53.56121243093041,0.011049128865052271,2.5068160383837093
286,"3058, 3146",1148,Signal Toothpaste 160g | Chandanalepa Cinnamon Ayurveda Soap 100g,Sunsilk Shampoo (Black)80ml,0.011259343362664397,0.99581589958159,53.561212430930404,0.011049128865052271,234.5564859494774
287,"1253, 1265",1148,Chandanalepa Herbal Cream 12g | Misumi Soap 90g,Sunsilk Shampoo (Black)80ml,0.011259343362664397,0.99581589958159,53.561212430930404,0.011049128865052271,234.5564859494774
288,"1253, 3058",1148,Chandanalepa Herbal Cream 12g | Signal Toothpaste 160g,Sunsilk Shampoo (Black)80ml,0.011259343362664397,0.99581589958159,53.561212430930404,0.011049128865052271,234.5564859494774
289,"2002, 2176",1119,Ocean Star Canned Fish 425g | Wijaya Roasted Curry Powder 50g,Silicone oil 25ml,0.011117418866496358,0.9751037344398341,53.53699412620575,0.010909760236273514,39.43508531239173
290,"1721, 3119",1119,LankaSoy (polos curry)90g | Rice Flakes (Samuel's Product) 200g,Silicone oil 25ml,0.011117418866496358,0.9751037344398341,53.53699412620575,0.010909760236273514,39.43508531239173
291,1119,"2002, 2176",Silicone oil 25ml,Ocean Star Canned Fish 425g | Wijaya Roasted Curry Powder 50g,0.011117418866496358,0.6103896103896104,53.53699412620575,0.010909760236273514,2.5374034124956633
292,1119,"1721, 3119",Silicone oil 25ml,LankaSoy (polos curry)90g | Rice Flakes (Samuel's Product) 200g,0.011117418866496358,0.6103896103896104,53.53699412620575,0.010909760236273514,2.5374034124956633
293,"1822, 2019",1516,CBL Sun Cracker 95g | Harischandra Noodles 400g,E/H Ice Cream (Chocolate) 80ml,0.010313180054877472,0.9775784753363229,53.5338181649202,0.010120532109926004,43.78556154792326
294,1516,"1822, 2019",E/H Ice Cream (Chocolate) 80ml,CBL Sun Cracker 95g | Harischandra Noodles 400g,0.010313180054877472,0.5647668393782385,53.5338181649202,0.010120532109926004,2.2733798079739045
295,"2012, 2047",3190,Marina Vegetable Oil 500ml | Edinborough Chilli Sauce 405g,Fortune Cooking Oil RBD Palm Olein 2L,0.010360488220266818,1.0,53.513924050632916,0.01016688462262251,inf
296,3190,"2012, 2047",Fortune Cooking Oil RBD Palm Olein 2L,Marina Vegetable Oil 500ml | Edinborough Chilli Sauce 405g,0.010360488220266818,0.5544303797468355,53.513924050632916,0.01016688462262251,2.221065949732924
297,"1904, 1939",1079,Rin Lemon-Rose 200g | Diva Fresh (Purple lotus) 60g,P. Baby Soap (Herbal) 100g,0.011117418866496358,0.9791666666666667,53.48223514211887,0.010909547620334826,47.12120351972767
298,1079,"1904, 1939",P. Baby Soap (Herbal) 100g,Rin Lemon-Rose 200g | Diva Fresh (Purple lotus) 60g,0.011117418866496358,0.6072351421188631,53.48223514211887,0.010909547620334826,2.5171448526226157
299,"2012, 2045",2047,Marina Vegetable Oil 500ml | Edinborough Tomato Sauce 405g,Edinborough Chilli Sauce 405g,0.010360488220266818,0.9733333333333333,53.4397922077922,0.010166616055121008,36.81698836219123
300,2047,"2012, 2045",Edinborough Chilli Sauce 405g,Marina Vegetable Oil 500ml | Edinborough Tomato Sauce 405g,0.010360488220266818,0.5688311688311688,53.4397922077922,0.010166616055121008,2.2945899408020956
301,1314,"1288, 1934",BIO Clean (Tile Cleaner) Kohomba,Senola Soap | Diva Fresh (Jasmine) 400g,0.010975494370328319,0.5888324873096447,53.419489771464676,0.010770035755555268,2.405290220993378
302,1314,"1296, 1934",BIO Clean (Tile Cleaner) Kohomba,Vim Limes (Promo) | Diva Fresh (Jasmine) 400g,0.010975494370328319,0.5888324873096447,53.419489771464676,0.010770035755555268,2.405290220993378
303,"1288, 1934",1314,Senola Soap | Diva Fresh (Jasmine) 400g,BIO Clean (Tile Cleaner) Kohomba,0.010975494370328319,0.9957081545064378,53.41948977146467,0.010770035755555268,228.65701580092852
304,"1296, 1934",1314,Vim Limes (Promo) | Diva Fresh (Jasmine) 400g,BIO Clean (Tile Cleaner) Kohomba,0.010975494370328319,0.9957081545064378,53.41948977146467,0.010770035755555268,228.65701580092852
305,"1799, 2432",2273,Asiri Sugar Candy 100g60 | Little Lion Milky Cookies 200g,Highland Dairy Ice Cream (butter scotch)1L,0.011212035197275049,0.9874999999999999,53.38561381074168,0.011002015411101511,78.52020058662083
306,2273,"1799, 2432",Highland Dairy Ice Cream (butter scotch)1L,Asiri Sugar Candy 100g60 | Little Lion Milky Cookies 200g,0.011212035197275049,0.6061381074168797,53.38561381074168,0.011002015411101511,2.5101337776614523
307,"1689, 3200",3208,Gold Hair Cream 100ml | Pears Kokum Baby Soap 2 Pack,Sunsilk Damage Restore Shampoo 80ml,0.01107011070110701,1.0,53.378787878787875,0.01086272287644818,inf
308,3208,"1689, 3200",Sunsilk Damage Restore Shampoo 80ml,Gold Hair Cream 100ml | Pears Kokum Baby Soap 2 Pack,0.01107011070110701,0.5909090909090908,53.378787878787875,0.01086272287644818,2.417384173841738
309,"1265, 3146",1148,Misumi Soap 90g | Chandanalepa Cinnamon Ayurveda Soap 100g,Sunsilk Shampoo (Black)80ml,0.011259343362664397,0.9916666666666668,53.3380407124682,0.011048249306484856,117.76894692024042
310,1148,"1265, 3146",Sunsilk Shampoo (Black)80ml,Misumi Soap 90g | Chandanalepa Cinnamon Ayurveda Soap 100g,0.011259343362664397,0.6055979643765904,53.3380407124682,0.011048249306484856,2.5066960892933996
311,1891,"1079, 1939",Lifebuoy Hand Wash 200ml (Green Tea),P. Baby Soap (Herbal) 100g | Diva Fresh (Purple lotus) 60g,0.011117418866496358,0.5979643765903309,53.332367056398375,0.01090896348601906,2.4594536086548793
312,1891,"1225, 1939",Lifebuoy Hand Wash 200ml (Green Tea),N/S Facial Wash 100ml (Carrot) | Diva Fresh (Purple lotus) 60g,0.011117418866496358,0.5979643765903309,53.332367056398375,0.01090896348601906,2.4594536086548793
313,"1079, 1939",1891,P. Baby Soap (Herbal) 100g | Diva Fresh (Purple lotus) 60g,Lifebuoy Hand Wash 200ml (Green Tea),0.011117418866496358,0.9915611814345993,53.33236705639837,0.01090896348601906,116.29683508373688
314,"1225, 1939",1891,N/S Facial Wash 100ml (Carrot) | Diva Fresh (Purple lotus) 60g,Lifebuoy Hand Wash 200ml (Green Tea),0.011117418866496358,0.9915611814345993,53.33236705639837,0.01090896348601906,116.29683508373688
315,3146,"1148, 3058",Chandanalepa Cinnamon Ayurveda Soap 100g,Sunsilk Shampoo (Black)80ml | Signal Toothpaste 160g,0.011259343362664397,0.5994962216624685,53.24433249370277,0.01104787778810778,2.4687423942454227
316,"1148, 3058",3146,Sunsilk Shampoo (Black)80ml | Signal Toothpaste 160g,Chandanalepa Cinnamon Ayurveda Soap 100g,0.011259343362664397,1.0,53.244332493702764,0.01104787778810778,inf
317,2371,"2205, 2645",Cooking Oil 750ml (loose),Goraka Paste 250g | Plaza Canned Fish 425g,0.012252814835840667,0.6573604060913706,53.238637026664335,0.012022665915429652,2.8824823120026073
318,"2205, 2645",2371,Goraka Paste 250g | Plaza Canned Fish 425g,Cooking Oil 750ml (loose),0.012252814835840667,0.9923371647509579,53.23863702666433,0.012022665915429652,128.06755606017674
319,2047,"2008, 2012",Edinborough Chilli Sauce 405g,Marina Coconut Oil 350ml | Marina Vegetable Oil 500ml,0.010360488220266818,0.5688311688311688,53.203332950235605,0.010165754401053695,2.294480220057066
320,"2008, 2012",2047,Marina Coconut Oil 350ml | Marina Vegetable Oil 500ml,Edinborough Chilli Sauce 405g,0.010360488220266818,0.9690265486725663,53.2033329502356,0.010165754401053695,31.697673789924664
321,"1799, 2944",2273,Asiri Sugar Candy 100g60 | Daily Banana Flavoured milk 180ml,Highland Dairy Ice Cream (butter scotch)1L,0.011212035197275049,0.9834024896265561,53.164096740987574,0.011001140328659122,59.13552606679934
322,"2432, 2944",2273,Little Lion Milky Cookies 200g | Daily Banana Flavoured milk 180ml,Highland Dairy Ice Cream (butter scotch)1L,0.011212035197275049,0.9834024896265561,53.164096740987574,0.011001140328659122,59.13552606679934
323,"1566, 1799",2273,Watawala Tea 400g | Asiri Sugar Candy 100g60,Highland Dairy Ice Cream (butter scotch)1L,0.011212035197275049,0.9834024896265561,53.164096740987574,0.011001140328659122,59.13552606679934
324,2273,"1799, 2944",Highland Dairy Ice Cream (butter scotch)1L,Asiri Sugar Candy 100g60 | Daily Banana Flavoured milk 180ml,0.011212035197275049,0.6061381074168797,53.16409674098757,0.011001140328659122,2.5100136640727038
325,2273,"2432, 2944",Highland Dairy Ice Cream (butter scotch)1L,Little Lion Milky Cookies 200g | Daily Banana Flavoured milk 180ml,0.011212035197275049,0.6061381074168797,53.16409674098757,0.011001140328659122,2.5100136640727038
326,2273,"1566, 1799",Highland Dairy Ice Cream (butter scotch)1L,Watawala Tea 400g | Asiri Sugar Candy 100g60,0.011212035197275049,0.6061381074168797,53.16409674098757,0.011001140328659122,2.5100136640727038
327,"2636, 3200",3208,Maliban Wafers Lemon Cream 90g | Pears Kokum Baby Soap 2 Pack,Sunsilk Damage Restore Shampoo 80ml,0.01107011070110701,0.9957446808510637,53.15164410058026,0.010861836603693227,230.5975021288611
328,3208,"2636, 3200",Sunsilk Damage Restore Shampoo 80ml,Maliban Wafers Lemon Cream 90g | Pears Kokum Baby Soap 2 Pack,0.01107011070110701,0.5909090909090908,53.15164410058026,0.010861836603693227,2.4172685316596754
329,1148,"1253, 3146",Sunsilk Shampoo (Black)80ml,Chandanalepa Herbal Cream 12g | Chandanalepa Cinnamon Ayurveda Soap 100g,0.011259343362664397,0.6055979643765904,53.116721041462114,0.011047369747917441,2.50657614020309
330,"1253, 3146",1148,Chandanalepa Herbal Cream 12g | Chandanalepa Cinnamon Ayurveda Soap 100g,Sunsilk Shampoo (Black)80ml,0.011259343362664397,0.9875518672199172,53.11672104146211,0.011047369747917441,78.83976724382727
331,"1854, 3180",2877,CBL Nice Biscuits  100g | Edinborouah Dark Soya Sauce 600ml,CBL Wafer Stix 55g strawberry,0.010455104551045511,0.9692982456140351,53.08037905644942,0.010258137145444907,31.97664328291636
332,"1854, 3180",2036,CBL Nice Biscuits  100g | Edinborouah Dark Soya Sauce 600ml,Prima Instant Noodles 345g,0.010455104551045511,0.9692982456140351,53.08037905644942,0.010258137145444907,31.97664328291636
333,2877,"1854, 3180",CBL Wafer Stix 55g strawberry,CBL Nice Biscuits  100g | Edinborouah Dark Soya Sauce 600ml,0.010455104551045511,0.572538860103627,53.08037905644942,0.010258137145444907,2.314160624123724
334,2036,"1854, 3180",Prima Instant Noodles 345g,CBL Nice Biscuits  100g | Edinborouah Dark Soya Sauce 600ml,0.010455104551045511,0.572538860103627,53.08037905644942,0.010258137145444907,2.314160624123724
335,1516,"2019, 2928",E/H Ice Cream (Chocolate) 80ml,Harischandra Noodles 400g | Revello Dark Chocolate 100g,0.010313180054877472,0.5647668393782385,53.05796200345424,0.01011880432566635,2.2731624156900914
336,"2019, 2928",1516,Harischandra Noodles 400g | Revello Dark Chocolate 100g,E/H Ice Cream (Chocolate) 80ml,0.010313180054877472,0.9688888888888889,53.057962003454236,0.01011880432566635,31.555897976562203
337,"2205, 2276",2371,Goraka Paste 250g | T.R.M. Kekulu Rice 1kg,Cooking Oil 750ml (loose),0.012252814835840667,0.9885496183206107,53.03543612198241,0.012021784118799724,85.70549090106313
338,2371,"2205, 2276",Cooking Oil 750ml (loose),Goraka Paste 250g | T.R.M. Kekulu Rice 1kg,0.012252814835840667,0.6573604060913706,53.03543612198241,0.012021784118799724,2.8823442422458414
339,"1148, 1265",3146,Sunsilk Shampoo (Black)80ml | Misumi Soap 90g,Chandanalepa Cinnamon Ayurveda Soap 100g,0.011259343362664397,0.99581589958159,53.021552859837904,0.011046989277290316,234.51125934336517
340,"1253, 1265",3146,Chandanalepa Herbal Cream 12g | Misumi Soap 90g,Chandanalepa Cinnamon Ayurveda Soap 100g,0.011259343362664397,0.99581589958159,53.021552859837904,0.011046989277290316,234.51125934336517
341,"1253, 3058",3146,Chandanalepa Herbal Cream 12g | Signal Toothpaste 160g,Chandanalepa Cinnamon Ayurveda Soap 100g,0.011259343362664397,0.99581589958159,53.021552859837904,0.011046989277290316,234.51125934336517
342,3146,"1148, 1265",Chandanalepa Cinnamon Ayurveda Soap 100g,Sunsilk Shampoo (Black)80ml | Misumi Soap 90g,0.011259343362664397,0.5994962216624685,53.021552859837904,0.011046989277290316,2.468624272599765
343,3146,"1253, 1265",Chandanalepa Cinnamon Ayurveda Soap 100g,Chandanalepa Herbal Cream 12g | Misumi Soap 90g,0.011259343362664397,0.5994962216624685,53.021552859837904,0.011046989277290316,2.468624272599765
344,3146,"1253, 3058",Chandanalepa Cinnamon Ayurveda Soap 100g,Chandanalepa Herbal Cream 12g | Signal Toothpaste 160g,0.011259343362664397,0.5994962216624685,53.021552859837904,0.011046989277290316,2.468624272599765
345,"2499, 2837",3062,Imorich Wonder Cone (Cooki Cream) 120ml | Kumarika Shampoo 40ml,Ayush Toothpaste 30g,0.010880878039549626,1.0,52.97744360902256,0.010675491042776975,inf
346,"2746, 2837",3062,Misumi Romansu Soap 90g | Kumarika Shampoo 40ml,Ayush Toothpaste 30g,0.010880878039549626,1.0,52.97744360902256,0.010675491042776975,inf
347,3062,"2499, 2837",Ayush Toothpaste 30g,Imorich Wonder Cone (Cooki Cream) 120ml | Kumarika Shampoo 40ml,0.010880878039549626,0.5764411027568922,52.97744360902256,0.010675491042776975,2.335257571965797
348,3062,"2746, 2837",Ayush Toothpaste 30g,Misumi Romansu Soap 90g | Kumarika Shampoo 40ml,0.010880878039549626,0.5764411027568922,52.97744360902256,0.010675491042776975,2.335257571965797
349,1148,"1265, 3058",Sunsilk Shampoo (Black)80ml,Misumi Soap 90g | Signal Toothpaste 160g,0.011259343362664397,0.6055979643765904,52.89723045864615,0.011046490189350026,2.5064561911127803
350,"1265, 3058",1148,Misumi Soap 90g | Signal Toothpaste 160g,Sunsilk Shampoo (Black)80ml,0.011259343362664397,0.9834710743801653,52.89723045864614,0.011046490189350026,59.37517740562041
351,"1079, 1904",1891,P. Baby Soap (Herbal) 100g | Rin Lemon-Rose 200g,Lifebuoy Hand Wash 200ml (Green Tea),0.011117418866496358,0.9832635983263599,52.88607109776742,0.010907204368884232,58.63912148736896
352,"1225, 1904",1891,N/S Facial Wash 100ml (Carrot) | Rin Lemon-Rose 200g,Lifebuoy Hand Wash 200ml (Green Tea),0.011117418866496358,0.9832635983263599,52.88607109776742,0.010907204368884232,58.63912148736896
353,1891,"1079, 1904",Lifebuoy Hand Wash 200ml (Green Tea),P. Baby Soap (Herbal) 100g | Rin Lemon-Rose 200g,0.011117418866496358,0.5979643765903309,52.88607109776742,0.010907204368884232,2.459218265503006
354,1891,"1225, 1904",Lifebuoy Hand Wash 200ml (Green Tea),N/S Facial Wash 100ml (Carrot) | Rin Lemon-Rose 200g,0.011117418866496358,0.5979643765903309,52.88607109776742,0.010907204368884232,2.459218265503006
355,"2002, 3119",1119,Ocean Star Canned Fish 425g | Rice Flakes (Samuel's Product) 200g,Silicone oil 25ml,0.011117418866496358,0.9631147540983608,52.878752395145845,0.010907175274071569,26.61731899370285
356,1119,"2002, 3119",Silicone oil 25ml,Ocean Star Canned Fish 425g | Rice Flakes (Samuel's Product) 200g,0.011117418866496358,0.6103896103896104,52.87875239514584,0.010907175274071569,2.5370391396221654
357,"1689, 3200",2636,Gold Hair Cream 100ml | Pears Kokum Baby Soap 2 Pack,Maliban Wafers Lemon Cream 90g,0.01107011070110701,1.0,52.845000000000006,0.010860628049936474,inf
358,2636,"1689, 3200",Maliban Wafers Lemon Cream 90g,Gold Hair Cream 100ml | Pears Kokum Baby Soap 2 Pack,0.01107011070110701,0.585,52.845,0.010860628049936474,2.3829635886720313
359,"1148, 1253",3146,Sunsilk Shampoo (Black)80ml | Chandanalepa Herbal Cream 12g,Chandanalepa Cinnamon Ayurveda Soap 100g,0.011259343362664397,0.9916666666666668,52.80062972292192,0.01104610076647285,117.74623900085354
360,3146,"1148, 1253",Chandanalepa Cinnamon Ayurveda Soap 100g,Sunsilk Shampoo (Black)80ml | Chandanalepa Herbal Cream 12g,0.011259343362664397,0.5994962216624685,52.80062972292192,0.01104610076647285,2.4685061509541075
361,"1188, 2514",1069,Baby Diaper (Softlove) 4pcs /L | Pears Baby Oil (Olive Oil) 100ml,P.Baby Cream (Bedtime) 100ml,0.010171255558709433,0.9388646288209607,52.78117160642943,0.00997854942413264,16.06618412337969
362,"1188, 2514",1562,Baby Diaper (Softlove) 4pcs /L | Pears Baby Oil (Olive Oil) 100ml,Sun Silk Shampoo (King-coconut)80ML,0.010171255558709433,0.9388646288209607,52.78117160642943,0.00997854942413264,16.06618412337969
363,1069,"1188, 2514",P.Baby Cream (Bedtime) 100ml,Baby Diaper (Softlove) 4pcs /L | Pears Baby Oil (Olive Oil) 100ml,0.010171255558709433,0.5718085106382979,52.78117160642943,0.00997854942413264,2.3101029672504083
364,1562,"1188, 2514",Sun Silk Shampoo (King-coconut)80ML,Baby Diaper (Softlove) 4pcs /L | Pears Baby Oil (Olive Oil) 100ml,0.010171255558709433,0.5718085106382979,52.78117160642943,0.00997854942413264,2.3101029672504083
365,"2499, 2746",3062,Imorich Wonder Cone (Cooki Cream) 120ml | Misumi Romansu Soap 90g,Ayush Toothpaste 30g,0.010880878039549626,0.9956709956709956,52.74810402629951,0.010674598055834485,226.6396537042254
366,3062,"2499, 2746",Ayush Toothpaste 30g,Imorich Wonder Cone (Cooki Cream) 120ml | Misumi Romansu Soap 90g,0.010880878039549626,0.5764411027568922,52.74810402629951,0.010674598055834485,2.3351458799066824
367,"1288, 1296",1314,Senola Soap | Vim Limes (Promo),BIO Clean (Tile Cleaner) Kohomba,0.010975494370328319,0.9830508474576272,52.74042846081046,0.010767390365665486,57.90027438735941
368,"1296, 1882",1314,Vim Limes (Promo) | Dettol Hand Wash Refill (sensitive)175ml,BIO Clean (Tile Cleaner) Kohomba,0.010975494370328319,0.9830508474576272,52.74042846081046,0.010767390365665486,57.90027438735941
369,1314,"1288, 1296",BIO Clean (Tile Cleaner) Kohomba,Senola Soap | Vim Limes (Promo),0.010975494370328319,0.5888324873096447,52.74042846081046,0.010767390365665486,2.404945046601463
370,1314,"1296, 1882",BIO Clean (Tile Cleaner) Kohomba,Vim Limes (Promo) | Dettol Hand Wash Refill (sensitive)175ml,0.010975494370328319,0.5888324873096447,52.74042846081046,0.010767390365665486,2.404945046601463
371,"1079, 1225",1939,P. Baby Soap (Herbal) 100g | N/S Facial Wash 100ml (Carrot),Diva Fresh (Purple lotus) 60g,0.011117418866496358,1.0,52.71321695760599,0.01090651504563038,inf
372,"1225, 1891",1939,N/S Facial Wash 100ml (Carrot) | Lifebuoy Hand Wash 200ml (Green Tea),Diva Fresh (Purple lotus) 60g,0.011117418866496358,1.0,52.71321695760599,0.01090651504563038,inf
373,1939,"1079, 1225",Diva Fresh (Purple lotus) 60g,P. Baby Soap (Herbal) 100g | N/S Facial Wash 100ml (Carrot),0.011117418866496358,0.5860349127182045,52.71321695760599,0.01090651504563038,2.388806717075512
374,1939,"1225, 1891",Diva Fresh (Purple lotus) 60g,N/S Facial Wash 100ml (Carrot) | Lifebuoy Hand Wash 200ml (Green Tea),0.011117418866496358,0.5860349127182045,52.71321695760599,0.01090651504563038,2.388806717075512
375,"1689, 2636",3208,Gold Hair Cream 100ml | Maliban Wafers Lemon Cream 90g,Sunsilk Damage Restore Shampoo 80ml,0.01107011070110701,0.9873417721518987,52.70310701956271,0.010860064058183322,77.52001135395928
376,3208,"1689, 2636",Sunsilk Damage Restore Shampoo 80ml,Gold Hair Cream 100ml | Maliban Wafers Lemon Cream 90g,0.01107011070110701,0.5909090909090908,52.70310701956271,0.010860064058183322,2.4170372472955495
377,"1904, 1939",1891,Rin Lemon-Rose 200g | Diva Fresh (Purple lotus) 60g,Lifebuoy Hand Wash 200ml (Green Tea),0.011117418866496358,0.9791666666666667,52.66571246819339,0.010906324810316817,47.10757876809554
378,1891,"1904, 1939",Lifebuoy Hand Wash 200ml (Green Tea),Rin Lemon-Rose 200g | Diva Fresh (Purple lotus) 60g,0.011117418866496358,0.5979643765903309,52.66571246819339,0.010906324810316817,2.459100593927069
379,"1721, 2002",1119,LankaSoy (polos curry)90g | Ocean Star Canned Fish 425g,Silicone oil 25ml,0.011117418866496358,0.9591836734693877,52.662920752716666,0.010906313620004254,24.053765729964965
380,1119,"1721, 2002",Silicone oil 25ml,LankaSoy (polos curry)90g | Ocean Star Canned Fish 425g,0.011117418866496358,0.6103896103896104,52.662920752716666,0.010906313620004254,2.5369177153309996
381,2371,"2276, 2645",Cooking Oil 750ml (loose),T.R.M. Kekulu Rice 1kg | Plaza Canned Fish 425g,0.012252814835840667,0.6573604060913706,52.6336525149977,0.01202002052553987,2.8820681027323096
382,"2276, 2645",2371,T.R.M. Kekulu Rice 1kg | Plaza Canned Fish 425g,Cooking Oil 750ml (loose),0.012252814835840667,0.9810606060606061,52.63365251499769,0.01202002052553987,51.8158387737724
383,"1977, 2535",2773,Edinborough Chilli Sauce230g | CBL Potato Cracker 110g,Wijaya Noodles 400g,0.011306651528053742,1.0,52.582089552238806,0.011091622957977216,inf
384,2773,"1977, 2535",Wijaya Noodles 400g,Edinborough Chilli Sauce230g | CBL Potato Cracker 110g,0.011306651528053742,0.5945273631840796,52.582089552238806,0.011091622957977216,2.4383725526731435
385,"1878, 1904",3164,Dettol Hand Wash (sensitive) 200ml | Rin Lemon-Rose 200g,Sunlight 2in1 (sakura Fresh) 50g,0.010928186204938973,0.9625000000000001,52.57189922480621,0.010720314958777441,26.178446399848706
386,3164,"1878, 1904",Sunlight 2in1 (sakura Fresh) 50g,Dettol Hand Wash (sensitive) 200ml | Rin Lemon-Rose 200g,0.010928186204938973,0.5968992248062016,52.57189922480621,0.010720314958777441,2.4526026769143434
387,"2008, 3190",2047,Marina Coconut Oil 350ml | Fortune Cooking Oil RBD Palm Olein 2L,Edinborough Chilli Sauce 405g,0.010360488220266818,0.9563318777292577,52.50634605569103,0.01016316943885175,22.482907559844833
388,2047,"2008, 3190",Edinborough Chilli Sauce 405g,Marina Coconut Oil 350ml | Fortune Cooking Oil RBD Palm Olein 2L,0.010360488220266818,0.5688311688311688,52.50634605569103,0.01016316943885175,2.2941510578219773
389,2371,"2645, 3189",Cooking Oil 750ml (loose),Plaza Canned Fish 425g | Fortune RBD Coconut Oil 200ml,0.012252814835840667,0.6573604060913706,52.435034958337326,0.012019138728909943,2.8819300329755437
390,2371,"2205, 3189",Cooking Oil 750ml (loose),Goraka Paste 250g | Fortune RBD Coconut Oil 200ml,0.012252814835840667,0.6573604060913706,52.435034958337326,0.012019138728909943,2.8819300329755437
391,"2645, 3189",2371,Plaza Canned Fish 425g | Fortune RBD Coconut Oil 200ml,Cooking Oil 750ml (loose),0.012252814835840667,0.9773584905660377,52.43503495833732,0.012019138728909943,43.34342574194974
392,"2205, 3189",2371,Goraka Paste 250g | Fortune RBD Coconut Oil 200ml,Cooking Oil 750ml (loose),0.012252814835840667,0.9773584905660377,52.43503495833732,0.012019138728909943,43.34342574194974
393,"1689, 3208",2636,Gold Hair Cream 100ml | Sunsilk Damage Restore Shampoo 80ml,Maliban Wafers Lemon Cream 90g,0.01107011070110701,0.9915254237288135,52.397161016949156,0.01085883759992647,115.76705459362165
394,"3200, 3208",2636,Pears Kokum Baby Soap 2 Pack | Sunsilk Damage Restore Shampoo 80ml,Maliban Wafers Lemon Cream 90g,0.01107011070110701,0.9915254237288135,52.397161016949156,0.01085883759992647,115.76705459362165
395,2636,"1689, 3208",Maliban Wafers Lemon Cream 90g,Gold Hair Cream 100ml | Sunsilk Damage Restore Shampoo 80ml,0.01107011070110701,0.585,52.39716101694915,0.01085883759992647,2.3827355975135283
396,2636,"3200, 3208",Maliban Wafers Lemon Cream 90g,Pears Kokum Baby Soap 2 Pack | Sunsilk Damage Restore Shampoo 80ml,0.01107011070110701,0.585,52.39716101694915,0.01085883759992647,2.3827355975135283
397,"1789, 2190",1121,Asiri Ddevilled Dhal 100g | Freelan Meat Curry Powder 250g,Axe oil 5ml,0.010360488220266818,0.9864864864864865,52.392842591335054,0.010162741968911862,72.60667991295313
398,1121,"1789, 2190",Axe oil 5ml,Asiri Ddevilled Dhal 100g | Freelan Meat Curry Powder 250g,0.010360488220266818,0.550251256281407,52.392842591335054,0.010162741968911862,2.2001119538483738
399,"1265, 3058",3146,Misumi Soap 90g | Signal Toothpaste 160g,Chandanalepa Cinnamon Ayurveda Soap 100g,0.011259343362664397,0.9834710743801653,52.36426088223661,0.01104432374483792,59.363728829596184
400,3146,"1265, 3058",Chandanalepa Cinnamon Ayurveda Soap 100g,Misumi Soap 90g | Signal Toothpaste 160g,0.011259343362664397,0.5994962216624685,52.36426088223661,0.01104432374483792,2.4682699076627923
401,2773,"2261, 2535",Wijaya Noodles 400g,Sunquick  Orange Fruit Drink 200ml | CBL Potato Cracker 110g,0.011306651528053742,0.5945273631840796,52.362997512437815,0.01109072325684719,2.4382558785474595
402,"2261, 2535",2773,Sunquick  Orange Fruit Drink 200ml | CBL Potato Cracker 110g,Wijaya Noodles 400g,0.011306651528053742,0.9958333333333333,52.36299751243781,0.01109072325684719,235.43570820323671
403,"1977, 2535",2261,Edinborough Chilli Sauce230g | CBL Potato Cracker 110g,Sunquick  Orange Fruit Drink 200ml,0.011306651528053742,1.0,52.32178217821782,0.011090553164096238,inf
404,"1977, 2773",2261,Edinborough Chilli Sauce230g | Wijaya Noodles 400g,Sunquick  Orange Fruit Drink 200ml,0.011306651528053742,1.0,52.32178217821782,0.011090553164096238,inf
405,2261,"1977, 2535",Sunquick  Orange Fruit Drink 200ml,Edinborough Chilli Sauce230g | CBL Potato Cracker 110g,0.011306651528053742,0.5915841584158416,52.321782178217816,0.011090553164096238,2.4208006835313105
406,2261,"1977, 2773",Sunquick  Orange Fruit Drink 200ml,Edinborough Chilli Sauce230g | Wijaya Noodles 400g,0.011306651528053742,0.5915841584158416,52.321782178217816,0.011090553164096238,2.4208006835313105
407,"1967, 2746",3062,Edinborough Mustard Cream165g | Misumi Romansu Soap 90g,Ayush Toothpaste 30g,0.010880878039549626,0.9871244635193133,52.295330601181064,0.010672812081949505,76.20063392941599
408,"1967, 2837",3062,Edinborough Mustard Cream165g | Kumarika Shampoo 40ml,Ayush Toothpaste 30g,0.010880878039549626,0.9871244635193133,52.295330601181064,0.010672812081949505,76.20063392941599
409,3062,"1967, 2746",Ayush Toothpaste 30g,Edinborough Mustard Cream165g | Misumi Romansu Soap 90g,0.010880878039549626,0.5764411027568922,52.295330601181064,0.010672812081949505,2.3349224957884536
410,3062,"1967, 2837",Ayush Toothpaste 30g,Edinborough Mustard Cream165g | Kumarika Shampoo 40ml,0.010880878039549626,0.5764411027568922,52.295330601181064,0.010672812081949505,2.3349224957884536
411,"3057, 3200",3208,Signal Toothpaste 70g | Pears Kokum Baby Soap 2 Pack,Sunsilk Damage Restore Shampoo 80ml,0.01107011070110701,0.9790794979079497,52.262076835298586,0.010858291512673418,46.904513198977895
412,3208,"3057, 3200",Sunsilk Damage Restore Shampoo 80ml,Signal Toothpaste 70g | Pears Kokum Baby Soap 2 Pack,0.01107011070110701,0.5909090909090908,52.262076835298586,0.010858291512673418,2.4168059629314236
413,"1121, 1789",2190,Axe oil 5ml | Asiri Ddevilled Dhal 100g,Freelan Meat Curry Powder 250g,0.010360488220266818,0.9864864864864865,52.26153220890063,0.010162245119034085,72.60317910871431
414,2190,"1121, 1789",Freelan Meat Curry Powder 250g,Axe oil 5ml | Asiri Ddevilled Dhal 100g,0.010360488220266818,0.5488721804511278,52.26153220890063,0.010162245119034085,2.1933863184785696
415,"2276, 3189",2371,T.R.M. Kekulu Rice 1kg | Fortune RBD Coconut Oil 200ml,Cooking Oil 750ml (loose),0.012300123001230012,0.9737827715355806,52.24319853989619,0.012064683301039434,37.43189651676743
416,2371,"2276, 3189",Cooking Oil 750ml (loose),T.R.M. Kekulu Rice 1kg | Fortune RBD Coconut Oil 200ml,0.012300123001230012,0.6598984771573604,52.24319853989619,0.012064683301039434,2.9031587732639665
417,1689,"2636, 3208",Gold Hair Cream 100ml,Maliban Wafers Lemon Cream 90g | Sunsilk Damage Restore Shampoo 80ml,0.01107011070110701,0.5806451612903226,52.228414550446125,0.010858154990860154,2.3581046165491246
418,1689,"2636, 3200",Gold Hair Cream 100ml,Maliban Wafers Lemon Cream 90g | Pears Kokum Baby Soap 2 Pack,0.01107011070110701,0.5806451612903226,52.228414550446125,0.010858154990860154,2.3581046165491246
419,"2636, 3208",1689,Maliban Wafers Lemon Cream 90g | Sunsilk Damage Restore Shampoo 80ml,Gold Hair Cream 100ml,0.01107011070110701,0.9957446808510637,52.22841455044612,0.010858154990860154,230.51968019679563
420,"2636, 3200",1689,Maliban Wafers Lemon Cream 90g | Pears Kokum Baby Soap 2 Pack,Gold Hair Cream 100ml,0.01107011070110701,0.9957446808510637,52.22841455044612,0.010858154990860154,230.51968019679563
421,"2499, 3062",2746,Imorich Wonder Cone (Cooki Cream) 120ml | Ayush Toothpaste 30g,Misumi Romansu Soap 90g,0.010880878039549626,1.0,52.19259259259259,0.010672402516509716,inf
422,"2499, 2837",2746,Imorich Wonder Cone (Cooki Cream) 120ml | Kumarika Shampoo 40ml,Misumi Romansu Soap 90g,0.010880878039549626,1.0,52.19259259259259,0.010672402516509716,inf
423,2746,"2499, 3062",Misumi Romansu Soap 90g,Imorich Wonder Cone (Cooki Cream) 120ml | Ayush Toothpaste 30g,0.010880878039549626,0.5679012345679012,52.19259259259259,0.010672402516509716,2.2891042536798993
424,2746,"2499, 2837",Misumi Romansu Soap 90g,Imorich Wonder Cone (Cooki Cream) 120ml | Kumarika Shampoo 40ml,0.010880878039549626,0.5679012345679012,52.19259259259259,0.010672402516509716,2.2891042536798993
425,"2261, 3150",2773,Sunquick  Orange Fruit Drink 200ml | GreenLand Sweet Corn 425g,Wijaya Noodles 400g,0.011306651528053742,0.9917012448132781,52.14572366383849,0.011089823555717162,118.20834516037668
426,"2535, 3150",2773,CBL Potato Cracker 110g | GreenLand Sweet Corn 425g,Wijaya Noodles 400g,0.011306651528053742,0.9917012448132781,52.14572366383849,0.011089823555717162,118.20834516037668
427,"1977, 2261",2773,Edinborough Chilli Sauce230g | Sunquick  Orange Fruit Drink 200ml,Wijaya Noodles 400g,0.011306651528053742,0.9917012448132781,52.14572366383849,0.011089823555717162,118.20834516037668
428,2773,"2261, 3150",Wijaya Noodles 400g,Sunquick  Orange Fruit Drink 200ml | GreenLand Sweet Corn 425g,0.011306651528053742,0.5945273631840796,52.14572366383849,0.011089823555717162,2.438139204421775
429,2773,"2535, 3150",Wijaya Noodles 400g,CBL Potato Cracker 110g | GreenLand Sweet Corn 425g,0.011306651528053742,0.5945273631840796,52.14572366383849,0.011089823555717162,2.438139204421775
430,2773,"1977, 2261",Wijaya Noodles 400g,Edinborough Chilli Sauce230g | Sunquick  Orange Fruit Drink 200ml,0.011306651528053742,0.5945273631840796,52.14572366383849,0.011089823555717162,2.438139204421775
431,"2773, 3150",2261,Wijaya Noodles 400g | GreenLand Sweet Corn 425g,Sunquick  Orange Fruit Drink 200ml,0.011306651528053742,0.9958333333333333,52.103774752475246,0.011089648986841186,235.41300028384984
432,2261,"2773, 3150",Sunquick  Orange Fruit Drink 200ml,Wijaya Noodles 400g | GreenLand Sweet Corn 425g,0.011306651528053742,0.5915841584158416,52.103774752475246,0.011089648986841186,2.420684850205145
433,3190,"2012, 2045",Fortune Cooking Oil RBD Palm Olein 2L,Marina Vegetable Oil 500ml | Edinborough Tomato Sauce 405g,0.010360488220266818,0.5544303797468355,52.08688607594937,0.010161580414467871,2.2204289022785337
434,3190,"2045, 2047",Fortune Cooking Oil RBD Palm Olein 2L,Edinborough Tomato Sauce 405g | Edinborough Chilli Sauce 405g,0.010360488220266818,0.5544303797468355,52.08688607594937,0.010161580414467871,2.2204289022785337
435,"2012, 2045",3190,Marina Vegetable Oil 500ml | Edinborough Tomato Sauce 405g,Fortune Cooking Oil RBD Palm Olein 2L,0.010360488220266818,0.9733333333333333,52.086886075949366,0.010161580414467871,36.79924780017022
436,"2045, 2047",3190,Edinborough Tomato Sauce 405g | Edinborough Chilli Sauce 405g,Fortune Cooking Oil RBD Palm Olein 2L,0.010360488220266818,0.9733333333333333,52.086886075949366,0.010161580414467871,36.79924780017022
437,"1516, 1996",2928,E/H Ice Cream (Chocolate) 80ml | KVC Tomato Sauce400g,Revello Dark Chocolate 100g,0.010313180054877472,0.995433789954338,52.0828699308287,0.010115165236021014,214.81436275901484
438,"1822, 1996",2928,CBL Sun Cracker 95g | KVC Tomato Sauce400g,Revello Dark Chocolate 100g,0.010313180054877472,0.995433789954338,52.0828699308287,0.010115165236021014,214.81436275901484
439,2928,"1516, 1996",Revello Dark Chocolate 100g,E/H Ice Cream (Chocolate) 80ml | KVC Tomato Sauce400g,0.010313180054877472,0.5396039603960396,52.0828699308287,0.010115165236021014,2.1495395847258725
440,2928,"1822, 1996",Revello Dark Chocolate 100g,CBL Sun Cracker 95g | KVC Tomato Sauce400g,0.010313180054877472,0.5396039603960396,52.0828699308287,0.010115165236021014,2.1495395847258725
441,"1967, 2499",3062,Edinborough Mustard Cream165g | Imorich Wonder Cone (Cooki Cream) 120ml,Ayush Toothpaste 30g,0.010880878039549626,0.982905982905983,52.0718462823726,0.010671919095007015,57.39575645756478
442,3062,"1967, 2499",Ayush Toothpaste 30g,Edinborough Mustard Cream165g | Imorich Wonder Cone (Cooki Cream) 120ml,0.010880878039549626,0.5764411027568922,52.0718462823726,0.010671919095007015,2.334810803729339
443,1689,"3200, 3208",Gold Hair Cream 100ml,Pears Kokum Baby Soap 2 Pack | Sunsilk Damage Restore Shampoo 80ml,0.01107011070110701,0.5806451612903226,52.00710770913068,0.010857253051667615,2.3579918047701187
444,"3200, 3208",1689,Pears Kokum Baby Soap 2 Pack | Sunsilk Damage Restore Shampoo 80ml,Gold Hair Cream 100ml,0.01107011070110701,0.9915254237288135,52.00710770913067,0.010857253051667615,115.75030750307383
445,"1870, 2528",3244,Little Lion Choco Cookies 180g | Ambewela Fresh Milk (Chocolate) 1L,Nestle Milkmaid 510g,0.012442047497398051,0.9887218045112782,51.98905846706318,0.012202726996810787,86.98041441952903
446,"1575, 2528",3244,Dilmah Strong Tea 100g | Ambewela Fresh Milk (Chocolate) 1L,Nestle Milkmaid 510g,0.012442047497398051,0.9887218045112782,51.98905846706318,0.012202726996810787,86.98041441952903
447,3244,"1870, 2528",Nestle Milkmaid 510g,Little Lion Choco Cookies 180g | Ambewela Fresh Milk (Chocolate) 1L,0.012442047497398051,0.654228855721393,51.989058467063174,0.012202726996810787,2.855692397543787
448,3244,"1575, 2528",Nestle Milkmaid 510g,Dilmah Strong Tea 100g | Ambewela Fresh Milk (Chocolate) 1L,0.012442047497398051,0.654228855721393,51.989058467063174,0.012202726996810787,2.855692397543787
449,"1789, 2059",1121,Asiri Ddevilled Dhal 100g | Renuka Coconut Milk Powder 300g,Axe oil 5ml,0.010360488220266818,0.9776785714285714,51.92504935391242,0.010160960471151908,43.95647648784174
450,"2046, 2190",1121,Edinborough Tomato Sauce 375g | Freelan Meat Curry Powder 250g,Axe oil 5ml,0.010360488220266818,0.9776785714285714,51.92504935391242,0.010160960471151908,43.95647648784174
451,1121,"1789, 2059",Axe oil 5ml,Asiri Ddevilled Dhal 100g | Renuka Coconut Milk Powder 300g,0.010360488220266818,0.550251256281407,51.925049353912414,0.010160960471151908,2.199901577872676
452,1121,"2046, 2190",Axe oil 5ml,Edinborough Tomato Sauce 375g | Freelan Meat Curry Powder 250g,0.010360488220266818,0.550251256281407,51.925049353912414,0.010160960471151908,2.199901577872676
453,"2535, 3150",2261,CBL Potato Cracker 110g | GreenLand Sweet Corn 425g,Sunquick  Orange Fruit Drink 200ml,0.011306651528053742,0.9917012448132781,51.88757651698781,0.011088744809586134,118.19694389251785
454,2261,"2535, 3150",Sunquick  Orange Fruit Drink 200ml,CBL Potato Cracker 110g | GreenLand Sweet Corn 425g,0.011306651528053742,0.5915841584158416,51.8875765169878,0.011088744809586134,2.42056901687898
455,3190,"2008, 2012",Fortune Cooking Oil RBD Palm Olein 2L,Marina Coconut Oil 350ml | Marina Vegetable Oil 500ml,0.010360488220266818,0.5544303797468355,51.85641312871066,0.010160696379775432,2.220322727702802
456,"2008, 2012",3190,Marina Coconut Oil 350ml | Marina Vegetable Oil 500ml,Fortune Cooking Oil RBD Palm Olein 2L,0.010360488220266818,0.9690265486725663,51.856413128710656,0.010160696379775432,31.682400010813243
457,1789,"1121, 2190",Asiri Ddevilled Dhal 100g,Axe oil 5ml | Freelan Meat Curry Powder 250g,0.010360488220266818,0.5420792079207921,51.848281887012234,0.010160665046900256,2.160952096007447
458,"1121, 2190",1789,Axe oil 5ml | Freelan Meat Curry Powder 250g,Asiri Ddevilled Dhal 100g,0.010360488220266818,0.9909502262443438,51.84828188701223,0.010160665046900256,108.38806888068787
459,"1996, 2019",2928,KVC Tomato Sauce400g | Harischandra Noodles 400g,Revello Dark Chocolate 100g,0.010313180054877472,0.990909090909091,51.8461296129613,0.010114261058765962,107.89762513009808
460,2928,"1996, 2019",Revello Dark Chocolate 100g,KVC Tomato Sauce400g | Harischandra Noodles 400g,0.010313180054877472,0.5396039603960396,51.8461296129613,0.010114261058765962,2.1494368293558868
461,"1891, 1904",1939,Lifebuoy Hand Wash 200ml (Green Tea) | Rin Lemon-Rose 200g,Diva Fresh (Purple lotus) 60g,0.011117418866496358,0.9832635983263599,51.830987385093756,0.01090292519336032,58.61650818431285
462,"1079, 1904",1939,P. Baby Soap (Herbal) 100g | Rin Lemon-Rose 200g,Diva Fresh (Purple lotus) 60g,0.011117418866496358,0.9832635983263599,51.830987385093756,0.01090292519336032,58.61650818431285
463,"1079, 1891",1939,P. Baby Soap (Herbal) 100g | Lifebuoy Hand Wash 200ml (Green Tea),Diva Fresh (Purple lotus) 60g,0.011117418866496358,0.9832635983263599,51.830987385093756,0.01090292519336032,58.61650818431285
464,"1225, 1904",1939,N/S Facial Wash 100ml (Carrot) | Rin Lemon-Rose 200g,Diva Fresh (Purple lotus) 60g,0.011117418866496358,0.9832635983263599,51.830987385093756,0.01090292519336032,58.61650818431285
465,1939,"1891, 1904",Diva Fresh (Purple lotus) 60g,Lifebuoy Hand Wash 200ml (Green Tea) | Rin Lemon-Rose 200g,0.011117418866496358,0.5860349127182045,51.83098738509375,0.01090292519336032,2.3883495948027136
466,1939,"1079, 1904",Diva Fresh (Purple lotus) 60g,P. Baby Soap (Herbal) 100g | Rin Lemon-Rose 200g,0.011117418866496358,0.5860349127182045,51.83098738509375,0.01090292519336032,2.3883495948027136
467,1939,"1079, 1891",Diva Fresh (Purple lotus) 60g,P. Baby Soap (Herbal) 100g | Lifebuoy Hand Wash 200ml (Green Tea),0.011117418866496358,0.5860349127182045,51.83098738509375,0.01090292519336032,2.3883495948027136
468,1939,"1225, 1904",Diva Fresh (Purple lotus) 60g,N/S Facial Wash 100ml (Carrot) | Rin Lemon-Rose 200g,0.011117418866496358,0.5860349127182045,51.83098738509375,0.01090292519336032,2.3883495948027136
469,"1121, 2046",2190,Axe oil 5ml | Edinborough Tomato Sauce 375g,Freelan Meat Curry Powder 250g,0.010360488220266818,0.9776785714285714,51.79491138560687,0.010160459145149105,43.954357082032296
470,"1789, 2059",2190,Asiri Ddevilled Dhal 100g | Renuka Coconut Milk Powder 300g,Freelan Meat Curry Powder 250g,0.010360488220266818,0.9776785714285714,51.79491138560687,0.010160459145149105,43.954357082032296
471,2190,"1121, 2046",Freelan Meat Curry Powder 250g,Axe oil 5ml | Edinborough Tomato Sauce 375g,0.010360488220266818,0.5488721804511278,51.79491138560687,0.010160459145149105,2.19317658561201
472,2190,"1789, 2059",Freelan Meat Curry Powder 250g,Asiri Ddevilled Dhal 100g | Renuka Coconut Milk Powder 300g,0.010360488220266818,0.5488721804511278,51.79491138560687,0.010160459145149105,2.19317658561201
473,"1575, 1870",3244,Dilmah Strong Tea 100g | Little Lion Choco Cookies 180g,Nestle Milkmaid 510g,0.012442047497398051,0.9850187265917604,51.79434289228018,0.012201827295680761,65.4805563440253
474,3244,"1575, 1870",Nestle Milkmaid 510g,Dilmah Strong Tea 100g | Little Lion Choco Cookies 180g,0.012442047497398051,0.654228855721393,51.79434289228017,0.012201827295680761,2.855555578245323
475,"1967, 3062",2746,Edinborough Mustard Cream165g | Ayush Toothpaste 30g,Misumi Romansu Soap 90g,0.010880878039549626,0.9913793103448275,51.742656449552996,0.010670589685874587,113.77746239000754
476,"2837, 3062",2746,Kumarika Shampoo 40ml | Ayush Toothpaste 30g,Misumi Romansu Soap 90g,0.010880878039549626,0.9913793103448275,51.742656449552996,0.010670589685874587,113.77746239000754
477,2746,"1967, 3062",Misumi Romansu Soap 90g,Edinborough Mustard Cream165g | Ayush Toothpaste 30g,0.010880878039549626,0.5679012345679012,51.742656449552996,0.010670589685874587,2.28888528445724
478,2746,"2837, 3062",Misumi Romansu Soap 90g,Kumarika Shampoo 40ml | Ayush Toothpaste 30g,0.010880878039549626,0.5679012345679012,51.742656449552996,0.010670589685874587,2.28888528445724
479,"3057, 3200",2636,Signal Toothpaste 70g | Pears Kokum Baby Soap 2 Pack,Maliban Wafers Lemon Cream 90g,0.01107011070110701,0.9790794979079497,51.73945606694561,0.010856151924911461,46.89546787775546
480,2636,"3057, 3200",Maliban Wafers Lemon Cream 90g,Signal Toothpaste 70g | Pears Kokum Baby Soap 2 Pack,0.01107011070110701,0.585,51.7394560669456,0.010856151924911461,2.382393610775774
481,"1977, 3150",2773,Edinborough Chilli Sauce230g | GreenLand Sweet Corn 425g,Wijaya Noodles 400g,0.011306651528053742,0.9835390946502058,51.716540753025,0.011088024153457107,59.594663638944354
482,2773,"1977, 3150",Wijaya Noodles 400g,Edinborough Chilli Sauce230g | GreenLand Sweet Corn 425g,0.011306651528053742,0.5945273631840796,51.716540753025,0.011088024153457107,2.4379058561704072
483,"2535, 2773",2261,CBL Potato Cracker 110g | Wijaya Noodles 400g,Sunquick  Orange Fruit Drink 200ml,0.011306651528053742,0.9876033057851239,51.673165043777104,0.011087840632331081,79.12492509540436
484,2261,"2535, 2773",Sunquick  Orange Fruit Drink 200ml,CBL Potato Cracker 110g | Wijaya Noodles 400g,0.011306651528053742,0.5915841584158416,51.673165043777104,0.011087840632331081,2.4204531835528145
485,2928,"1516, 1822",Revello Dark Chocolate 100g,E/H Ice Cream (Chocolate) 80ml | CBL Sun Cracker 95g,0.010313180054877472,0.5396039603960396,51.611531741409436,0.01011335688151091,2.1493340739859015
486,"1516, 1822",2928,E/H Ice Cream (Chocolate) 80ml | CBL Sun Cracker 95g,Revello Dark Chocolate 100g,0.010313180054877472,0.9864253393665158,51.61153174140943,0.01011335688151091,72.25871258712554
487,"1967, 2837",2746,Edinborough Mustard Cream165g | Kumarika Shampoo 40ml,Misumi Romansu Soap 90g,0.010880878039549626,0.9871244635193133,51.520584962645046,0.010669683270557022,76.17858832434455
488,2746,"1967, 2837",Misumi Romansu Soap 90g,Edinborough Mustard Cream165g | Kumarika Shampoo 40ml,0.010880878039549626,0.5679012345679012,51.520584962645046,0.010669683270557022,2.2887757998459106
489,"1854, 2961",2877,CBL Nice Biscuits  100g | CocaCola Zero 1050ml,CBL Wafer Stix 55g strawberry,0.010455104551045511,0.9404255319148936,51.49926138242752,0.010252089900536117,16.479191165538037
490,"1854, 2961",2036,CBL Nice Biscuits  100g | CocaCola Zero 1050ml,Prima Instant Noodles 345g,0.010455104551045511,0.9404255319148936,51.49926138242752,0.010252089900536117,16.479191165538037
491,2877,"1854, 2961",CBL Wafer Stix 55g strawberry,CBL Nice Biscuits  100g | CocaCola Zero 1050ml,0.010455104551045511,0.572538860103627,51.49926138242752,0.010252089900536117,2.313385917075954
492,2036,"1854, 2961",Prima Instant Noodles 345g,CBL Nice Biscuits  100g | CocaCola Zero 1050ml,0.010455104551045511,0.572538860103627,51.49926138242752,0.010252089900536117,2.313385917075954
493,2862,"2194, 2510",Diamond Tuna,Freelan Chilli  Powder 100g | Kakulu-Samba Rice 1kg,0.013151669978238243,0.6797066014669927,51.49691090254226,0.012896282426873702,3.0809283812156973
494,"2194, 2510",2862,Freelan Chilli  Powder 100g | Kakulu-Samba Rice 1kg,Diamond Tuna,0.013151669978238243,0.9964157706093189,51.496910902542254,0.012896282426873702,273.6016179392453
495,"2059, 2190",1121,Renuka Coconut Milk Powder 300g | Freelan Meat Curry Powder 250g,Axe oil 5ml,0.010360488220266818,0.9690265486725663,51.46553564281585,0.010159178973391952,31.67781787707982
496,1121,"2059, 2190",Axe oil 5ml,Renuka Coconut Milk Powder 300g | Freelan Meat Curry Powder 250g,0.010360488220266818,0.550251256281407,51.46553564281585,0.010159178973391952,2.199691201896978
497,"1977, 3150",2261,Edinborough Chilli Sauce230g | GreenLand Sweet Corn 425g,Sunquick  Orange Fruit Drink 200ml,0.011306651528053742,0.9835390946502058,51.46051827404963,0.01108693645507603,59.58891569684955
498,2261,"1977, 3150",Sunquick  Orange Fruit Drink 200ml,Edinborough Chilli Sauce230g | GreenLand Sweet Corn 425g,0.011306651528053742,0.5915841584158416,51.460518274049626,0.01108693645507603,2.420337350226649
499,2736,"2016, 2330",Maldive Fish Bottle 100g,"Fortune Coconut Oil 675ml | Kome Rice Cracker 90G (B,B,Q)",0.012205506670451319,0.6323529411764706,51.410294117647055,0.011968092999124711,2.686543665436654
500,"2016, 2330",2736,"Fortune Coconut Oil 675ml | Kome Rice Cracker 90G (B,B,Q)",Maldive Fish Bottle 100g,0.012205506670451319,0.9923076923076922,51.41029411764705,0.011968092999124711,127.49077490774769
501,3190,"2008, 2047",Fortune Cooking Oil RBD Palm Olein 2L,Marina Coconut Oil 350ml | Edinborough Chilli Sauce 405g,0.010360488220266818,0.5544303797468355,51.401532311792145,0.010158928310390551,2.2201103785513383
502,"2008, 2047",3190,Marina Coconut Oil 350ml | Edinborough Chilli Sauce 405g,Fortune Cooking Oil RBD Palm Olein 2L,0.010360488220266818,0.9605263157894737,51.40153231179214,0.010158928310390551,24.8599362916706
503,"2045, 3190",2047,Edinborough Tomato Sauce 405g | Fortune Cooking Oil RBD Palm Olein 2L,Edinborough Chilli Sauce 405g,0.010360488220266818,0.9358974358974359,51.384415584415585,0.010158861168515176,15.315867158671589
504,2047,"2045, 3190",Edinborough Chilli Sauce 405g,Edinborough Tomato Sauce 405g | Fortune Cooking Oil RBD Palm Olein 2L,0.010360488220266818,0.5688311688311688,51.384415584415585,0.010158861168515176,2.29360245409683
505,"1670, 1904",2782,Delmege Colouring (egg yellow)28ml | Rin Lemon-Rose 200g,Cinthol Lime Soap 100g,0.010928186204938973,0.9914163090128756,51.36411259782883,0.010715427030250128,114.25134828271425
506,2782,"1670, 1904",Cinthol Lime Soap 100g,Delmege Colouring (egg yellow)28ml | Rin Lemon-Rose 200g,0.010928186204938973,0.5661764705882353,51.36411259782883,0.010715427030250128,2.2796762517820746
507,"2276, 2371",2645,T.R.M. Kekulu Rice 1kg | Cooking Oil 750ml (loose),Plaza Canned Fish 425g,0.012252814835840667,0.9961538461538462,51.35780487804878,0.012014237372007555,254.9569495694966
508,"2205, 2371",2645,Goraka Paste 250g | Cooking Oil 750ml (loose),Plaza Canned Fish 425g,0.012252814835840667,0.9961538461538462,51.35780487804878,0.012014237372007555,254.9569495694966
509,2645,"2276, 2371",Plaza Canned Fish 425g,T.R.M. Kekulu Rice 1kg | Cooking Oil 750ml (loose),0.012252814835840667,0.6317073170731707,51.35780487804878,0.012014237372007555,2.6818341031092428
510,2645,"2205, 2371",Plaza Canned Fish 425g,Goraka Paste 250g | Cooking Oil 750ml (loose),0.012252814835840667,0.6317073170731707,51.35780487804878,0.012014237372007555,2.6818341031092428
511,1689,"3057, 3200",Gold Hair Cream 100ml,Signal Toothpaste 70g | Pears Kokum Baby Soap 2 Pack,0.01107011070110701,0.5806451612903226,51.354298825752466,0.010854547234089995,2.3576533694331028
512,"3057, 3200",1689,Signal Toothpaste 70g | Pears Kokum Baby Soap 2 Pack,Gold Hair Cream 100ml,0.01107011070110701,0.9790794979079497,51.35429882575246,0.010854547234089995,46.88868388683862
513,"3057, 3208",2636,Signal Toothpaste 70g | Sunsilk Damage Restore Shampoo 80ml,Maliban Wafers Lemon Cream 90g,0.01107011070110701,0.970954356846473,51.31008298755187,0.010854361474901458,33.777070408066706
514,2636,"3057, 3208",Maliban Wafers Lemon Cream 90g,Signal Toothpaste 70g | Sunsilk Damage Restore Shampoo 80ml,0.01107011070110701,0.585,51.310082987551866,0.010854361474901458,2.382165619617271
515,"1566, 2273",2944,Watawala Tea 400g | Highland Dairy Ice Cream (butter scotch)1L,Daily Banana Flavoured milk 180ml,0.011212035197275049,1.0,51.30582524271845,0.010993501821303939,inf
516,2944,"1566, 2273",Daily Banana Flavoured milk 180ml,Watawala Tea 400g | Highland Dairy Ice Cream (butter scotch)1L,0.011212035197275049,0.5752427184466019,51.30582524271845,0.010993501821303939,2.3278893799927007
517,"1967, 2499",2746,Edinborough Mustard Cream165g | Imorich Wonder Cone (Cooki Cream) 120ml,Misumi Romansu Soap 90g,0.010880878039549626,0.982905982905983,51.300411522633745,0.010668776855239457,57.37915129151312
518,2746,"1967, 2499",Misumi Romansu Soap 90g,Edinborough Mustard Cream165g | Imorich Wonder Cone (Cooki Cream) 120ml,0.010880878039549626,0.5679012345679012,51.300411522633745,0.010668776855239457,2.2886663152345808
519,"1854, 2036",2877,CBL Nice Biscuits  100g | Prima Instant Noodles 345g,CBL Wafer Stix 55g strawberry,0.010455104551045511,0.9364406779661018,51.28104417317995,0.010251226008406288,15.446027691046154
520,2877,"1854, 2036",CBL Wafer Stix 55g strawberry,CBL Nice Biscuits  100g | Prima Instant Noodles 345g,0.010455104551045511,0.572538860103627,51.28104417317994,0.010251226008406288,2.3132752446405584
521,"1854, 2961",3180,CBL Nice Biscuits  100g | CocaCola Zero 1050ml,Edinborouah Dark Soya Sauce 600ml,0.010455104551045511,0.9404255319148936,51.233801272208815,0.010251038011155239,16.477602962842823
522,3180,"1854, 2961",Edinborouah Dark Soya Sauce 600ml,CBL Nice Biscuits  100g | CocaCola Zero 1050ml,0.010455104551045511,0.5695876288659794,51.233801272208815,0.010251038011155239,2.2975236016754454
523,2104,"1626, 1657",Kandos Milk Choco 10g,Ritzbury Milk Chocolate 45g | Motha Icing Sugar 1kg,0.011353959693443088,0.5911330049261084,51.21053056609869,0.01113224826870422,2.41755098737271
524,"1626, 1657",2104,Ritzbury Milk Chocolate 45g | Motha Icing Sugar 1kg,Kandos Milk Choco 10g,0.011353959693443088,0.9836065573770492,51.21053056609868,0.01113224826870422,59.82836597596738
525,"1689, 3057",3208,Gold Hair Cream 100ml | Signal Toothpaste 70g,Sunsilk Damage Restore Shampoo 80ml,0.01107011070110701,0.9590163934426229,51.19113263785395,0.010853860148898655,23.942889582741955
526,3208,"1689, 3057",Sunsilk Damage Restore Shampoo 80ml,Gold Hair Cream 100ml | Signal Toothpaste 70g,0.01107011070110701,0.5909090909090908,51.19113263785395,0.010853860148898655,2.4162277520211095
527,"1977, 2535",3150,Edinborough Chilli Sauce230g | CBL Potato Cracker 110g,GreenLand Sweet Corn 425g,0.011306651528053742,1.0,51.181598062953995,0.011085739091631838,inf
528,"1977, 2773",3150,Edinborough Chilli Sauce230g | Wijaya Noodles 400g,GreenLand Sweet Corn 425g,0.011306651528053742,1.0,51.181598062953995,0.011085739091631838,inf
529,3150,"1977, 2535",GreenLand Sweet Corn 425g,Edinborough Chilli Sauce230g | CBL Potato Cracker 110g,0.011306651528053742,0.5786924939467313,51.181598062953995,0.011085739091631838,2.3467261662006544
530,3150,"1977, 2773",GreenLand Sweet Corn 425g,Edinborough Chilli Sauce230g | Wijaya Noodles 400g,0.011306651528053742,0.5786924939467313,51.181598062953995,0.011085739091631838,2.3467261662006544
531,"2371, 3189",2645,Cooking Oil 750ml (loose) | Fortune RBD Coconut Oil 200ml,Plaza Canned Fish 425g,0.012252814835840667,0.9923371647509579,51.16103167928231,0.012013319766377428,127.9687766108438
532,2645,"2371, 3189",Plaza Canned Fish 425g,Cooking Oil 750ml (loose) | Fortune RBD Coconut Oil 200ml,0.012252814835840667,0.6317073170731707,51.16103167928231,0.012013319766377428,2.681705650474742
533,"1121, 2046",1789,Axe oil 5ml | Edinborough Tomato Sauce 375g,Asiri Ddevilled Dhal 100g,0.010360488220266818,0.9776785714285714,51.15388525459689,0.010157952515135099,43.943760052985084
534,"2046, 2190",1789,Edinborough Tomato Sauce 375g | Freelan Meat Curry Powder 250g,Asiri Ddevilled Dhal 100g,0.010360488220266818,0.9776785714285714,51.15388525459689,0.010157952515135099,43.943760052985084
535,1789,"1121, 2046",Asiri Ddevilled Dhal 100g,Axe oil 5ml | Edinborough Tomato Sauce 375g,0.010360488220266818,0.5420792079207921,51.15388525459689,0.010157952515135099,2.160642163594193
536,1789,"2046, 2190",Asiri Ddevilled Dhal 100g,Edinborough Tomato Sauce 375g | Freelan Meat Curry Powder 250g,0.010360488220266818,0.5420792079207921,51.15388525459689,0.010157952515135099,2.160642163594193
537,"1822, 2019",2928,CBL Sun Cracker 95g | Harischandra Noodles 400g,Revello Dark Chocolate 100g,0.010313180054877472,0.9775784753363229,51.14864804866137,0.010111548527000806,43.747582552748696
538,2928,"1822, 2019",Revello Dark Chocolate 100g,CBL Sun Cracker 95g | Harischandra Noodles 400g,0.010313180054877472,0.5396039603960396,51.14864804866137,0.010111548527000806,2.1491285632459305
539,"1670, 3164",2782,Delmege Colouring (egg yellow)28ml | Sunlight 2in1 (sakura Fresh) 50g,Cinthol Lime Soap 100g,0.010975494370328319,0.9872340425531915,51.14743429286608,0.010760908936629269,76.82136436748972
540,2782,"1670, 3164",Cinthol Lime Soap 100g,Delmege Colouring (egg yellow)28ml | Sunlight 2in1 (sakura Fresh) 50g,0.010975494370328319,0.5686274509803921,51.14743429286608,0.010760908936629269,2.2924096199003947
541,"1904, 3164",2782,Rin Lemon-Rose 200g | Sunlight 2in1 (sakura Fresh) 50g,Cinthol Lime Soap 100g,0.010928186204938973,0.9871794871794873,51.14460784313726,0.010714513900745026,76.49446494465037
542,"1670, 1878",2782,Delmege Colouring (egg yellow)28ml | Dettol Hand Wash (sensitive) 200ml,Cinthol Lime Soap 100g,0.010928186204938973,0.9871794871794873,51.14460784313726,0.010714513900745026,76.49446494465037
543,2782,"1904, 3164",Cinthol Lime Soap 100g,Rin Lemon-Rose 200g | Sunlight 2in1 (sakura Fresh) 50g,0.010928186204938973,0.5661764705882353,51.14460784313726,0.010714513900745026,2.2795672024516858
544,2782,"1670, 1878",Cinthol Lime Soap 100g,Delmege Colouring (egg yellow)28ml | Dettol Hand Wash (sensitive) 200ml,0.010928186204938973,0.5661764705882353,51.14460784313726,0.010714513900745026,2.2795672024516858
545,"2059, 3144",2862,Renuka Coconut Milk Powder 300g | GoodKnight Mosquito Coil 10Hours,Diamond Tuna,0.013151669978238243,0.9893238434163701,51.130384846296415,0.012894451691738472,91.85430661998957
546,2862,"2059, 3144",Diamond Tuna,Renuka Coconut Milk Powder 300g | GoodKnight Mosquito Coil 10Hours,0.013151669978238243,0.6797066014669927,51.130384846296415,0.012894451691738472,3.080632976030289
547,"1121, 2059",2190,Axe oil 5ml | Renuka Coconut Milk Powder 300g,Freelan Meat Curry Powder 250g,0.010360488220266818,0.9647577092511014,51.11039713822,0.010157780184321636,27.83939469202389
548,2190,"1121, 2059",Freelan Meat Curry Powder 250g,Axe oil 5ml | Renuka Coconut Milk Powder 300g,0.010360488220266818,0.5488721804511278,51.11039713822,0.010157780184321636,2.1928619863121708
549,"2273, 2432",2944,Highland Dairy Ice Cream (butter scotch)1L | Little Lion Milky Cookies 200g,Daily Banana Flavoured milk 180ml,0.011212035197275049,0.995798319327731,51.090254548421306,0.010992579739548787,233.36115053457692
550,2944,"2273, 2432",Daily Banana Flavoured milk 180ml,Highland Dairy Ice Cream (butter scotch)1L | Little Lion Milky Cookies 200g,0.011212035197275049,0.5752427184466019,51.090254548421306,0.010992579739548787,2.3277780030547555
551,"1854, 2036",3180,CBL Nice Biscuits  100g | Prima Instant Noodles 345g,Edinborouah Dark Soya Sauce 600ml,0.010455104551045511,0.9364406779661018,51.016708893936745,0.010250169642900386,15.444539060775238
552,3180,"1854, 2036",Edinborouah Dark Soya Sauce 600ml,CBL Nice Biscuits  100g | Prima Instant Noodles 345g,0.010455104551045511,0.5695876288659794,51.016708893936745,0.010250169642900386,2.2974136880935827
553,"1789, 2046",1121,Asiri Ddevilled Dhal 100g | Edinborough Tomato Sauce 375g,Axe oil 5ml,0.010360488220266818,0.9605263157894737,51.014083575773604,0.010157397475631998,24.85634087110101
554,1121,"1789, 2046",Axe oil 5ml,Asiri Ddevilled Dhal 100g | Edinborough Tomato Sauce 375g,0.010360488220266818,0.550251256281407,51.014083575773604,0.010157397475631998,2.19948082592128
555,2104,"1657, 1852",Kandos Milk Choco 10g,Motha Icing Sugar 1kg | CBL Ginger Biscuits 85g,0.011353959693443088,0.5911330049261084,51.00150799235951,0.011131339615324143,2.41743528185977
556,"1657, 1852",2104,Motha Icing Sugar 1kg | CBL Ginger Biscuits 85g,Kandos Milk Choco 10g,0.011353959693443088,0.9795918367346937,51.0015079923595,0.011131339615324143,48.05885135774403
557,"2636, 3057",3208,Maliban Wafers Lemon Cream 90g | Signal Toothpaste 70g,Sunsilk Damage Restore Shampoo 80ml,0.01107011070110701,0.9551020408163264,50.982189239332094,0.010852973876143705,21.855469253993192
558,3208,"2636, 3057",Sunsilk Damage Restore Shampoo 80ml,Maliban Wafers Lemon Cream 90g | Signal Toothpaste 70g,0.01107011070110701,0.5909090909090908,50.98218923933209,0.010852973876143705,2.416112109839047
559,"2261, 2535",3150,Sunquick  Orange Fruit Drink 200ml | CBL Potato Cracker 110g,GreenLand Sweet Corn 425g,0.011306651528053742,0.9958333333333333,50.968341404358355,0.011084814771814173,235.31081464660883
560,"2261, 2773",3150,Sunquick  Orange Fruit Drink 200ml | Wijaya Noodles 400g,GreenLand Sweet Corn 425g,0.011306651528053742,0.9958333333333333,50.968341404358355,0.011084814771814173,235.31081464660883
561,3150,"2261, 2535",GreenLand Sweet Corn 425g,Sunquick  Orange Fruit Drink 200ml | CBL Potato Cracker 110g,0.011306651528053742,0.5786924939467313,50.968341404358355,0.011084814771814173,2.3466138772793568
562,3150,"2261, 2773",GreenLand Sweet Corn 425g,Sunquick  Orange Fruit Drink 200ml | Wijaya Noodles 400g,0.011306651528053742,0.5786924939467313,50.968341404358355,0.011084814771814173,2.3466138772793568
563,"2205, 2276",2645,Goraka Paste 250g | T.R.M. Kekulu Rice 1kg,Plaza Canned Fish 425g,0.012252814835840667,0.9885496183206107,50.96576056600261,0.012012402160747301,85.63938562462575
564,2645,"2205, 2276",Plaza Canned Fish 425g,Goraka Paste 250g | T.R.M. Kekulu Rice 1kg,0.012252814835840667,0.6317073170731707,50.96576056600261,0.012012402160747301,2.6815771978402414
565,1689,"3057, 3208",Gold Hair Cream 100ml,Signal Toothpaste 70g | Sunsilk Damage Restore Shampoo 80ml,0.01107011070110701,0.5806451612903226,50.92812207201179,0.010852743355704917,2.3574277458750923
566,"3057, 3208",1689,Signal Toothpaste 70g | Sunsilk Damage Restore Shampoo 80ml,Gold Hair Cream 100ml,0.01107011070110701,0.970954356846473,50.92812207201178,0.010852743355704917,33.772184150412926
567,"1878, 3164",2782,Dettol Hand Wash (sensitive) 200ml | Sunlight 2in1 (sakura Fresh) 50g,Cinthol Lime Soap 100g,0.010928186204938973,0.9829787234042553,50.92697121401752,0.010713600771239923,57.61602327561729
568,2782,"1878, 3164",Cinthol Lime Soap 100g,Dettol Hand Wash (sensitive) 200ml | Sunlight 2in1 (sakura Fresh) 50g,0.010928186204938973,0.5661764705882353,50.92697121401752,0.010713600771239923,2.2794581531212965
569,2636,"1689, 3057",Maliban Wafers Lemon Cream 90g,Gold Hair Cream 100ml | Signal Toothpaste 70g,0.011117418866496358,0.5875000000000001,50.895799180327884,0.010898983965275798,2.3962589276242423
570,"1689, 3057",2636,Gold Hair Cream 100ml | Signal Toothpaste 70g,Maliban Wafers Lemon Cream 90g,0.011117418866496358,0.9631147540983608,50.89579918032788,0.010898983965275798,26.598080339777848
571,2190,"1789, 2046",Freelan Meat Curry Powder 250g,Asiri Ddevilled Dhal 100g | Edinborough Tomato Sauce 375g,0.010360488220266818,0.5488721804511278,50.886228729719036,0.010156887197379146,2.192757119878891
572,"1789, 2046",2190,Asiri Ddevilled Dhal 100g | Edinborough Tomato Sauce 375g,Freelan Meat Curry Powder 250g,0.010360488220266818,0.9605263157894737,50.88622872971903,0.010156887197379146,24.855142397577815
573,"1566, 2432",2944,Watawala Tea 400g | Little Lion Milky Cookies 200g,Daily Banana Flavoured milk 180ml,0.011212035197275049,0.9916317991631799,50.876487792988584,0.010991657657793634,117.17082978522062
574,2944,"1566, 2432",Daily Banana Flavoured milk 180ml,Watawala Tea 400g | Little Lion Milky Cookies 200g,0.011212035197275049,0.5752427184466019,50.876487792988584,0.010991657657793634,2.32766662611681
575,"1854, 2877",2036,CBL Nice Biscuits  100g | CBL Wafer Stix 55g strawberry,Prima Instant Noodles 345g,0.010455104551045511,0.9285714285714286,50.85011102886751,0.010249498224146635,13.74434667423598
576,2036,"1854, 2877",Prima Instant Noodles 345g,CBL Nice Biscuits  100g | CBL Wafer Stix 55g strawberry,0.010455104551045511,0.572538860103627,50.8501110288675,0.010249498224146635,2.313053899769767
577,"1977, 2261",3150,Edinborough Chilli Sauce230g | Sunquick  Orange Fruit Drink 200ml,GreenLand Sweet Corn 425g,0.011306651528053742,0.9917012448132781,50.756854510564345,0.011083890451996509,118.14563818715311
578,3150,"1977, 2261",GreenLand Sweet Corn 425g,Edinborough Chilli Sauce230g | Sunquick  Orange Fruit Drink 200ml,0.011306651528053742,0.5786924939467313,50.756854510564345,0.011083890451996509,2.3465015883580587
579,"2008, 2045",2047,Marina Coconut Oil 350ml | Edinborough Tomato Sauce 405g,Edinborough Chilli Sauce 405g,0.010360488220266818,0.9240506329113924,50.73397994410653,0.010156276206313233,12.926853691613845
580,2047,"2008, 2045",Edinborough Chilli Sauce 405g,Marina Coconut Oil 350ml | Edinborough Tomato Sauce 405g,0.010360488220266818,0.5688311688311688,50.73397994410652,0.010156276206313233,2.293273291861741
581,"2059, 2190",1789,Renuka Coconut Milk Powder 300g | Freelan Meat Curry Powder 250g,Asiri Ddevilled Dhal 100g,0.010360488220266818,0.9690265486725663,50.70119600455621,0.010156144160624995,31.66865360961297
582,1789,"2059, 2190",Asiri Ddevilled Dhal 100g,Renuka Coconut Milk Powder 300g | Freelan Meat Curry Powder 250g,0.010360488220266818,0.5420792079207921,50.70119600455621,0.010156144160624995,2.1604355419853576
583,"1516, 2019",2928,E/H Ice Cream (Chocolate) 80ml | Harischandra Noodles 400g,Revello Dark Chocolate 100g,0.010313180054877472,0.9688888888888889,50.69399339933994,0.010109740172490701,31.5285268237298
584,2928,"1516, 2019",Revello Dark Chocolate 100g,E/H Ice Cream (Chocolate) 80ml | Harischandra Noodles 400g,0.010313180054877472,0.5396039603960396,50.69399339933994,0.010109740172490701,2.1489230525059595
585,"1799, 2432",2944,Asiri Sugar Candy 100g60 | Little Lion Milky Cookies 200g,Daily Banana Flavoured milk 180ml,0.011212035197275049,0.9874999999999999,50.664502427184466,0.010990735576038482,78.44072286876673
586,2944,"1799, 2432",Daily Banana Flavoured milk 180ml,Asiri Sugar Candy 100g60 | Little Lion Milky Cookies 200g,0.011212035197275049,0.5752427184466019,50.664502427184466,0.010990735576038482,2.3275552491788654
587,"2273, 2432",1566,Highland Dairy Ice Cream (butter scotch)1L | Little Lion Milky Cookies 200g,Watawala Tea 400g,0.011212035197275049,0.995798319327731,50.59900210084033,0.010990449104036881,233.31611316112628
588,1566,"2273, 2432",Watawala Tea 400g,Highland Dairy Ice Cream (butter scotch)1L | Little Lion Milky Cookies 200g,0.011212035197275049,0.5697115384615384,50.59900210084033,0.010990449104036881,2.2978553807884445
589,"1410, 1626",2104,Prima Tea Bun 75g | Ritzbury Milk Chocolate 45g,Kandos Milk Choco 10g,0.011401267858832434,0.971774193548387,50.59448990942317,0.011175921820573257,34.74809077761097
590,"1626, 1852",2104,Ritzbury Milk Chocolate 45g | CBL Ginger Biscuits 85g,Kandos Milk Choco 10g,0.011401267858832434,0.971774193548387,50.59448990942317,0.011175921820573257,34.74809077761097
591,2104,"1410, 1626",Kandos Milk Choco 10g,Prima Tea Bun 75g | Ritzbury Milk Chocolate 45g,0.011401267858832434,0.5935960591133005,50.59448990942317,0.011175921820573257,2.431737184504712
592,2104,"1626, 1852",Kandos Milk Choco 10g,Ritzbury Milk Chocolate 45g | CBL Ginger Biscuits 85g,0.011401267858832434,0.5935960591133005,50.59448990942317,0.011175921820573257,2.431737184504712
593,"2059, 2194",2862,Renuka Coconut Milk Powder 300g | Freelan Chilli  Powder 100g,Diamond Tuna,0.013151669978238243,0.9788732394366196,50.59027514721581,0.012891705589035627,46.41747879017233
594,"2059, 2510",2862,Renuka Coconut Milk Powder 300g | Kakulu-Samba Rice 1kg,Diamond Tuna,0.013151669978238243,0.9788732394366196,50.59027514721581,0.012891705589035627,46.41747879017233
595,2862,"2059, 2194",Diamond Tuna,Renuka Coconut Milk Powder 300g | Freelan Chilli  Powder 100g,0.013151669978238243,0.6797066014669927,50.59027514721581,0.012891705589035627,3.0801898682521767
596,2862,"2059, 2510",Diamond Tuna,Renuka Coconut Milk Powder 300g | Kakulu-Samba Rice 1kg,0.013151669978238243,0.6797066014669927,50.59027514721581,0.012891705589035627,3.0801898682521767
597,"1854, 2877",3180,CBL Nice Biscuits  100g | CBL Wafer Stix 55g strawberry,Edinborouah Dark Soya Sauce 600ml,0.010455104551045511,0.9285714285714286,50.5879970544919,0.010248432906390681,13.743022045605077
598,3180,"1854, 2877",Edinborouah Dark Soya Sauce 600ml,CBL Nice Biscuits  100g | CBL Wafer Stix 55g strawberry,0.010455104551045511,0.5695876288659794,50.58799705449189,0.010248432906390681,2.2971938609298572
599,"2205, 3189",2645,Goraka Paste 250g | Fortune RBD Coconut Oil 200ml,Plaza Canned Fish 425g,0.012300123001230012,0.981132075471698,50.58334100322135,0.012056957509246265,51.97199356608921
600,2645,"2205, 3189",Plaza Canned Fish 425g,Goraka Paste 250g | Fortune RBD Coconut Oil 200ml,0.012300123001230012,0.6341463414634146,50.58334100322135,0.012056957509246265,2.6990664522029837
601,"2046, 2059",1121,Edinborough Tomato Sauce 375g | Renuka Coconut Milk Powder 300g,Axe oil 5ml,0.010360488220266818,0.9521739130434783,50.570482849027755,0.010155615977872044,20.515400958205408
602,1121,"2046, 2059",Axe oil 5ml,Edinborough Tomato Sauce 375g | Renuka Coconut Milk Powder 300g,0.010360488220266818,0.550251256281407,50.57048284902775,0.010155615977872044,2.1992704499455824
603,3150,"2535, 2773",GreenLand Sweet Corn 425g,CBL Potato Cracker 110g | Wijaya Noodles 400g,0.011306651528053742,0.5786924939467313,50.547115442338864,0.011082966132178844,2.346389299436761
604,"2535, 2773",3150,CBL Potato Cracker 110g | Wijaya Noodles 400g,GreenLand Sweet Corn 425g,0.011306651528053742,0.9876033057851239,50.54711544233886,0.011082966132178844,79.09057936733169
605,1977,"2261, 2535",Edinborough Chilli Sauce230g,Sunquick  Orange Fruit Drink 200ml | CBL Potato Cracker 110g,0.011306651528053742,0.5731414868105517,50.47943645083934,0.01108266623180217,2.3160977461114287
606,1977,"2773, 3150",Edinborough Chilli Sauce230g,Wijaya Noodles 400g | GreenLand Sweet Corn 425g,0.011306651528053742,0.5731414868105517,50.47943645083934,0.01108266623180217,2.3160977461114287
607,1977,"2261, 2773",Edinborough Chilli Sauce230g,Sunquick  Orange Fruit Drink 200ml | Wijaya Noodles 400g,0.011306651528053742,0.5731414868105517,50.47943645083934,0.01108266623180217,2.3160977461114287
608,"2261, 2535",1977,Sunquick  Orange Fruit Drink 200ml | CBL Potato Cracker 110g,Edinborough Chilli Sauce230g,0.011306651528053742,0.9958333333333333,50.47943645083933,0.01108266623180217,235.26539880783508
609,"2773, 3150",1977,Wijaya Noodles 400g | GreenLand Sweet Corn 425g,Edinborough Chilli Sauce230g,0.011306651528053742,0.9958333333333333,50.47943645083933,0.01108266623180217,235.26539880783508
610,"2261, 2773",1977,Sunquick  Orange Fruit Drink 200ml | Wijaya Noodles 400g,Edinborough Chilli Sauce230g,0.011306651528053742,0.9958333333333333,50.47943645083933,0.01108266623180217,235.26539880783508
611,"1477, 1998",1807,Milkmaid 510g | Crunchy Peanut Butter325g,Maliban Smart Cream Cracker 190g,0.011259343362664397,0.99581589958159,50.478552722675424,0.011036291338480537,234.2851263128041
612,1807,"1477, 1998",Maliban Smart Cream Cracker 190g,Milkmaid 510g | Crunchy Peanut Butter325g,0.011259343362664397,0.5707434052757795,50.478552722675424,0.011036291338480537,2.303268862082691
613,1789,"1121, 2059",Asiri Ddevilled Dhal 100g,Axe oil 5ml | Renuka Coconut Milk Powder 300g,0.010360488220266818,0.5420792079207921,50.477842718192534,0.010155239983369943,2.1603322311809396
614,"1121, 2059",1789,Axe oil 5ml | Renuka Coconut Milk Powder 300g,Asiri Ddevilled Dhal 100g,0.010360488220266818,0.9647577092511014,50.47784271819253,0.010155239983369943,27.832682846059278
615,"1799, 2273",2944,Asiri Sugar Candy 100g60 | Highland Dairy Ice Cream (butter scotch)1L,Daily Banana Flavoured milk 180ml,0.011212035197275049,0.9834024896265561,50.45427627603433,0.01098981349428333,59.07566941054047
616,"1566, 1799",2944,Watawala Tea 400g | Asiri Sugar Candy 100g60,Daily Banana Flavoured milk 180ml,0.011212035197275049,0.9834024896265561,50.45427627603433,0.01098981349428333,59.07566941054047
617,2944,"1799, 2273",Daily Banana Flavoured milk 180ml,Asiri Sugar Candy 100g60 | Highland Dairy Ice Cream (butter scotch)1L,0.011212035197275049,0.5752427184466019,50.45427627603432,0.01098981349428333,2.32744387224092
618,2944,"1566, 1799",Daily Banana Flavoured milk 180ml,Watawala Tea 400g | Asiri Sugar Candy 100g60,0.011212035197275049,0.5752427184466019,50.45427627603432,0.01098981349428333,2.32744387224092
619,"2046, 2059",2190,Edinborough Tomato Sauce 375g | Renuka Coconut Milk Powder 300g,Freelan Meat Curry Powder 250g,0.010360488220266818,0.9521739130434783,50.44373978424322,0.010155101223494167,20.51441178747454
620,2190,"2046, 2059",Freelan Meat Curry Powder 250g,Edinborough Tomato Sauce 375g | Renuka Coconut Milk Powder 300g,0.010360488220266818,0.5488721804511278,50.44373978424322,0.010155101223494167,2.1925473870123318
621,"2016, 3144",2736,Fortune Coconut Oil 675ml | GoodKnight Mosquito Coil 10Hours,Maldive Fish Bottle 100g,0.012205506670451319,0.9735849056603773,50.440288568257486,0.0119635273515992,37.12643445115755
622,"2016, 2713",2736,Fortune Coconut Oil 675ml | Sera Turmeric Powder 25g,Maldive Fish Bottle 100g,0.012205506670451319,0.9735849056603773,50.440288568257486,0.0119635273515992,37.12643445115755
623,"2330, 2713",2736,"Kome Rice Cracker 90G (B,B,Q) | Sera Turmeric Powder 25g",Maldive Fish Bottle 100g,0.012205506670451319,0.9735849056603773,50.440288568257486,0.0119635273515992,37.12643445115755
624,2736,"2016, 3144",Maldive Fish Bottle 100g,Fortune Coconut Oil 675ml | GoodKnight Mosquito Coil 10Hours,0.012205506670451319,0.6323529411764706,50.440288568257486,0.0119635273515992,2.6859002743873592
625,2736,"2016, 2713",Maldive Fish Bottle 100g,Fortune Coconut Oil 675ml | Sera Turmeric Powder 25g,0.012205506670451319,0.6323529411764706,50.440288568257486,0.0119635273515992,2.6859002743873592
626,2736,"2330, 2713",Maldive Fish Bottle 100g,"Kome Rice Cracker 90G (B,B,Q) | Sera Turmeric Powder 25g",0.012205506670451319,0.6323529411764706,50.440288568257486,0.0119635273515992,2.6859002743873592
627,"2273, 2944",1566,Highland Dairy Ice Cream (butter scotch)1L | Daily Banana Flavoured milk 180ml,Watawala Tea 400g,0.011212035197275049,0.9916317991631799,50.38729079497908,0.010989518070031679,117.14821648216453
628,1566,"2273, 2944",Watawala Tea 400g,Highland Dairy Ice Cream (butter scotch)1L | Daily Banana Flavoured milk 180ml,0.011212035197275049,0.5697115384615384,50.38729079497907,0.010989518070031679,2.297745435554914
629,"2636, 3057",1689,Maliban Wafers Lemon Cream 90g | Signal Toothpaste 70g,Gold Hair Cream 100ml,0.011117418866496358,0.9591836734693877,50.31073074391047,0.010896443764324104,24.032902829028263
630,1689,"2636, 3057",Gold Hair Cream 100ml,Maliban Wafers Lemon Cream 90g | Signal Toothpaste 70g,0.011117418866496358,0.5831265508684864,50.31073074391047,0.010896443764324104,2.371006120775494
631,3244,"1479, 1575",Nestle Milkmaid 510g,White Sugar 1kg | Dilmah Strong Tea 100g,0.012489355662787397,0.6567164179104478,50.295911745619726,0.012241038150899861,2.875007713287835
632,"1479, 1575",3244,White Sugar 1kg | Dilmah Strong Tea 100g,Nestle Milkmaid 510g,0.012489355662787397,0.9565217391304347,50.29591174561972,0.012241038150899861,22.562588702810064
633,"1479, 1870",3244,White Sugar 1kg | Little Lion Choco Cookies 180g,Nestle Milkmaid 510g,0.012442047497398051,0.9563636363636364,50.28759837177748,0.012194629686640542,22.480840193017343
634,"1479, 2528",3244,White Sugar 1kg | Ambewela Fresh Milk (Chocolate) 1L,Nestle Milkmaid 510g,0.012442047497398051,0.9563636363636364,50.28759837177748,0.012194629686640542,22.480840193017343
635,3244,"1479, 1870",Nestle Milkmaid 510g,White Sugar 1kg | Little Lion Choco Cookies 180g,0.012442047497398051,0.654228855721393,50.28759837177748,0.012194629686640542,2.8544610238576094
636,3244,"1479, 2528",Nestle Milkmaid 510g,White Sugar 1kg | Ambewela Fresh Milk (Chocolate) 1L,0.012442047497398051,0.654228855721393,50.28759837177748,0.012194629686640542,2.8544610238576094
637,"2261, 3150",1977,Sunquick  Orange Fruit Drink 200ml | GreenLand Sweet Corn 425g,Edinborough Chilli Sauce230g,0.011306651528053742,0.9917012448132781,50.269978208304735,0.011081732959734454,118.12283565143544
638,"2535, 3150",1977,CBL Potato Cracker 110g | GreenLand Sweet Corn 425g,Edinborough Chilli Sauce230g,0.011306651528053742,0.9917012448132781,50.269978208304735,0.011081732959734454,118.12283565143544
639,1977,"2261, 3150",Edinborough Chilli Sauce230g,Sunquick  Orange Fruit Drink 200ml | GreenLand Sweet Corn 425g,0.011306651528053742,0.5731414868105517,50.269978208304735,0.011081732959734454,2.315986917431837
640,1977,"2535, 3150",Edinborough Chilli Sauce230g,CBL Potato Cracker 110g | GreenLand Sweet Corn 425g,0.011306651528053742,0.5731414868105517,50.269978208304735,0.011081732959734454,2.315986917431837
641,"2330, 3144",2736,"Kome Rice Cracker 90G (B,B,Q) | GoodKnight Mosquito Coil 10Hours",Maldive Fish Bottle 100g,0.012252814835840667,0.9700374531835206,50.25649922890504,0.012009009257978341,32.73080471189331
642,2736,"2330, 3144",Maldive Fish Bottle 100g,"Kome Rice Cracker 90G (B,B,Q) | GoodKnight Mosquito Coil 10Hours",0.012252814835840667,0.6348039215686274,50.25649922890504,0.012009009257978341,2.703667367081518
643,"1799, 2432",1566,Asiri Sugar Candy 100g60 | Little Lion Milky Cookies 200g,Watawala Tea 400g,0.011212035197275049,0.9874999999999999,50.17734375,0.010988587036026476,78.42558425584214
644,1566,"1799, 2432",Watawala Tea 400g,Asiri Sugar Candy 100g60 | Little Lion Milky Cookies 200g,0.011212035197275049,0.5697115384615384,50.17734375,0.010988587036026476,2.2976354903213836
645,1265,"1148, 3058",Misumi Soap 90g,Sunsilk Shampoo (Black)80ml | Signal Toothpaste 160g,0.011259343362664397,0.5639810426540285,50.090047393364934,0.01103456131615837,2.2676552016356286
646,"1148, 3058",1265,Sunsilk Shampoo (Black)80ml | Signal Toothpaste 160g,Misumi Soap 90g,0.011259343362664397,1.0,50.09004739336493,0.01103456131615837,inf
647,"2535, 2773",1977,CBL Potato Cracker 110g | Wijaya Noodles 400g,Edinborough Chilli Sauce230g,0.011306651528053742,0.9876033057851239,50.062251025625784,0.011080799687666738,79.0753145992994
648,1977,"2535, 2773",Edinborough Chilli Sauce230g,CBL Potato Cracker 110g | Wijaya Noodles 400g,0.011306651528053742,0.5731414868105517,50.062251025625784,0.011080799687666738,2.315876088752245
649,2862,"2194, 3144",Diamond Tuna,Freelan Chilli  Powder 100g | GoodKnight Mosquito Coil 10Hours,0.013151669978238243,0.6797066014669927,50.06145694010206,0.012888959486332783,3.0797467604740643
650,"2194, 3144",2862,Freelan Chilli  Powder 100g | GoodKnight Mosquito Coil 10Hours,Diamond Tuna,0.013151669978238243,0.9686411149825783,50.061456940102055,0.012888959486332783,31.271869513566855
651,1807,"1477, 3116",Maliban Smart Cream Cracker 190g,Milkmaid 510g | Candy Sugar 80g,0.011259343362664397,0.5707434052757795,50.05964357144991,0.011034424794345108,2.3030484430327762
652,"1477, 3116",1807,Milkmaid 510g | Candy Sugar 80g,Maliban Smart Cream Cracker 190g,0.011259343362664397,0.9875518672199172,50.059643571449904,0.011034424794345108,78.74855710095662
653,"2276, 3189",2645,T.R.M. Kekulu Rice 1kg | Fortune RBD Coconut Oil 200ml,Plaza Canned Fish 425g,0.012252814835840667,0.9700374531835206,50.0113455741299,0.012007814132596663,32.727646891853574
654,2645,"2276, 3189",Plaza Canned Fish 425g,T.R.M. Kekulu Rice 1kg | Fortune RBD Coconut Oil 200ml,0.012252814835840667,0.6317073170731707,50.0113455741299,0.012007814132596663,2.680934934667737
655,"1410, 1657",2104,Prima Tea Bun 75g | Motha Icing Sugar 1kg,Kandos Milk Choco 10g,0.011353959693443088,0.96,49.98147783251232,0.011126796348423756,24.519822121298112
656,2104,"1410, 1657",Kandos Milk Choco 10g,Prima Tea Bun 75g | Motha Icing Sugar 1kg,0.011353959693443088,0.5911330049261084,49.98147783251232,0.011126796348423756,2.4168567542950687
657,"1799, 2273",1566,Asiri Sugar Candy 100g60 | Highland Dairy Ice Cream (butter scotch)1L,Watawala Tea 400g,0.011212035197275049,0.9834024896265561,49.969139004149376,0.010987656002021274,59.06426814268164
658,"1799, 2944",1566,Asiri Sugar Candy 100g60 | Daily Banana Flavoured milk 180ml,Watawala Tea 400g,0.011212035197275049,0.9834024896265561,49.969139004149376,0.010987656002021274,59.06426814268164
659,"2432, 2944",1566,Little Lion Milky Cookies 200g | Daily Banana Flavoured milk 180ml,Watawala Tea 400g,0.011212035197275049,0.9834024896265561,49.969139004149376,0.010987656002021274,59.06426814268164
660,1566,"1799, 2273",Watawala Tea 400g,Asiri Sugar Candy 100g60 | Highland Dairy Ice Cream (butter scotch)1L,0.011212035197275049,0.5697115384615384,49.969139004149376,0.010987656002021274,2.297525545087853
661,1566,"1799, 2944",Watawala Tea 400g,Asiri Sugar Candy 100g60 | Daily Banana Flavoured milk 180ml,0.011212035197275049,0.5697115384615384,49.969139004149376,0.010987656002021274,2.297525545087853
662,1566,"2432, 2944",Watawala Tea 400g,Little Lion Milky Cookies 200g | Daily Banana Flavoured milk 180ml,0.011212035197275049,0.5697115384615384,49.969139004149376,0.010987656002021274,2.297525545087853
663,"2510, 3144",2862,Kakulu-Samba Rice 1kg | GoodKnight Mosquito Coil 10Hours,Diamond Tuna,0.013151669978238243,0.9652777777777778,49.88763243683782,0.012888044118765167,28.242747658245822
664,2862,"2510, 3144",Diamond Tuna,Kakulu-Samba Rice 1kg | GoodKnight Mosquito Coil 10Hours,0.013151669978238243,0.6797066014669927,49.88763243683782,0.012888044118765167,3.07959905788136
665,1265,"1148, 3146",Misumi Soap 90g,Sunsilk Shampoo (Black)80ml | Chandanalepa Cinnamon Ayurveda Soap 100g,0.011259343362664397,0.5639810426540285,49.88046560510818,0.011033616853778093,2.2675467013867463
666,1265,"3058, 3146",Misumi Soap 90g,Signal Toothpaste 160g | Chandanalepa Cinnamon Ayurveda Soap 100g,0.011259343362664397,0.5639810426540285,49.88046560510818,0.011033616853778093,2.2675467013867463
667,1265,"1253, 3058",Misumi Soap 90g,Chandanalepa Herbal Cream 12g | Signal Toothpaste 160g,0.011259343362664397,0.5639810426540285,49.88046560510818,0.011033616853778093,2.2675467013867463
668,"1148, 3146",1265,Sunsilk Shampoo (Black)80ml | Chandanalepa Cinnamon Ayurveda Soap 100g,Misumi Soap 90g,0.011259343362664397,0.99581589958159,49.88046560510817,0.011033616853778093,234.22859305516383
669,"3058, 3146",1265,Signal Toothpaste 160g | Chandanalepa Cinnamon Ayurveda Soap 100g,Misumi Soap 90g,0.011259343362664397,0.99581589958159,49.88046560510817,0.011033616853778093,234.22859305516383
670,"1253, 3058",1265,Chandanalepa Herbal Cream 12g | Signal Toothpaste 160g,Misumi Soap 90g,0.011259343362664397,0.99581589958159,49.88046560510817,0.011033616853778093,234.22859305516383
671,"1878, 1904",2782,Dettol Hand Wash (sensitive) 200ml | Rin Lemon-Rose 200g,Cinthol Lime Soap 100g,0.010928186204938973,0.9625000000000001,49.865992647058825,0.010709035123714412,26.15195382723067
672,2782,"1878, 1904",Cinthol Lime Soap 100g,Dettol Hand Wash (sensitive) 200ml | Rin Lemon-Rose 200g,0.010928186204938973,0.5661764705882353,49.865992647058825,0.010709035123714412,2.2789129064693516
673,"1477, 1564",1807,Milkmaid 510g | Watawala Tea 100g,Maliban Smart Cream Cracker 190g,0.011259343362664397,0.9834710743801653,49.85278554016292,0.011033491522277393,59.30648594947508
674,1807,"1477, 1564",Maliban Smart Cream Cracker 190g,Milkmaid 510g | Watawala Tea 100g,0.011259343362664397,0.5707434052757795,49.85278554016292,0.011033491522277393,2.302938233507819
675,1789,"2046, 2059",Asiri Ddevilled Dhal 100g,Edinborough Tomato Sauce 375g | Renuka Coconut Milk Powder 300g,0.010360488220266818,0.5420792079207921,49.819436074042194,0.010152527451604785,2.1600222987676863
676,"2046, 2059",1789,Edinborough Tomato Sauce 375g | Renuka Coconut Milk Powder 300g,Asiri Ddevilled Dhal 100g,0.010360488220266818,0.9521739130434783,49.81943607404219,0.010152527451604785,20.509465933820202
677,"1148, 1253",1265,Sunsilk Shampoo (Black)80ml | Chandanalepa Herbal Cream 12g,Misumi Soap 90g,0.011259343362664397,0.9916666666666668,49.67263033175356,0.011032672391397816,117.60431450468549
678,1265,"1148, 1253",Misumi Soap 90g,Sunsilk Shampoo (Black)80ml | Chandanalepa Herbal Cream 12g,0.011259343362664397,0.5639810426540285,49.67263033175356,0.011032672391397816,2.2674382011378644
679,"1998, 3116",1807,Crunchy Peanut Butter325g | Candy Sugar 80g,Maliban Smart Cream Cracker 190g,0.011259343362664397,0.9794238683127573,49.647630044112866,0.011032558250209677,47.64124325858665
680,1807,"1998, 3116",Maliban Smart Cream Cracker 190g,Crunchy Peanut Butter325g | Candy Sugar 80g,0.011259343362664397,0.5707434052757795,49.647630044112866,0.011032558250209677,2.302828023982862
681,"1575, 2528",1870,Dilmah Strong Tea 100g | Ambewela Fresh Milk (Chocolate) 1L,Little Lion Choco Cookies 180g,0.012442047497398051,0.9887218045112782,49.64275891629311,0.012191415828872584,86.90071593023644
682,"2528, 3244",1870,Ambewela Fresh Milk (Chocolate) 1L | Nestle Milkmaid 510g,Little Lion Choco Cookies 180g,0.012442047497398051,0.9887218045112782,49.64275891629311,0.012191415828872584,86.90071593023644
683,1870,"1575, 2528",Little Lion Choco Cookies 180g,Dilmah Strong Tea 100g | Ambewela Fresh Milk (Chocolate) 1L,0.012442047497398051,0.6247030878859857,49.642758916293104,0.012191415828872584,2.6310262518399283
684,1870,"2528, 3244",Little Lion Choco Cookies 180g,Ambewela Fresh Milk (Chocolate) 1L | Nestle Milkmaid 510g,0.012442047497398051,0.6247030878859857,49.642758916293104,0.012191415828872584,2.6310262518399283
685,"1253, 3146",1265,Chandanalepa Herbal Cream 12g | Chandanalepa Cinnamon Ayurveda Soap 100g,Misumi Soap 90g,0.011259343362664397,0.9875518672199172,49.46651983245168,0.011031727929017538,78.72955498785855
686,1265,"1253, 3146",Misumi Soap 90g,Chandanalepa Herbal Cream 12g | Chandanalepa Cinnamon Ayurveda Soap 100g,0.011259343362664397,0.5639810426540285,49.46651983245168,0.011031727929017538,2.2673297008889826
687,3190,"2008, 2045",Fortune Cooking Oil RBD Palm Olein 2L,Marina Coconut Oil 350ml | Edinborough Tomato Sauce 405g,0.010360488220266818,0.5544303797468355,49.44957538855954,0.010150971998158594,2.2191548073697525
688,"2008, 2045",3190,Marina Coconut Oil 350ml | Edinborough Tomato Sauce 405g,Fortune Cooking Oil RBD Palm Olein 2L,0.010360488220266818,0.9240506329113924,49.44957538855953,0.010150971998158594,12.920624783170915
689,"1575, 3244",1870,Dilmah Strong Tea 100g | Nestle Milkmaid 510g,Little Lion Choco Cookies 180g,0.012442047497398051,0.9813432835820897,49.27229056617153,0.012189531380237054,52.53246286309049
690,1870,"1575, 3244",Little Lion Choco Cookies 180g,Dilmah Strong Tea 100g | Nestle Milkmaid 510g,0.012442047497398051,0.6247030878859857,49.27229056617152,0.012189531380237054,2.6307741412370307
691,"1419, 1567",1436,Highland Butter (Salted) 200g | Watawala Ayurvedic Tea 160g,Kotmale Vanilla milk 170ml,0.012016274008893935,0.9883268482490272,49.271822920490415,0.01177239681303121,83.94830794461741
692,1436,"1419, 1567",Kotmale Vanilla milk 170ml,Highland Butter (Salted) 200g | Watawala Ayurvedic Tea 160g,0.012016274008893935,0.5990566037735848,49.271822920490415,0.01177239681303121,2.463793669610904
693,"1977, 2773",2535,Edinborough Chilli Sauce230g | Wijaya Noodles 400g,CBL Potato Cracker 110g,0.011306651528053742,1.0,49.15813953488372,0.011076645843643528,inf
694,2535,"1977, 2773",CBL Potato Cracker 110g,Edinborough Chilli Sauce230g | Wijaya Noodles 400g,0.011306651528053742,0.555813953488372,49.158139534883716,0.011076645843643528,2.2258541353033343
695,"1564, 3116",1807,Watawala Tea 100g | Candy Sugar 80g,Maliban Smart Cream Cracker 190g,0.011259343362664397,0.967479674796748,49.04217114113588,0.011029758434006533,30.143379222253806
696,"1564, 1998",1807,Watawala Tea 100g | Crunchy Peanut Butter325g,Maliban Smart Cream Cracker 190g,0.011259343362664397,0.967479674796748,49.04217114113588,0.011029758434006533,30.143379222253806
697,1807,"1564, 3116",Maliban Smart Cream Cracker 190g,Watawala Tea 100g | Candy Sugar 80g,0.011259343362664397,0.5707434052757795,49.04217114113588,0.011029758434006533,2.30249739540799
698,1807,"1564, 1998",Maliban Smart Cream Cracker 190g,Watawala Tea 100g | Crunchy Peanut Butter325g,0.011259343362664397,0.5707434052757795,49.04217114113588,0.011029758434006533,2.30249739540799
699,"2261, 2773",2535,Sunquick  Orange Fruit Drink 200ml | Wijaya Noodles 400g,CBL Potato Cracker 110g,0.011306651528053742,0.9958333333333333,48.95331395348837,0.011075683476763151,235.1177973318203
700,"2773, 3150",2535,Wijaya Noodles 400g | GreenLand Sweet Corn 425g,CBL Potato Cracker 110g,0.011306651528053742,0.9958333333333333,48.95331395348837,0.011075683476763151,235.1177973318203
701,2535,"2261, 2773",CBL Potato Cracker 110g,Sunquick  Orange Fruit Drink 200ml | Wijaya Noodles 400g,0.011306651528053742,0.555813953488372,48.95331395348837,0.011075683476763151,2.2257476300095256
702,2535,"2773, 3150",CBL Potato Cracker 110g,Wijaya Noodles 400g | GreenLand Sweet Corn 425g,0.011306651528053742,0.555813953488372,48.95331395348837,0.011075683476763151,2.2257476300095256
703,"1119, 3119",2176,Silicone oil 25ml | Rice Flakes (Samuel's Product) 200g,Wijaya Roasted Curry Powder 50g,0.011117418866496358,0.9957627118644068,48.94984233346472,0.010890300282727276,231.19916737628975
704,"1119, 1721",2176,Silicone oil 25ml | LankaSoy (polos curry)90g,Wijaya Roasted Curry Powder 50g,0.011117418866496358,0.9957627118644068,48.94984233346472,0.010890300282727276,231.19916737628975
705,2176,"1119, 3119",Wijaya Roasted Curry Powder 50g,Silicone oil 25ml | Rice Flakes (Samuel's Product) 200g,0.011117418866496358,0.5465116279069767,48.94984233346472,0.010890300282727276,2.1805085506476365
706,2176,"1119, 1721",Wijaya Roasted Curry Powder 50g,Silicone oil 25ml | LankaSoy (polos curry)90g,0.011117418866496358,0.5465116279069767,48.94984233346472,0.010890300282727276,2.1805085506476365
707,"1977, 2261",2535,Edinborough Chilli Sauce230g | Sunquick  Orange Fruit Drink 200ml,CBL Potato Cracker 110g,0.011306651528053742,0.9917012448132781,48.750188169449004,0.011074721109882772,118.04872741035302
708,"2261, 3150",2535,Sunquick  Orange Fruit Drink 200ml | GreenLand Sweet Corn 425g,CBL Potato Cracker 110g,0.011306651528053742,0.9917012448132781,48.750188169449004,0.011074721109882772,118.04872741035302
709,2535,"1977, 2261",CBL Potato Cracker 110g,Edinborough Chilli Sauce230g | Sunquick  Orange Fruit Drink 200ml,0.011306651528053742,0.555813953488372,48.750188169449,0.011074721109882772,2.2256411247157173
710,2535,"2261, 3150",CBL Potato Cracker 110g,Sunquick  Orange Fruit Drink 200ml | GreenLand Sweet Corn 425g,0.011306651528053742,0.555813953488372,48.750188169449,0.011074721109882772,2.2256411247157173
711,"1270, 2713",2393,Lifebuoy Turmeric 100g | Sera Turmeric Powder 25g,Kist Tomato Sauce 15g,0.01159050052038982,0.9879032258064516,48.45080832273033,0.011351278494553106,80.98110827262126
712,2393,"1270, 2713",Kist Tomato Sauce 15g,Lifebuoy Turmeric 100g | Sera Turmeric Powder 25g,0.01159050052038982,0.568445475638051,48.45080832273033,0.011351278494553106,2.2900178753648577
713,"1977, 3150",2535,Edinborough Chilli Sauce230g | GreenLand Sweet Corn 425g,CBL Potato Cracker 110g,0.011306651528053742,0.9835390946502058,48.348952052828025,0.011072796376122018,59.51419244961707
714,2535,"1977, 3150",CBL Potato Cracker 110g,Edinborough Chilli Sauce230g | GreenLand Sweet Corn 425g,0.011306651528053742,0.555813953488372,48.34895205282802,0.011072796376122018,2.2254281141281003
715,"1148, 1265",3058,Sunsilk Shampoo (Black)80ml | Misumi Soap 90g,Signal Toothpaste 160g,0.011259343362664397,0.99581589958159,48.278799278338646,0.011026128296611249,234.07029993377105
716,"1148, 3146",3058,Sunsilk Shampoo (Black)80ml | Chandanalepa Cinnamon Ayurveda Soap 100g,Signal Toothpaste 160g,0.011259343362664397,0.99581589958159,48.278799278338646,0.011026128296611249,234.07029993377105
717,"1253, 1265",3058,Chandanalepa Herbal Cream 12g | Misumi Soap 90g,Signal Toothpaste 160g,0.011259343362664397,0.99581589958159,48.278799278338646,0.011026128296611249,234.07029993377105
718,3058,"1148, 1265",Signal Toothpaste 160g,Sunsilk Shampoo (Black)80ml | Misumi Soap 90g,0.011259343362664397,0.5458715596330276,48.278799278338646,0.011026128296611249,2.1771227269382254
719,3058,"1148, 3146",Signal Toothpaste 160g,Sunsilk Shampoo (Black)80ml | Chandanalepa Cinnamon Ayurveda Soap 100g,0.011259343362664397,0.5458715596330276,48.278799278338646,0.011026128296611249,2.1771227269382254
720,3058,"1253, 1265",Signal Toothpaste 160g,Chandanalepa Herbal Cream 12g | Misumi Soap 90g,0.011259343362664397,0.5458715596330276,48.278799278338646,0.011026128296611249,2.1771227269382254
721,"1479, 3244",1870,White Sugar 1kg | Nestle Milkmaid 510g,Little Lion Choco Cookies 180g,0.012442047497398051,0.9598540145985401,48.19333529829915,0.012183878034330464,24.412983080879755
722,1870,"1479, 3244",Little Lion Choco Cookies 180g,White Sugar 1kg | Nestle Milkmaid 510g,0.012442047497398051,0.6247030878859857,48.19333529829915,0.012183878034330464,2.6300178094283373
723,"1265, 3146",3058,Misumi Soap 90g | Chandanalepa Cinnamon Ayurveda Soap 100g,Signal Toothpaste 160g,0.011259343362664397,0.9916666666666668,48.077637614678906,0.011025152501355797,117.52483678683139
724,"1148, 1253",3058,Sunsilk Shampoo (Black)80ml | Chandanalepa Herbal Cream 12g,Signal Toothpaste 160g,0.011259343362664397,0.9916666666666668,48.077637614678906,0.011025152501355797,117.52483678683139
725,3058,"1265, 3146",Signal Toothpaste 160g,Misumi Soap 90g | Chandanalepa Cinnamon Ayurveda Soap 100g,0.011259343362664397,0.5458715596330276,48.077637614678906,0.011025152501355797,2.1770185534023176
726,3058,"1148, 1253",Signal Toothpaste 160g,Sunsilk Shampoo (Black)80ml | Chandanalepa Herbal Cream 12g,0.011259343362664397,0.5458715596330276,48.077637614678906,0.011025152501355797,2.1770185534023176
727,"1270, 3189",2393,Lifebuoy Turmeric 100g | Fortune RBD Coconut Oil 200ml,Kist Tomato Sauce 15g,0.01159050052038982,0.9800000000000001,48.063201856148495,0.011349349284667328,48.98050903585982
728,2393,"1270, 3189",Kist Tomato Sauce 15g,Lifebuoy Turmeric 100g | Fortune RBD Coconut Oil 200ml,0.01159050052038982,0.568445475638051,48.06320185614849,0.011349349284667328,2.289798629996225
729,"1119, 1721",3119,Silicone oil 25ml | LankaSoy (polos curry)90g,Rice Flakes (Samuel's Product) 200g,0.011117418866496358,0.9957627118644068,48.055781286278155,0.010886074820703666,231.1098495600347
730,3119,"1119, 1721",Rice Flakes (Samuel's Product) 200g,Silicone oil 25ml | LankaSoy (polos curry)90g,0.011117418866496358,0.5365296803652968,48.055781286278155,0.010886074820703666,2.1335460569459803
731,"1479, 2528",1870,White Sugar 1kg | Ambewela Fresh Milk (Chocolate) 1L,Little Lion Choco Cookies 180g,0.012442047497398051,0.9563636363636364,48.018086806305334,0.0121829358100127,22.460241429337398
732,1870,"1479, 2528",Little Lion Choco Cookies 180g,White Sugar 1kg | Ambewela Fresh Milk (Chocolate) 1L,0.012442047497398051,0.6247030878859857,48.018086806305334,0.0121829358100127,2.6298917541268887
733,"1721, 3119",2176,LankaSoy (polos curry)90g | Rice Flakes (Samuel's Product) 200g,Wijaya Roasted Curry Powder 50g,0.011117418866496358,0.9751037344398341,47.934285438579565,0.01088548844832539,39.34957580345048
734,"1119, 2002",2176,Silicone oil 25ml | Ocean Star Canned Fish 425g,Wijaya Roasted Curry Powder 50g,0.011117418866496358,0.9751037344398341,47.934285438579565,0.01088548844832539,39.34957580345048
735,2176,"1721, 3119",Wijaya Roasted Curry Powder 50g,LankaSoy (polos curry)90g | Rice Flakes (Samuel's Product) 200g,0.011117418866496358,0.5465116279069767,47.934285438579565,0.01088548844832539,2.179986947798472
736,2176,"1119, 2002",Wijaya Roasted Curry Powder 50g,Silicone oil 25ml | Ocean Star Canned Fish 425g,0.011117418866496358,0.5465116279069767,47.934285438579565,0.01088548844832539,2.179986947798472
737,"1998, 3006",2634,Crunchy Peanut Butter325g | Spinner Sugar Free 250ml,Kotmale Milk With Oats 1L,0.010029331062541395,0.9860465116279069,47.91506014434643,0.009820016266059295,70.19183461065344
738,2634,"1998, 3006",Kotmale Milk With Oats 1L,Crunchy Peanut Butter325g | Spinner Sugar Free 250ml,0.010029331062541395,0.48735632183908045,47.91506014434643,0.009820016266059295,1.9308318557487056
739,3058,"1253, 3146",Signal Toothpaste 160g,Chandanalepa Herbal Cream 12g | Chandanalepa Cinnamon Ayurveda Soap 100g,0.011259343362664397,0.5458715596330276,47.87814534241883,0.011024176706100343,2.1769143798664095
740,"1253, 3146",3058,Chandanalepa Herbal Cream 12g | Chandanalepa Cinnamon Ayurveda Soap 100g,Signal Toothpaste 160g,0.011259343362664397,0.9875518672199172,47.878145342418826,0.011024176706100343,78.676349071184
741,"1270, 3144",2393,Lifebuoy Turmeric 100g | GoodKnight Mosquito Coil 10Hours,Kist Tomato Sauce 15g,0.01159050052038982,0.9760956175298806,47.87171499616384,0.011348384679724438,40.980359226669414
742,2393,"1270, 3144",Kist Tomato Sauce 15g,Lifebuoy Turmeric 100g | GoodKnight Mosquito Coil 10Hours,0.01159050052038982,0.568445475638051,47.87171499616384,0.011348384679724438,2.2896890073119094
743,"1119, 2176",3119,Silicone oil 25ml | Wijaya Roasted Curry Powder 50g,Rice Flakes (Samuel's Product) 200g,0.011117418866496358,0.9915611814345993,47.85301427663141,0.010885094549323187,116.04456429179818
744,3119,"1119, 2176",Rice Flakes (Samuel's Product) 200g,Silicone oil 25ml | Wijaya Roasted Curry Powder 50g,0.011117418866496358,0.5365296803652968,47.85301427663141,0.010885094549323187,2.1334439831704115
745,"1479, 1575",1870,White Sugar 1kg | Dilmah Strong Tea 100g,Little Lion Choco Cookies 180g,0.012442047497398051,0.9528985507246377,47.84410823092017,0.012181993585694936,20.807921570339968
746,1870,"1479, 1575",Little Lion Choco Cookies 180g,White Sugar 1kg | Dilmah Strong Tea 100g,0.012442047497398051,0.6247030878859857,47.84410823092016,0.012181993585694936,2.6297656988254396
747,"1852, 1998",2634,CBL Ginger Biscuits 85g | Crunchy Peanut Butter325g,Kotmale Milk With Oats 1L,0.010029331062541395,0.9814814814814815,47.69323116219668,0.009819042708866356,52.88873119500434
748,2634,"1852, 1998",Kotmale Milk With Oats 1L,CBL Ginger Biscuits 85g | Crunchy Peanut Butter325g,0.010029331062541395,0.48735632183908045,47.69323116219668,0.009819042708866356,1.9307395730045604
749,"1721, 2176",3119,LankaSoy (polos curry)90g | Wijaya Roasted Curry Powder 50g,Rice Flakes (Samuel's Product) 200g,0.011117418866496358,0.9873949579831932,47.65195119143547,0.01088411427794271,77.68946920238392
750,3119,"1721, 2176",Rice Flakes (Samuel's Product) 200g,LankaSoy (polos curry)90g | Wijaya Roasted Curry Powder 50g,0.011117418866496358,0.5365296803652968,47.65195119143547,0.01088411427794271,2.1333419093948423
751,"1567, 1854",1436,Watawala Ayurvedic Tea 160g | CBL Nice Biscuits  100g,Kotmale Vanilla milk 170ml,0.012063582174283282,0.955056179775281,47.61315454738182,0.011810215593367533,21.803694767716962
752,1436,"1567, 1854",Kotmale Vanilla milk 170ml,Watawala Ayurvedic Tea 160g | CBL Nice Biscuits  100g,0.012063582174283282,0.6014150943396227,47.61315454738182,0.011810215593367533,2.4771854272935085
753,"1288, 1882",1296,Senola Soap | Dettol Hand Wash Refill (sensitive)175ml,Vim Limes (Promo),0.010975494370328319,1.0,47.608108108108105,0.010744956027040129,inf
754,"1882, 1934",1296,Dettol Hand Wash Refill (sensitive)175ml | Diva Fresh (Jasmine) 400g,Vim Limes (Promo),0.010975494370328319,1.0,47.608108108108105,0.010744956027040129,inf
755,"1314, 1934",1296,BIO Clean (Tile Cleaner) Kohomba | Diva Fresh (Jasmine) 400g,Vim Limes (Promo),0.010975494370328319,1.0,47.608108108108105,0.010744956027040129,inf
756,1296,"1288, 1882",Vim Limes (Promo),Senola Soap | Dettol Hand Wash Refill (sensitive)175ml,0.010975494370328319,0.5225225225225225,47.608108108108105,0.010744956027040129,2.071353209903652
757,1296,"1882, 1934",Vim Limes (Promo),Dettol Hand Wash Refill (sensitive)175ml | Diva Fresh (Jasmine) 400g,0.010975494370328319,0.5225225225225225,47.608108108108105,0.010744956027040129,2.071353209903652
758,1296,"1314, 1934",Vim Limes (Promo),BIO Clean (Tile Cleaner) Kohomba | Diva Fresh (Jasmine) 400g,0.010975494370328319,0.5225225225225225,47.608108108108105,0.010744956027040129,2.071353209903652
759,"1478, 1567",1436,White Sugar 1kg (Pkt) | Watawala Ayurvedic Tea 160g,Kotmale Vanilla milk 170ml,0.012016274008893935,0.9548872180451127,47.60473116754149,0.011763856366483487,21.722032989560613
760,1436,"1478, 1567",Kotmale Vanilla milk 170ml,White Sugar 1kg (Pkt) | Watawala Ayurvedic Tea 160g,0.012016274008893935,0.5990566037735848,47.60473116754149,0.011763856366483487,2.4627317404395757
761,"2002, 3119",2176,Ocean Star Canned Fish 425g | Rice Flakes (Samuel's Product) 200g,Wijaya Roasted Curry Powder 50g,0.011164727031885703,0.9672131147540984,47.546397255051474,0.010929909513073603,29.879553410918792
762,2176,"2002, 3119",Wijaya Roasted Curry Powder 50g,Ocean Star Canned Fish 425g | Rice Flakes (Samuel's Product) 200g,0.011164727031885703,0.5488372093023256,47.546397255051474,0.010929909513073603,2.190909419006958
763,"1314, 1882",1296,BIO Clean (Tile Cleaner) Kohomba | Dettol Hand Wash Refill (sensitive)175ml,Vim Limes (Promo),0.010975494370328319,0.9957081545064378,47.403781463867304,0.010743962327284575,228.10587567414265
764,"1288, 1934",1296,Senola Soap | Diva Fresh (Jasmine) 400g,Vim Limes (Promo),0.010975494370328319,0.9957081545064378,47.403781463867304,0.010743962327284575,228.10587567414265
765,1296,"1314, 1882",Vim Limes (Promo),BIO Clean (Tile Cleaner) Kohomba | Dettol Hand Wash Refill (sensitive)175ml,0.010975494370328319,0.5225225225225225,47.403781463867304,0.010743962327284575,2.0712541305384025
766,1296,"1288, 1934",Vim Limes (Promo),Senola Soap | Diva Fresh (Jasmine) 400g,0.010975494370328319,0.5225225225225225,47.403781463867304,0.010743962327284575,2.0712541305384025
767,2012,"2047, 3190",Marina Vegetable Oil 500ml,Edinborough Chilli Sauce 405g | Fortune Cooking Oil RBD Palm Olein 2L,0.010360488220266818,0.4943566591422122,47.28376045677865,0.01014137518610497,1.9570017351959232
768,"2047, 3190",2012,Edinborough Chilli Sauce 405g | Fortune Cooking Oil RBD Palm Olein 2L,Marina Vegetable Oil 500ml,0.010360488220266818,0.9909502262443438,47.283760456778644,0.01014137518610497,108.18419434194247
769,"2002, 2176",3119,Ocean Star Canned Fish 425g | Wijaya Roasted Curry Powder 50g,Rice Flakes (Samuel's Product) 200g,0.011164727031885703,0.9792531120331951,47.25902347524584,0.010928481629190624,47.20124893556645
770,3119,"2002, 2176",Rice Flakes (Samuel's Product) 200g,Ocean Star Canned Fish 425g | Wijaya Roasted Curry Powder 50g,0.011164727031885703,0.5388127853881278,47.25902347524584,0.010928481629190624,2.1435952706823334
771,"1419, 1478",1436,Highland Butter (Salted) 200g | White Sugar 1kg (Pkt),Kotmale Vanilla milk 170ml,0.012016274008893935,0.9477611940298507,47.24947197972402,0.011761958489472884,18.75887703931983
772,1436,"1419, 1478",Kotmale Vanilla milk 170ml,Highland Butter (Salted) 200g | White Sugar 1kg (Pkt),0.012016274008893935,0.5990566037735848,47.24947197972402,0.011761958489472884,2.4624957561792806
773,"1288, 1314",1296,Senola Soap | BIO Clean (Tile Cleaner) Kohomba,Vim Limes (Promo),0.010975494370328319,0.9914529914529916,47.20120120120121,0.010742968627529024,114.54243542435613
774,1296,"1288, 1314",Vim Limes (Promo),Senola Soap | BIO Clean (Tile Cleaner) Kohomba,0.010975494370328319,0.5225225225225225,47.2012012012012,0.010742968627529024,2.0711550511731533
775,"1721, 2002",2176,LankaSoy (polos curry)90g | Ocean Star Canned Fish 425g,Wijaya Roasted Curry Powder 50g,0.011117418866496358,0.9591836734693877,47.1516848599905,0.010881638980803878,24.00160847762321
776,2176,"1721, 2002",Wijaya Roasted Curry Powder 50g,LankaSoy (polos curry)90g | Ocean Star Canned Fish 425g,0.011117418866496358,0.5465116279069767,47.1516848599905,0.010881638980803878,2.17956966551914
777,"1119, 2002",3119,Silicone oil 25ml | Ocean Star Canned Fish 425g,Rice Flakes (Samuel's Product) 200g,0.011117418866496358,0.9751037344398341,47.05877337577446,0.010881173463801278,39.33437411297204
778,3119,"1119, 2002",Rice Flakes (Samuel's Product) 200g,Silicone oil 25ml | Ocean Star Canned Fish 425g,0.011117418866496358,0.5365296803652968,47.05877337577446,0.010881173463801278,2.133035688068135
779,2634,"1410, 1998",Kotmale Milk With Oats 1L,Prima Tea Bun 75g | Crunchy Peanut Butter325g,0.01007663922793074,0.4896551724137931,47.04695924764891,0.009862456645483941,1.9390658043794575
780,"1410, 1998",2634,Prima Tea Bun 75g | Crunchy Peanut Butter325g,Kotmale Milk With Oats 1L,0.01007663922793074,0.9681818181818181,47.0469592476489,0.009862456645483941,30.781801224605616
781,"1567, 1853",1818,Watawala Ayurvedic Tea 160g | CBL Ginger Biscuits 400g,CBL Bran Cracker 160g,0.012962437316680859,0.9891696750902527,46.881319713134,0.012685942597760876,90.38515154382277
782,1818,"1567, 1853",CBL Bran Cracker 160g,Watawala Ayurvedic Tea 160g | CBL Ginger Biscuits 400g,0.012962437316680859,0.6143497757847534,46.881319713134,0.012685942597760876,2.559043340880636
783,"1418, 1567",1818,Highland Fresh Milk 900ml | Watawala Ayurvedic Tea 160g,CBL Bran Cracker 160g,0.012962437316680859,0.9856115107913669,46.71268187243927,0.012684944421880298,68.03358879742633
784,"1418, 1853",1818,Highland Fresh Milk 900ml | CBL Ginger Biscuits 400g,CBL Bran Cracker 160g,0.012962437316680859,0.9856115107913669,46.71268187243927,0.012684944421880298,68.03358879742633
785,"1418, 1479",1818,Highland Fresh Milk 900ml | White Sugar 1kg,CBL Bran Cracker 160g,0.012962437316680859,0.9856115107913669,46.71268187243927,0.012684944421880298,68.03358879742633
786,1818,"1418, 1567",CBL Bran Cracker 160g,Highland Fresh Milk 900ml | Watawala Ayurvedic Tea 160g,0.012962437316680859,0.6143497757847534,46.71268187243927,0.012684944421880298,2.5589206697075917
787,1818,"1418, 1853",CBL Bran Cracker 160g,Highland Fresh Milk 900ml | CBL Ginger Biscuits 400g,0.012962437316680859,0.6143497757847534,46.71268187243927,0.012684944421880298,2.5589206697075917
788,1818,"1418, 1479",CBL Bran Cracker 160g,Highland Fresh Milk 900ml | White Sugar 1kg,0.012962437316680859,0.6143497757847534,46.71268187243927,0.012684944421880298,2.5589206697075917
789,"1567, 1853",1418,Watawala Ayurvedic Tea 160g | CBL Ginger Biscuits 400g,Highland Fresh Milk 900ml,0.012962437316680859,0.9891696750902527,46.672028107271785,0.012684702711128946,90.3764153026142
790,"1567, 1818",1418,Watawala Ayurvedic Tea 160g | CBL Bran Cracker 160g,Highland Fresh Milk 900ml,0.012962437316680859,0.9891696750902527,46.672028107271785,0.012684702711128946,90.3764153026142
791,1418,"1567, 1853",Highland Fresh Milk 900ml,Watawala Ayurvedic Tea 160g | CBL Ginger Biscuits 400g,0.012962437316680859,0.6116071428571428,46.672028107271785,0.012684702711128946,2.5409726776312853
792,1418,"1567, 1818",Highland Fresh Milk 900ml,Watawala Ayurvedic Tea 160g | CBL Bran Cracker 160g,0.012962437316680859,0.6116071428571428,46.672028107271785,0.012684702711128946,2.5409726776312853
793,"1410, 3006",2634,Prima Tea Bun 75g | Spinner Sugar Free 250ml,Kotmale Milk With Oats 1L,0.01007663922793074,0.9594594594594594,46.623112767940356,0.009860509531098061,24.159050052038964
794,2634,"1410, 3006",Kotmale Milk With Oats 1L,Prima Tea Bun 75g | Spinner Sugar Free 250ml,0.01007663922793074,0.4896551724137931,46.62311276794035,0.009860509531098061,1.9388804075150938
795,"1852, 3006",2634,CBL Ginger Biscuits 85g | Spinner Sugar Free 250ml,Kotmale Milk With Oats 1L,0.010029331062541395,0.9592760180995474,46.61419878296146,0.009814174922901656,24.05022550225498
796,2634,"1852, 3006",Kotmale Milk With Oats 1L,CBL Ginger Biscuits 85g | Spinner Sugar Free 250ml,0.010029331062541395,0.48735632183908045,46.61419878296146,0.009814174922901656,1.9302781592838347
797,"2713, 3189",2393,Sera Turmeric Powder 25g | Fortune RBD Coconut Oil 200ml,Kist Tomato Sauce 15g,0.01159050052038982,0.9496124031007753,46.572870015647766,0.011341632445124207,19.44149435577201
798,2393,"2713, 3189",Kist Tomato Sauce 15g,Sera Turmeric Powder 25g | Fortune RBD Coconut Oil 200ml,0.01159050052038982,0.568445475638051,46.572870015647766,0.011341632445124207,2.288921648521696
799,"1419, 1854",1436,Highland Butter (Salted) 200g | CBL Nice Biscuits  100g,Kotmale Vanilla milk 170ml,0.012016274008893935,0.9338235294117646,46.554626803551606,0.011758162735451673,14.808002438998727
800,1436,"1419, 1854",Kotmale Vanilla milk 170ml,Highland Butter (Salted) 200g | CBL Nice Biscuits  100g,0.012016274008893935,0.5990566037735848,46.5546268035516,0.011758162735451673,2.4620237876586906
801,"2045, 2047",2012,Edinborough Tomato Sauce 405g | Edinborough Chilli Sauce 405g,Marina Vegetable Oil 500ml,0.010360488220266818,0.9733333333333333,46.44316027088036,0.010137409339332808,36.7140931024694
802,2012,"2045, 2047",Marina Vegetable Oil 500ml,Edinborough Tomato Sauce 405g | Edinborough Chilli Sauce 405g,0.010360488220266818,0.4943566591422122,46.44316027088036,0.010137409339332808,1.9566274938161468
803,"1721, 2002",3119,LankaSoy (polos curry)90g | Ocean Star Canned Fish 425g,Rice Flakes (Samuel's Product) 200g,0.011117418866496358,0.9591836734693877,46.290466871680174,0.010877252378279367,23.9923360772069
804,3119,"1721, 2002",Rice Flakes (Samuel's Product) 200g,LankaSoy (polos curry)90g | Ocean Star Canned Fish 425g,0.011117418866496358,0.5365296803652968,46.290466871680174,0.010877252378279367,2.1326273929658583
805,"3144, 3189",2393,GoodKnight Mosquito Coil 10Hours | Fortune RBD Coconut Oil 200ml,Kist Tomato Sauce 15g,0.01159050052038982,0.9423076923076924,46.214617169373554,0.011339703235238427,16.979909799098017
806,2393,"3144, 3189",Kist Tomato Sauce 15g,GoodKnight Mosquito Coil 10Hours | Fortune RBD Coconut Oil 200ml,0.01159050052038982,0.568445475638051,46.21461716937355,0.011339703235238427,2.2887024031530636
807,"2629, 2856",1645,Prima Self Raising Flour 1kg | Anchor Butter 227g,Motha Baking Powder 100g,0.015659002743873593,0.9969879518072289,46.11451055864596,0.015319434947226172,324.8222159144628
808,1645,"2629, 2856",Motha Baking Powder 100g,Prima Self Raising Flour 1kg | Anchor Butter 227g,0.015659002743873593,0.7242888402625821,46.11451055864596,0.015319434947226172,3.5700175866227535
809,"2393, 2713",1270,Kist Tomato Sauce 15g | Sera Turmeric Powder 25g,Lifebuoy Turmeric 100g,0.01159050052038982,0.9959349593495935,46.0658056252335,0.0113388930566089,240.6815214306009
810,1270,"2393, 2713",Lifebuoy Turmeric 100g,Kist Tomato Sauce 15g | Sera Turmeric Powder 25g,0.01159050052038982,0.5361050328227571,46.065805625233494,0.0113388930566089,2.130573214295278
811,"1479, 1567",1818,White Sugar 1kg | Watawala Ayurvedic Tea 160g,CBL Bran Cracker 160g,0.012962437316680859,0.9716312056737589,46.05009064020609,0.012680951718357987,34.506244677831475
812,1818,"1479, 1567",CBL Bran Cracker 160g,White Sugar 1kg | Watawala Ayurvedic Tea 160g,0.012962437316680859,0.6143497757847534,46.050090640206086,0.012680951718357987,2.5584299850154135
813,1418,"1818, 1853",Highland Fresh Milk 900ml,CBL Bran Cracker 160g | CBL Ginger Biscuits 400g,0.012962437316680859,0.6116071428571428,46.00765760040671,0.012680692103106538,2.5404854579049765
814,"1818, 1853",1418,CBL Bran Cracker 160g | CBL Ginger Biscuits 400g,Highland Fresh Milk 900ml,0.012962437316680859,0.9750889679715302,46.0076576004067,0.012680692103106538,39.292067096495096
815,"2510, 2862",2194,Kakulu-Samba Rice 1kg | Diamond Tuna,Freelan Chilli  Powder 100g,0.013151669978238243,1.0,45.85249457700651,0.012864844362760534,inf
816,2194,"2510, 2862",Freelan Chilli  Powder 100g,Kakulu-Samba Rice 1kg | Diamond Tuna,0.013151669978238243,0.6030368763557483,45.8524945770065,0.012864844362760534,2.485994973442798
817,"1479, 1567",1418,White Sugar 1kg | Watawala Ayurvedic Tea 160g,Highland Fresh Milk 900ml,0.012962437316680859,0.9716312056737589,45.84450987841945,0.012679689451100935,34.50290945217153
818,"1479, 1818",1418,White Sugar 1kg | CBL Bran Cracker 160g,Highland Fresh Milk 900ml,0.012962437316680859,0.9716312056737589,45.84450987841945,0.012679689451100935,34.50290945217153
819,1418,"1479, 1567",Highland Fresh Milk 900ml,White Sugar 1kg | Watawala Ayurvedic Tea 160g,0.012962437316680859,0.6116071428571428,45.84450987841945,0.012679689451100935,2.5403636529733995
820,1418,"1479, 1818",Highland Fresh Milk 900ml,White Sugar 1kg | CBL Bran Cracker 160g,0.012962437316680859,0.6116071428571428,45.84450987841945,0.012679689451100935,2.5403636529733995
821,"2008, 2047",2012,Marina Coconut Oil 350ml | Edinborough Chilli Sauce 405g,Marina Vegetable Oil 500ml,0.010360488220266818,0.9605263157894737,45.832066056789834,0.01013443495425369,24.802409562557155
822,2012,"2008, 2047",Marina Vegetable Oil 500ml,Marina Coconut Oil 350ml | Edinborough Chilli Sauce 405g,0.010360488220266818,0.4943566591422122,45.83206605678983,0.01013443495425369,1.9563468127813144
823,"2194, 2862",2510,Freelan Chilli  Powder 100g | Diamond Tuna,Kakulu-Samba Rice 1kg,0.013151669978238243,1.0,45.75324675324675,0.012864222181382057,inf
824,2510,"2194, 2862",Kakulu-Samba Rice 1kg,Freelan Chilli  Powder 100g | Diamond Tuna,0.013151669978238243,0.6017316017316017,45.75324675324675,0.012864222181382057,2.477847437337249
825,"2008, 3190",2012,Marina Coconut Oil 350ml | Fortune Cooking Oil RBD Palm Olein 2L,Marina Vegetable Oil 500ml,0.010360488220266818,0.9563318777292577,45.63192603034097,0.01013344349256065,22.420072854574702
826,2012,"2008, 3190",Marina Vegetable Oil 500ml,Marina Coconut Oil 350ml | Fortune Cooking Oil RBD Palm Olein 2L,0.010360488220266818,0.4943566591422122,45.63192603034097,0.01013344349256065,1.9562532524363705
827,"2393, 3144",1270,Kist Tomato Sauce 15g | GoodKnight Mosquito Coil 10Hours,Lifebuoy Turmeric 100g,0.01159050052038982,0.9839357429718876,45.51079591890539,0.011335824672904254,60.904165483962615
828,1270,"2393, 3144",Lifebuoy Turmeric 100g,Kist Tomato Sauce 15g | GoodKnight Mosquito Coil 10Hours,0.01159050052038982,0.5361050328227571,45.51079591890538,0.011335824672904254,2.130267273282312
829,"2371, 3189",2276,Cooking Oil 750ml (loose) | Fortune RBD Coconut Oil 200ml,T.R.M. Kekulu Rice 1kg,0.012300123001230012,0.996168582375479,45.479506467068845,0.012029668813031281,255.2831393698605
830,2276,"2371, 3189",T.R.M. Kekulu Rice 1kg,Cooking Oil 750ml (loose) | Fortune RBD Coconut Oil 200ml,0.012300123001230012,0.5615550755939525,45.479506467068845,0.012029668813031281,2.2526263023145576
831,2276,"2371, 2645",T.R.M. Kekulu Rice 1kg,Cooking Oil 750ml (loose) | Plaza Canned Fish 425g,0.012252814835840667,0.5593952483801297,45.478833693304544,0.011983396870585226,2.2416913875021107
832,2276,"2205, 2371",T.R.M. Kekulu Rice 1kg,Goraka Paste 250g | Cooking Oil 750ml (loose),0.012252814835840667,0.5593952483801297,45.478833693304544,0.011983396870585226,2.2416913875021107
833,"2371, 2645",2276,Cooking Oil 750ml (loose) | Plaza Canned Fish 425g,T.R.M. Kekulu Rice 1kg,0.012252814835840667,0.9961538461538462,45.47883369330454,0.011983396870585226,254.3050430504314
834,"2205, 2371",2276,Goraka Paste 250g | Cooking Oil 750ml (loose),T.R.M. Kekulu Rice 1kg,0.012252814835840667,0.9961538461538462,45.47883369330454,0.011983396870585226,254.3050430504314
835,1645,"1478, 2629",Motha Baking Powder 100g,White Sugar 1kg (Pkt) | Prima Self Raising Flour 1kg,0.015659002743873593,0.7242888402625821,45.430319007330745,0.015314320974385098,3.5691596567980337
836,"1478, 2629",1645,White Sugar 1kg (Pkt) | Prima Self Raising Flour 1kg,Motha Baking Powder 100g,0.015659002743873593,0.9821958456973293,45.43031900733074,0.015314320974385098,54.95235279275851
837,"2059, 3144",2194,Renuka Coconut Milk Powder 300g | GoodKnight Mosquito Coil 10Hours,Freelan Chilli  Powder 100g,0.013151669978238243,0.9893238434163701,45.36296616515234,0.012861749122305739,91.62388431576653
838,2194,"2059, 3144",Freelan Chilli  Powder 100g,Renuka Coconut Milk Powder 300g | GoodKnight Mosquito Coil 10Hours,0.013151669978238243,0.6030368763557483,45.36296616515234,0.012861749122305739,2.485637447799446
839,"2713, 2736",2330,Sera Turmeric Powder 25g | Maldive Fish Bottle 100g,"Kome Rice Cracker 90G (B,B,Q)",0.012205506670451319,1.0,45.36051502145923,0.01193642889069778,inf
840,2330,"2713, 2736","Kome Rice Cracker 90G (B,B,Q)",Sera Turmeric Powder 25g | Maldive Fish Bottle 100g,0.012205506670451319,0.5536480686695279,45.36051502145923,0.01193642889069778,2.213039586017162
841,"2205, 2645",2276,Goraka Paste 250g | Plaza Canned Fish 425g,T.R.M. Kekulu Rice 1kg,0.012252814835840667,0.9923371647509579,45.30458528834935,0.011982360647641936,127.6415696849284
842,2276,"2205, 2645",T.R.M. Kekulu Rice 1kg,Goraka Paste 250g | Plaza Canned Fish 425g,0.012252814835840667,0.5593952483801297,45.30458528834935,0.011982360647641936,2.2415840165188983
843,"2059, 3144",2510,Renuka Coconut Milk Powder 300g | GoodKnight Mosquito Coil 10Hours,Kakulu-Samba Rice 1kg,0.013151669978238243,0.9893238434163701,45.26477792669964,0.012861120226739724,91.6194531176084
844,2510,"2059, 3144",Kakulu-Samba Rice 1kg,Renuka Coconut Milk Powder 300g | GoodKnight Mosquito Coil 10Hours,0.013151669978238243,0.6017316017316017,45.26477792669963,0.012861120226739724,2.4774910834392623
845,"1870, 2528",1575,Little Lion Choco Cookies 180g | Ambewela Fresh Milk (Chocolate) 1L,Dilmah Strong Tea 100g,0.012442047497398051,0.9887218045112782,45.23723269211991,0.012167007519111196,86.72873497965772
846,"1870, 3244",1575,Little Lion Choco Cookies 180g | Nestle Milkmaid 510g,Dilmah Strong Tea 100g,0.012442047497398051,0.9887218045112782,45.23723269211991,0.012167007519111196,86.72873497965772
847,"2528, 3244",1575,Ambewela Fresh Milk (Chocolate) 1L | Nestle Milkmaid 510g,Dilmah Strong Tea 100g,0.012442047497398051,0.9887218045112782,45.23723269211991,0.012167007519111196,86.72873497965772
848,1575,"1870, 2528",Dilmah Strong Tea 100g,Little Lion Choco Cookies 180g | Ambewela Fresh Milk (Chocolate) 1L,0.012442047497398051,0.5692640692640693,45.23723269211991,0.012167007519111196,2.2923929896430777
849,1575,"1870, 3244",Dilmah Strong Tea 100g,Little Lion Choco Cookies 180g | Nestle Milkmaid 510g,0.012442047497398051,0.5692640692640693,45.23723269211991,0.012167007519111196,2.2923929896430777
850,1575,"2528, 3244",Dilmah Strong Tea 100g,Ambewela Fresh Milk (Chocolate) 1L | Nestle Milkmaid 510g,0.012442047497398051,0.5692640692640693,45.23723269211991,0.012167007519111196,2.2923929896430777
851,"2059, 2862",2194,Renuka Coconut Milk Powder 300g | Diamond Tuna,Freelan Chilli  Powder 100g,0.013151669978238243,0.9858156028368794,45.20210458300642,0.012860717375487473,68.96246097076346
852,2194,"2059, 2862",Freelan Chilli  Powder 100g,Renuka Coconut Milk Powder 300g | Diamond Tuna,0.013151669978238243,0.6030368763557483,45.20210458300642,0.012860717375487473,2.4855182725849954
853,2510,"2059, 2862",Kakulu-Samba Rice 1kg,Renuka Coconut Milk Powder 300g | Diamond Tuna,0.013151669978238243,0.6017316017316017,45.104264529796446,0.012860086241858946,2.4773722988066
854,"2059, 2862",2510,Renuka Coconut Milk Powder 300g | Diamond Tuna,Kakulu-Samba Rice 1kg,0.013151669978238243,0.9858156028368794,45.10426452979644,0.012860086241858946,68.9591257451035
855,"2016, 2736",2330,Fortune Coconut Oil 675ml | Maldive Fish Bottle 100g,"Kome Rice Cracker 90G (B,B,Q)",0.012205506670451319,0.9923076923076922,45.011587982832616,0.011934343016436125,127.13407134071201
856,2330,"2016, 2736","Kome Rice Cracker 90G (B,B,Q)",Fortune Coconut Oil 675ml | Maldive Fish Bottle 100g,0.012205506670451319,0.5536480686695279,45.011587982832616,0.011934343016436125,2.212827609045321
857,2432,"1566, 2273",Little Lion Milky Cookies 200g,Watawala Tea 400g | Highland Dairy Ice Cream (butter scotch)1L,0.011212035197275049,0.5042553191489362,44.97446808510639,0.010962737414007035,1.9945508302887585
858,"1566, 2273",2432,Watawala Tea 400g | Highland Dairy Ice Cream (butter scotch)1L,Little Lion Milky Cookies 200g,0.011212035197275049,1.0,44.97446808510638,0.010962737414007035,inf
859,"2393, 3189",1270,Kist Tomato Sauce 15g | Fortune RBD Coconut Oil 200ml,Lifebuoy Turmeric 100g,0.01159050052038982,0.9722222222222222,44.9690007293946,0.01133275628919961,35.22168606301446
860,1270,"2393, 3189",Lifebuoy Turmeric 100g,Kist Tomato Sauce 15g | Fortune RBD Coconut Oil 200ml,0.01159050052038982,0.5361050328227571,44.9690007293946,0.01133275628919961,2.129961332269346
861,"2862, 3144",2194,Diamond Tuna | GoodKnight Mosquito Coil 10Hours,Freelan Chilli  Powder 100g,0.013151669978238243,0.9788732394366196,44.883779902844395,0.012858653881850942,46.30103762576069
862,"2059, 2510",2194,Renuka Coconut Milk Powder 300g | Kakulu-Samba Rice 1kg,Freelan Chilli  Powder 100g,0.013151669978238243,0.9788732394366196,44.883779902844395,0.012858653881850942,46.30103762576069
863,2194,"2862, 3144",Freelan Chilli  Powder 100g,Diamond Tuna | GoodKnight Mosquito Coil 10Hours,0.013151669978238243,0.6030368763557483,44.883779902844395,0.012858653881850942,2.485279922156094
864,2194,"2059, 2510",Freelan Chilli  Powder 100g,Renuka Coconut Milk Powder 300g | Kakulu-Samba Rice 1kg,0.013151669978238243,0.6030368763557483,44.883779902844395,0.012858653881850942,2.485279922156094
865,"2205, 3189",2276,Goraka Paste 250g | Fortune RBD Coconut Oil 200ml,T.R.M. Kekulu Rice 1kg,0.012300123001230012,0.981132075471698,44.79302335058478,0.012025523921258122,51.83910492951054
866,2276,"2205, 3189",T.R.M. Kekulu Rice 1kg,Goraka Paste 250g | Fortune RBD Coconut Oil 200ml,0.012300123001230012,0.5615550755939525,44.793023350584775,0.012025523921258122,2.252194702697311
867,2510,"2862, 3144",Kakulu-Samba Rice 1kg,Diamond Tuna | GoodKnight Mosquito Coil 10Hours,0.013151669978238243,0.6017316017316017,44.78662886409365,0.01285801827209739,2.4771347295412753
868,2510,"2059, 2194",Kakulu-Samba Rice 1kg,Renuka Coconut Milk Powder 300g | Freelan Chilli  Powder 100g,0.013151669978238243,0.6017316017316017,44.78662886409365,0.01285801827209739,2.4771347295412753
869,"2862, 3144",2510,Diamond Tuna | GoodKnight Mosquito Coil 10Hours,Kakulu-Samba Rice 1kg,0.013151669978238243,0.9788732394366196,44.78662886409364,0.01285801827209739,46.29879837259893
870,"2059, 2194",2510,Renuka Coconut Milk Powder 300g | Freelan Chilli  Powder 100g,Kakulu-Samba Rice 1kg,0.013151669978238243,0.9788732394366196,44.78662886409364,0.01285801827209739,46.29879837259893
871,"1566, 2944",2432,Watawala Tea 400g | Daily Banana Flavoured milk 180ml,Little Lion Milky Cookies 200g,0.011212035197275049,0.995798319327731,44.78549973180761,0.010961685524626157,232.7081086195424
872,2432,"1566, 2944",Little Lion Milky Cookies 200g,Watawala Tea 400g | Daily Banana Flavoured milk 180ml,0.011212035197275049,0.5042553191489362,44.78549973180761,0.010961685524626157,1.994455401800634
873,"2736, 3144",2330,Maldive Fish Bottle 100g | GoodKnight Mosquito Coil 10Hours,"Kome Rice Cracker 90G (B,B,Q)",0.012252814835840667,0.9847908745247148,44.6706212568743,0.011978522370432988,64.30050146655304
874,2330,"2736, 3144","Kome Rice Cracker 90G (B,B,Q)",Maldive Fish Bottle 100g | GoodKnight Mosquito Coil 10Hours,0.012252814835840667,0.555793991416309,44.6706212568743,0.011978522370432988,2.223198095972041
875,2012,"2045, 3190",Marina Vegetable Oil 500ml,Edinborough Tomato Sauce 405g | Fortune Cooking Oil RBD Palm Olein 2L,0.010360488220266818,0.4943566591422122,44.65688487584651,0.010128486184095448,1.9557854507116499
876,"2045, 3190",2012,Edinborough Tomato Sauce 405g | Fortune Cooking Oil RBD Palm Olein 2L,Marina Vegetable Oil 500ml,0.010360488220266818,0.9358974358974359,44.6568848758465,0.010128486184095448,15.273062730627307
877,2276,"2645, 3189",T.R.M. Kekulu Rice 1kg,Plaza Canned Fish 425g | Fortune RBD Coconut Oil 200ml,0.012252814835840667,0.5593952483801297,44.62074249154408,0.011978215755868776,2.2411545325860502
878,"2645, 3189",2276,Plaza Canned Fish 425g | Fortune RBD Coconut Oil 200ml,T.R.M. Kekulu Rice 1kg,0.012252814835840667,0.9773584905660377,44.62074249154407,0.011978215755868776,43.199254107925704
879,"2273, 2944",2432,Highland Dairy Ice Cream (butter scotch)1L | Daily Banana Flavoured milk 180ml,Little Lion Milky Cookies 200g,0.011212035197275049,0.9916317991631799,44.59811270364106,0.01096063363524528,116.84293689090707
880,2432,"2273, 2944",Little Lion Milky Cookies 200g,Highland Dairy Ice Cream (butter scotch)1L | Daily Banana Flavoured milk 180ml,0.011212035197275049,0.5042553191489362,44.59811270364106,0.01096063363524528,1.9943599733125097
881,"1478, 2856",1645,White Sugar 1kg (Pkt) | Anchor Butter 227g,Motha Baking Powder 100g,0.015659002743873593,0.9622093023255814,44.5058648414839,0.015307161412407592,25.889444456574772
882,1645,"1478, 2856",Motha Baking Powder 100g,White Sugar 1kg (Pkt) | Anchor Butter 227g,0.015659002743873593,0.7242888402625821,44.5058648414839,0.015307161412407592,3.5679585550434267
883,"2499, 3062",1967,Imorich Wonder Cone (Cooki Cream) 120ml | Ayush Toothpaste 30g,Edinborough Mustard Cream165g,0.010880878039549626,1.0,44.40756302521008,0.010635854955680498,inf
884,"2499, 2837",1967,Imorich Wonder Cone (Cooki Cream) 120ml | Kumarika Shampoo 40ml,Edinborough Mustard Cream165g,0.010880878039549626,1.0,44.40756302521008,0.010635854955680498,inf
885,"2746, 2837",1967,Misumi Romansu Soap 90g | Kumarika Shampoo 40ml,Edinborough Mustard Cream165g,0.010880878039549626,1.0,44.40756302521008,0.010635854955680498,inf
886,1967,"2499, 3062",Edinborough Mustard Cream165g,Imorich Wonder Cone (Cooki Cream) 120ml | Ayush Toothpaste 30g,0.010880878039549626,0.4831932773109243,44.40756302521008,0.010635854955680498,1.9139052928990827
887,1967,"2499, 2837",Edinborough Mustard Cream165g,Imorich Wonder Cone (Cooki Cream) 120ml | Kumarika Shampoo 40ml,0.010880878039549626,0.4831932773109243,44.40756302521008,0.010635854955680498,1.9139052928990827
888,1967,"2746, 2837",Edinborough Mustard Cream165g,Misumi Romansu Soap 90g | Kumarika Shampoo 40ml,0.010880878039549626,0.4831932773109243,44.40756302521008,0.010635854955680498,1.9139052928990827
889,"1569, 1808",2845,Zesta Tea (BOPF) 100g | Maliban Smart Cream Cracker 230g,Asiri Sweet Peanuts 100g,0.013340902639795628,0.9964664310954062,44.34380509577831,0.013040051086552045,276.6405998675265
890,2845,"1569, 1808",Asiri Sweet Peanuts 100g,Zesta Tea (BOPF) 100g | Maliban Smart Cream Cracker 230g,0.013340902639795628,0.5936842105263157,44.34380509577831,0.013040051086552045,2.428189636619363
891,"2194, 3144",2510,Freelan Chilli  Powder 100g | GoodKnight Mosquito Coil 10Hours,Kakulu-Samba Rice 1kg,0.013151669978238243,0.9686411149825783,44.31847594913796,0.012854916317455058,31.19191345759604
892,2510,"2194, 3144",Kakulu-Samba Rice 1kg,Freelan Chilli  Powder 100g | GoodKnight Mosquito Coil 10Hours,0.013151669978238243,0.6017316017316017,44.31847594913796,0.012854916317455058,2.476778375643288
893,"2510, 3144",2194,Kakulu-Samba Rice 1kg | GoodKnight Mosquito Coil 10Hours,Freelan Chilli  Powder 100g,0.013151669978238243,0.9652777777777778,44.26039407086045,0.012854526894577882,28.171898949758738
894,2194,"2510, 3144",Freelan Chilli  Powder 100g,Kakulu-Samba Rice 1kg | GoodKnight Mosquito Coil 10Hours,0.013151669978238243,0.6030368763557483,44.26039407086044,0.012854526894577882,2.4848032212982907
895,"1422, 2845",1808,Highland Milk Powder 400g | Asiri Sweet Peanuts 100g,Maliban Smart Cream Cracker 230g,0.013340902639795628,0.9964664310954062,44.25064584137541,0.013039417714861005,276.62721165672133
896,1808,"1422, 2845",Maliban Smart Cream Cracker 230g,Highland Milk Powder 400g | Asiri Sweet Peanuts 100g,0.013340902639795628,0.5924369747899159,44.25064584137541,0.013039417714861005,2.4207588229728447
897,"1799, 2273",2432,Asiri Sugar Candy 100g60 | Highland Dairy Ice Cream (butter scotch)1L,Little Lion Milky Cookies 200g,0.011212035197275049,0.9834024896265561,44.22800388452371,0.010958529856483525,58.9103510265874
898,"1799, 2944",2432,Asiri Sugar Candy 100g60 | Daily Banana Flavoured milk 180ml,Little Lion Milky Cookies 200g,0.011212035197275049,0.9834024896265561,44.22800388452371,0.010958529856483525,58.9103510265874
899,"1566, 1799",2432,Watawala Tea 400g | Asiri Sugar Candy 100g60,Little Lion Milky Cookies 200g,0.011212035197275049,0.9834024896265561,44.22800388452371,0.010958529856483525,58.9103510265874
900,2432,"1799, 2273",Little Lion Milky Cookies 200g,Asiri Sugar Candy 100g60 | Highland Dairy Ice Cream (butter scotch)1L,0.011212035197275049,0.5042553191489362,44.22800388452371,0.010958529856483525,1.9941691163362607
901,2432,"1799, 2944",Little Lion Milky Cookies 200g,Asiri Sugar Candy 100g60 | Daily Banana Flavoured milk 180ml,0.011212035197275049,0.5042553191489362,44.22800388452371,0.010958529856483525,1.9941691163362607
902,2432,"1566, 1799",Little Lion Milky Cookies 200g,Watawala Tea 400g | Asiri Sugar Candy 100g60,0.011212035197275049,0.5042553191489362,44.22800388452371,0.010958529856483525,1.9941691163362607
903,"2746, 3062",1967,Misumi Romansu Soap 90g | Ayush Toothpaste 30g,Edinborough Mustard Cream165g,0.010880878039549626,0.9956709956709956,44.21532249263341,0.010634789637924545,225.79818336644513
904,"2499, 2746",1967,Imorich Wonder Cone (Cooki Cream) 120ml | Misumi Romansu Soap 90g,Edinborough Mustard Cream165g,0.010880878039549626,0.9956709956709956,44.21532249263341,0.010634789637924545,225.79818336644513
905,1967,"2746, 3062",Edinborough Mustard Cream165g,Misumi Romansu Soap 90g | Ayush Toothpaste 30g,0.010880878039549626,0.4831932773109243,44.21532249263341,0.010634789637924545,1.9138137535221504
906,1967,"2499, 2746",Edinborough Mustard Cream165g,Imorich Wonder Cone (Cooki Cream) 120ml | Misumi Romansu Soap 90g,0.010880878039549626,0.4831932773109243,44.21532249263341,0.010634789637924545,1.9138137535221504
907,"2016, 2713",2330,Fortune Coconut Oil 675ml | Sera Turmeric Powder 25g,"Kome Rice Cracker 90G (B,B,Q)",0.012205506670451319,0.9735849056603773,44.162312737873506,0.011929128330781986,37.02255923658123
908,"2016, 3144",2330,Fortune Coconut Oil 675ml | GoodKnight Mosquito Coil 10Hours,"Kome Rice Cracker 90G (B,B,Q)",0.012205506670451319,0.9735849056603773,44.162312737873506,0.011929128330781986,37.02255923658123
909,2330,"2016, 2713","Kome Rice Cracker 90G (B,B,Q)",Fortune Coconut Oil 675ml | Sera Turmeric Powder 25g,0.012205506670451319,0.5536480686695279,44.162312737873506,0.011929128330781986,2.2122976666157195
910,2330,"2016, 3144","Kome Rice Cracker 90G (B,B,Q)",Fortune Coconut Oil 675ml | GoodKnight Mosquito Coil 10Hours,0.012205506670451319,0.5536480686695279,44.162312737873506,0.011929128330781986,2.2122976666157195
911,"2008, 2045",2012,Marina Coconut Oil 350ml | Edinborough Tomato Sauce 405g,Marina Vegetable Oil 500ml,0.010360488220266818,0.9240506329113924,44.09160785210161,0.010125511799016329,12.890726022644849
912,2012,"2008, 2045",Marina Vegetable Oil 500ml,Marina Coconut Oil 350ml | Edinborough Tomato Sauce 405g,0.010360488220266818,0.4943566591422122,44.09160785210161,0.010125511799016329,1.9555047696768175
913,"1479, 3244",1575,White Sugar 1kg | Nestle Milkmaid 510g,Dilmah Strong Tea 100g,0.012489355662787397,0.9635036496350365,44.08342022940563,0.012206043805454321,26.80113539596938
914,1575,"1479, 3244",Dilmah Strong Tea 100g,White Sugar 1kg | Nestle Milkmaid 510g,0.012489355662787397,0.5714285714285714,44.08342022940563,0.012206043805454321,2.3030876462610776
915,"1422, 1569",2845,Highland Milk Powder 400g | Zesta Tea (BOPF) 100g,Asiri Sweet Peanuts 100g,0.013340902639795628,0.9894736842105263,44.03262049861495,0.013037924927165163,92.86521903680547
916,2845,"1422, 1569",Asiri Sweet Peanuts 100g,Highland Milk Powder 400g | Zesta Tea (BOPF) 100g,0.013340902639795628,0.5936842105263157,44.03262049861495,0.013037924927165163,2.427956772592835
917,"2837, 3062",1967,Kumarika Shampoo 40ml | Ayush Toothpaste 30g,Edinborough Mustard Cream165g,0.010880878039549626,0.9913793103448275,44.024739206027235,0.010633724320168592,113.3878323398609
918,1967,"2837, 3062",Edinborough Mustard Cream165g,Kumarika Shampoo 40ml | Ayush Toothpaste 30g,0.010880878039549626,0.4831932773109243,44.024739206027235,0.010633724320168592,1.9137222141452181
919,1569,"1422, 2845",Zesta Tea (BOPF) 100g,Highland Milk Powder 400g | Asiri Sweet Peanuts 100g,0.013340902639795628,0.5887265135699373,43.97350192170083,0.013037517599787888,2.3989190204280018
920,"1422, 2845",1569,Highland Milk Powder 400g | Asiri Sweet Peanuts 100g,Zesta Tea (BOPF) 100g,0.013340902639795628,0.9964664310954062,43.97350192170082,0.013037517599787888,276.5870470243057
921,"1422, 1569",1808,Highland Milk Powder 400g | Zesta Tea (BOPF) 100g,Maliban Smart Cream Cracker 230g,0.013340902639795628,0.9894736842105263,43.94011499336576,0.0130372870793491,92.86072476109348
922,"1569, 2845",1808,Zesta Tea (BOPF) 100g | Asiri Sweet Peanuts 100g,Maliban Smart Cream Cracker 230g,0.013340902639795628,0.9894736842105263,43.94011499336576,0.0130372870793491,92.86072476109348
923,1808,"1422, 1569",Maliban Smart Cream Cracker 230g,Highland Milk Powder 400g | Zesta Tea (BOPF) 100g,0.013340902639795628,0.5924369747899159,43.94011499336576,0.0130372870793491,2.4205266715633047
924,1808,"1569, 2845",Maliban Smart Cream Cracker 230g,Zesta Tea (BOPF) 100g | Asiri Sweet Peanuts 100g,0.013340902639795628,0.5924369747899159,43.94011499336576,0.0130372870793491,2.4205266715633047
925,"2713, 3189",1270,Sera Turmeric Powder 25g | Fortune RBD Coconut Oil 200ml,Lifebuoy Turmeric 100g,0.01159050052038982,0.9496124031007753,43.92321001475753,0.011326619521790319,19.41708334243111
926,1270,"2713, 3189",Lifebuoy Turmeric 100g,Sera Turmeric Powder 25g | Fortune RBD Coconut Oil 200ml,0.01159050052038982,0.5361050328227571,43.92321001475752,0.011326619521790319,2.129349450243414
927,"1870, 3244",2528,Little Lion Choco Cookies 180g | Nestle Milkmaid 510g,Ambewela Fresh Milk (Chocolate) 1L,0.012442047497398051,0.9887218045112782,43.90672584823403,0.012158672974314624,86.67000977702106
928,2528,"1870, 3244",Ambewela Fresh Milk (Chocolate) 1L,Little Lion Choco Cookies 180g | Nestle Milkmaid 510g,0.012442047497398051,0.5525210084033613,43.906725848234025,0.012158672974314624,2.206619856014378
929,"1808, 3116",2845,Maliban Smart Cream Cracker 230g | Candy Sugar 80g,Asiri Sweet Peanuts 100g,0.013340902639795628,0.9860139860139859,43.87866028708134,0.013036861847471723,69.89329643296392
930,"1422, 1808",2845,Highland Milk Powder 400g | Maliban Smart Cream Cracker 230g,Asiri Sweet Peanuts 100g,0.013340902639795628,0.9860139860139859,43.87866028708134,0.013036861847471723,69.89329643296392
931,2845,"1808, 3116",Asiri Sweet Peanuts 100g,Maliban Smart Cream Cracker 230g | Candy Sugar 80g,0.013340902639795628,0.5936842105263157,43.87866028708133,0.013036861847471723,2.427840340579571
932,2845,"1422, 1808",Asiri Sweet Peanuts 100g,Highland Milk Powder 400g | Maliban Smart Cream Cracker 230g,0.013340902639795628,0.5936842105263157,43.87866028708133,0.013036861847471723,2.427840340579571
933,"1808, 2845",1569,Maliban Smart Cream Cracker 230g | Asiri Sweet Peanuts 100g,Zesta Tea (BOPF) 100g,0.013340902639795628,0.9929577464788731,43.81866564732864,0.013036445567844397,138.78219320654543
934,1569,"1808, 2845",Zesta Tea (BOPF) 100g,Maliban Smart Cream Cracker 230g | Asiri Sweet Peanuts 100g,0.013340902639795628,0.5887265135699373,43.81866564732864,0.013036445567844397,2.398803991944644
935,"2713, 2736",2016,Sera Turmeric Powder 25g | Maldive Fish Bottle 100g,Fortune Coconut Oil 675ml,0.012205506670451319,1.0,43.7639751552795,0.01192661274851793,inf
936,2016,"2713, 2736",Fortune Coconut Oil 675ml,Sera Turmeric Powder 25g | Maldive Fish Bottle 100g,0.012205506670451319,0.5341614906832298,43.7639751552795,0.01192661274851793,2.1204655123474314
937,"1119, 3119",1721,Silicone oil 25ml | Rice Flakes (Samuel's Product) 200g,LankaSoy (polos curry)90g,0.011117418866496358,0.9957627118644068,43.75973431058177,0.010863362962326756,230.6297662976636
938,1721,"1119, 3119",LankaSoy (polos curry)90g,Silicone oil 25ml | Rice Flakes (Samuel's Product) 200g,0.011117418866496358,0.4885654885654886,43.75973431058177,0.010863362962326756,1.9334543345433457
939,1575,"1479, 2528",Dilmah Strong Tea 100g,White Sugar 1kg | Ambewela Fresh Milk (Chocolate) 1L,0.012442047497398051,0.5692640692640693,43.75674144037781,0.012157701655184197,2.291404510488862
940,1575,"1479, 1870",Dilmah Strong Tea 100g,White Sugar 1kg | Little Lion Choco Cookies 180g,0.012442047497398051,0.5692640692640693,43.75674144037781,0.012157701655184197,2.291404510488862
941,"1479, 2528",1575,White Sugar 1kg | Ambewela Fresh Milk (Chocolate) 1L,Dilmah Strong Tea 100g,0.012442047497398051,0.9563636363636364,43.7567414403778,0.012157701655184197,22.41579146560699
942,"1479, 1870",1575,White Sugar 1kg | Little Lion Choco Cookies 180g,Dilmah Strong Tea 100g,0.012442047497398051,0.9563636363636364,43.7567414403778,0.012157701655184197,22.41579146560699
943,"1575, 1870",2528,Dilmah Strong Tea 100g | Little Lion Choco Cookies 180g,Ambewela Fresh Milk (Chocolate) 1L,0.012442047497398051,0.9850187265917604,43.74228118213578,0.012157607656558673,65.24687766108462
944,2528,"1575, 1870",Ambewela Fresh Milk (Chocolate) 1L,Dilmah Strong Tea 100g | Little Lion Choco Cookies 180g,0.012442047497398051,0.5525210084033613,43.74228118213577,0.012157607656558673,2.206514134480456
945,"1569, 3116",2845,Zesta Tea (BOPF) 100g | Candy Sugar 80g,Asiri Sweet Peanuts 100g,0.013388210805184975,0.982638888888889,43.72846491228071,0.01308204385347419,56.30564859494769
946,2845,"1569, 3116",Asiri Sweet Peanuts 100g,Zesta Tea (BOPF) 100g | Candy Sugar 80g,0.013388210805184975,0.5957894736842105,43.72846491228071,0.01308204385347419,2.440251265493424
947,"3144, 3189",1270,GoodKnight Mosquito Coil 10Hours | Fortune RBD Coconut Oil 200ml,Lifebuoy Turmeric 100g,0.01159050052038982,0.9423076923076924,43.58533916849016,0.011324573932653889,16.958589585895886
948,1270,"3144, 3189",Lifebuoy Turmeric 100g,GoodKnight Mosquito Coil 10Hours | Fortune RBD Coconut Oil 200ml,0.01159050052038982,0.5361050328227571,43.58533916849015,0.011324573932653889,2.1291454895681032
949,"1575, 3244",2528,Dilmah Strong Tea 100g | Nestle Milkmaid 510g,Ambewela Fresh Milk (Chocolate) 1L,0.012442047497398051,0.9813432835820897,43.57906371503826,0.01215654233880272,52.392998391522696
950,2528,"1575, 3244",Ambewela Fresh Milk (Chocolate) 1L,Dilmah Strong Tea 100g | Nestle Milkmaid 510g,0.012442047497398051,0.5525210084033613,43.57906371503825,0.01215654233880272,2.2064084129465344
951,1721,"1119, 2176",LankaSoy (polos curry)90g,Silicone oil 25ml | Wijaya Roasted Curry Powder 50g,0.011117418866496358,0.4885654885654886,43.5750940814232,0.010862286454258241,1.9333618336183365
952,"1119, 2176",1721,Silicone oil 25ml | Wijaya Roasted Curry Powder 50g,LankaSoy (polos curry)90g,0.011117418866496358,0.9915611814345993,43.575094081423195,0.010862286454258241,115.80350553505676
953,"1422, 3116",2845,Highland Milk Powder 400g | Candy Sugar 80g,Asiri Sweet Peanuts 100g,0.013340902639795628,0.9791666666666666,43.57394736842105,0.013034735688084843,46.92137382912283
954,2845,"1422, 3116",Asiri Sweet Peanuts 100g,Highland Milk Powder 400g | Candy Sugar 80g,0.013340902639795628,0.5936842105263157,43.573947368421045,0.013034735688084843,2.4276074765530433
955,"1808, 3116",1569,Maliban Smart Cream Cracker 230g | Candy Sugar 80g,Zesta Tea (BOPF) 100g,0.013340902639795628,0.9860139860139859,43.51224141203264,0.013034301503957417,69.87976629766257
956,"1422, 1808",1569,Highland Milk Powder 400g | Maliban Smart Cream Cracker 230g,Zesta Tea (BOPF) 100g,0.013340902639795628,0.9860139860139859,43.51224141203264,0.013034301503957417,69.87976629766257
957,1569,"1808, 3116",Zesta Tea (BOPF) 100g,Maliban Smart Cream Cracker 230g | Candy Sugar 80g,0.013340902639795628,0.5887265135699373,43.51224141203264,0.013034301503957417,2.3985739349779283
958,1569,"1422, 1808",Zesta Tea (BOPF) 100g,Highland Milk Powder 400g | Maliban Smart Cream Cracker 230g,0.013340902639795628,0.5887265135699373,43.51224141203264,0.013034301503957417,2.3985739349779283
959,"1422, 3116",1808,Highland Milk Powder 400g | Candy Sugar 80g,Maliban Smart Cream Cracker 230g,0.013340902639795628,0.9791666666666666,43.48240546218487,0.013034091126081242,46.919103037184136
960,"1569, 3116",1808,Zesta Tea (BOPF) 100g | Candy Sugar 80g,Maliban Smart Cream Cracker 230g,0.013340902639795628,0.9791666666666666,43.48240546218487,0.013034091126081242,46.919103037184136
961,"2845, 3116",1808,Asiri Sweet Peanuts 100g | Candy Sugar 80g,Maliban Smart Cream Cracker 230g,0.013340902639795628,0.9791666666666666,43.48240546218487,0.013034091126081242,46.919103037184136
962,1808,"1422, 3116",Maliban Smart Cream Cracker 230g,Highland Milk Powder 400g | Candy Sugar 80g,0.013340902639795628,0.5924369747899159,43.482405462184865,0.013034091126081242,2.4201784444489958
963,1808,"1569, 3116",Maliban Smart Cream Cracker 230g,Zesta Tea (BOPF) 100g | Candy Sugar 80g,0.013340902639795628,0.5924369747899159,43.482405462184865,0.013034091126081242,2.4201784444489958
964,1808,"2845, 3116",Maliban Smart Cream Cracker 230g,Asiri Sweet Peanuts 100g | Candy Sugar 80g,0.013340902639795628,0.5924369747899159,43.482405462184865,0.013034091126081242,2.4201784444489958
965,1721,"2176, 3119",LankaSoy (polos curry)90g,Wijaya Roasted Curry Powder 50g | Rice Flakes (Samuel's Product) 200g,0.011117418866496358,0.4885654885654886,43.39200545082898,0.010861209946189726,1.9332693326933272
966,"2176, 3119",1721,Wijaya Roasted Curry Powder 50g | Rice Flakes (Samuel's Product) 200g,LankaSoy (polos curry)90g,0.011117418866496358,0.9873949579831932,43.392005450828975,0.010861209946189726,77.5280852808524
967,"2845, 3116",1569,Asiri Sweet Peanuts 100g | Candy Sugar 80g,Zesta Tea (BOPF) 100g,0.013388210805184975,0.982638888888889,43.36330027835769,0.013079465605459785,56.29474879364198
968,1569,"2845, 3116",Zesta Tea (BOPF) 100g,Asiri Sweet Peanuts 100g | Candy Sugar 80g,0.013388210805184975,0.5908141962421711,43.363300278357684,0.013079465605459785,2.4105803263684122
969,"2330, 2736",2016,"Kome Rice Cracker 90G (B,B,Q) | Maldive Fish Bottle 100g",Fortune Coconut Oil 675ml,0.012205506670451319,0.9885057471264368,43.260940958092384,0.011923369795937309,85.01206358217439
970,2016,"2330, 2736",Fortune Coconut Oil 675ml,"Kome Rice Cracker 90G (B,B,Q) | Maldive Fish Bottle 100g",0.012205506670451319,0.5341614906832298,43.260940958092384,0.011923369795937309,2.1201608477623237
971,1569,"1422, 3116",Zesta Tea (BOPF) 100g,Highland Milk Powder 400g | Candy Sugar 80g,0.013340902639795628,0.5887265135699373,43.21007306889353,0.013032157440070437,2.3983438780112123
972,"1422, 3116",1569,Highland Milk Powder 400g | Candy Sugar 80g,Zesta Tea (BOPF) 100g,0.013340902639795628,0.9791666666666666,43.21007306889352,0.013032157440070437,46.91229066136807
973,"1436, 1567",1419,Kotmale Vanilla milk 170ml | Watawala Ayurvedic Tea 160g,Highland Butter (Salted) 200g,0.012016274008893935,0.9731800766283525,43.12595484228536,0.011737641940274508,36.444325047646075
974,1419,"1436, 1567",Highland Butter (Salted) 200g,Kotmale Vanilla milk 170ml | Watawala Ayurvedic Tea 160g,0.012016274008893935,0.5324947589098532,43.12595484228535,0.011737641940274508,2.1126021315404597
975,"1516, 1996",1822,E/H Ice Cream (Chocolate) 80ml | KVC Tomato Sauce400g,CBL Sun Cracker 95g,0.010313180054877472,0.995433789954338,43.11778576240737,0.01007399383804096,213.94408174851242
976,1822,"1516, 1996",CBL Sun Cracker 95g,E/H Ice Cream (Chocolate) 80ml | KVC Tomato Sauce400g,0.010313180054877472,0.4467213114754099,43.11778576240737,0.01007399383804096,1.78868178425374
977,"1645, 2629",2856,Motha Baking Powder 100g | Prima Self Raising Flour 1kg,Anchor Butter 227g,0.015659002743873593,0.9851190476190477,43.02364964580874,0.01529504006583986,65.66131138234482
978,2856,"1645, 2629",Anchor Butter 227g,Motha Baking Powder 100g | Prima Self Raising Flour 1kg,0.015659002743873593,0.6838842975206612,43.02364964580874,0.01529504006583986,3.1131147510570125
979,"2736, 3144",2016,Maldive Fish Bottle 100g | GoodKnight Mosquito Coil 10Hours,Fortune Coconut Oil 675ml,0.012205506670451319,0.9809885931558935,42.931960418487115,0.011921207827550228,51.39809821175121
980,2016,"2736, 3144",Fortune Coconut Oil 675ml,Maldive Fish Bottle 100g | GoodKnight Mosquito Coil 10Hours,0.012205506670451319,0.5341614906832298,42.931960418487115,0.011921207827550228,2.1199577380389187
981,"1996, 2019",1822,KVC Tomato Sauce400g | Harischandra Noodles 400g,CBL Sun Cracker 95g,0.010313180054877472,0.990909090909091,42.9217958271237,0.010072901663534856,107.46049768190052
982,"1516, 2928",1822,E/H Ice Cream (Chocolate) 80ml | Revello Dark Chocolate 100g,CBL Sun Cracker 95g,0.010313180054877472,0.990909090909091,42.9217958271237,0.010072901663534856,107.46049768190052
983,1822,"1996, 2019",CBL Sun Cracker 95g,KVC Tomato Sauce400g | Harischandra Noodles 400g,0.010313180054877472,0.4467213114754099,42.9217958271237,0.010072901663534856,1.7885962791251844
984,1822,"1516, 2928",CBL Sun Cracker 95g,E/H Ice Cream (Chocolate) 80ml | Revello Dark Chocolate 100g,0.010313180054877472,0.4467213114754099,42.9217958271237,0.010072901663534856,1.7885962791251844
985,2856,"1478, 1645",Anchor Butter 227g,White Sugar 1kg (Pkt) | Motha Baking Powder 100g,0.015659002743873593,0.6838842975206612,42.89598302964907,0.015293956843583808,3.1129650964684608
986,2856,"1478, 2629",Anchor Butter 227g,White Sugar 1kg (Pkt) | Prima Self Raising Flour 1kg,0.015659002743873593,0.6838842975206612,42.89598302964907,0.015293956843583808,3.1129650964684608
987,"1478, 1645",2856,White Sugar 1kg (Pkt) | Motha Baking Powder 100g,Anchor Butter 227g,0.015659002743873593,0.9821958456973293,42.89598302964906,0.015293956843583808,54.880609959945566
988,"1478, 2629",2856,White Sugar 1kg (Pkt) | Prima Self Raising Flour 1kg,Anchor Butter 227g,0.015659002743873593,0.9821958456973293,42.89598302964906,0.015293956843583808,54.880609959945566
989,1721,"2002, 2176",LankaSoy (polos curry)90g,Ocean Star Canned Fish 425g | Wijaya Roasted Curry Powder 50g,0.011117418866496358,0.4885654885654886,42.851856005382984,0.01085798042198418,1.9329918299182995
990,1721,"1119, 2002",LankaSoy (polos curry)90g,Silicone oil 25ml | Ocean Star Canned Fish 425g,0.011117418866496358,0.4885654885654886,42.851856005382984,0.01085798042198418,1.9329918299182995
991,"2002, 2176",1721,Ocean Star Canned Fish 425g | Wijaya Roasted Curry Powder 50g,LankaSoy (polos curry)90g,0.011117418866496358,0.9751037344398341,42.85185600538298,0.01085798042198418,39.252665026650405
992,"1119, 2002",1721,Silicone oil 25ml | Ocean Star Canned Fish 425g,LankaSoy (polos curry)90g,0.011117418866496358,0.9751037344398341,42.85185600538298,0.01085798042198418,39.252665026650405
993,"1436, 1478",1419,Kotmale Vanilla milk 170ml | White Sugar 1kg (Pkt),Highland Butter (Salted) 200g,0.012016274008893935,0.9657794676806083,42.79800081306645,0.011735506828637578,28.562793704860066
994,1419,"1436, 1478",Highland Butter (Salted) 200g,Kotmale Vanilla milk 170ml | White Sugar 1kg (Pkt),0.012016274008893935,0.5324947589098532,42.79800081306645,0.011735506828637578,2.1123997459360586
995,"1566, 2273",1799,Watawala Tea 400g | Highland Dairy Ice Cream (butter scotch)1L,Asiri Sugar Candy 100g60,0.011212035197275049,1.0,42.78947368421053,0.010950007314435902,inf
996,1799,"1566, 2273",Asiri Sugar Candy 100g60,Watawala Tea 400g | Highland Dairy Ice Cream (butter scotch)1L,0.011212035197275049,0.4797570850202429,42.78947368421053,0.010950007314435902,1.9006274498542648
997,"1996, 2928",1822,KVC Tomato Sauce400g | Revello Dark Chocolate 100g,CBL Sun Cracker 95g,0.010313180054877472,0.9864253393665158,42.72757955641273,0.010071809489028754,71.96596965969627
998,1822,"1996, 2928",CBL Sun Cracker 95g,KVC Tomato Sauce400g | Revello Dark Chocolate 100g,0.010313180054877472,0.4467213114754099,42.72757955641273,0.010071809489028754,1.7885107739966288
999,"2276, 2371",2205,T.R.M. Kekulu Rice 1kg | Cooking Oil 750ml (loose),Goraka Paste 250g,0.012252814835840667,0.9961538461538462,42.711359026369166,0.011965939982987681,253.9360393603945
1000,"2371, 2645",2205,Cooking Oil 750ml (loose) | Plaza Canned Fish 425g,Goraka Paste 250g,0.012252814835840667,0.9961538461538462,42.711359026369166,0.011965939982987681,253.9360393603945
1001,2205,"2276, 2371",Goraka Paste 250g,T.R.M. Kekulu Rice 1kg | Cooking Oil 750ml (loose),0.012252814835840667,0.5253549695740365,42.711359026369166,0.011965939982987681,2.080923245129887
1002,2205,"2371, 2645",Goraka Paste 250g,Cooking Oil 750ml (loose) | Plaza Canned Fish 425g,0.012252814835840667,0.5253549695740365,42.711359026369166,0.011965939982987681,2.080923245129887
1003,"1479, 3244",2528,White Sugar 1kg | Nestle Milkmaid 510g,Ambewela Fresh Milk (Chocolate) 1L,0.012442047497398051,0.9598540145985401,42.62477764828559,0.012150150432267004,24.348170894296352
1004,2528,"1479, 3244",Ambewela Fresh Milk (Chocolate) 1L,White Sugar 1kg | Nestle Milkmaid 510g,0.012442047497398051,0.5525210084033613,42.62477764828559,0.012150150432267004,2.205774083743004
1005,"2273, 2432",1799,Highland Dairy Ice Cream (butter scotch)1L | Little Lion Milky Cookies 200g,Asiri Sugar Candy 100g60,0.011212035197275049,0.995798319327731,42.60968597965502,0.010948901711554725,232.43788437883848
1006,"1566, 2944",1799,Watawala Tea 400g | Daily Banana Flavoured milk 180ml,Asiri Sugar Candy 100g60,0.011212035197275049,0.995798319327731,42.60968597965502,0.010948901711554725,232.43788437883848
1007,1799,"2273, 2432",Asiri Sugar Candy 100g60,Highland Dairy Ice Cream (butter scotch)1L | Little Lion Milky Cookies 200g,0.011212035197275049,0.4797570850202429,42.60968597965501,0.010948901711554725,1.900536515092777
1008,1799,"1566, 2944",Asiri Sugar Candy 100g60,Watawala Tea 400g | Daily Banana Flavoured milk 180ml,0.011212035197275049,0.4797570850202429,42.60968597965501,0.010948901711554725,1.900536515092777
1009,"2330, 2713",2016,"Kome Rice Cracker 90G (B,B,Q) | Sera Turmeric Powder 25g",Fortune Coconut Oil 675ml,0.012205506670451319,0.9735849056603773,42.60794562287589,0.011919045859163148,36.99211305299851
1010,2016,"2330, 2713",Fortune Coconut Oil 675ml,"Kome Rice Cracker 90G (B,B,Q) | Sera Turmeric Powder 25g",0.012205506670451319,0.5341614906832298,42.60794562287589,0.011919045859163148,2.1197546283155138
1011,"2371, 3189",2205,Cooking Oil 750ml (loose) | Fortune RBD Coconut Oil 200ml,Goraka Paste 250g,0.012252814835840667,0.9923371647509579,42.54771397262829,0.011964836618169016,127.4563582174291
1012,2205,"2371, 3189",Goraka Paste 250g,Cooking Oil 750ml (loose) | Fortune RBD Coconut Oil 200ml,0.012252814835840667,0.5253549695740365,42.54771397262829,0.011964836618169016,2.080823574507934
1013,"1478, 1567",1419,White Sugar 1kg (Pkt) | Watawala Ayurvedic Tea 160g,Highland Butter (Salted) 200g,0.012063582174283282,0.9586466165413534,42.48191232798979,0.01177961232657153,23.636131396279016
1014,1419,"1478, 1567",Highland Butter (Salted) 200g,White Sugar 1kg (Pkt) | Watawala Ayurvedic Tea 160g,0.012063582174283282,0.5345911949685536,42.48191232798979,0.01177961232657153,2.121610114230041
1015,"1436, 1854",1419,Kotmale Vanilla milk 170ml | CBL Nice Biscuits  100g,Highland Butter (Salted) 200g,0.012016274008893935,0.9584905660377357,42.4749970333452,0.011733371717000647,23.547273759450825
1016,1419,"1436, 1854",Highland Butter (Salted) 200g,Kotmale Vanilla milk 170ml | CBL Nice Biscuits  100g,0.012016274008893935,0.5324947589098532,42.4749970333452,0.011733371717000647,2.1121973603316575
1017,"1479, 1870",2528,White Sugar 1kg | Little Lion Choco Cookies 180g,Ambewela Fresh Milk (Chocolate) 1L,0.012442047497398051,0.9563636363636364,42.46977845683728,0.01214908511451105,22.400613429211244
1018,2528,"1479, 1870",Ambewela Fresh Milk (Chocolate) 1L,White Sugar 1kg | Little Lion Choco Cookies 180g,0.012442047497398051,0.5525210084033613,42.469778456837275,0.01214908511451105,2.205668362209082
1019,"2273, 2944",1799,Highland Dairy Ice Cream (butter scotch)1L | Daily Banana Flavoured milk 180ml,Asiri Sugar Candy 100g60,0.011212035197275049,0.9916317991631799,42.431402774719224,0.010947796108673547,116.70725707257041
1020,"1566, 2432",1799,Watawala Tea 400g | Little Lion Milky Cookies 200g,Asiri Sugar Candy 100g60,0.011212035197275049,0.9916317991631799,42.431402774719224,0.010947796108673547,116.70725707257041
1021,1799,"2273, 2944",Asiri Sugar Candy 100g60,Highland Dairy Ice Cream (butter scotch)1L | Daily Banana Flavoured milk 180ml,0.011212035197275049,0.4797570850202429,42.431402774719224,0.010947796108673547,1.9004455803312894
1022,1799,"1566, 2432",Asiri Sugar Candy 100g60,Watawala Tea 400g | Little Lion Milky Cookies 200g,0.011212035197275049,0.4797570850202429,42.431402774719224,0.010947796108673547,1.9004455803312894
1023,"2002, 3119",1721,Ocean Star Canned Fish 425g | Rice Flakes (Samuel's Product) 200g,LankaSoy (polos curry)90g,0.011117418866496358,0.9631147540983608,42.324988923349586,0.010854750897778634,26.49419160858284
1024,1721,"2002, 3119",LankaSoy (polos curry)90g,Ocean Star Canned Fish 425g | Rice Flakes (Samuel's Product) 200g,0.011117418866496358,0.4885654885654886,42.324988923349586,0.010854750897778634,1.9327143271432718
1025,"1479, 1575",2528,White Sugar 1kg | Dilmah Strong Tea 100g,Ambewela Fresh Milk (Chocolate) 1L,0.012442047497398051,0.9528985507246377,42.31590244793569,0.012148019796755097,20.752680189523794
1026,2528,"1479, 1575",Ambewela Fresh Milk (Chocolate) 1L,White Sugar 1kg | Dilmah Strong Tea 100g,0.012442047497398051,0.5525210084033613,42.31590244793569,0.012148019796755097,2.2055626406751605
1027,2016,"2330, 3144",Fortune Coconut Oil 675ml,"Kome Rice Cracker 90G (B,B,Q) | GoodKnight Mosquito Coil 10Hours",0.012205506670451319,0.5341614906832298,42.28878498150604,0.011916883890776067,2.119551518592109
1028,"2330, 3144",2016,"Kome Rice Cracker 90G (B,B,Q) | GoodKnight Mosquito Coil 10Hours",Fortune Coconut Oil 675ml,0.012205506670451319,0.9662921348314606,42.28878498150603,0.011916883890776067,28.988787964802654
1029,"1567, 1854",1419,Watawala Ayurvedic Tea 160g | CBL Nice Biscuits  100g,Highland Butter (Salted) 200g,0.012016274008893935,0.951310861423221,42.15683226155984,0.011731236605363717,20.074990720321402
1030,1419,"1567, 1854",Highland Butter (Salted) 200g,Watawala Ayurvedic Tea 160g | CBL Nice Biscuits  100g,0.012016274008893935,0.5324947589098532,42.15683226155984,0.011731236605363717,2.1119949747272564
1031,"2432, 2944",1799,Little Lion Milky Cookies 200g | Daily Banana Flavoured milk 180ml,Asiri Sugar Candy 100g60,0.011212035197275049,0.9834024896265561,42.07927495086264,0.010945584902911192,58.8419434194344
1032,1799,"2432, 2944",Asiri Sugar Candy 100g60,Little Lion Milky Cookies 200g | Daily Banana Flavoured milk 180ml,0.011212035197275049,0.4797570850202429,42.07927495086263,0.010945584902911192,1.900263710808314
1033,"2645, 3189",2205,Plaza Canned Fish 425g | Fortune RBD Coconut Oil 200ml,Goraka Paste 250g,0.012300123001230012,0.981132075471698,42.067281564545134,0.012007731324283701,51.76388494654148
1034,2205,"2645, 3189",Goraka Paste 250g,Plaza Canned Fish 425g | Fortune RBD Coconut Oil 200ml,0.012300123001230012,0.5273833671399594,42.067281564545134,0.012007731324283701,2.089353754217634
1035,"2276, 2645",2205,T.R.M. Kekulu Rice 1kg | Plaza Canned Fish 425g,Goraka Paste 250g,0.012252814835840667,0.9810606060606061,42.064217222939334,0.011961526523713021,51.568549531649204
1036,2205,"2276, 2645",Goraka Paste 250g,T.R.M. Kekulu Rice 1kg | Plaza Canned Fish 425g,0.012252814835840667,0.5253549695740365,42.064217222939334,0.011961526523713021,2.080524562642076
1037,"2019, 2928",1822,Harischandra Noodles 400g | Revello Dark Chocolate 100g,CBL Sun Cracker 95g,0.010313180054877472,0.9688888888888889,41.967978142076504,0.010067440791004342,31.400794777178564
1038,"1516, 2019",1822,E/H Ice Cream (Chocolate) 80ml | Harischandra Noodles 400g,CBL Sun Cracker 95g,0.010313180054877472,0.9688888888888889,41.967978142076504,0.010067440791004342,31.400794777178564
1039,1822,"2019, 2928",CBL Sun Cracker 95g,Harischandra Noodles 400g | Revello Dark Chocolate 100g,0.010313180054877472,0.4467213114754099,41.967978142076504,0.010067440791004342,1.7881687534824064
1040,1822,"1516, 2019",CBL Sun Cracker 95g,E/H Ice Cream (Chocolate) 80ml | Harischandra Noodles 400g,0.010313180054877472,0.4467213114754099,41.967978142076504,0.010067440791004342,1.7881687534824064
1041,2629,"1645, 2856",Prima Self Raising Flour 1kg,Motha Baking Powder 100g | Anchor Butter 227g,0.015659002743873593,0.6606786427145709,41.93821366276457,0.015285620060724724,2.9006319814329364
1042,"1645, 2856",2629,Motha Baking Powder 100g | Anchor Butter 227g,Prima Self Raising Flour 1kg,0.015659002743873593,0.993993993993994,41.93821366276456,0.015285620060724724,162.55371842180026
1043,"2276, 3189",2205,T.R.M. Kekulu Rice 1kg | Fortune RBD Coconut Oil 200ml,Goraka Paste 250g,0.012300123001230012,0.9737827715355806,41.75217084121522,0.01200552459464637,37.25325412594792
1044,2205,"2276, 3189",Goraka Paste 250g,T.R.M. Kekulu Rice 1kg | Fortune RBD Coconut Oil 200ml,0.012300123001230012,0.5273833671399594,41.75217084121521,0.01200552459464637,2.0891535574319096
1045,2629,"1478, 1645",Prima Self Raising Flour 1kg,White Sugar 1kg (Pkt) | Motha Baking Powder 100g,0.015659002743873593,0.6606786427145709,41.44043071127774,0.015281134983449662,2.900074301647994
1046,"1478, 1645",2629,White Sugar 1kg (Pkt) | Motha Baking Powder 100g,Prima Self Raising Flour 1kg,0.015659002743873593,0.9821958456973293,41.440430711277735,0.015281134983449662,54.83543854669298
1047,"1478, 2856",2629,White Sugar 1kg (Pkt) | Anchor Butter 227g,Prima Self Raising Flour 1kg,0.015659002743873593,0.9622093023255814,40.59716613285058,0.015273286098218306,25.834363195702995
1048,2629,"1478, 2856",Prima Self Raising Flour 1kg,White Sugar 1kg (Pkt) | Anchor Butter 227g,0.015659002743873593,0.6606786427145709,40.59716613285058,0.015273286098218306,2.8990983620243447
1049,"1569, 1808",1422,Zesta Tea (BOPF) 100g | Maliban Smart Cream Cracker 230g,Highland Milk Powder 400g,0.013340902639795628,0.9964664310954062,38.296922582717634,0.012992548209724111,275.63648405713764
1050,1422,"1569, 1808",Highland Milk Powder 400g,Zesta Tea (BOPF) 100g | Maliban Smart Cream Cracker 230g,0.013340902639795628,0.5127272727272727,38.296922582717634,0.012992548209724111,2.0247630002132397
1051,"1808, 2845",1422,Maliban Smart Cream Cracker 230g | Asiri Sweet Peanuts 100g,Highland Milk Powder 400g,0.013340902639795628,0.9929577464788731,38.1620742637644,0.012991317275342232,138.30523228309008
1052,1422,"1808, 2845",Highland Milk Powder 400g,Maliban Smart Cream Cracker 230g | Asiri Sweet Peanuts 100g,0.013340902639795628,0.5127272727272727,38.1620742637644,0.012991317275342232,2.0246659125603883
1053,"1569, 2845",1422,Zesta Tea (BOPF) 100g | Asiri Sweet Peanuts 100g,Highland Milk Powder 400g,0.013340902639795628,0.9894736842105263,38.02817224880383,0.012990086340960353,92.52814835840638
1054,1422,"1569, 2845",Highland Milk Powder 400g,Zesta Tea (BOPF) 100g | Asiri Sweet Peanuts 100g,0.013340902639795628,0.5127272727272727,38.02817224880383,0.012990086340960353,2.024568824907537
1055,"1808, 3116",1422,Maliban Smart Cream Cracker 230g | Candy Sugar 80g,Highland Milk Powder 400g,0.013340902639795628,0.9860139860139859,37.895206611570245,0.012988855406578476,69.63960639606356
1056,1422,"1808, 3116",Highland Milk Powder 400g,Maliban Smart Cream Cracker 230g | Candy Sugar 80g,0.013340902639795628,0.5127272727272727,37.895206611570245,0.012988855406578476,2.024471737254686
1057,"1569, 3116",1422,Zesta Tea (BOPF) 100g | Candy Sugar 80g,Highland Milk Powder 400g,0.013340902639795628,0.9791666666666666,37.632045454545455,0.01298639353781472,46.75106443372118
1058,"2845, 3116",1422,Asiri Sweet Peanuts 100g | Candy Sugar 80g,Highland Milk Powder 400g,0.013340902639795628,0.9791666666666666,37.632045454545455,0.01298639353781472,46.75106443372118
1059,1422,"1569, 3116",Highland Milk Powder 400g,Zesta Tea (BOPF) 100g | Candy Sugar 80g,0.013340902639795628,0.5127272727272727,37.632045454545455,0.01298639353781472,2.0242775619489835
1060,1422,"2845, 3116",Highland Milk Powder 400g,Asiri Sweet Peanuts 100g | Candy Sugar 80g,0.013340902639795628,0.5127272727272727,37.632045454545455,0.01298639353781472,2.0242775619489835
1061,2837,2499,Kumarika Shampoo 40ml,Imorich Wonder Cone (Cooki Cream) 120ml,0.010880878039549626,0.6233062330623307,35.04108285763709,0.01057036029431453,2.6074552223109397
1062,2499,2837,Imorich Wonder Cone (Cooki Cream) 120ml,Kumarika Shampoo 40ml,0.010880878039549626,0.6117021276595744,35.041082857637086,0.01057036029431453,2.5303854513782227
1063,1043,1060,Baby Cheramy Oil 100ml,P.Baby Cologne (magic) 50ml,0.010029331062541395,0.6144927536231884,34.91706404862086,0.00974209811968641,2.5483343613077545
1064,1060,1043,P.Baby Cologne (magic) 50ml,Baby Cheramy Oil 100ml,0.010029331062541395,0.5698924731182796,34.91706404862085,0.00974209811968641,2.2870529378370708
1065,1043,2683,Baby Cheramy Oil 100ml,Lifebuoy Shampoo 80ml,0.010123947393320088,0.6202898550724638,34.6870025304808,0.009832081661064215,2.586492688179965
1066,2683,1043,Lifebuoy Shampoo 80ml,Baby Cheramy Oil 100ml,0.010123947393320088,0.5661375661375662,34.68700253048079,0.009832081661064215,2.2672594033632643
1067,1934,1882,Diva Fresh (Jasmine) 400g,Dettol Hand Wash Refill (sensitive)175ml,0.010975494370328319,0.6236559139784947,34.60062653458641,0.010658289294305857,2.609249422164552
1068,1882,1934,Dettol Hand Wash Refill (sensitive)175ml,Diva Fresh (Jasmine) 400g,0.010975494370328319,0.6089238845144357,34.600626534586404,0.010658289294305857,2.5120464369331352
1069,1670,3164,Delmege Colouring (egg yellow)28ml,Sunlight 2in1 (sakura Fresh) 50g,0.011117418866496358,0.633423180592992,34.5976723291335,0.010796084565138322,2.6779973201315728
1070,3164,1670,Sunlight 2in1 (sakura Fresh) 50g,Delmege Colouring (egg yellow)28ml,0.011117418866496358,0.6072351421188631,34.597672329133495,0.010796084565138322,2.5013660232756174
1071,"1670, 2782",1878,Delmege Colouring (egg yellow)28ml | Cinthol Lime Soap 100g,Dettol Hand Wash (sensitive) 200ml,0.010928186204938973,0.9956896551724138,34.50309496890899,0.010611455598169162,225.30494843410074
1072,1878,"1670, 2782",Dettol Hand Wash (sensitive) 200ml,Delmege Colouring (egg yellow)28ml | Cinthol Lime Soap 100g,0.010928186204938973,0.37868852459016394,34.50309496890899,0.010611455598169162,1.5918336370292867
1073,"1670, 1904",1878,Delmege Colouring (egg yellow)28ml | Rin Lemon-Rose 200g,Dettol Hand Wash (sensitive) 200ml,0.010928186204938973,0.9914163090128756,34.35501301625273,0.010610090380036533,113.13804522660676
1074,1878,"1670, 1904",Dettol Hand Wash (sensitive) 200ml,Delmege Colouring (egg yellow)28ml | Rin Lemon-Rose 200g,0.010928186204938973,0.37868852459016394,34.35501301625273,0.010610090380036533,1.5917574945995046
1075,"1276, 2126",1878,Sunlight  (Care) 115g | Sunlight 2in1 (Rose) 200g,Dettol Hand Wash (sensitive) 200ml,0.010029331062541395,0.9906542056074765,34.328604259230886,0.009737174382158896,103.91219604503613
1076,1878,"1276, 2126",Dettol Hand Wash (sensitive) 200ml,Sunlight  (Care) 115g | Sunlight 2in1 (Rose) 200g,0.010029331062541395,0.3475409836065574,34.328604259230886,0.009737174382158896,1.5171467137941577
1077,"1904, 2782",1878,Rin Lemon-Rose 200g | Cinthol Lime Soap 100g,Dettol Hand Wash (sensitive) 200ml,0.010928186204938973,0.9871794871794873,34.20819672131148,0.010608725161903905,75.74907749077583
1078,"1904, 3164",1878,Rin Lemon-Rose 200g | Sunlight 2in1 (sakura Fresh) 50g,Dettol Hand Wash (sensitive) 200ml,0.010928186204938973,0.9871794871794873,34.20819672131148,0.010608725161903905,75.74907749077583
1079,1878,"1904, 2782",Dettol Hand Wash (sensitive) 200ml,Rin Lemon-Rose 200g | Cinthol Lime Soap 100g,0.010928186204938973,0.37868852459016394,34.20819672131148,0.010608725161903905,1.5916813521697222
1080,1878,"1904, 3164",Dettol Hand Wash (sensitive) 200ml,Rin Lemon-Rose 200g | Sunlight 2in1 (sakura Fresh) 50g,0.010928186204938973,0.37868852459016394,34.20819672131148,0.010608725161903905,1.5916813521697222
1081,"1670, 3164",1878,Delmege Colouring (egg yellow)28ml | Sunlight 2in1 (sakura Fresh) 50g,Dettol Hand Wash (sensitive) 200ml,0.010928186204938973,0.9829787234042553,34.062629926752706,0.010607359943771277,57.05459362285922
1082,1878,"1670, 3164",Dettol Hand Wash (sensitive) 200ml,Delmege Colouring (egg yellow)28ml | Sunlight 2in1 (sakura Fresh) 50g,0.010928186204938973,0.37868852459016394,34.062629926752706,0.010607359943771277,1.5916052097399398
1083,"1882, 1934",1288,Dettol Hand Wash Refill (sensitive)175ml | Diva Fresh (Jasmine) 400g,Senola Soap,0.010975494370328319,1.0,34.03864734299517,0.010653052228026592,inf
1084,"1314, 1934",1288,BIO Clean (Tile Cleaner) Kohomba | Diva Fresh (Jasmine) 400g,Senola Soap,0.010975494370328319,1.0,34.03864734299517,0.010653052228026592,inf
1085,1288,"1882, 1934",Senola Soap,Dettol Hand Wash Refill (sensitive)175ml | Diva Fresh (Jasmine) 400g,0.010975494370328319,0.3735909822866345,34.03864734299517,0.010653052228026592,1.5788797377789878
1086,1288,"1314, 1934",Senola Soap,BIO Clean (Tile Cleaner) Kohomba | Diva Fresh (Jasmine) 400g,0.010975494370328319,0.3735909822866345,34.03864734299517,0.010653052228026592,1.5788797377789878
1087,2371,2645,Cooking Oil 750ml (loose),Plaza Canned Fish 425g,0.012300123001230012,0.6598984771573604,34.021790268664105,0.011938586382959837,2.8832674549477986
1088,2645,2371,Plaza Canned Fish 425g,Cooking Oil 750ml (loose),0.012300123001230012,0.6341463414634146,34.021790268664105,0.011938586382959837,2.6823855930867
1089,1626,"1410, 2104",Ritzbury Milk Chocolate 45g,Prima Tea Bun 75g | Kandos Milk Choco 10g,0.011401267858832434,0.3905996758508914,33.97734958080717,0.011065712908269937,1.62209319003992
1090,"1410, 2104",1626,Prima Tea Bun 75g | Kandos Milk Choco 10g,Ritzbury Milk Chocolate 45g,0.011401267858832434,0.9917695473251028,33.977349580807164,0.011065712908269937,117.95351972750392
1091,"2782, 3164",1878,Cinthol Lime Soap 100g | Sunlight 2in1 (sakura Fresh) 50g,Dettol Hand Wash (sensitive) 200ml,0.010928186204938973,0.978813559322034,33.918296749096974,0.010605994725638647,45.83790330211007
1092,1878,"2782, 3164",Dettol Hand Wash (sensitive) 200ml,Cinthol Lime Soap 100g | Sunlight 2in1 (sakura Fresh) 50g,0.010928186204938973,0.37868852459016394,33.918296749096974,0.010605994725638647,1.5915290673101574
1093,3050,1276,Pears Bed Time BabySoap 70g,Sunlight  (Care) 115g,0.010029331062541395,0.5824175824175825,33.91499409681228,0.009733611386638988,2.353612351912993
1094,1276,3050,Sunlight  (Care) 115g,Pears Bed Time BabySoap 70g,0.010029331062541395,0.584022038567493,33.91499409681227,0.009733611386638988,2.3625766721243364
1095,"1314, 1882",1288,BIO Clean (Tile Cleaner) Kohomba | Dettol Hand Wash Refill (sensitive)175ml,Senola Soap,0.010975494370328319,0.9957081545064378,33.892558727789186,0.010651662391206327,226.15483962532062
1096,"1296, 1934",1288,Vim Limes (Promo) | Diva Fresh (Jasmine) 400g,Senola Soap,0.010975494370328319,0.9957081545064378,33.892558727789186,0.010651662391206327,226.15483962532062
1097,1288,"1314, 1882",Senola Soap,BIO Clean (Tile Cleaner) Kohomba | Dettol Hand Wash Refill (sensitive)175ml,0.010975494370328319,0.3735909822866345,33.892558727789186,0.010651662391206327,1.5788042149751143
1098,1288,"1296, 1934",Senola Soap,Vim Limes (Promo) | Diva Fresh (Jasmine) 400g,0.010975494370328319,0.3735909822866345,33.892558727789186,0.010651662391206327,1.5788042149751143
1099,3200,3208,Pears Kokum Baby Soap 2 Pack,Sunsilk Damage Restore Shampoo 80ml,0.011164727031885703,0.6327077747989276,33.77317410025184,0.010834147294288507,2.671621938004894
1100,3208,3200,Sunsilk Damage Restore Shampoo 80ml,Pears Kokum Baby Soap 2 Pack,0.011164727031885703,0.5959595959595959,33.77317410025184,0.010834147294288507,2.43132628441669
1101,"1296, 1314",1288,Vim Limes (Promo) | BIO Clean (Tile Cleaner) Kohomba,Senola Soap,0.010975494370328319,0.9914529914529916,33.74771873322599,0.01065027255438606,113.56273062730816
1102,1288,"1296, 1314",Senola Soap,Vim Limes (Promo) | BIO Clean (Tile Cleaner) Kohomba,0.010975494370328319,0.3735909822866345,33.74771873322599,0.01065027255438606,1.578728692171241
1103,1225,1079,N/S Facial Wash 100ml (Carrot),P. Baby Soap (Herbal) 100g,0.011117418866496358,0.6151832460732984,33.60140427777102,0.010786557133022585,2.5510628889648395
1104,1079,1225,P. Baby Soap (Herbal) 100g,N/S Facial Wash 100ml (Carrot),0.011117418866496358,0.6072351421188631,33.60140427777102,0.010786557133022585,2.5000410834067854
1105,"1069, 1562",1288,P.Baby Cream (Bedtime) 100ml | Sun Silk Shampoo (King-coconut)80ML,Senola Soap,0.010171255558709433,0.9862385321100917,33.57022559056863,0.009868271131891431,70.53183839530689
1106,1288,"1069, 1562",Senola Soap,P.Baby Cream (Bedtime) 100ml | Sun Silk Shampoo (King-coconut)80ML,0.010171255558709433,0.34621578099838973,33.57022559056863,0.009868271131891431,1.51378205710818
1107,"1657, 1852",1626,Motha Icing Sugar 1kg | CBL Ginger Biscuits 85g,Ritzbury Milk Chocolate 45g,0.011353959693443088,0.9795918367346937,33.56014950550722,0.011015642973740159,47.56973223578358
1108,"1657, 2104",1626,Motha Icing Sugar 1kg | Kandos Milk Choco 10g,Ritzbury Milk Chocolate 45g,0.011353959693443088,0.9795918367346937,33.56014950550722,0.011015642973740159,47.56973223578358
1109,1626,"1657, 1852",Ritzbury Milk Chocolate 45g,Motha Icing Sugar 1kg | CBL Ginger Biscuits 85g,0.011353959693443088,0.3889789303079416,33.56014950550722,0.011015642973740159,1.6176357060448792
1110,1626,"1657, 2104",Ritzbury Milk Chocolate 45g,Motha Icing Sugar 1kg | Kandos Milk Choco 10g,0.011353959693443088,0.3889789303079416,33.56014950550722,0.011015642973740159,1.6176357060448792
1111,1276,1937,Sunlight  (Care) 115g,Diva Fresh (Sepalika) 400g,0.010029331062541395,0.584022038567493,33.54635285662953,0.00973036171987083,2.3621217618187385
1112,1937,1276,Diva Fresh (Sepalika) 400g,Sunlight  (Care) 115g,0.010029331062541395,0.5760869565217391,33.54635285662953,0.00973036171987083,2.3184640130424974
1113,1996,1516,KVC Tomato Sauce400g,E/H Ice Cream (Chocolate) 80ml,0.010360488220266818,0.611731843575419,33.499450024604165,0.010051214837788676,2.5285077643250147
1114,1516,1996,E/H Ice Cream (Chocolate) 80ml,KVC Tomato Sauce400g,0.010360488220266818,0.5673575129533679,33.499450024604165,0.010051214837788676,2.2722310134202215
1115,"1296, 1882",1288,Vim Limes (Promo) | Dettol Hand Wash Refill (sensitive)175ml,Senola Soap,0.010975494370328319,0.9830508474576272,33.46172111684271,0.010647492880745528,57.2666761282999
1116,1288,"1296, 1882",Senola Soap,Vim Limes (Promo) | Dettol Hand Wash Refill (sensitive)175ml,0.010975494370328319,0.3735909822866345,33.46172111684271,0.010647492880745528,1.5785776465634938
1117,1934,1314,Diva Fresh (Jasmine) 400g,BIO Clean (Tile Cleaner) Kohomba,0.010975494370328319,0.6236559139784947,33.4589814966432,0.010647466023995378,2.607615262965817
1118,1314,1934,BIO Clean (Tile Cleaner) Kohomba,Diva Fresh (Jasmine) 400g,0.010975494370328319,0.5888324873096447,33.4589814966432,0.010647466023995378,2.389297140834656
1119,3050,1937,Pears Bed Time BabySoap 70g,Diva Fresh (Sepalika) 400g,0.010029331062541395,0.5824175824175825,33.454192546583855,0.009729538112866226,2.353045898880042
1120,1937,3050,Diva Fresh (Sepalika) 400g,Pears Bed Time BabySoap 70g,0.010029331062541395,0.5760869565217391,33.454192546583855,0.009729538112866226,2.318352414293374
1121,1148,1253,Sunsilk Shampoo (Black)80ml,Chandanalepa Herbal Cream 12g,0.011353959693443088,0.6106870229007634,33.442233912114865,0.011014450086420994,2.5217218688023983
1122,1253,1148,Chandanalepa Herbal Cream 12g,Sunsilk Shampoo (Black)80ml,0.011353959693443088,0.6217616580310881,33.44223391211486,0.011014450086420994,2.5946811364847053
1123,"1852, 2104",1626,CBL Ginger Biscuits 85g | Kandos Milk Choco 10g,Ritzbury Milk Chocolate 45g,0.011401267858832434,0.9757085020242915,33.42710910176576,0.011060189369989072,39.96504715047149
1124,1626,"1852, 2104",Ritzbury Milk Chocolate 45g,CBL Ginger Biscuits 85g | Kandos Milk Choco 10g,0.011401267858832434,0.3905996758508914,33.42710910176576,0.011060189369989072,1.6217826672947582
1125,1153,1602,Sunsilk Shampoo (Almond)180ml,Godrej Hair Colour Shampoo 10ml,0.01021856372409878,0.6,33.37578947368421,0.009912396772387994,2.455057242880121
1126,1602,1153,Godrej Hair Colour Shampoo 10ml,Sunsilk Shampoo (Almond)180ml,0.01021856372409878,0.5684210526315789,33.37578947368421,0.009912396772387994,2.277611237650838
1127,2961,2877,CocaCola Zero 1050ml,CBL Wafer Stix 55g strawberry,0.010549720881824202,0.6092896174863387,33.36570967467935,0.010233536362307442,2.512702738646536
1128,2877,2961,CBL Wafer Stix 55g strawberry,CocaCola Zero 1050ml,0.010549720881824202,0.5777202072538861,33.36570967467935,0.010233536362307442,2.327095040653097
1129,2204,2048,Goraka Paste 100g,Edinborough Oyster Sauce 210g,0.010123947393320088,0.5994397759103641,33.34462627156125,0.00982033183287356,2.4516235963865824
1130,2048,2204,Edinborough Oyster Sauce 210g,Goraka Paste 100g,0.010123947393320088,0.5631578947368421,33.34462627156125,0.00982033183287356,2.2504950258028993
1131,"1477, 1807",1998,Milkmaid 510g | Maliban Smart Cream Cracker 190g,Crunchy Peanut Butter325g,0.011259343362664397,1.0,33.34069400630915,0.01092163763402738,inf
1132,1998,"1477, 1807",Crunchy Peanut Butter325g,Milkmaid 510g | Maliban Smart Cream Cracker 190g,0.011259343362664397,0.3753943217665615,33.34069400630914,0.01092163763402738,1.5829837785557341
1133,2837,3062,Kumarika Shampoo 40ml,Ayush Toothpaste 30g,0.010975494370328319,0.6287262872628727,33.30831142897895,0.010645982188549587,2.6425895730040967
1134,3062,2837,Ayush Toothpaste 30g,Kumarika Shampoo 40ml,0.010975494370328319,0.581453634085213,33.30831142897895,0.010645982188549587,2.3475136018057556
1135,3200,2636,Pears Kokum Baby Soap 2 Pack,Maliban Wafers Lemon Cream 90g,0.011117418866496358,0.6300268096514746,33.29376675603218,0.010783499939630502,2.6517508820573163
1136,2636,3200,Maliban Wafers Lemon Cream 90g,Pears Kokum Baby Soap 2 Pack,0.011117418866496358,0.5875000000000001,33.29376675603218,0.010783499939630502,2.381464374084301
1137,"1069, 2514",1288,P.Baby Cream (Bedtime) 100ml | Pears Baby Oil (Olive Oil) 100ml,Senola Soap,0.010171255558709433,0.9772727272727274,33.26504172156346,0.0098654914582509,42.70735168890175
1138,1288,"1069, 2514",Senola Soap,P.Baby Cream (Bedtime) 100ml | Pears Baby Oil (Olive Oil) 100ml,0.010171255558709433,0.34621578099838973,33.26504172156346,0.0098654914582509,1.5136373360702156
1139,1253,3146,Chandanalepa Herbal Cream 12g,Chandanalepa Cinnamon Ayurveda Soap 100g,0.011401267858832434,0.6243523316062176,33.24322313726002,0.01105830268329103,2.6120717387545227
1140,3146,1253,Chandanalepa Cinnamon Ayurveda Soap 100g,Chandanalepa Herbal Cream 12g,0.011401267858832434,0.6070528967254407,33.24322313726002,0.01105830268329103,2.498400013585934
1141,1153,1098,Sunsilk Shampoo (Almond)180ml,Rathmal Baby Soap 75g,0.010123947393320088,0.5944444444444444,33.24171075837743,0.009819391846618307,2.4216596222864233
1142,1098,1153,Rathmal Baby Soap 75g,Sunsilk Shampoo (Almond)180ml,0.010123947393320088,0.5661375661375662,33.24171075837742,0.009819391846618307,2.265623810084255
1143,3244,1870,Nestle Milkmaid 510g,Little Lion Choco Cookies 180g,0.01258397199356609,0.6616915422885572,33.222887935618814,0.012205197817824594,2.8970108196557076
1144,1870,3244,Little Lion Choco Cookies 180g,Nestle Milkmaid 510g,0.01258397199356609,0.6318289786223278,33.222887935618814,0.012205197817824594,2.664474009504363
1145,1891,1079,Lifebuoy Hand Wash 200ml (Green Tea),P. Baby Soap (Herbal) 100g,0.011306651528053742,0.6081424936386769,33.21683728820246,0.010966262362464233,2.5052263234920065
1146,1079,1891,P. Baby Soap (Herbal) 100g,Lifebuoy Hand Wash 200ml (Green Tea),0.011306651528053742,0.6175710594315246,33.216837288202456,0.010966262362464233,2.566249012282223
1147,2204,2367,Goraka Paste 100g,Aluminium Foil 37.5sq.ft,0.010123947393320088,0.5994397759103641,33.17004707642219,0.009818733856239631,2.4513873863859668
1148,2367,2204,Aluminium Foil 37.5sq.ft,Goraka Paste 100g,0.010123947393320088,0.5602094240837696,33.170047076422186,0.009818733856239631,2.2354071205547217
1149,1891,1225,Lifebuoy Hand Wash 200ml (Green Tea),N/S Facial Wash 100ml (Carrot),0.011117418866496358,0.5979643765903309,33.088405739179095,0.010781427493743922,2.442391230144045
1150,1225,1891,N/S Facial Wash 100ml (Carrot),Lifebuoy Hand Wash 200ml (Green Tea),0.011117418866496358,0.6151832460732984,33.08840573917909,0.010781427493743922,2.550325267773871
1151,2961,2036,CocaCola Zero 1050ml,Prima Instant Noodles 345g,0.010455104551045511,0.6038251366120219,33.06646564172259,0.010138920031528751,2.4780447698376187
1152,2036,2961,Prima Instant Noodles 345g,CocaCola Zero 1050ml,0.010455104551045511,0.572538860103627,33.06646564172259,0.010138920031528751,2.2988878280391196
1153,2961,3180,CocaCola Zero 1050ml,Edinborouah Dark Soya Sauce 600ml,0.010502412716434857,0.6065573770491802,33.044870711509205,0.010184589935158942,2.495012930898539
1154,3180,2961,Edinborouah Dark Soya Sauce 600ml,CocaCola Zero 1050ml,0.010502412716434857,0.5721649484536082,33.044870711509205,0.010184589935158942,2.2968786870445164
1155,1288,"1188, 1562",Senola Soap,Baby Diaper (Softlove) 4pcs /L | Sun Silk Shampoo (King-coconut)80ML,0.010171255558709433,0.34621578099838973,32.96535666100884,0.009862711784610368,1.5134926150322512
1156,"1188, 1562",1288,Baby Diaper (Softlove) 4pcs /L | Sun Silk Shampoo (King-coconut)80ML,Senola Soap,0.010171255558709433,0.9684684684684685,32.96535666100883,0.009862711784610368,30.782571671870556
1157,1153,3059,Sunsilk Shampoo (Almond)180ml,Signal Clove & Ginger Toothpaste 120g,0.01021856372409878,0.6,32.94233766233766,0.009908368259865484,2.454465890812754
1158,3059,1153,Signal Clove & Ginger Toothpaste 120g,Sunsilk Shampoo (Almond)180ml,0.01021856372409878,0.561038961038961,32.94233766233766,0.009908368259865484,2.2393082146570213
1159,"1477, 3116",1998,Milkmaid 510g | Candy Sugar 80g,Crunchy Peanut Butter325g,0.011259343362664397,0.9875518672199172,32.9256646203385,0.010917380839128596,77.92386539250106
1160,1998,"1477, 3116",Crunchy Peanut Butter325g,Milkmaid 510g | Candy Sugar 80g,0.011259343362664397,0.3753943217665615,32.925664620338495,0.010917380839128596,1.5827565560037884
1161,3200,1689,Pears Kokum Baby Soap 2 Pack,Gold Hair Cream 100ml,0.01107011070110701,0.6273458445040214,32.90530139237222,0.01073368738228966,2.632292689833373
1162,1689,3200,Gold Hair Cream 100ml,Pears Kokum Baby Soap 2 Pack,0.01107011070110701,0.5806451612903226,32.90530139237222,0.01073368738228966,2.3425365910463842
1163,"1410, 1657",1626,Prima Tea Bun 75g | Motha Icing Sugar 1kg,Ritzbury Milk Chocolate 45g,0.011353959693443088,0.96,32.88894651539708,0.011008738550889078,24.270271548869314
1164,1626,"1410, 1657",Ritzbury Milk Chocolate 45g,Prima Tea Bun 75g | Motha Icing Sugar 1kg,0.011353959693443088,0.3889789303079416,32.88894651539708,0.011008738550889078,1.6172485821981255
1165,1882,1314,Dettol Hand Wash Refill (sensitive)175ml,BIO Clean (Tile Cleaner) Kohomba,0.011022802535717665,0.6115485564304463,32.809424837123785,0.01068683801971538,2.5263404193293493
1166,1314,1882,BIO Clean (Tile Cleaner) Kohomba,Dettol Hand Wash Refill (sensitive)175ml,0.011022802535717665,0.5913705583756345,32.809424837123785,0.01068683801971538,2.4030955407499603
1167,1102,1153,Baby Milk Soap 75g,Sunsilk Shampoo (Almond)180ml,0.010123947393320088,0.5587467362924282,32.80774586597041,0.009815363334095797,2.227675444710751
1168,1153,1102,Sunsilk Shampoo (Almond)180ml,Baby Milk Soap 75g,0.010123947393320088,0.5944444444444444,32.8077458659704,0.009815363334095797,2.4210763709323078
1169,"1477, 1564",1998,Milkmaid 510g | Watawala Tea 100g,Crunchy Peanut Butter325g,0.011259343362664397,0.9834710743801653,32.789608154965194,0.010915961907495667,58.68540070016105
1170,1998,"1477, 1564",Crunchy Peanut Butter325g,Milkmaid 510g | Watawala Tea 100g,0.011259343362664397,0.3753943217665615,32.789608154965194,0.010915961907495667,1.58268081515314
1171,1225,1939,N/S Facial Wash 100ml (Carrot),Diva Fresh (Purple lotus) 60g,0.011212035197275049,0.6204188481675392,32.7042733480435,0.010869204305484395,2.584505107650546
1172,1939,1225,Diva Fresh (Purple lotus) 60g,N/S Facial Wash 100ml (Carrot),0.011212035197275049,0.5910224438902743,32.7042733480435,0.010869204305484395,2.4009343939593237
1173,"1069, 1188",1288,P.Baby Cream (Bedtime) 100ml | Baby Diaper (Softlove) 4pcs /L,Senola Soap,0.010171255558709433,0.9598214285714285,32.671023119392686,0.009859932110969836,24.157693884631108
1174,"1562, 2514",1288,Sun Silk Shampoo (King-coconut)80ML | Pears Baby Oil (Olive Oil) 100ml,Senola Soap,0.010171255558709433,0.9598214285714285,32.671023119392686,0.009859932110969836,24.157693884631108
1175,1288,"1069, 1188",Senola Soap,P.Baby Cream (Bedtime) 100ml | Baby Diaper (Softlove) 4pcs /L,0.010171255558709433,0.34621578099838973,32.671023119392686,0.009859932110969836,1.5133478939942866
1176,1288,"1562, 2514",Senola Soap,Sun Silk Shampoo (King-coconut)80ML | Pears Baby Oil (Olive Oil) 100ml,0.010171255558709433,0.34621578099838973,32.671023119392686,0.009859932110969836,1.5133478939942866
1177,"2513, 2814",1187,Pears Baby Soap (Venivel) 95g | Baby Cheramy Shampoo 100ml,Baby Diaper (Softlove) 4pcs /M,0.02526256031791087,0.996268656716418,32.59926759391895,0.024487617744580685,259.8096319424764
1178,"2513, 3206",1187,Pears Baby Soap (Venivel) 95g | Pears Baby Cream 100ml,Baby Diaper (Softlove) 4pcs /M,0.02526256031791087,0.996268656716418,32.59926759391895,0.024487617744580685,259.8096319424764
1179,"2814, 3206",1187,Baby Cheramy Shampoo 100ml | Pears Baby Cream 100ml,Baby Diaper (Softlove) 4pcs /M,0.02526256031791087,0.996268656716418,32.59926759391895,0.024487617744580685,259.8096319424764
1180,1187,"2513, 2814",Baby Diaper (Softlove) 4pcs /M,Pears Baby Soap (Venivel) 95g | Baby Cheramy Shampoo 100ml,0.02526256031791087,0.826625386996904,32.59926759391895,0.024487617744580685,5.621600570401308
1181,1187,"2513, 3206",Baby Diaper (Softlove) 4pcs /M,Pears Baby Soap (Venivel) 95g | Pears Baby Cream 100ml,0.02526256031791087,0.826625386996904,32.59926759391895,0.024487617744580685,5.621600570401308
1182,1187,"2814, 3206",Baby Diaper (Softlove) 4pcs /M,Baby Cheramy Shampoo 100ml | Pears Baby Cream 100ml,0.02526256031791087,0.826625386996904,32.59926759391895,0.024487617744580685,5.621600570401308
1183,1562,1069,Sun Silk Shampoo (King-coconut)80ML,P.Baby Cream (Bedtime) 100ml,0.010313180054877472,0.5797872340425532,32.59452806699864,0.009996771729109462,2.3374162076576948
1184,1069,1562,P.Baby Cream (Bedtime) 100ml,Sun Silk Shampoo (King-coconut)80ML,0.010313180054877472,0.5797872340425532,32.59452806699864,0.009996771729109462,2.3374162076576948
1185,"1852, 2634",1998,CBL Ginger Biscuits 85g | Kotmale Milk With Oats 1L,Crunchy Peanut Butter325g,0.010029331062541395,0.9769585253456222,32.57247525040341,0.009721422898195881,42.09828744441309
1186,1998,"1852, 2634",Crunchy Peanut Butter325g,CBL Ginger Biscuits 85g | Kotmale Milk With Oats 1L,0.010029331062541395,0.334384858044164,32.57247525040341,0.009721422898195881,1.4869465337015746
1187,2837,2746,Kumarika Shampoo 40ml,Misumi Romansu Soap 90g,0.010880878039549626,0.6233062330623307,32.53196828264579,0.010546410787368206,2.603813174268987
1188,2746,2837,Misumi Romansu Soap 90g,Kumarika Shampoo 40ml,0.010880878039549626,0.5679012345679012,32.53196828264579,0.010546410787368206,2.273885892705081
1189,"1807, 3116",1998,Maliban Smart Cream Cracker 190g | Candy Sugar 80g,Crunchy Peanut Butter325g,0.011259343362664397,0.9754098360655739,32.52084087500646,0.010913124044229809,39.446936007821755
1190,1998,"1807, 3116",Crunchy Peanut Butter325g,Maliban Smart Cream Cracker 190g | Candy Sugar 80g,0.011259343362664397,0.3753943217665615,32.52084087500646,0.010913124044229809,1.5825293334518427
1191,"2514, 2814",1187,Pears Baby Oil (Olive Oil) 100ml | Baby Cheramy Shampoo 100ml,Baby Diaper (Softlove) 4pcs /M,0.02526256031791087,0.9925650557620818,32.47808072554007,0.024484726167814528,130.38953543381547
1192,1187,"2514, 2814",Baby Diaper (Softlove) 4pcs /M,Pears Baby Oil (Olive Oil) 100ml | Baby Cheramy Shampoo 100ml,0.02526256031791087,0.826625386996904,32.47808072554007,0.024484726167814528,5.621054836921996
1193,2499,3062,Imorich Wonder Cone (Cooki Cream) 120ml,Ayush Toothpaste 30g,0.010880878039549626,0.6117021276595744,32.40641497360422,0.010545114949173465,2.5267304095591006
1194,3062,2499,Ayush Toothpaste 30g,Imorich Wonder Cone (Cooki Cream) 120ml,0.010880878039549626,0.5764411027568922,32.40641497360422,0.010545114949173465,2.318950531335081
1195,1670,2782,Delmege Colouring (egg yellow)28ml,Cinthol Lime Soap 100g,0.010975494370328319,0.6253369272237197,32.3979705089583,0.010636723323935351,2.6175471771319816
1196,2782,1670,Cinthol Lime Soap 100g,Delmege Colouring (egg yellow)28ml,0.010975494370328319,0.5686274509803921,32.397970508958295,0.010636723323935351,2.277494645575826
1197,1148,3146,Sunsilk Shampoo (Black)80ml,Chandanalepa Cinnamon Ayurveda Soap 100g,0.011306651528053742,0.6081424936386769,32.380141134847236,0.010957466776790084,2.5040190436869407
1198,3146,1148,Chandanalepa Cinnamon Ayurveda Soap 100g,Sunsilk Shampoo (Black)80ml,0.011306651528053742,0.6020151133501259,32.38014113484723,0.010957466776790084,2.465942612201195
1199,"1852, 2634",1410,CBL Ginger Biscuits 85g | Kotmale Milk With Oats 1L,Prima Tea Bun 75g,0.010265871889488125,1.0,32.37059724349158,0.00994873619340355,inf
1200,1410,"1852, 2634",Prima Tea Bun 75g,CBL Ginger Biscuits 85g | Kotmale Milk With Oats 1L,0.010265871889488125,0.332312404287902,32.37059724349158,0.00994873619340355,1.4823311597618447
1201,"2513, 2514",1187,Pears Baby Soap (Venivel) 95g | Pears Baby Oil (Olive Oil) 100ml,Baby Diaper (Softlove) 4pcs /M,0.02526256031791087,0.9888888888888888,32.3577915376677,0.02448183459104837,87.24950326426286
1202,"2514, 3206",1187,Pears Baby Oil (Olive Oil) 100ml | Pears Baby Cream 100ml,Baby Diaper (Softlove) 4pcs /M,0.02526256031791087,0.9888888888888888,32.3577915376677,0.02448183459104837,87.24950326426286
1203,1187,"2513, 2514",Baby Diaper (Softlove) 4pcs /M,Pears Baby Soap (Venivel) 95g | Pears Baby Oil (Olive Oil) 100ml,0.02526256031791087,0.826625386996904,32.3577915376677,0.02448183459104837,5.620509103442682
1204,1187,"2514, 3206",Baby Diaper (Softlove) 4pcs /M,Pears Baby Oil (Olive Oil) 100ml | Pears Baby Cream 100ml,0.02526256031791087,0.826625386996904,32.3577915376677,0.02448183459104837,5.620509103442682
1205,1996,2928,KVC Tomato Sauce400g,Revello Dark Chocolate 100g,0.010455104551045511,0.61731843575419,32.29920073012888,0.010131409093736781,2.563195076083271
1206,2928,1996,Revello Dark Chocolate 100g,KVC Tomato Sauce400g,0.010455104551045511,0.5470297029702971,32.29920073012888,0.010131409093736781,2.1702607946634322
1207,1079,1939,P. Baby Soap (Herbal) 100g,Diva Fresh (Purple lotus) 60g,0.011212035197275049,0.6124031007751938,32.28173751667343,0.010864716990146822,2.5310559182514902
1208,1939,1079,Diva Fresh (Purple lotus) 60g,P. Baby Soap (Herbal) 100g,0.011212035197275049,0.5910224438902743,32.28173751667343,0.010864716990146822,2.4003560227909966
1209,"1410, 2634",1998,Prima Tea Bun 75g | Kotmale Milk With Oats 1L,Crunchy Peanut Butter325g,0.01007663922793074,0.9681818181818181,32.279853742472035,0.00976447426868644,30.485922441641964
1210,1998,"1410, 2634",Crunchy Peanut Butter325g,Prima Tea Bun 75g | Kotmale Milk With Oats 1L,0.01007663922793074,0.33596214511041006,32.279853742472035,0.00976447426868644,1.4902647436852587
1211,"1564, 3116",1998,Watawala Tea 100g | Candy Sugar 80g,Crunchy Peanut Butter325g,0.011259343362664397,0.967479674796748,32.25644379472186,0.010910286180963952,29.827703661652045
1212,1998,"1564, 3116",Crunchy Peanut Butter325g,Watawala Tea 100g | Candy Sugar 80g,0.011259343362664397,0.3753943217665615,32.25644379472186,0.010910286180963952,1.5823778517505456
1213,2204,1335,Goraka Paste 100g,Teepol Dishwash Gel (Lime) 500ml,0.010123947393320088,0.5994397759103641,32.241623366904015,0.009809944984753021,2.450088231382583
1214,1335,2204,Teepol Dishwash Gel (Lime) 500ml,Goraka Paste 100g,0.010123947393320088,0.544529262086514,32.24162336690401,0.009809944984753021,2.158450374791672
1215,"1626, 2104",1410,Ritzbury Milk Chocolate 45g | Kandos Milk Choco 10g,Prima Tea Bun 75g,0.011401267858832434,0.9958677685950412,32.23683444496475,0.011047595792231203,234.52407985617765
1216,1410,"1626, 2104",Prima Tea Bun 75g,Ritzbury Milk Chocolate 45g | Kandos Milk Choco 10g,0.011401267858832434,0.3690658499234303,32.23683444496475,0.011047595792231203,1.5668060190684057
1217,3112,1078,Bag (Baby size),P. Baby Soap (Aloe/Neem) 100g,0.01007663922793074,0.6016949152542372,32.19905599656726,0.009763690946807064,2.463722689600054
1218,1078,3112,P. Baby Soap (Aloe/Neem) 100g,Bag (Baby size),0.01007663922793074,0.5392405063291139,32.19905599656726,0.009763690946807064,2.1339829628220204
1219,2126,3050,Sunlight 2in1 (Rose) 200g,Pears Bed Time BabySoap 70g,0.010171255558709433,0.5541237113402062,32.17875552282769,0.009855169513943223,2.204153602229664
1220,3050,2126,Pears Bed Time BabySoap 70g,Sunlight 2in1 (Rose) 200g,0.010171255558709433,0.5906593406593407,32.178755522827686,0.009855169513943223,2.398111229434442
1221,"1564, 1807",1998,Watawala Tea 100g | Maliban Smart Cream Cracker 190g,Crunchy Peanut Butter325g,0.011259343362664397,0.9635627530364373,32.125850904864684,0.010908867249331024,26.621292879595536
1222,1998,"1564, 1807",Crunchy Peanut Butter325g,Watawala Tea 100g | Maliban Smart Cream Cracker 190g,0.011259343362664397,0.3753943217665615,32.125850904864684,0.010908867249331024,1.582302110899897
1223,1276,2126,Sunlight  (Care) 115g,Sunlight 2in1 (Rose) 200g,0.010123947393320088,0.5895316804407713,32.117321291641815,0.00980872971680873,2.3915230117711603
1224,2126,1276,Sunlight 2in1 (Rose) 200g,Sunlight  (Care) 115g,0.010123947393320088,0.5515463917525774,32.117321291641815,0.00980872971680873,2.1915915445626606
1225,"1657, 1852",1410,Motha Icing Sugar 1kg | CBL Ginger Biscuits 85g,Prima Tea Bun 75g,0.011495884189611127,0.9918367346938775,32.10634747007531,0.011137827758547898,118.7157015800913
1226,1410,"1657, 1852",Prima Tea Bun 75g,Motha Icing Sugar 1kg | CBL Ginger Biscuits 85g,0.011495884189611127,0.3721286370597243,32.10634747007531,0.011137827758547898,1.5742229345370375
1227,"1188, 2514",1288,Baby Diaper (Softlove) 4pcs /L | Pears Baby Oil (Olive Oil) 100ml,Senola Soap,0.01021856372409878,0.9432314410480349,32.1063223846592,0.009900291092257851,17.09787331601126
1228,1288,"1188, 2514",Senola Soap,Baby Diaper (Softlove) 4pcs /L | Pears Baby Oil (Olive Oil) 100ml,0.01021856372409878,0.34782608695652173,32.1063223846592,0.009900291092257851,1.5167218595262875
1229,1807,1477,Maliban Smart Cream Cracker 190g,Milkmaid 510g,0.011259343362664397,0.5707434052757795,32.086101331700604,0.010908433065203598,2.2881701571635404
1230,1477,1807,Milkmaid 510g,Maliban Smart Cream Cracker 190g,0.011259343362664397,0.6329787234042553,32.0861013317006,0.010908433065203598,2.6708873777700988
1231,2499,2746,Imorich Wonder Cone (Cooki Cream) 120ml,Misumi Romansu Soap 90g,0.010928186204938973,0.6143617021276596,32.06513002364066,0.0105873740455346,2.543420086720761
1232,2746,2499,Misumi Romansu Soap 90g,Imorich Wonder Cone (Cooki Cream) 120ml,0.010928186204938973,0.5703703703703704,32.06513002364066,0.0105873740455346,2.2861834056006347
1233,1060,2683,P.Baby Cologne (magic) 50ml,Lifebuoy Shampoo 80ml,0.01007663922793074,0.5725806451612904,32.01907322068613,0.009761931829672233,2.2977843711673693
1234,2683,1060,Lifebuoy Shampoo 80ml,P.Baby Cologne (magic) 50ml,0.01007663922793074,0.5634920634920635,32.019073220686124,0.009761931829672233,2.250592212215828
1235,"1852, 3006",1998,CBL Ginger Biscuits 85g | Spinner Sugar Free 250ml,Crunchy Peanut Butter325g,0.010029331062541395,0.9592760180995474,31.982928187047687,0.009715747171664166,23.81905152384853
1236,1998,"1852, 3006",Crunchy Peanut Butter325g,CBL Ginger Biscuits 85g | Spinner Sugar Free 250ml,0.010029331062541395,0.334384858044164,31.982928187047687,0.009715747171664166,1.4866622362906092
1237,1937,2126,Diva Fresh (Sepalika) 400g,Sunlight 2in1 (Rose) 200g,0.01021856372409878,0.5869565217391304,31.977028238458086,0.00989900420631316,2.37661283495426
1238,2126,1937,Sunlight 2in1 (Rose) 200g,Diva Fresh (Sepalika) 400g,0.01021856372409878,0.556701030927835,31.977028238458082,0.00989900420631316,2.216541575075858
1239,"1998, 2634",1410,Crunchy Peanut Butter325g | Kotmale Milk With Oats 1L,Prima Tea Bun 75g,0.01007663922793074,0.986111111111111,31.92100561510975,0.009760964986666832,69.77575929605419
1240,1410,"1998, 2634",Prima Tea Bun 75g,Crunchy Peanut Butter325g | Kotmale Milk With Oats 1L,0.01007663922793074,0.3261868300153139,31.92100561510975,0.009760964986666832,1.4689256315640078
1241,"1998, 3006",1410,Crunchy Peanut Butter325g | Spinner Sugar Free 250ml,Prima Tea Bun 75g,0.010029331062541395,0.9860465116279069,31.91891449125681,0.009715118276098151,69.45272337338723
1242,1410,"1998, 3006",Prima Tea Bun 75g,Crunchy Peanut Butter325g | Spinner Sugar Free 250ml,0.010029331062541395,0.32465543644716693,31.91891449125681,0.009715118276098151,1.465664784852977
1243,"1626, 1852",1410,Ritzbury Milk Chocolate 45g | CBL Ginger Biscuits 85g,Prima Tea Bun 75g,0.011543192355000472,0.9838709677419354,31.848490836338485,0.011180751559475243,60.084681616046566
1244,1410,"1626, 1852",Prima Tea Bun 75g,Ritzbury Milk Chocolate 45g | CBL Ginger Biscuits 85g,0.011543192355000472,0.37366003062787134,31.848490836338485,0.011180751559475243,1.577845296978454
1245,"1626, 1657",1410,Ritzbury Milk Chocolate 45g | Motha Icing Sugar 1kg,Prima Tea Bun 75g,0.011353959693443088,0.9836065573770492,31.83993171490975,0.010997364717200524,59.115573848046104
1246,1410,"1626, 1657",Prima Tea Bun 75g,Ritzbury Milk Chocolate 45g | Motha Icing Sugar 1kg,0.011353959693443088,0.3675344563552833,31.83993171490975,0.010997364717200524,1.5628627007074691
1247,"1410, 3006",1998,Prima Tea Bun 75g | Spinner Sugar Free 250ml,Crunchy Peanut Butter325g,0.010029331062541395,0.954954954954955,31.83886094296189,0.009714328240031237,21.534147033778037
1248,1998,"1410, 3006",Crunchy Peanut Butter325g,Prima Tea Bun 75g | Spinner Sugar Free 250ml,0.010029331062541395,0.334384858044164,31.838860942961887,0.009714328240031237,1.486591161937868
1249,2856,1645,Anchor Butter 227g,Motha Baking Powder 100g,0.015753619074652284,0.6880165289256198,31.82339909940865,0.015258586503636167,3.136000010025571
1250,1645,2856,Motha Baking Powder 100g,Anchor Butter 227g,0.015753619074652284,0.7286652078774617,31.823399099408647,0.015258586503636167,3.601096786402107
1251,1891,1939,Lifebuoy Hand Wash 200ml (Green Tea),Diva Fresh (Purple lotus) 60g,0.011212035197275049,0.6030534351145038,31.788886562220405,0.010859332211741733,2.471439514691005
1252,1939,1891,Diva Fresh (Purple lotus) 60g,Lifebuoy Hand Wash 200ml (Green Tea),0.011212035197275049,0.5910224438902743,31.788886562220398,0.010859332211741733,2.3996619773890044
1253,1602,1098,Godrej Hair Colour Shampoo 10ml,Rathmal Baby Soap 75g,0.01021856372409878,0.5684210526315789,31.786466165413536,0.009897088424802455,2.2756381409967945
1254,1098,1602,Rathmal Baby Soap 75g,Godrej Hair Colour Shampoo 10ml,0.01021856372409878,0.5714285714285714,31.78646616541353,0.009897088424802455,2.2913867600214464
1255,"1852, 1998",1410,CBL Ginger Biscuits 85g | Crunchy Peanut Butter325g,Prima Tea Bun 75g,0.010029331062541395,0.9814814814814815,31.771141738982475,0.009713656821277486,52.331819472040955
1256,1410,"1852, 1998",Prima Tea Bun 75g,CBL Ginger Biscuits 85g | Crunchy Peanut Butter325g,0.010029331062541395,0.32465543644716693,31.771141738982475,0.009713656821277486,1.4655947344402802
1257,"1852, 2104",1410,CBL Ginger Biscuits 85g | Kandos Milk Choco 10g,Prima Tea Bun 75g,0.011448576024221781,0.979757085020243,31.71532199564762,0.011087596683517218,47.87392373923747
1258,1410,"1852, 2104",Prima Tea Bun 75g,CBL Ginger Biscuits 85g | Kandos Milk Choco 10g,0.011448576024221781,0.37059724349157736,31.71532199564762,0.011087596683517218,1.5702423812559296
1259,"1657, 2104",1410,Motha Icing Sugar 1kg | Kandos Milk Choco 10g,Prima Tea Bun 75g,0.011353959693443088,0.9795918367346937,31.70997280995093,0.010995903262379859,47.48628063203678
1260,1410,"1657, 2104",Prima Tea Bun 75g,Motha Icing Sugar 1kg | Kandos Milk Choco 10g,0.011353959693443088,0.3675344563552833,31.70997280995093,0.010995903262379859,1.5627879011142507
1261,2204,2141,Goraka Paste 100g,Mini Chips (curry flavour)27g,0.010123947393320088,0.5994397759103641,31.59839896058174,0.009803553078217304,2.4491433913801215
1262,2141,2204,Mini Chips (curry flavour)27g,Goraka Paste 100g,0.010123947393320088,0.5336658354114714,31.59839896058174,0.009803553078217304,2.1081684757612695
1263,3164,2782,Sunlight 2in1 (sakura Fresh) 50g,Cinthol Lime Soap 100g,0.011164727031885703,0.6098191214470284,31.594011247910014,0.010811345913411098,2.513445231242939
1264,2782,3164,Cinthol Lime Soap 100g,Sunlight 2in1 (sakura Fresh) 50g,0.011164727031885703,0.5784313725490196,31.594011247910014,0.010811345913411098,2.328664127428394
1265,1098,1102,Rathmal Baby Soap 75g,Baby Milk Soap 75g,0.01021856372409878,0.5714285714285714,31.537486012681832,0.009894550461913273,2.291055602863721
1266,1102,1098,Baby Milk Soap 75g,Rathmal Baby Soap 75g,0.01021856372409878,0.5639686684073106,31.537486012681832,0.009894550461913273,2.2524012434965432
1267,1102,1602,Baby Milk Soap 75g,Godrej Hair Colour Shampoo 10ml,0.010265871889488125,0.5665796344647519,31.516737666620855,0.00994014427141804,2.2657516241520153
1268,1602,1102,Godrej Hair Colour Shampoo 10ml,Baby Milk Soap 75g,0.010265871889488125,0.5710526315789473,31.516737666620852,0.00994014427141804,2.2890476663143215
1269,2036,2877,Prima Instant Noodles 345g,CBL Wafer Stix 55g strawberry,0.010502412716434857,0.5751295336787565,31.495046846895224,0.010168950354321553,2.310678491400299
1270,2877,2036,CBL Wafer Stix 55g strawberry,Prima Instant Noodles 345g,0.010502412716434857,0.5751295336787565,31.495046846895224,0.010168950354321553,2.310678491400299
1271,2877,3180,CBL Wafer Stix 55g strawberry,Edinborouah Dark Soya Sauce 600ml,0.010549720881824202,0.5777202072538861,31.473839538486192,0.010214530735451244,2.324630372306555
1272,3180,2877,Edinborouah Dark Soya Sauce 600ml,CBL Wafer Stix 55g strawberry,0.010549720881824202,0.5747422680412371,31.473839538486192,0.010214530735451244,2.3085742465816264
1273,2273,2944,Highland Dairy Ice Cream (butter scotch)1L,Daily Banana Flavoured milk 180ml,0.011306651528053742,0.6112531969309463,31.360849700792095,0.010946117561789169,2.5222304804019697
1274,2944,2273,Daily Banana Flavoured milk 180ml,Highland Dairy Ice Cream (butter scotch)1L,0.011306651528053742,0.5800970873786409,31.360849700792095,0.010946117561789169,2.337451057925431
1275,2636,3208,Maliban Wafers Lemon Cream 90g,Sunsilk Damage Restore Shampoo 80ml,0.011117418866496358,0.5875000000000001,31.360037878787885,0.01076290976451545,2.3788265854686528
1276,3208,2636,Sunsilk Damage Restore Shampoo 80ml,Maliban Wafers Lemon Cream 90g,0.011117418866496358,0.5934343434343434,31.36003787878788,0.01076290976451545,2.413083146598308
1277,1689,3208,Gold Hair Cream 100ml,Sunsilk Damage Restore Shampoo 80ml,0.011164727031885703,0.5856079404466502,31.259042033235584,0.010807559111639938,2.367965176657755
1278,3208,1689,Sunsilk Damage Restore Shampoo 80ml,Gold Hair Cream 100ml,0.011164727031885703,0.5959595959595959,31.25904203323558,0.010807559111639938,2.427813653136531
1279,2773,2261,Wijaya Noodles 400g,Sunquick  Orange Fruit Drink 200ml,0.011353959693443088,0.5970149253731343,31.2368848825181,0.010990480436912057,2.434054169601525
1280,2261,2773,Sunquick  Orange Fruit Drink 200ml,Wijaya Noodles 400g,0.011353959693443088,0.594059405940594,31.2368848825181,0.010990480436912057,2.4165657041185797
1281,1098,3059,Rathmal Baby Soap 75g,Signal Clove & Ginger Toothpaste 120g,0.010171255558709433,0.5687830687830688,31.228406514120802,0.009845550321264475,2.276780630005451
1282,3059,1098,Signal Clove & Ginger Toothpaste 120g,Rathmal Baby Soap 75g,0.010171255558709433,0.5584415584415584,31.2284065141208,0.009845550321264475,2.2242073099464026
1283,1602,3059,Godrej Hair Colour Shampoo 10ml,Signal Clove & Ginger Toothpaste 120g,0.01021856372409878,0.5684210526315789,31.20853041695147,0.00989113517851919,2.274870825631333
1284,3059,1602,Signal Clove & Ginger Toothpaste 120g,Godrej Hair Colour Shampoo 10ml,0.01021856372409878,0.561038961038961,31.208530416951465,0.00989113517851919,2.2371527538670923
1285,2860,1078,Marvel Baby Diapers,P. Baby Soap (Aloe/Neem) 100g,0.010123947393320088,0.5831062670299728,31.20430448729004,0.009799506661194694,2.3538690967603495
1286,1078,2860,P. Baby Soap (Aloe/Neem) 100g,Marvel Baby Diapers,0.010123947393320088,0.5417721518987343,31.20430448729004,0.009799506661194694,2.144430783449357
1287,3006,"1852, 1998",Spinner Sugar Free 250ml,CBL Ginger Biscuits 85g | Crunchy Peanut Butter325g,0.010029331062541395,0.318796992481203,31.197827903091063,0.009707855763245071,1.4529904086610914
1288,3006,"1998, 2634",Spinner Sugar Free 250ml,Crunchy Peanut Butter325g | Kotmale Milk With Oats 1L,0.010029331062541395,0.318796992481203,31.197827903091063,0.009707855763245071,1.4529904086610914
1289,"1852, 1998",3006,CBL Ginger Biscuits 85g | Crunchy Peanut Butter325g,Spinner Sugar Free 250ml,0.010029331062541395,0.9814814814814815,31.19782790309106,0.009707855763245071,52.301163780868656
1290,"1998, 2634",3006,Crunchy Peanut Butter325g | Kotmale Milk With Oats 1L,Spinner Sugar Free 250ml,0.010029331062541395,0.9814814814814815,31.19782790309106,0.009707855763245071,52.301163780868656
1291,2036,3180,Prima Instant Noodles 345g,Edinborouah Dark Soya Sauce 600ml,0.010455104551045511,0.572538860103627,31.19156295069708,0.010119914404672553,2.2964530344604146
1292,3180,2036,Edinborouah Dark Soya Sauce 600ml,Prima Instant Noodles 345g,0.010455104551045511,0.5695876288659794,31.19156295069708,0.010119914404672553,2.2809266508141817
1293,2862,2194,Diamond Tuna,Freelan Chilli  Powder 100g,0.013151669978238243,0.6797066014669927,31.166243257720804,0.0127296855295678,3.0540465093435434
1294,2194,2862,Freelan Chilli  Powder 100g,Diamond Tuna,0.013151669978238243,0.6030368763557483,31.166243257720804,0.0127296855295678,2.470383020349749
1295,2862,2510,Diamond Tuna,Kakulu-Samba Rice 1kg,0.013151669978238243,0.6797066014669927,31.098783856730066,0.012728770162000184,3.0538988067508392
1296,2510,2862,Kakulu-Samba Rice 1kg,Diamond Tuna,0.013151669978238243,0.6017316017316017,31.098783856730066,0.012728770162000184,2.4622866504584775
1297,2636,1689,Maliban Wafers Lemon Cream 90g,Gold Hair Cream 100ml,0.011212035197275049,0.5925,31.077580645161294,0.010851259520259124,2.407201986130291
1298,1689,2636,Gold Hair Cream 100ml,Maliban Wafers Lemon Cream 90g,0.011212035197275049,0.5880893300248139,31.077580645161294,0.010851259520259124,2.381770624935165
1299,"1852, 2634",3006,CBL Ginger Biscuits 85g | Kotmale Milk With Oats 1L,Spinner Sugar Free 250ml,0.010029331062541395,0.9769585253456222,31.05405911091092,0.009706367451674254,42.03463903869826
1300,3006,"1852, 2634",Spinner Sugar Free 250ml,CBL Ginger Biscuits 85g | Kotmale Milk With Oats 1L,0.010029331062541395,0.318796992481203,31.05405911091092,0.009706367451674254,1.452920960692032
1301,1410,"1852, 3006",Prima Tea Bun 75g,CBL Ginger Biscuits 85g | Spinner Sugar Free 250ml,0.010029331062541395,0.32465543644716693,31.05233762724079,0.009706349547174154,1.4652444823767967
1302,"1852, 3006",1410,CBL Ginger Biscuits 85g | Spinner Sugar Free 250ml,Prima Tea Bun 75g,0.010029331062541395,0.9592760180995474,31.052337627240785,0.009706349547174154,23.796979636462986
1303,1645,2629,Motha Baking Powder 100g,Prima Self Raising Flour 1kg,0.015895543570820323,0.7352297592997812,31.020532239678193,0.015383123492144548,3.687342680801252
1304,2629,1645,Prima Self Raising Flour 1kg,Motha Baking Powder 100g,0.015895543570820323,0.6706586826347305,31.020532239678193,0.015383123492144548,2.9707179659209175
1305,2048,2367,Edinborough Oyster Sauce 210g,Aluminium Foil 37.5sq.ft,0.01007663922793074,0.5605263157894737,31.016767704601815,0.009751762073615408,2.2343278246232483
1306,2367,2048,Aluminium Foil 37.5sq.ft,Edinborough Oyster Sauce 210g,0.01007663922793074,0.5575916230366492,31.016767704601815,0.009751762073615408,2.2197203947460507
1307,1253,1265,Chandanalepa Herbal Cream 12g,Misumi Soap 90g,0.011306651528053742,0.6191709844559586,31.014303955995388,0.010942089049266659,2.5734277436965898
1308,1265,1253,Misumi Soap 90g,Chandanalepa Herbal Cream 12g,0.011306651528053742,0.566350710900474,31.014303955995388,0.010942089049266659,2.2639009744448013
1309,"1187, 3206",2814,Baby Diaper (Softlove) 4pcs /M | Pears Baby Cream 100ml,Baby Cheramy Shampoo 100ml,0.02526256031791087,1.0,30.948755490483162,0.024446289682224755,inf
1310,2814,"1187, 3206",Baby Cheramy Shampoo 100ml,Baby Diaper (Softlove) 4pcs /M | Pears Baby Cream 100ml,0.02526256031791087,0.7818448023426061,30.948755490483162,0.024446289682224755,4.468091753710516
1311,"1187, 2513",2814,Baby Diaper (Softlove) 4pcs /M | Pears Baby Soap (Venivel) 95g,Baby Cheramy Shampoo 100ml,0.02526256031791087,0.9981308411214953,30.890907349379454,0.024444761085528715,517.7133598258998
1312,2814,"1187, 2513",Baby Cheramy Shampoo 100ml,Baby Diaper (Softlove) 4pcs /M | Pears Baby Soap (Venivel) 95g,0.02526256031791087,0.7818448023426061,30.890907349379454,0.024444761085528715,4.467874898160442
1313,"2622, 3034",3080,Baby Cheramy Baby Cologne 50ml | Pears Baby Cream 50ml,BabyCheramy Moisturizes & Cares Baby Shampoo 100ml,0.02554640931024695,0.996309963099631,30.87976539589443,0.02471912293087428,262.2564102564138
1314,3080,"2622, 3034",BabyCheramy Moisturizes & Cares Baby Shampoo 100ml,Baby Cheramy Baby Cologne 50ml | Pears Baby Cream 50ml,0.02554640931024695,0.7917888563049854,30.87976539589443,0.02471912293087428,4.679667750090287
1315,"1419, 1436",1567,Highland Butter (Salted) 200g | Kotmale Vanilla milk 170ml,Watawala Ayurvedic Tea 160g,0.012016274008893935,1.0,30.858394160583945,0.011626873512343061,inf
1316,1567,"1419, 1436",Watawala Ayurvedic Tea 160g,Highland Butter (Salted) 200g | Kotmale Vanilla milk 170ml,0.012016274008893935,0.3708029197080292,30.85839416058394,0.011626873512343061,1.5702293556935212
1317,"2513, 3206",2814,Pears Baby Soap (Venivel) 95g | Pears Baby Cream 100ml,Baby Cheramy Shampoo 100ml,0.02526256031791087,0.996268656716418,30.833275059548523,0.02444323248883267,259.34052417447566
1318,"1187, 2514",2814,Baby Diaper (Softlove) 4pcs /M | Pears Baby Oil (Olive Oil) 100ml,Baby Cheramy Shampoo 100ml,0.02526256031791087,0.996268656716418,30.833275059548523,0.02444323248883267,259.34052417447566
1319,2814,"2513, 3206",Baby Cheramy Shampoo 100ml,Pears Baby Soap (Venivel) 95g | Pears Baby Cream 100ml,0.02526256031791087,0.7818448023426061,30.833275059548523,0.02444323248883267,4.467658042610369
1320,2814,"1187, 2514",Baby Cheramy Shampoo 100ml,Baby Diaper (Softlove) 4pcs /M | Pears Baby Oil (Olive Oil) 100ml,0.02526256031791087,0.7818448023426061,30.833275059548523,0.02444323248883267,4.467658042610369
1321,1102,3059,Baby Milk Soap 75g,Signal Clove & Ginger Toothpaste 120g,0.010171255558709433,0.5613577023498694,30.82072496693906,0.0098412420509279,2.2382391337649636
1322,3059,1102,Signal Clove & Ginger Toothpaste 120g,Baby Milk Soap 75g,0.010171255558709433,0.5584415584415584,30.82072496693906,0.0098412420509279,2.2236716145441995
1323,"2512, 3080",2622,Pears Baby Soap (Aloevera) 95g | BabyCheramy Moisturizes & Cares Baby Shampoo 100ml,Baby Cheramy Baby Cologne 50ml,0.02554640931024695,1.0,30.8134110787172,0.024717341433114326,inf
1324,2622,"2512, 3080",Baby Cheramy Baby Cologne 50ml,Pears Baby Soap (Aloevera) 95g | BabyCheramy Moisturizes & Cares Baby Shampoo 100ml,0.02554640931024695,0.7871720116618075,30.8134110787172,0.024717341433114326,4.578597008309385
1325,1566,2273,Watawala Tea 400g,Highland Dairy Ice Cream (butter scotch)1L,0.011212035197275049,0.5697115384615384,30.799392583120202,0.010848000901240917,2.281033760058271
1326,2273,1566,Highland Dairy Ice Cream (butter scotch)1L,Watawala Tea 400g,0.011212035197275049,0.6061381074168797,30.7993925831202,0.010848000901240917,2.488993786041756
1327,"1410, 2634",3006,Prima Tea Bun 75g | Kotmale Milk With Oats 1L,Spinner Sugar Free 250ml,0.01007663922793074,0.9681818181818181,30.775078605604918,0.00974921068235115,30.439830771934055
1328,3006,"1410, 2634",Spinner Sugar Free 250ml,Prima Tea Bun 75g | Kotmale Milk With Oats 1L,0.01007663922793074,0.3203007518796992,30.775078605604918,0.00974921068235115,1.4559265827511916
1329,"1188, 2622",3080,Baby Diaper (Softlove) 4pcs /L | Baby Cheramy Baby Cologne 50ml,BabyCheramy Moisturizes & Cares Baby Shampoo 100ml,0.02554640931024695,0.9926470588235293,30.766236846644816,0.024716070213607222,131.61207304380585
1330,3080,"1188, 2622",BabyCheramy Moisturizes & Cares Baby Shampoo 100ml,Baby Diaper (Softlove) 4pcs /L | Baby Cheramy Baby Cologne 50ml,0.02554640931024695,0.7917888563049854,30.766236846644816,0.024716070213607222,4.679213325177674
1331,"3034, 3080",2622,Pears Baby Cream 50ml | BabyCheramy Moisturizes & Cares Baby Shampoo 100ml,Baby Cheramy Baby Cologne 50ml,0.02554640931024695,0.9981515711645101,30.756454681159497,0.024715806122230746,523.4427098117069
1332,2622,"3034, 3080",Baby Cheramy Baby Cologne 50ml,Pears Baby Cream 50ml | BabyCheramy Moisturizes & Cares Baby Shampoo 100ml,0.02554640931024695,0.7871720116618075,30.756454681159493,0.024715806122230746,4.5783747247377615
1333,"1418, 1818",1567,Highland Fresh Milk 900ml | CBL Bran Cracker 160g,Watawala Ayurvedic Tea 160g,0.012962437316680859,0.9963636363636365,30.746181818181824,0.012540842290887592,266.0883243447883
1334,1567,"1418, 1818",Watawala Ayurvedic Tea 160g,Highland Fresh Milk 900ml | CBL Bran Cracker 160g,0.012962437316680859,0.4,30.74618181818182,0.012540842290887592,1.644983757529883
1335,3190,2047,Fortune Cooking Oil RBD Palm Olein 2L,Edinborough Chilli Sauce 405g,0.010455104551045511,0.559493670886076,30.71838237711656,0.010114751194456201,2.2287678778644553
1336,2047,3190,Edinborough Chilli Sauce 405g,Fortune Cooking Oil RBD Palm Olein 2L,0.010455104551045511,0.574025974025974,30.718382377116555,0.010114751194456201,2.303692748465946
1337,"1626, 2104",1657,Ritzbury Milk Chocolate 45g | Kandos Milk Choco 10g,Motha Icing Sugar 1kg,0.011353959693443088,0.9917355371900826,30.692980651718834,0.010984039293001065,117.09031128772709
1338,1657,"1626, 2104",Motha Icing Sugar 1kg,Ritzbury Milk Chocolate 45g | Kandos Milk Choco 10g,0.011353959693443088,0.35139092240117126,30.692980651718834,0.010984039293001065,1.524109757506674
1339,1163,1078,Clear Shampoo (Ice Cool)180ml,P. Baby Soap (Aloe/Neem) 100g,0.010029331062541395,0.572972972972973,30.662032158741024,0.009702238226338682,2.298012098913589
1340,1078,1163,P. Baby Soap (Aloe/Neem) 100g,Clear Shampoo (Ice Cool)180ml,0.010029331062541395,0.5367088607594936,30.66203215874102,0.009702238226338682,2.1206880416849563
1341,"2512, 3034",3080,Pears Baby Soap (Aloevera) 95g | Pears Baby Cream 50ml,BabyCheramy Moisturizes & Cares Baby Shampoo 100ml,0.02554640931024695,0.989010989010989,30.653540008378723,0.024713017496340164,88.06396063960672
1342,3080,"2512, 3034",BabyCheramy Moisturizes & Cares Baby Shampoo 100ml,Pears Baby Soap (Aloevera) 95g | Pears Baby Cream 50ml,0.02554640931024695,0.7917888563049854,30.65354000837872,0.024713017496340164,4.678758900265061
1343,"1410, 1998",3006,Prima Tea Bun 75g | Crunchy Peanut Butter325g,Spinner Sugar Free 250ml,0.010029331062541395,0.9636363636363637,30.630594668489408,0.009701902516961805,26.634851925442405
1344,3006,"1410, 1998",Spinner Sugar Free 250ml,Prima Tea Bun 75g | Crunchy Peanut Butter325g,0.010029331062541395,0.318796992481203,30.630594668489408,0.009701902516961805,1.4527126167848536
1345,2814,"2513, 2514",Baby Cheramy Shampoo 100ml,Pears Baby Soap (Venivel) 95g | Pears Baby Oil (Olive Oil) 100ml,0.02526256031791087,0.7818448023426061,30.60488042947779,0.024437118102048506,4.466790620410075
1346,2814,"2514, 3206",Baby Cheramy Shampoo 100ml,Pears Baby Oil (Olive Oil) 100ml | Pears Baby Cream 100ml,0.02526256031791087,0.7818448023426061,30.60488042947779,0.024437118102048506,4.466790620410075
1347,"2513, 2514",2814,Pears Baby Soap (Venivel) 95g | Pears Baby Oil (Olive Oil) 100ml,Baby Cheramy Shampoo 100ml,0.02526256031791087,0.9888888888888888,30.604880429477788,0.024437118102048506,87.09196707351633
1348,"2514, 3206",2814,Pears Baby Oil (Olive Oil) 100ml | Pears Baby Cream 100ml,Baby Cheramy Shampoo 100ml,0.02526256031791087,0.9888888888888888,30.604880429477788,0.024437118102048506,87.09196707351633
1349,"1188, 3034",3080,Baby Diaper (Softlove) 4pcs /L | Pears Baby Cream 50ml,BabyCheramy Moisturizes & Cares Baby Shampoo 100ml,0.02554640931024695,0.987202925045704,30.597500629935617,0.024711491137706636,75.62164280983535
1350,"2512, 2622",3080,Pears Baby Soap (Aloevera) 95g | Baby Cheramy Baby Cologne 50ml,BabyCheramy Moisturizes & Cares Baby Shampoo 100ml,0.02554640931024695,0.987202925045704,30.597500629935617,0.024711491137706636,75.62164280983535
1351,3080,"1188, 3034",BabyCheramy Moisturizes & Cares Baby Shampoo 100ml,Baby Diaper (Softlove) 4pcs /L | Pears Baby Cream 50ml,0.02554640931024695,0.7917888563049854,30.597500629935617,0.024711491137706636,4.678531687808754
1352,3080,"2512, 2622",BabyCheramy Moisturizes & Cares Baby Shampoo 100ml,Pears Baby Soap (Aloevera) 95g | Baby Cheramy Baby Cologne 50ml,0.02554640931024695,0.7917888563049854,30.597500629935617,0.024711491137706636,4.678531687808754
1353,"1410, 2104",1657,Prima Tea Bun 75g | Kandos Milk Choco 10g,Motha Icing Sugar 1kg,0.011353959693443088,0.9876543209876543,30.566672089366083,0.010982510696305023,78.38277036616486
1354,1657,"1410, 2104",Motha Icing Sugar 1kg,Prima Tea Bun 75g | Kandos Milk Choco 10g,0.011353959693443088,0.35139092240117126,30.566672089366083,0.010982510696305023,1.5240368196354304
1355,2773,3150,Wijaya Noodles 400g,GreenLand Sweet Corn 425g,0.011353959693443088,0.5970149253731343,30.556177948032232,0.010982383126741812,2.432997620574496
1356,3150,2773,GreenLand Sweet Corn 425g,Wijaya Noodles 400g,0.011353959693443088,0.5811138014527845,30.556177948032232,0.010982383126741812,2.341882164931031
1357,2261,3150,Sunquick  Orange Fruit Drink 200ml,GreenLand Sweet Corn 425g,0.011401267858832434,0.5965346534653465,30.53159686428691,0.011027842652495828,2.430101460051882
1358,3150,2261,GreenLand Sweet Corn 425g,Sunquick  Orange Fruit Drink 200ml,0.011401267858832434,0.5835351089588378,30.53159686428691,0.011027842652495828,2.3552705697003304
1359,"1188, 3080",2622,Baby Diaper (Softlove) 4pcs /L | BabyCheramy Moisturizes & Cares Baby Shampoo 100ml,Baby Cheramy Baby Cologne 50ml,0.02554640931024695,0.9908256880733946,30.530719233958326,0.02470966487869643,105.46257924117765
1360,2622,"1188, 3080",Baby Cheramy Baby Cologne 50ml,Baby Diaper (Softlove) 4pcs /L | BabyCheramy Moisturizes & Cares Baby Shampoo 100ml,0.02554640931024695,0.7871720116618075,30.530719233958326,0.02470966487869643,4.577485590451267
1361,3244,1575,Nestle Milkmaid 510g,Dilmah Strong Tea 100g,0.012678588324344781,0.6666666666666666,30.502164502164497,0.012262926402272166,2.934430882770366
1362,1575,3244,Dilmah Strong Tea 100g,Nestle Milkmaid 510g,0.012678588324344781,0.58008658008658,30.502164502164497,0.012262926402272166,2.336153290160974
1363,"2512, 3034",2622,Pears Baby Soap (Aloevera) 95g | Pears Baby Cream 50ml,Baby Cheramy Baby Cologne 50ml,0.02554640931024695,0.989010989010989,30.474802165764263,0.02470812956781285,88.04674046740499
1364,2622,"2512, 3034",Baby Cheramy Baby Cologne 50ml,Pears Baby Soap (Aloevera) 95g | Pears Baby Cream 50ml,0.02554640931024695,0.7871720116618075,30.47480216576426,0.02470812956781285,4.577263306879643
1365,1148,1265,Sunsilk Shampoo (Black)80ml,Misumi Soap 90g,0.011306651528053742,0.6081424936386769,30.461886328280453,0.010935477812604717,2.501000844174276
1366,1265,1148,Misumi Soap 90g,Sunsilk Shampoo (Black)80ml,0.011306651528053742,0.566350710900474,30.461886328280453,0.010935477812604717,2.2631373224198827
1367,"1188, 3034",2622,Baby Diaper (Softlove) 4pcs /L | Pears Baby Cream 50ml,Baby Cheramy Baby Cologne 50ml,0.02554640931024695,0.987202925045704,30.41908954754532,0.02470659425692927,75.6068556289965
1368,2622,"1188, 3034",Baby Cheramy Baby Cologne 50ml,Baby Diaper (Softlove) 4pcs /L | Pears Baby Cream 50ml,0.02554640931024695,0.7871720116618075,30.419089547545315,0.02470659425692927,4.577041023308019
1369,1567,"1418, 1853",Watawala Ayurvedic Tea 160g,Highland Fresh Milk 900ml | CBL Ginger Biscuits 400g,0.012962437316680859,0.4,30.414388489208637,0.012536243072424392,1.6447472167029362
1370,1567,"1418, 1479",Watawala Ayurvedic Tea 160g,Highland Fresh Milk 900ml | White Sugar 1kg,0.012962437316680859,0.4,30.414388489208637,0.012536243072424392,1.6447472167029362
1371,"1418, 1853",1567,Highland Fresh Milk 900ml | CBL Ginger Biscuits 400g,Watawala Ayurvedic Tea 160g,0.012962437316680859,0.9856115107913669,30.414388489208633,0.012536243072424392,67.2477765162266
1372,"1418, 1479",1567,Highland Fresh Milk 900ml | White Sugar 1kg,Watawala Ayurvedic Tea 160g,0.012962437316680859,0.9856115107913669,30.414388489208633,0.012536243072424392,67.2477765162266
1373,3146,1265,Chandanalepa Cinnamon Ayurveda Soap 100g,Misumi Soap 90g,0.011353959693443088,0.6045340050377833,30.281136963243277,0.010979008128472953,2.47818008802332
1374,1265,3146,Misumi Soap 90g,Chandanalepa Cinnamon Ayurveda Soap 100g,0.011353959693443088,0.5687203791469194,30.281136963243277,0.010979008128472953,2.2751333726355014
1375,1119,2176,Silicone oil 25ml,Wijaya Roasted Curry Powder 50g,0.011212035197275049,0.6155844155844156,30.260984596798547,0.010841523948329724,2.5484333325661734
1376,2176,1119,Wijaya Roasted Curry Powder 50g,Silicone oil 25ml,0.011212035197275049,0.5511627906976744,30.260984596798547,0.010841523948329724,2.1873996539885683
1377,2261,1977,Sunquick  Orange Fruit Drink 200ml,Edinborough Chilli Sauce230g,0.011401267858832434,0.5965346534653465,30.238727829617496,0.011024225943475617,2.429632441675998
1378,1977,2261,Edinborough Chilli Sauce230g,Sunquick  Orange Fruit Drink 200ml,0.011401267858832434,0.5779376498800959,30.238727829617492,0.011024225943475617,2.3240345908703843
1379,3062,2746,Ayush Toothpaste 30g,Misumi Romansu Soap 90g,0.010928186204938973,0.5789473684210527,30.216764132553607,0.010566526493230609,2.3294954584161225
1380,2746,3062,Misumi Romansu Soap 90g,Ayush Toothpaste 30g,0.010928186204938973,0.5703703703703704,30.216764132553607,0.010566526493230609,2.2836507874362564
1381,"1187, 3206",2513,Baby Diaper (Softlove) 4pcs /M | Pears Baby Cream 100ml,Pears Baby Soap (Venivel) 95g,0.02526256031791087,1.0,30.197142857142858,0.024425972550736228,inf
1382,"1079, 1225",1904,P. Baby Soap (Herbal) 100g | N/S Facial Wash 100ml (Carrot),Rin Lemon-Rose 200g,0.011117418866496358,1.0,30.197142857142858,0.010749257583189165,inf
1383,"1225, 1891",1904,N/S Facial Wash 100ml (Carrot) | Lifebuoy Hand Wash 200ml (Green Tea),Rin Lemon-Rose 200g,0.011117418866496358,1.0,30.197142857142858,0.010749257583189165,inf
1384,2513,"1187, 3206",Pears Baby Soap (Venivel) 95g,Baby Diaper (Softlove) 4pcs /M | Pears Baby Cream 100ml,0.02526256031791087,0.7628571428571429,30.197142857142858,0.024425972550736228,4.110338601069051
1385,1904,"1079, 1225",Rin Lemon-Rose 200g,P. Baby Soap (Herbal) 100g | N/S Facial Wash 100ml (Carrot),0.011117418866496358,0.33571428571428574,30.197142857142858,0.010749257583189165,1.4886404447171024
1386,1904,"1225, 1891",Rin Lemon-Rose 200g,N/S Facial Wash 100ml (Carrot) | Lifebuoy Hand Wash 200ml (Green Tea),0.011117418866496358,0.33571428571428574,30.197142857142858,0.010749257583189165,1.4886404447171024
1387,2048,1335,Edinborough Oyster Sauce 210g,Teepol Dishwash Gel (Lime) 500ml,0.01007663922793074,0.5605263157894737,30.148613901165124,0.009742406972313135,2.2331437040763773
1388,1335,2048,Teepol Dishwash Gel (Lime) 500ml,Edinborough Oyster Sauce 210g,0.01007663922793074,0.5419847328244275,30.148613901165124,0.009742406972313135,2.1440833254486393
1389,2773,1977,Wijaya Noodles 400g,Edinborough Chilli Sauce230g,0.011306651528053742,0.5945273631840796,30.13697698557572,0.010931476156832357,2.417604558301364
1390,1977,2773,Edinborough Chilli Sauce230g,Wijaya Noodles 400g,0.011306651528053742,0.5731414868105517,30.13697698557572,0.010931476156832357,2.2981435000175416
1391,2371,2276,Cooking Oil 750ml (loose),T.R.M. Kekulu Rice 1kg,0.012300123001230012,0.6598984771573604,30.127287278946618,0.011891851161573692,2.8758951481592887
1392,2276,2371,T.R.M. Kekulu Rice 1kg,Cooking Oil 750ml (loose),0.012300123001230012,0.5615550755939525,30.127287278946614,0.011891851161573692,2.2382756150411067
1393,1567,"1818, 1853",Watawala Ayurvedic Tea 160g,CBL Bran Cracker 160g | CBL Ginger Biscuits 400g,0.012962437316680859,0.4,30.089679715302495,0.012531643853961192,1.6445106758759895
1394,"1818, 1853",1567,CBL Bran Cracker 160g | CBL Ginger Biscuits 400g,Watawala Ayurvedic Tea 160g,0.012962437316680859,0.9750889679715302,30.08967971530249,0.012531643853961192,38.84198396929019
1395,"2814, 3206",2513,Baby Cheramy Shampoo 100ml | Pears Baby Cream 100ml,Pears Baby Soap (Venivel) 95g,0.02526256031791087,0.996268656716418,30.08446695095949,0.02442283926321872,259.12498817296176
1396,"1187, 2514",2513,Baby Diaper (Softlove) 4pcs /M | Pears Baby Oil (Olive Oil) 100ml,Pears Baby Soap (Venivel) 95g,0.02526256031791087,0.996268656716418,30.08446695095949,0.02442283926321872,259.12498817296176
1397,"1187, 2814",2513,Baby Diaper (Softlove) 4pcs /M | Baby Cheramy Shampoo 100ml,Pears Baby Soap (Venivel) 95g,0.02526256031791087,0.996268656716418,30.08446695095949,0.02442283926321872,259.12498817296176
1398,2513,"2814, 3206",Pears Baby Soap (Venivel) 95g,Baby Cheramy Shampoo 100ml | Pears Baby Cream 100ml,0.02526256031791087,0.7628571428571429,30.08446695095949,0.02442283926321872,4.109939616541672
1399,2513,"1187, 2514",Pears Baby Soap (Venivel) 95g,Baby Diaper (Softlove) 4pcs /M | Pears Baby Oil (Olive Oil) 100ml,0.02526256031791087,0.7628571428571429,30.08446695095949,0.02442283926321872,4.109939616541672
1400,2513,"1187, 2814",Pears Baby Soap (Venivel) 95g,Baby Diaper (Softlove) 4pcs /M | Baby Cheramy Shampoo 100ml,0.02526256031791087,0.7628571428571429,30.08446695095949,0.02442283926321872,4.109939616541672
1401,"1852, 2104",1657,CBL Ginger Biscuits 85g | Kandos Milk Choco 10g,Motha Icing Sugar 1kg,0.011353959693443088,0.97165991902834,30.071665253910762,0.010976396309520858,34.14558074152165
1402,1657,"1852, 2104",Motha Icing Sugar 1kg,CBL Ginger Biscuits 85g | Kandos Milk Choco 10g,0.011353959693443088,0.35139092240117126,30.071665253910762,0.010976396309520858,1.5237450681504559
1403,"2512, 3080",3034,Pears Baby Soap (Aloevera) 95g | BabyCheramy Moisturizes & Cares Baby Shampoo 100ml,Pears Baby Cream 50ml,0.02554640931024695,1.0,30.06827880512091,0.024696796019249522,inf
1404,3034,"2512, 3080",Pears Baby Cream 50ml,Pears Baby Soap (Aloevera) 95g | BabyCheramy Moisturizes & Cares Baby Shampoo 100ml,0.02554640931024695,0.7681365576102418,30.068278805120908,0.024696796019249522,4.202704750030039
1405,"1670, 2782",1904,Delmege Colouring (egg yellow)28ml | Cinthol Lime Soap 100g,Rin Lemon-Rose 200g,0.010928186204938973,0.9956896551724138,30.066982758620693,0.010564724852908042,224.31715394077116
1406,1904,"1670, 2782",Rin Lemon-Rose 200g,Delmege Colouring (egg yellow)28ml | Cinthol Lime Soap 100g,0.010928186204938973,0.33,30.06698275862069,0.010564724852908042,1.476155978551749
1407,"1187, 2513",3206,Baby Diaper (Softlove) 4pcs /M | Pears Baby Soap (Venivel) 95g,Pears Baby Cream 100ml,0.02526256031791087,0.9981308411214953,30.054828660436137,0.024422011180089093,517.232472324717
1408,3206,"1187, 2513",Pears Baby Cream 100ml,Baby Diaper (Softlove) 4pcs /M | Pears Baby Soap (Venivel) 95g,0.02526256031791087,0.7606837606837606,30.054828660436133,0.024422011180089093,4.072812335266209
1409,1253,3058,Chandanalepa Herbal Cream 12g,Signal Toothpaste 160g,0.011306651528053742,0.6191709844559586,30.018431810619386,0.010929994559449078,2.571688605426086
1410,3058,1253,Signal Toothpaste 160g,Chandanalepa Herbal Cream 12g,0.011306651528053742,0.5481651376146789,30.018431810619386,0.010929994559449078,2.1727828680082975
1411,"2513, 2814",3206,Pears Baby Soap (Venivel) 95g | Baby Cheramy Shampoo 100ml,Pears Baby Cream 100ml,0.02526256031791087,0.996268656716418,29.998756218905474,0.024420440060205315,259.09963099631307
1412,"1187, 2514",3206,Baby Diaper (Softlove) 4pcs /M | Pears Baby Oil (Olive Oil) 100ml,Pears Baby Cream 100ml,0.02526256031791087,0.996268656716418,29.998756218905474,0.024420440060205315,259.09963099631307
1413,"1187, 2814",3206,Baby Diaper (Softlove) 4pcs /M | Baby Cheramy Shampoo 100ml,Pears Baby Cream 100ml,0.02526256031791087,0.996268656716418,29.998756218905474,0.024420440060205315,259.09963099631307
1414,3206,"2513, 2814",Pears Baby Cream 100ml,Pears Baby Soap (Venivel) 95g | Baby Cheramy Shampoo 100ml,0.02526256031791087,0.7606837606837606,29.998756218905474,0.024420440060205315,4.072614654717976
1415,3206,"1187, 2514",Pears Baby Cream 100ml,Baby Diaper (Softlove) 4pcs /M | Pears Baby Oil (Olive Oil) 100ml,0.02526256031791087,0.7606837606837606,29.998756218905474,0.024420440060205315,4.072614654717976
1416,3206,"1187, 2814",Pears Baby Cream 100ml,Baby Diaper (Softlove) 4pcs /M | Baby Cheramy Shampoo 100ml,0.02526256031791087,0.7606837606837606,29.998756218905474,0.024420440060205315,4.072614654717976
1417,2367,1335,Aluminium Foil 37.5sq.ft,Teepol Dishwash Gel (Lime) 500ml,0.01007663922793074,0.5575916230366492,29.990767755085727,0.009740647855178305,2.218330262501533
1418,1335,2367,Teepol Dishwash Gel (Lime) 500ml,Aluminium Foil 37.5sq.ft,0.01007663922793074,0.5419847328244275,29.990767755085727,0.009740647855178305,2.1438767464597723
1419,"1479, 1818",1567,White Sugar 1kg | CBL Bran Cracker 160g,Watawala Ayurvedic Tea 160g,0.012962437316680859,0.9716312056737589,29.98297872340426,0.012530110781140127,34.10768521146758
1420,1567,"1479, 1818",Watawala Ayurvedic Tea 160g,White Sugar 1kg | CBL Bran Cracker 160g,0.012962437316680859,0.4,29.98297872340426,0.012530110781140127,1.6444318289336741
1421,"2514, 2814",2513,Pears Baby Oil (Olive Oil) 100ml | Baby Cheramy Shampoo 100ml,Pears Baby Soap (Venivel) 95g,0.02526256031791087,0.9925650557620818,29.97262878385555,0.02441970597570121,130.04593622859264
1422,2513,"2514, 2814",Pears Baby Soap (Venivel) 95g,Pears Baby Oil (Olive Oil) 100ml | Baby Cheramy Shampoo 100ml,0.02526256031791087,0.7628571428571429,29.97262878385555,0.02441970597570121,4.1095406320142915
1423,"1626, 1852",1657,Ritzbury Milk Chocolate 45g | CBL Ginger Biscuits 85g,Motha Icing Sugar 1kg,0.011353959693443088,0.9677419354838709,29.95040853917725,0.010974867712824816,29.998344214211297
1424,"1410, 1626",1657,Prima Tea Bun 75g | Ritzbury Milk Chocolate 45g,Motha Icing Sugar 1kg,0.011353959693443088,0.9677419354838709,29.95040853917725,0.010974867712824816,29.998344214211297
1425,1657,"1626, 1852",Motha Icing Sugar 1kg,Ritzbury Milk Chocolate 45g | CBL Ginger Biscuits 85g,0.011353959693443088,0.35139092240117126,29.950408539177246,0.010974867712824816,1.523672130279212
1426,1657,"1410, 1626",Motha Icing Sugar 1kg,Prima Tea Bun 75g | Ritzbury Milk Chocolate 45g,0.011353959693443088,0.35139092240117126,29.950408539177246,0.010974867712824816,1.523672130279212
1427,1852,"1410, 2104",CBL Ginger Biscuits 85g,Prima Tea Bun 75g | Kandos Milk Choco 10g,0.011448576024221781,0.34423897581792323,29.944541032260336,0.011066250043272939,1.5074151700969705
1428,"1410, 2104",1852,Prima Tea Bun 75g | Kandos Milk Choco 10g,CBL Ginger Biscuits 85g,0.011448576024221781,0.9958847736625515,29.944541032260332,0.011066250043272939,234.91839341470444
1429,"1626, 2104",1852,Ritzbury Milk Chocolate 45g | Kandos Milk Choco 10g,CBL Ginger Biscuits 85g,0.011401267858832434,0.9958677685950412,29.944029719149334,0.011020515235829883,233.9516510549666
1430,1852,"1626, 2104",CBL Ginger Biscuits 85g,Ritzbury Milk Chocolate 45g | Kandos Milk Choco 10g,0.011401267858832434,0.34281650071123754,29.944029719149334,0.011020515235829883,1.50422435293284
1431,"1891, 1939",1904,Lifebuoy Hand Wash 200ml (Green Tea) | Diva Fresh (Purple lotus) 60g,Rin Lemon-Rose 200g,0.011117418866496358,0.9915611814345993,29.94231464737794,0.010746124295671657,114.57578768095513
1432,"1079, 1939",1904,P. Baby Soap (Herbal) 100g | Diva Fresh (Purple lotus) 60g,Rin Lemon-Rose 200g,0.011117418866496358,0.9915611814345993,29.94231464737794,0.010746124295671657,114.57578768095513
1433,"1225, 1939",1904,N/S Facial Wash 100ml (Carrot) | Diva Fresh (Purple lotus) 60g,Rin Lemon-Rose 200g,0.011117418866496358,0.9915611814345993,29.94231464737794,0.010746124295671657,114.57578768095513
1434,1904,"1891, 1939",Rin Lemon-Rose 200g,Lifebuoy Hand Wash 200ml (Green Tea) | Diva Fresh (Purple lotus) 60g,0.011117418866496358,0.33571428571428574,29.94231464737794,0.010746124295671657,1.4884980115309838
1435,1904,"1079, 1939",Rin Lemon-Rose 200g,P. Baby Soap (Herbal) 100g | Diva Fresh (Purple lotus) 60g,0.011117418866496358,0.33571428571428574,29.94231464737794,0.010746124295671657,1.4884980115309838
1436,1904,"1225, 1939",Rin Lemon-Rose 200g,N/S Facial Wash 100ml (Carrot) | Diva Fresh (Purple lotus) 60g,0.011117418866496358,0.33571428571428574,29.94231464737794,0.010746124295671657,1.4884980115309838
1437,"2514, 2814",3206,Pears Baby Oil (Olive Oil) 100ml | Baby Cheramy Shampoo 100ml,Pears Baby Cream 100ml,0.02526256031791087,0.9925650557620818,29.887236679058237,0.024417297820437757,130.0332103321029
1438,3206,"2514, 2814",Pears Baby Cream 100ml,Pears Baby Oil (Olive Oil) 100ml | Baby Cheramy Shampoo 100ml,0.02526256031791087,0.7606837606837606,29.887236679058237,0.024417297820437757,4.072219293621507
1439,"2514, 3206",2513,Pears Baby Oil (Olive Oil) 100ml | Pears Baby Cream 100ml,Pears Baby Soap (Venivel) 95g,0.02526256031791087,0.9888888888888888,29.861619047619048,0.024416572688183705,87.01958558047063
1440,2513,"2514, 3206",Pears Baby Soap (Venivel) 95g,Pears Baby Oil (Olive Oil) 100ml | Pears Baby Cream 100ml,0.02526256031791087,0.7628571428571429,29.861619047619048,0.024416572688183705,4.109141647486911
1441,"1188, 2622",3034,Baby Diaper (Softlove) 4pcs /L | Baby Cheramy Baby Cologne 50ml,Pears Baby Cream 50ml,0.02554640931024695,0.9926470588235293,29.84718851978914,0.024690502587464355,131.47696092345387
1442,3034,"1188, 2622",Pears Baby Cream 50ml,Baby Diaper (Softlove) 4pcs /L | Baby Cheramy Baby Cologne 50ml,0.02554640931024695,0.7681365576102418,29.847188519789135,0.024690502587464355,4.2018886116185366
1443,3150,1977,GreenLand Sweet Corn 425g,Edinborough Chilli Sauce230g,0.011495884189611127,0.5883777239709443,29.82524779208111,0.011110442825644877,2.381485532049891
1444,1977,3150,Edinborough Chilli Sauce230g,GreenLand Sweet Corn 425g,0.011495884189611127,0.5827338129496403,29.825247792081107,0.011110442825644877,2.34972724395679
1445,1516,2928,E/H Ice Cream (Chocolate) 80ml,Revello Dark Chocolate 100g,0.010407796385656164,0.5699481865284974,29.820704868414303,0.010058783965205969,2.2808588882923124
1446,2928,1516,Revello Dark Chocolate 100g,E/H Ice Cream (Chocolate) 80ml,0.010407796385656164,0.5445544554455445,29.8207048684143,0.010058783965205969,2.155557475307194
1447,1934,1296,Diva Fresh (Jasmine) 400g,Vim Limes (Promo),0.011022802535717665,0.6263440860215054,29.819056960185993,0.010653146226652118,2.6200446398487225
1448,1296,1934,Vim Limes (Promo),Diva Fresh (Jasmine) 400g,0.011022802535717665,0.5247747747747747,29.819056960185993,0.010653146226652118,2.0672331987629025
1449,"1670, 1878",1904,Delmege Colouring (egg yellow)28ml | Dettol Hand Wash (sensitive) 200ml,Rin Lemon-Rose 200g,0.010928186204938973,0.9871794871794873,29.810000000000006,0.010561591565390533,75.41697416974262
1450,1904,"1670, 1878",Rin Lemon-Rose 200g,Delmege Colouring (egg yellow)28ml | Dettol Hand Wash (sensitive) 200ml,0.010928186204938973,0.33,29.810000000000002,0.010561591565390533,1.4760147601476017
1451,"1436, 1478",1567,Kotmale Vanilla milk 170ml | White Sugar 1kg (Pkt),Watawala Ayurvedic Tea 160g,0.012016274008893935,0.9657794676806083,29.80240348588715,0.011613075856953464,28.275244162697977
1452,1567,"1436, 1478",Watawala Ayurvedic Tea 160g,Kotmale Vanilla milk 170ml | White Sugar 1kg (Pkt),0.012016274008893935,0.3708029197080292,29.80240348588715,0.011613075856953464,1.5695526623301213
1453,"1188, 3080",3034,Baby Diaper (Softlove) 4pcs /L | BabyCheramy Moisturizes & Cares Baby Shampoo 100ml,Pears Baby Cream 50ml,0.02554640931024695,0.9908256880733946,29.79242303626659,0.024688929229518066,105.3749172107112
1454,"2622, 3080",3034,Baby Cheramy Baby Cologne 50ml | BabyCheramy Moisturizes & Cares Baby Shampoo 100ml,Pears Baby Cream 50ml,0.02554640931024695,0.9908256880733946,29.79242303626659,0.024688929229518066,105.3749172107112
1455,3034,"1188, 3080",Pears Baby Cream 50ml,Baby Diaper (Softlove) 4pcs /L | BabyCheramy Moisturizes & Cares Baby Shampoo 100ml,0.02554640931024695,0.7681365576102418,29.79242303626659,0.024688929229518066,4.201684577015661
1456,3034,"2622, 3080",Pears Baby Cream 50ml,Baby Cheramy Baby Cologne 50ml | BabyCheramy Moisturizes & Cares Baby Shampoo 100ml,0.02554640931024695,0.7681365576102418,29.79242303626659,0.024688929229518066,4.201684577015661
1457,3206,"2513, 2514",Pears Baby Cream 100ml,Pears Baby Soap (Venivel) 95g | Pears Baby Oil (Olive Oil) 100ml,0.02526256031791087,0.7606837606837606,29.776543209876543,0.024414155580670196,4.071823932525039
1458,"2513, 2514",3206,Pears Baby Soap (Venivel) 95g | Pears Baby Oil (Olive Oil) 100ml,Pears Baby Cream 100ml,0.02526256031791087,0.9888888888888888,29.77654320987654,0.024414155580670196,87.01107011070054
1459,"1926, 2603",2517,Bubble Detergent Powder 500g | Rin Detergent Powder 500g,Sunlight Care Liquid 1L,0.026965654271927333,1.0,29.771830985915496,0.026059910373116262,inf
1460,"1900, 2517",3155,Sunlight Care Liquid (naturals)1L | Sunlight Care Liquid 1L,Sunlight 2in1 500g,0.026965654271927333,1.0,29.771830985915496,0.026059910373116262,inf
1461,"2603, 3155",2517,Rin Detergent Powder 500g | Sunlight 2in1 500g,Sunlight Care Liquid 1L,0.026965654271927333,1.0,29.771830985915496,0.026059910373116262,inf
1462,"1926, 2603",3155,Bubble Detergent Powder 500g | Rin Detergent Powder 500g,Sunlight 2in1 500g,0.026965654271927333,1.0,29.771830985915496,0.026059910373116262,inf
1463,"1926, 3155",2517,Bubble Detergent Powder 500g | Sunlight 2in1 500g,Sunlight Care Liquid 1L,0.026965654271927333,1.0,29.771830985915496,0.026059910373116262,inf
1464,2517,"1926, 2603",Sunlight Care Liquid 1L,Bubble Detergent Powder 500g | Rin Detergent Powder 500g,0.026965654271927333,0.8028169014084507,29.771830985915496,0.026059910373116262,4.934674181906655
1465,3155,"1900, 2517",Sunlight 2in1 500g,Sunlight Care Liquid (naturals)1L | Sunlight Care Liquid 1L,0.026965654271927333,0.8028169014084507,29.771830985915496,0.026059910373116262,4.934674181906655
1466,2517,"2603, 3155",Sunlight Care Liquid 1L,Rin Detergent Powder 500g | Sunlight 2in1 500g,0.026965654271927333,0.8028169014084507,29.771830985915496,0.026059910373116262,4.934674181906655
1467,3155,"1926, 2603",Sunlight 2in1 500g,Bubble Detergent Powder 500g | Rin Detergent Powder 500g,0.026965654271927333,0.8028169014084507,29.771830985915496,0.026059910373116262,4.934674181906655
1468,2517,"1926, 3155",Sunlight Care Liquid 1L,Bubble Detergent Powder 500g | Sunlight 2in1 500g,0.026965654271927333,0.8028169014084507,29.771830985915496,0.026059910373116262,4.934674181906655
1469,"1926, 2603",1900,Bubble Detergent Powder 500g | Rin Detergent Powder 500g,Sunlight Care Liquid (naturals)1L,0.026965654271927333,1.0,29.729957805907173,0.026058634677484135,inf
1470,"2603, 3155",1900,Rin Detergent Powder 500g | Sunlight 2in1 500g,Sunlight Care Liquid (naturals)1L,0.026965654271927333,1.0,29.729957805907173,0.026058634677484135,inf
1471,"1926, 3155",1900,Bubble Detergent Powder 500g | Sunlight 2in1 500g,Sunlight Care Liquid (naturals)1L,0.026965654271927333,1.0,29.729957805907173,0.026058634677484135,inf
1472,1900,"1926, 2603",Sunlight Care Liquid (naturals)1L,Bubble Detergent Powder 500g | Rin Detergent Powder 500g,0.026965654271927333,0.80168776371308,29.72995780590717,0.026058634677484135,4.9065774454798525
1473,1900,"2603, 3155",Sunlight Care Liquid (naturals)1L,Rin Detergent Powder 500g | Sunlight 2in1 500g,0.026965654271927333,0.80168776371308,29.72995780590717,0.026058634677484135,4.9065774454798525
1474,1900,"1926, 3155",Sunlight Care Liquid (naturals)1L,Bubble Detergent Powder 500g | Sunlight 2in1 500g,0.026965654271927333,0.80168776371308,29.72995780590717,0.026058634677484135,4.9065774454798525
1475,"1900, 2603",2517,Sunlight Care Liquid (naturals)1L | Rin Detergent Powder 500g,Sunlight Care Liquid 1L,0.026965654271927333,0.9982486865148861,29.71969117683333,0.026058321348732386,551.8207966694767
1476,"1900, 1926",2517,Sunlight Care Liquid (naturals)1L | Bubble Detergent Powder 500g,Sunlight Care Liquid 1L,0.026965654271927333,0.9982486865148861,29.71969117683333,0.026058321348732386,551.8207966694767
1477,"1900, 2603",3155,Sunlight Care Liquid (naturals)1L | Rin Detergent Powder 500g,Sunlight 2in1 500g,0.026965654271927333,0.9982486865148861,29.71969117683333,0.026058321348732386,551.8207966694767
1478,"2517, 2603",3155,Sunlight Care Liquid 1L | Rin Detergent Powder 500g,Sunlight 2in1 500g,0.026965654271927333,0.9982486865148861,29.71969117683333,0.026058321348732386,551.8207966694767
1479,"1900, 1926",3155,Sunlight Care Liquid (naturals)1L | Bubble Detergent Powder 500g,Sunlight 2in1 500g,0.026965654271927333,0.9982486865148861,29.71969117683333,0.026058321348732386,551.8207966694767
1480,2517,"1900, 2603",Sunlight Care Liquid 1L,Sunlight Care Liquid (naturals)1L | Rin Detergent Powder 500g,0.026965654271927333,0.8028169014084507,29.71969117683333,0.026058321348732386,4.934434261925038
1481,2517,"1900, 1926",Sunlight Care Liquid 1L,Sunlight Care Liquid (naturals)1L | Bubble Detergent Powder 500g,0.026965654271927333,0.8028169014084507,29.71969117683333,0.026058321348732386,4.934434261925038
1482,3155,"1900, 2603",Sunlight 2in1 500g,Sunlight Care Liquid (naturals)1L | Rin Detergent Powder 500g,0.026965654271927333,0.8028169014084507,29.71969117683333,0.026058321348732386,4.934434261925038
1483,3155,"2517, 2603",Sunlight 2in1 500g,Sunlight Care Liquid 1L | Rin Detergent Powder 500g,0.026965654271927333,0.8028169014084507,29.71969117683333,0.026058321348732386,4.934434261925038
1484,3155,"1900, 1926",Sunlight 2in1 500g,Sunlight Care Liquid (naturals)1L | Bubble Detergent Powder 500g,0.026965654271927333,0.8028169014084507,29.71969117683333,0.026058321348732386,4.934434261925038
1485,"1436, 1854",1567,Kotmale Vanilla milk 170ml | CBL Nice Biscuits  100g,Watawala Ayurvedic Tea 160g,0.012063582174283282,0.9622641509433962,29.693926456410964,0.01165731787670068,25.641238527769897
1486,1567,"1436, 1854",Watawala Ayurvedic Tea 160g,Kotmale Vanilla milk 170ml | CBL Nice Biscuits  100g,0.012063582174283282,0.3722627737226278,29.693926456410964,0.01165731787670068,1.5730520587853465
1487,"1079, 1891",1904,P. Baby Soap (Herbal) 100g | Lifebuoy Hand Wash 200ml (Green Tea),Rin Lemon-Rose 200g,0.011117418866496358,0.9832635983263599,29.691751344889422,0.010742991008154148,57.77133598259083
1488,1904,"1079, 1891",Rin Lemon-Rose 200g,P. Baby Soap (Herbal) 100g | Lifebuoy Hand Wash 200ml (Green Tea),0.011117418866496358,0.33571428571428574,29.691751344889422,0.010742991008154148,1.4883555783448654
1489,2048,2141,Edinborough Oyster Sauce 210g,Mini Chips (curry flavour)27g,0.010123947393320088,0.5631578947368421,29.685864286651793,0.009782911427664465,2.245730010590189
1490,2141,2048,Mini Chips (curry flavour)27g,Edinborough Oyster Sauce 210g,0.010123947393320088,0.5336658354114714,29.685864286651793,0.009782911427664465,2.1058351965666926
1491,"2512, 2622",3034,Pears Baby Soap (Aloevera) 95g | Baby Cheramy Baby Cologne 50ml,Pears Baby Cream 50ml,0.02554640931024695,0.987202925045704,29.68349278750511,0.024685782513625482,75.54401011043143
1492,3034,"2512, 2622",Pears Baby Cream 50ml,Pears Baby Soap (Aloevera) 95g | Baby Cheramy Baby Cologne 50ml,0.02554640931024695,0.7681365576102418,29.683492787505106,0.024685782513625482,4.201276507809911
1493,"1878, 2782",1904,Dettol Hand Wash (sensitive) 200ml | Cinthol Lime Soap 100g,Rin Lemon-Rose 200g,0.010928186204938973,0.9829787234042553,29.683148936170213,0.01056002492163178,56.80445169836305
1494,"1878, 3164",1904,Dettol Hand Wash (sensitive) 200ml | Sunlight 2in1 (sakura Fresh) 50g,Rin Lemon-Rose 200g,0.010928186204938973,0.9829787234042553,29.683148936170213,0.01056002492163178,56.80445169836305
1495,"1670, 3164",1904,Delmege Colouring (egg yellow)28ml | Sunlight 2in1 (sakura Fresh) 50g,Rin Lemon-Rose 200g,0.010928186204938973,0.9829787234042553,29.683148936170213,0.01056002492163178,56.80445169836305
1496,1904,"1878, 2782",Rin Lemon-Rose 200g,Dettol Hand Wash (sensitive) 200ml | Cinthol Lime Soap 100g,0.010928186204938973,0.33,29.683148936170213,0.01056002492163178,1.475944150945528
1497,1904,"1878, 3164",Rin Lemon-Rose 200g,Dettol Hand Wash (sensitive) 200ml | Sunlight 2in1 (sakura Fresh) 50g,0.010928186204938973,0.33,29.683148936170213,0.01056002492163178,1.475944150945528
1498,1904,"1670, 3164",Rin Lemon-Rose 200g,Delmege Colouring (egg yellow)28ml | Sunlight 2in1 (sakura Fresh) 50g,0.010928186204938973,0.33,29.683148936170213,0.01056002492163178,1.475944150945528
1499,"2517, 2603",1900,Sunlight Care Liquid 1L | Rin Detergent Powder 500g,Sunlight Care Liquid (naturals)1L,0.026965654271927333,0.9982486865148861,29.677891329889817,0.026057043415037742,551.7937837070394
1500,1900,"2517, 2603",Sunlight Care Liquid (naturals)1L,Sunlight Care Liquid 1L | Rin Detergent Powder 500g,0.026965654271927333,0.80168776371308,29.677891329889817,0.026057043415037742,4.906338891539485
1501,"1900, 3155",2517,Sunlight Care Liquid (naturals)1L | Sunlight 2in1 500g,Sunlight Care Liquid 1L,0.026965654271927333,0.9965034965034965,29.667733674775928,0.026056732324348506,276.39360393603556
1502,"1926, 2517",3155,Bubble Detergent Powder 500g | Sunlight Care Liquid 1L,Sunlight 2in1 500g,0.026965654271927333,0.9965034965034965,29.667733674775928,0.026056732324348506,276.39360393603556
1503,2517,"1900, 3155",Sunlight Care Liquid 1L,Sunlight Care Liquid (naturals)1L | Sunlight 2in1 500g,0.026965654271927333,0.8028169014084507,29.667733674775928,0.026056732324348506,4.934194341943421
1504,3155,"1926, 2517",Sunlight 2in1 500g,Bubble Detergent Powder 500g | Sunlight Care Liquid 1L,0.026965654271927333,0.8028169014084507,29.667733674775928,0.026056732324348506,4.934194341943421
1505,"1410, 2634",1852,Prima Tea Bun 75g | Kotmale Milk With Oats 1L,CBL Ginger Biscuits 85g,0.010265871889488125,0.9863636363636363,29.658256821414717,0.009919733141303988,70.89443971362773
1506,1852,"1410, 2634",CBL Ginger Biscuits 85g,Prima Tea Bun 75g | Kotmale Milk With Oats 1L,0.010265871889488125,0.30867709815078237,29.658256821414717,0.009919733141303988,1.4314471587260982
1507,1852,"1998, 3006",CBL Ginger Biscuits 85g,Crunchy Peanut Butter325g | Spinner Sugar Free 250ml,0.010029331062541395,0.30156472261735423,29.64872142644481,0.009691059104088715,1.417208976257082
1508,"1998, 3006",1852,Crunchy Peanut Butter325g | Spinner Sugar Free 250ml,CBL Ginger Biscuits 85g,0.010029331062541395,0.9860465116279069,29.648721426444805,0.009691059104088715,69.28320244740874
1509,"1926, 2517",1900,Bubble Detergent Powder 500g | Sunlight Care Liquid 1L,Sunlight Care Liquid (naturals)1L,0.026965654271927333,0.9965034965034965,29.626006904487912,0.026055452152591353,276.3800738007342
1510,1900,"1926, 2517",Sunlight Care Liquid (naturals)1L,Bubble Detergent Powder 500g | Sunlight Care Liquid 1L,0.026965654271927333,0.80168776371308,29.626006904487912,0.026055452152591353,4.906100337599118
1511,2773,2535,Wijaya Noodles 400g,CBL Potato Cracker 110g,0.011448576024221781,0.6019900497512438,29.592710864283237,0.01106170453831004,2.4613894408174852
1512,2535,2773,CBL Potato Cracker 110g,Wijaya Noodles 400g,0.011448576024221781,0.5627906976744186,29.592710864283234,0.01106170453831004,2.243735694312753
1513,"1410, 1626",1852,Prima Tea Bun 75g | Ritzbury Milk Chocolate 45g,CBL Ginger Biscuits 85g,0.011543192355000472,0.9838709677419354,29.583306566328634,0.011152999584320172,59.9380263033396
1514,1852,"1410, 1626",CBL Ginger Biscuits 85g,Prima Tea Bun 75g | Ritzbury Milk Chocolate 45g,0.011543192355000472,0.34708392603129445,29.583306566328634,0.011152999584320172,1.5136211442556857
1515,1119,3119,Silicone oil 25ml,Rice Flakes (Samuel's Product) 200g,0.011164727031885703,0.612987012987013,29.58292118840064,0.010787322550401861,2.5303518393986213
1516,3119,1119,Rice Flakes (Samuel's Product) 200g,Silicone oil 25ml,0.011164727031885703,0.5388127853881278,29.582921188400636,0.010787322550401861,2.1288238815366065
1517,"1626, 1657",1852,Ritzbury Milk Chocolate 45g | Motha Icing Sugar 1kg,CBL Ginger Biscuits 85g,0.011353959693443088,0.9836065573770492,29.57535620175827,0.010970060354547954,58.971283943608604
1518,1852,"1626, 1657",CBL Ginger Biscuits 85g,Ritzbury Milk Chocolate 45g | Motha Icing Sugar 1kg,0.011353959693443088,0.3413940256045519,29.57535620175827,0.010970060354547954,1.5008318267266407
1519,"2517, 3155",1900,Sunlight Care Liquid 1L | Sunlight 2in1 500g,Sunlight Care Liquid (naturals)1L,0.026965654271927333,0.9947643979057591,29.57430357655687,0.02605386089014496,184.57550383195925
1520,1900,"2517, 3155",Sunlight Care Liquid (naturals)1L,Sunlight Care Liquid 1L | Sunlight 2in1 500g,0.026965654271927333,0.80168776371308,29.57430357655687,0.02605386089014496,4.90586178365875
1521,"2782, 3164",1904,Cinthol Lime Soap 100g | Sunlight 2in1 (sakura Fresh) 50g,Rin Lemon-Rose 200g,0.010928186204938973,0.978813559322034,29.557372881355935,0.010558458277873026,45.63693821553612
1522,1904,"2782, 3164",Rin Lemon-Rose 200g,Cinthol Lime Soap 100g | Sunlight 2in1 (sakura Fresh) 50g,0.010928186204938973,0.33,29.557372881355935,0.010558458277873026,1.4758735417434543
1523,1852,"1998, 2634",CBL Ginger Biscuits 85g,Crunchy Peanut Butter325g | Kotmale Milk With Oats 1L,0.010029331062541395,0.30156472261735423,29.511458827248305,0.009689485746142423,1.4171412417555165
1524,"1998, 2634",1852,Crunchy Peanut Butter325g | Kotmale Milk With Oats 1L,CBL Ginger Biscuits 85g,0.010029331062541395,0.9814814814814815,29.5114588272483,0.009689485746142423,52.204087425489725
1525,1882,1296,Dettol Hand Wash Refill (sensitive)175ml,Vim Limes (Promo),0.011164727031885703,0.6194225721784777,29.489536780875365,0.010786127425020183,2.572394217310874
1526,1296,1882,Vim Limes (Promo),Dettol Hand Wash Refill (sensitive)175ml,0.011164727031885703,0.5315315315315315,29.489536780875365,0.010786127425020183,2.0961401995676763
1527,"2276, 2371",3189,T.R.M. Kekulu Rice 1kg | Cooking Oil 750ml (loose),Fortune RBD Coconut Oil 200ml,0.012300123001230012,1.0,29.481171548117153,0.011882903387648693,inf
1528,3189,"2276, 2371",Fortune RBD Coconut Oil 200ml,T.R.M. Kekulu Rice 1kg | Cooking Oil 750ml (loose),0.012300123001230012,0.3626220362622036,29.48117154811715,0.011882903387648693,1.5496297851381138
1529,"1657, 2104",1852,Motha Icing Sugar 1kg | Kandos Milk Choco 10g,CBL Ginger Biscuits 85g,0.011353959693443088,0.9795918367346937,29.454640462159254,0.010968486996601664,47.37037562683288
1530,1852,"1657, 2104",CBL Ginger Biscuits 85g,Motha Icing Sugar 1kg | Kandos Milk Choco 10g,0.011353959693443088,0.3413940256045519,29.454640462159254,0.010968486996601664,1.5007599959701208
1531,1121,2190,Axe oil 5ml,Freelan Meat Curry Powder 250g,0.010455104551045511,0.5552763819095478,29.41712321003514,0.010099695747934576,2.206143326100797
1532,2190,1121,Freelan Meat Curry Powder 250g,Axe oil 5ml,0.010455104551045511,0.5538847117794486,29.41712321003514,0.010099695747934576,2.199367239999107
1533,2645,2276,Plaza Canned Fish 425g,T.R.M. Kekulu Rice 1kg,0.012489355662787397,0.6439024390243903,29.39699731338566,0.012064504256038434,2.7467088422201402
1534,2276,2645,T.R.M. Kekulu Rice 1kg,Plaza Canned Fish 425g,0.012489355662787397,0.5701943844492441,29.39699731338566,0.012064504256038434,2.2815049797192986
1535,2528,3244,Ambewela Fresh Milk (Chocolate) 1L,Nestle Milkmaid 510g,0.01258397199356609,0.5588235294117647,29.384108867427567,0.012155714255673092,2.2235594663638945
1536,3244,2528,Nestle Milkmaid 510g,Ambewela Fresh Milk (Chocolate) 1L,0.01258397199356609,0.6616915422885572,29.384108867427564,0.012155714255673092,2.8893197642383663
1537,"2205, 2645",3189,Goraka Paste 250g | Plaza Canned Fish 425g,Fortune RBD Coconut Oil 200ml,0.012300123001230012,0.996168582375479,29.36821686785617,0.011881298696827226,252.1468918535391
1538,3189,"2205, 2645",Fortune RBD Coconut Oil 200ml,Goraka Paste 250g | Plaza Canned Fish 425g,0.012300123001230012,0.3626220362622036,29.368216867856166,0.011881298696827226,1.5495555620427437
1539,"2371, 2645",3189,Cooking Oil 750ml (loose) | Plaza Canned Fish 425g,Fortune RBD Coconut Oil 200ml,0.012252814835840667,0.9961538461538462,29.36778242677824,0.011835595222259347,251.180811808119
1540,"2205, 2371",3189,Goraka Paste 250g | Cooking Oil 750ml (loose),Fortune RBD Coconut Oil 200ml,0.012252814835840667,0.9961538461538462,29.36778242677824,0.011835595222259347,251.180811808119
1541,3189,"2371, 2645",Fortune RBD Coconut Oil 200ml,Cooking Oil 750ml (loose) | Plaza Canned Fish 425g,0.012252814835840667,0.3612273361227336,29.36778242677824,0.011835595222259347,1.5462463139915241
1542,3189,"2205, 2371",Fortune RBD Coconut Oil 200ml,Goraka Paste 250g | Cooking Oil 750ml (loose),0.012252814835840667,0.3612273361227336,29.36778242677824,0.011835595222259347,1.5462463139915241
1543,"1419, 1478",1567,Highland Butter (Salted) 200g | White Sugar 1kg (Pkt),Watawala Ayurvedic Tea 160g,0.012063582174283282,0.951492537313433,29.36153175727204,0.01165271865823748,19.947320538294196
1544,1567,"1419, 1478",Watawala Ayurvedic Tea 160g,Highland Butter (Salted) 200g | White Sugar 1kg (Pkt),0.012063582174283282,0.3722627737226278,29.36153175727204,0.01165271865823748,1.5728259697623812
1545,3189,"1270, 2393",Fortune RBD Coconut Oil 200ml,Lifebuoy Turmeric 100g | Kist Tomato Sauce 15g,0.01159050052038982,0.3417015341701534,29.361329387352452,0.011195746578309034,1.5013891762124925
1546,3189,"2393, 2713",Fortune RBD Coconut Oil 200ml,Kist Tomato Sauce 15g | Sera Turmeric Powder 25g,0.01159050052038982,0.3417015341701534,29.361329387352452,0.011195746578309034,1.5013891762124925
1547,"1270, 2393",3189,Lifebuoy Turmeric 100g | Kist Tomato Sauce 15g,Fortune RBD Coconut Oil 200ml,0.01159050052038982,0.9959349593495935,29.36132938735245,0.011195746578309034,237.6556911722983
1548,"2393, 2713",3189,Kist Tomato Sauce 15g | Sera Turmeric Powder 25g,Fortune RBD Coconut Oil 200ml,0.01159050052038982,0.9959349593495935,29.36132938735245,0.011195746578309034,237.6556911722983
1549,1148,3058,Sunsilk Shampoo (Black)80ml,Signal Toothpaste 160g,0.011259343362664397,0.6055979643765904,29.360389383010016,0.010875855827271564,2.4831860675926865
1550,3058,1148,Signal Toothpaste 160g,Sunsilk Shampoo (Black)80ml,0.011259343362664397,0.5458715596330276,29.360389383010016,0.010875855827271564,2.1610800024084162
1551,"1900, 2517",2603,Sunlight Care Liquid (naturals)1L | Sunlight Care Liquid 1L,Rin Detergent Powder 500g,0.026965654271927333,1.0,29.35833333333333,0.02604715341679498,inf
1552,"1900, 2517",1926,Sunlight Care Liquid (naturals)1L | Sunlight Care Liquid 1L,Bubble Detergent Powder 500g,0.026965654271927333,1.0,29.35833333333333,0.02604715341679498,inf
1553,"1926, 3155",2603,Bubble Detergent Powder 500g | Sunlight 2in1 500g,Rin Detergent Powder 500g,0.026965654271927333,1.0,29.35833333333333,0.02604715341679498,inf
1554,"2603, 3155",1926,Rin Detergent Powder 500g | Sunlight 2in1 500g,Bubble Detergent Powder 500g,0.026965654271927333,1.0,29.35833333333333,0.02604715341679498,inf
1555,2603,"1900, 2517",Rin Detergent Powder 500g,Sunlight Care Liquid (naturals)1L | Sunlight Care Liquid 1L,0.026965654271927333,0.7916666666666665,29.35833333333333,0.02604715341679498,4.670564859494745
1556,1926,"1900, 2517",Bubble Detergent Powder 500g,Sunlight Care Liquid (naturals)1L | Sunlight Care Liquid 1L,0.026965654271927333,0.7916666666666665,29.35833333333333,0.02604715341679498,4.670564859494745
1557,1926,"2603, 3155",Bubble Detergent Powder 500g,Rin Detergent Powder 500g | Sunlight 2in1 500g,0.026965654271927333,0.7916666666666665,29.35833333333333,0.02604715341679498,4.670564859494745
1558,2603,"1926, 3155",Rin Detergent Powder 500g,Bubble Detergent Powder 500g | Sunlight 2in1 500g,0.026965654271927333,0.7916666666666665,29.35833333333333,0.02604715341679498,4.670564859494745
1559,2944,1566,Daily Banana Flavoured milk 180ml,Watawala Tea 400g,0.011259343362664397,0.5776699029126214,29.352851941747577,0.010875757352521014,2.3212170052735015
1560,1566,2944,Watawala Tea 400g,Daily Banana Flavoured milk 180ml,0.011259343362664397,0.5721153846153846,29.352851941747574,0.010875757352521014,2.2915267354920736
1561,"1900, 1926",2603,Sunlight Care Liquid (naturals)1L | Bubble Detergent Powder 500g,Rin Detergent Powder 500g,0.026965654271927333,0.9982486865148861,29.306917688266196,0.026045542011785976,551.5506670451035
1562,"1900, 2603",1926,Sunlight Care Liquid (naturals)1L | Rin Detergent Powder 500g,Bubble Detergent Powder 500g,0.026965654271927333,0.9982486865148861,29.306917688266196,0.026045542011785976,551.5506670451035
1563,"2517, 2603",1926,Sunlight Care Liquid 1L | Rin Detergent Powder 500g,Bubble Detergent Powder 500g,0.026965654271927333,0.9982486865148861,29.306917688266196,0.026045542011785976,551.5506670451035
1564,1926,"1900, 2603",Bubble Detergent Powder 500g,Sunlight Care Liquid (naturals)1L | Rin Detergent Powder 500g,0.026965654271927333,0.7916666666666665,29.306917688266193,0.026045542011785976,4.670337780300876
1565,2603,"1900, 1926",Rin Detergent Powder 500g,Sunlight Care Liquid (naturals)1L | Bubble Detergent Powder 500g,0.026965654271927333,0.7916666666666665,29.306917688266193,0.026045542011785976,4.670337780300876
1566,1926,"2517, 2603",Bubble Detergent Powder 500g,Sunlight Care Liquid 1L | Rin Detergent Powder 500g,0.026965654271927333,0.7916666666666665,29.306917688266193,0.026045542011785976,4.670337780300876
1567,"2205, 2276",3189,Goraka Paste 250g | T.R.M. Kekulu Rice 1kg,Fortune RBD Coconut Oil 200ml,0.012300123001230012,0.9923664122137404,29.256124437062823,0.01187969400600576,126.55648594947468
1568,3189,"2205, 2276",Fortune RBD Coconut Oil 200ml,Goraka Paste 250g | T.R.M. Kekulu Rice 1kg,0.012300123001230012,0.3626220362622036,29.25612443706282,0.01187969400600576,1.5494813389473734
1569,"1926, 2517",2603,Bubble Detergent Powder 500g | Sunlight Care Liquid 1L,Rin Detergent Powder 500g,0.026965654271927333,0.9965034965034965,29.255681818181813,0.026043930606776972,276.258302583022
1570,"1900, 3155",2603,Sunlight Care Liquid (naturals)1L | Sunlight 2in1 500g,Rin Detergent Powder 500g,0.026965654271927333,0.9965034965034965,29.255681818181813,0.026043930606776972,276.258302583022
1571,"1900, 3155",1926,Sunlight Care Liquid (naturals)1L | Sunlight 2in1 500g,Bubble Detergent Powder 500g,0.026965654271927333,0.9965034965034965,29.255681818181813,0.026043930606776972,276.258302583022
1572,2603,"1926, 2517",Rin Detergent Powder 500g,Bubble Detergent Powder 500g | Sunlight Care Liquid 1L,0.026965654271927333,0.7916666666666665,29.255681818181813,0.026043930606776972,4.670110701107008
1573,2603,"1900, 3155",Rin Detergent Powder 500g,Sunlight Care Liquid (naturals)1L | Sunlight 2in1 500g,0.026965654271927333,0.7916666666666665,29.255681818181813,0.026043930606776972,4.670110701107008
1574,1926,"1900, 3155",Bubble Detergent Powder 500g,Sunlight Care Liquid (naturals)1L | Sunlight 2in1 500g,0.026965654271927333,0.7916666666666665,29.255681818181813,0.026043930606776972,4.670110701107008
1575,2367,2141,Aluminium Foil 37.5sq.ft,Mini Chips (curry flavour)27g,0.010029331062541395,0.5549738219895288,29.254455484325838,0.00968650017075074,2.204430827113701
1576,2141,2367,Mini Chips (curry flavour)27g,Aluminium Foil 37.5sq.ft,0.010029331062541395,0.5286783042394015,29.254455484325835,0.00968650017075074,2.08335047941444
1577,2713,"1270, 2393",Sera Turmeric Powder 25g,Lifebuoy Turmeric 100g | Kist Tomato Sauce 15g,0.01159050052038982,0.3402777777777778,29.23899051490515,0.011194094888174804,1.4981490057815559
1578,"1270, 2393",2713,Lifebuoy Turmeric 100g | Kist Tomato Sauce 15g,Sera Turmeric Powder 25g,0.01159050052038982,0.9959349593495935,29.238990514905147,0.011194094888174804,237.62077774624095
1579,"1410, 1657",1852,Prima Tea Bun 75g | Motha Icing Sugar 1kg,CBL Ginger Biscuits 85g,0.011495884189611127,0.972,29.226366998577525,0.011102544703038245,34.52651284754603
1580,1852,"1410, 1657",CBL Ginger Biscuits 85g,Prima Tea Bun 75g | Motha Icing Sugar 1kg,0.011495884189611127,0.3456614509246088,29.226366998577525,0.011102544703038245,1.5101860650713528
1581,"2517, 3155",2603,Sunlight Care Liquid 1L | Sunlight 2in1 500g,Rin Detergent Powder 500g,0.026965654271927333,0.9947643979057591,29.20462478184991,0.026042319201767968,184.49418109565494
1582,"2517, 3155",1926,Sunlight Care Liquid 1L | Sunlight 2in1 500g,Bubble Detergent Powder 500g,0.026965654271927333,0.9947643979057591,29.20462478184991,0.026042319201767968,184.49418109565494
1583,2603,"2517, 3155",Rin Detergent Powder 500g,Sunlight Care Liquid 1L | Sunlight 2in1 500g,0.026965654271927333,0.7916666666666665,29.20462478184991,0.026042319201767968,4.669883621913139
1584,1926,"2517, 3155",Bubble Detergent Powder 500g,Sunlight Care Liquid 1L | Sunlight 2in1 500g,0.026965654271927333,0.7916666666666665,29.20462478184991,0.026042319201767968,4.669883621913139
1585,2261,2535,Sunquick  Orange Fruit Drink 200ml,CBL Potato Cracker 110g,0.011353959693443088,0.594059405940594,29.202855169237854,0.010965163473770592,2.413302594564407
1586,2535,2261,CBL Potato Cracker 110g,Sunquick  Orange Fruit Drink 200ml,0.011353959693443088,0.5581395348837209,29.202855169237854,0.010965163473770592,2.2199032921503306
1587,3146,3058,Chandanalepa Cinnamon Ayurveda Soap 100g,Signal Toothpaste 160g,0.011306651528053742,0.6020151133501259,29.186686848612297,0.0109192608116391,2.4608312344077676
1588,3058,3146,Signal Toothpaste 160g,Chandanalepa Cinnamon Ayurveda Soap 100g,0.011306651528053742,0.5481651376146789,29.186686848612297,0.0109192608116391,2.1716311423168895
1589,1789,1121,Asiri Ddevilled Dhal 100g,Axe oil 5ml,0.010502412716434857,0.5495049504950495,29.18451166724713,0.010142550168924035,2.177984755333606
1590,1121,1789,Axe oil 5ml,Asiri Ddevilled Dhal 100g,0.010502412716434857,0.5577889447236181,29.184511667247126,0.010142550168924035,2.2181433265381605
1591,1163,3052,Clear Shampoo (Ice Cool)180ml,Pears Bee's Honey BabySoap 70g,0.01007663922793074,0.5756756756756757,29.181372739646125,0.009731328562876231,2.310196325873107
1592,3052,1163,Pears Bee's Honey BabySoap 70g,Clear Shampoo (Ice Cool)180ml,0.01007663922793074,0.5107913669064749,29.181372739646125,0.009731328562876231,2.0083373684415577
1593,"2016, 2330",2713,"Fortune Coconut Oil 675ml | Kome Rice Cracker 90G (B,B,Q)",Sera Turmeric Powder 25g,0.012205506670451319,0.9923076923076922,29.132499999999997,0.011786541368110246,125.57195571955582
1594,"2016, 2736",2713,Fortune Coconut Oil 675ml | Maldive Fish Bottle 100g,Sera Turmeric Powder 25g,0.012205506670451319,0.9923076923076922,29.132499999999997,0.011786541368110246,125.57195571955582
1595,2713,"2016, 2330",Sera Turmeric Powder 25g,"Fortune Coconut Oil 675ml | Kome Rice Cracker 90G (B,B,Q)",0.012205506670451319,0.3583333333333333,29.132499999999997,0.011786541368110246,1.5392725355824985
1596,2713,"2016, 2736",Sera Turmeric Powder 25g,Fortune Coconut Oil 675ml | Maldive Fish Bottle 100g,0.012205506670451319,0.3583333333333333,29.132499999999997,0.011786541368110246,1.5392725355824985
1597,"1270, 2713",3189,Lifebuoy Turmeric 100g | Sera Turmeric Powder 25g,Fortune RBD Coconut Oil 200ml,0.01159050052038982,0.9879032258064516,29.124544472938318,0.0111925371966661,79.86261708770941
1598,3189,"1270, 2713",Fortune RBD Coconut Oil 200ml,Lifebuoy Turmeric 100g | Sera Turmeric Powder 25g,0.01159050052038982,0.3417015341701534,29.124544472938318,0.0111925371966661,1.501245447591373
1599,2190,1789,Freelan Meat Curry Powder 250g,Asiri Ddevilled Dhal 100g,0.010502412716434857,0.556390977443609,29.111367527730216,0.010141645991668983,2.2111531806321976
1600,1789,2190,Asiri Ddevilled Dhal 100g,Freelan Meat Curry Powder 250g,0.010502412716434857,0.5495049504950495,29.111367527730216,0.010141645991668983,2.1778797416038405
1601,1818,1418,CBL Bran Cracker 160g,Highland Fresh Milk 900ml,0.013009745482070205,0.6165919282511211,29.092678971812937,0.01256256268757146,2.552909064853132
1602,1418,1818,Highland Fresh Milk 900ml,CBL Bran Cracker 160g,0.013009745482070205,0.6138392857142856,29.092678971812937,0.01256256268757146,2.5349563589010713
1603,"2330, 2736",2713,"Kome Rice Cracker 90G (B,B,Q) | Maldive Fish Bottle 100g",Sera Turmeric Powder 25g,0.012205506670451319,0.9885057471264368,29.02088122605364,0.011784929963101242,84.03661652001145
1604,2713,"2330, 2736",Sera Turmeric Powder 25g,"Kome Rice Cracker 90G (B,B,Q) | Maldive Fish Bottle 100g",0.012205506670451319,0.3583333333333333,29.020881226053636,0.011784929963101242,1.539198808571502
1605,2736,2330,Maldive Fish Bottle 100g,"Kome Rice Cracker 90G (B,B,Q)",0.012347431166619358,0.6397058823529411,29.017388285786417,0.011921912817241668,2.7143224022507098
1606,2330,2736,"Kome Rice Cracker 90G (B,B,Q)",Maldive Fish Bottle 100g,0.012347431166619358,0.5600858369098712,29.017388285786417,0.011921912817241668,2.229294600638314
1607,1870,1575,Little Lion Choco Cookies 180g,Dilmah Strong Tea 100g,0.012631280158955436,0.6342042755344418,29.016904710491406,0.012195972524148046,2.6740160208794896
1608,1575,1870,Dilmah Strong Tea 100g,Little Lion Choco Cookies 180g,0.012631280158955436,0.5779220779220778,29.016904710491406,0.012195972524148046,2.3220434216176478
1609,3189,"2393, 3144",Fortune RBD Coconut Oil 200ml,Kist Tomato Sauce 15g | GoodKnight Mosquito Coil 10Hours,0.01159050052038982,0.3417015341701534,29.007578430878326,0.011190932505844634,1.5011735832808133
1610,"2393, 3144",3189,Kist Tomato Sauce 15g | GoodKnight Mosquito Coil 10Hours,Fortune RBD Coconut Oil 200ml,0.01159050052038982,0.9839357429718876,29.007578430878322,0.011190932505844634,60.13848282713605
1611,"2393, 3144",2713,Kist Tomato Sauce 15g | GoodKnight Mosquito Coil 10Hours,Sera Turmeric Powder 25g,0.011637808685779166,0.9879518072289156,29.00461847389558,0.011236568838537138,80.17286403633241
1612,2713,"2393, 3144",Sera Turmeric Powder 25g,Kist Tomato Sauce 15g | GoodKnight Mosquito Coil 10Hours,0.011637808685779166,0.3416666666666666,29.004618473895576,0.011236568838537138,1.5010940761793203
1613,"1410, 1998",1852,Prima Tea Bun 75g | Crunchy Peanut Butter325g,CBL Ginger Biscuits 85g,0.010029331062541395,0.9636363636363637,28.974886848571064,0.009683192314357257,26.585414892610537
1614,1852,"1410, 1998",CBL Ginger Biscuits 85g,Prima Tea Bun 75g | Crunchy Peanut Butter325g,0.010029331062541395,0.30156472261735423,28.974886848571064,0.009683192314357257,1.416870303749254
1615,2856,2629,Anchor Butter 227g,Prima Self Raising Flour 1kg,0.01570631090926294,0.6859504132231405,28.941356955510468,0.0151636165589805,3.108740308050854
1616,2629,2856,Prima Self Raising Flour 1kg,Anchor Butter 227g,0.01570631090926294,0.6626746506986029,28.941356955510468,0.0151636165589805,2.8966185019155617
1617,3189,"2276, 2645",Fortune RBD Coconut Oil 200ml,T.R.M. Kekulu Rice 1kg | Plaza Canned Fish 425g,0.012252814835840667,0.3612273361227336,28.922816026372512,0.011829176458973481,1.5459500698466844
1618,"2276, 2645",3189,T.R.M. Kekulu Rice 1kg | Plaza Canned Fish 425g,Fortune RBD Coconut Oil 200ml,0.012252814835840667,0.9810606060606061,28.92281602637251,0.011829176458973481,51.00902639795633
1619,"1270, 3144",2713,Lifebuoy Turmeric 100g | GoodKnight Mosquito Coil 10Hours,Sera Turmeric Powder 25g,0.011685116851168511,0.9840637450199203,28.89047144754316,0.011280654193908475,60.61261708770939
1620,2713,"1270, 3144",Sera Turmeric Powder 25g,Lifebuoy Turmeric 100g | GoodKnight Mosquito Coil 10Hours,0.011685116851168511,0.3430555555555555,28.89047144754316,0.011280654193908475,1.5041236117353853
1621,"1419, 1854",1567,Highland Butter (Salted) 200g | CBL Nice Biscuits  100g,Watawala Ayurvedic Tea 160g,0.012016274008893935,0.9338235294117646,28.816294547015886,0.011599278201563866,14.621419034703145
1622,1567,"1419, 1854",Watawala Ayurvedic Tea 160g,Highland Butter (Salted) 200g | CBL Nice Biscuits  100g,0.012016274008893935,0.3708029197080292,28.816294547015886,0.011599278201563866,1.5688759689667215
1623,"2736, 3144",2713,Maldive Fish Bottle 100g | GoodKnight Mosquito Coil 10Hours,Sera Turmeric Powder 25g,0.012205506670451319,0.9809885931558935,28.80019011406844,0.011781707153083232,50.80834516037454
1624,2713,"2736, 3144",Sera Turmeric Powder 25g,Maldive Fish Bottle 100g | GoodKnight Mosquito Coil 10Hours,0.012205506670451319,0.3583333333333333,28.800190114068435,0.011781707153083232,1.5390513545495093
1625,"1270, 3144",3189,Lifebuoy Turmeric 100g | GoodKnight Mosquito Coil 10Hours,Fortune RBD Coconut Oil 200ml,0.01159050052038982,0.9760956175298806,28.77644234776376,0.011187723124201701,40.414348566562815
1626,3189,"1270, 3144",Fortune RBD Coconut Oil 200ml,Lifebuoy Turmeric 100g | GoodKnight Mosquito Coil 10Hours,0.01159050052038982,0.3417015341701534,28.77644234776376,0.011187723124201701,1.501029854659694
1627,2713,"1270, 3189",Sera Turmeric Powder 25g,Lifebuoy Turmeric 100g | Fortune RBD Coconut Oil 200ml,0.01159050052038982,0.3402777777777778,28.77116666666667,0.011187649268138788,1.49786216890509
1628,"1270, 3189",2713,Lifebuoy Turmeric 100g | Fortune RBD Coconut Oil 200ml,Sera Turmeric Powder 25g,0.01159050052038982,0.9800000000000001,28.771166666666666,0.011187649268138788,48.29690604598376
1629,"1410, 3006",1852,Prima Tea Bun 75g | Spinner Sugar Free 250ml,CBL Ginger Biscuits 85g,0.010029331062541395,0.954954954954955,28.713851831917268,0.009680045598464675,21.461680386034637
1630,1852,"1410, 3006",CBL Ginger Biscuits 85g,Prima Tea Bun 75g | Spinner Sugar Free 250ml,0.010029331062541395,0.30156472261735423,28.713851831917268,0.009680045598464675,1.4167348347461228
1631,"2330, 3144",2713,"Kome Rice Cracker 90G (B,B,Q) | GoodKnight Mosquito Coil 10Hours",Sera Turmeric Powder 25g,0.012347431166619358,0.9775280898876404,28.698595505617973,0.011917186029215255,42.98424638092524
1632,2713,"2330, 3144",Sera Turmeric Powder 25g,"Kome Rice Cracker 90G (B,B,Q) | GoodKnight Mosquito Coil 10Hours",0.012347431166619358,0.36249999999999993,28.698595505617973,0.011917186029215255,1.5488136781820305
1633,"2016, 3144",2713,Fortune Coconut Oil 675ml | GoodKnight Mosquito Coil 10Hours,Sera Turmeric Powder 25g,0.012252814835840667,0.9773584905660377,28.693616352201257,0.011825792508454572,42.662267007285465
1634,2713,"2016, 3144",Sera Turmeric Powder 25g,Fortune Coconut Oil 675ml | GoodKnight Mosquito Coil 10Hours,0.012252814835840667,0.3597222222222222,28.693616352201257,0.011825792508454572,1.5422420868627176
1635,3150,2535,GreenLand Sweet Corn 425g,CBL Potato Cracker 110g,0.011401267858832434,0.5835351089588378,28.68550030970212,0.01100381033723654,2.3523171099331743
1636,2535,3150,CBL Potato Cracker 110g,GreenLand Sweet Corn 425g,0.011401267858832434,0.5604651162790697,28.685500309702118,0.01100381033723654,2.2306801212090264
1637,"2194, 2862",2059,Freelan Chilli  Powder 100g | Diamond Tuna,Renuka Coconut Milk Powder 300g,0.013151669978238243,1.0,28.681139755766623,0.012693122302300994,inf
1638,"2510, 2862",2059,Kakulu-Samba Rice 1kg | Diamond Tuna,Renuka Coconut Milk Powder 300g,0.013151669978238243,1.0,28.681139755766623,0.012693122302300994,inf
1639,2059,"2194, 2862",Renuka Coconut Milk Powder 300g,Freelan Chilli  Powder 100g | Diamond Tuna,0.013151669978238243,0.37720488466757124,28.681139755766623,0.012693122302300994,1.5845473185752472
1640,2059,"2510, 2862",Renuka Coconut Milk Powder 300g,Kakulu-Samba Rice 1kg | Diamond Tuna,0.013151669978238243,0.37720488466757124,28.681139755766623,0.012693122302300994,1.5845473185752472
1641,"2832, 3194",1151,Closeup Toothpaste 120g | Rexona Kohomba & Turmeric Soap 80g,Sunsilk Shampoo (Black)180ml,0.02748604409121014,1.0,28.603518267929633,0.02652511180890319,inf
1642,1151,"2832, 3194",Sunsilk Shampoo (Black)180ml,Closeup Toothpaste 120g | Rexona Kohomba & Turmeric Soap 80g,0.02748604409121014,0.7861975642760486,28.603518267929633,0.02652511180890319,4.548657046940477
1643,2059,"2194, 2510",Renuka Coconut Milk Powder 300g,Freelan Chilli  Powder 100g | Kakulu-Samba Rice 1kg,0.013151669978238243,0.37720488466757124,28.578339971695772,0.012691472850229276,1.5844713575340883
1644,"2194, 2510",2059,Freelan Chilli  Powder 100g | Kakulu-Samba Rice 1kg,Renuka Coconut Milk Powder 300g,0.013151669978238243,0.9964157706093189,28.57833997169577,0.012691472850229276,269.2723531081356
1645,"3063, 3194",1151,Ayush Toothpaste 110g | Rexona Kohomba & Turmeric Soap 80g,Sunsilk Shampoo (Black)180ml,0.02748604409121014,0.9982817869415808,28.554371329324944,0.02652345788070645,561.6528526823749
1646,1151,"3063, 3194",Sunsilk Shampoo (Black)180ml,Ayush Toothpaste 110g | Rexona Kohomba & Turmeric Soap 80g,0.02748604409121014,0.7861975642760486,28.55437132932494,0.02652345788070645,4.548435776470712
1647,"2393, 3189",2713,Kist Tomato Sauce 15g | Fortune RBD Coconut Oil 200ml,Sera Turmeric Powder 25g,0.01159050052038982,0.9722222222222222,28.542824074074073,0.01118442645812078,34.77377235310813
1648,2713,"2393, 3189",Sera Turmeric Powder 25g,Kist Tomato Sauce 15g | Fortune RBD Coconut Oil 200ml,0.01159050052038982,0.3402777777777778,28.542824074074073,0.01118442645812078,1.497718750466857
1649,"2832, 3063",1151,Closeup Toothpaste 120g | Ayush Toothpaste 110g,Sunsilk Shampoo (Black)180ml,0.02748604409121014,0.9965694682675814,28.505392990852688,0.02652180395250971,281.30894597407024
1650,1151,"2832, 3063",Sunsilk Shampoo (Black)180ml,Closeup Toothpaste 120g | Ayush Toothpaste 110g,0.02748604409121014,0.7861975642760486,28.505392990852684,0.02652180395250971,4.5482145060009485
1651,1335,2141,Teepol Dishwash Gel (Lime) 500ml,Mini Chips (curry flavour)27g,0.010029331062541395,0.539440203562341,28.43562848603682,0.009676628077008078,2.130080465700535
1652,2141,1335,Mini Chips (curry flavour)27g,Teepol Dishwash Gel (Lime) 500ml,0.010029331062541395,0.5286783042394015,28.43562848603682,0.009676628077008078,2.0822463719142688
1653,"1166, 3195",3018,Dove Shampoo (Intense) 180ml | Rexona Jasmine & olive oil Soap 80g,LifeBuoy Shampoo 175ml,0.0286687482259438,0.9967105263157895,28.432479224376735,0.027660438398309617,293.34317343173586
1654,3018,"1166, 3195",LifeBuoy Shampoo 175ml,Dove Shampoo (Intense) 180ml | Rexona Jasmine & olive oil Soap 80g,0.0286687482259438,0.8178137651821863,28.43247922437673,0.027660438398309617,5.3310099767664365
1655,"1121, 2190",2059,Axe oil 5ml | Freelan Meat Curry Powder 250g,Renuka Coconut Milk Powder 300g,0.010360488220266818,0.9909502262443438,28.421581929922578,0.009995959312417422,106.6472939729388
1656,"2832, 3057",1151,Closeup Toothpaste 120g | Signal Toothpaste 70g,Sunsilk Shampoo (Black)180ml,0.02748604409121014,0.9931623931623931,28.407938655841225,0.026518496096116225,141.1369926199244
1657,1151,"2832, 3057",Sunsilk Shampoo (Black)180ml,Closeup Toothpaste 120g | Signal Toothpaste 70g,0.02748604409121014,0.7861975642760486,28.40793865584122,0.026518496096116225,4.54777196506142
1658,"1166, 3055",3018,Dove Shampoo (Intense) 180ml | Signal Toothpaste 120g,LifeBuoy Shampoo 175ml,0.0286687482259438,0.9934426229508198,28.339257981018125,0.027657121589666083,147.15405904059224
1659,"3055, 3060",3018,Signal Toothpaste 120g | Signal Triple Clean Adult Toothbrush,LifeBuoy Shampoo 175ml,0.0286687482259438,0.9934426229508198,28.339257981018125,0.027657121589666083,147.15405904059224
1660,"3060, 3195",3018,Signal Triple Clean Adult Toothbrush | Rexona Jasmine & olive oil Soap 80g,LifeBuoy Shampoo 175ml,0.0286687482259438,0.9934426229508198,28.339257981018125,0.027657121589666083,147.15405904059224
1661,3018,"1166, 3055",LifeBuoy Shampoo 175ml,Dove Shampoo (Intense) 180ml | Signal Toothpaste 120g,0.0286687482259438,0.8178137651821863,28.33925798101812,0.027657121589666083,5.330490638239717
1662,3018,"3055, 3060",LifeBuoy Shampoo 175ml,Signal Toothpaste 120g | Signal Triple Clean Adult Toothbrush,0.0286687482259438,0.8178137651821863,28.33925798101812,0.027657121589666083,5.330490638239717
1663,3018,"3060, 3195",LifeBuoy Shampoo 175ml,Signal Triple Clean Adult Toothbrush | Rexona Jasmine & olive oil Soap 80g,0.0286687482259438,0.8178137651821863,28.33925798101812,0.027657121589666083,5.330490638239717
1664,"3057, 3194",1151,Signal Toothpaste 70g | Rexona Kohomba & Turmeric Soap 80g,Sunsilk Shampoo (Black)180ml,0.02748604409121014,0.989778534923339,28.311148404884356,0.02651518823972274,94.41300816854316
1665,1151,"3057, 3194",Sunsilk Shampoo (Black)180ml,Signal Toothpaste 70g | Rexona Kohomba & Turmeric Soap 80g,0.02748604409121014,0.7861975642760486,28.311148404884353,0.02651518823972274,4.547329424121892
1666,2371,2205,Cooking Oil 750ml (loose),Goraka Paste 250g,0.012300123001230012,0.6598984771573604,28.293983793412337,0.011865397262675874,2.8717221443167356
1667,2205,2371,Goraka Paste 250g,Cooking Oil 750ml (loose),0.012300123001230012,0.5273833671399594,28.293983793412337,0.011865397262675874,2.07644106153838
1668,"1121, 1789",2059,Axe oil 5ml | Asiri Ddevilled Dhal 100g,Renuka Coconut Milk Powder 300g,0.010360488220266818,0.9864864864864865,28.2935567860941,0.009994309860345704,71.41990727599598
1669,"1789, 2190",2059,Asiri Ddevilled Dhal 100g | Freelan Meat Curry Powder 250g,Renuka Coconut Milk Powder 300g,0.010360488220266818,0.9864864864864865,28.2935567860941,0.009994309860345704,71.41990727599598
1670,1314,1296,BIO Clean (Tile Cleaner) Kohomba,Vim Limes (Promo),0.01107011070110701,0.5939086294416243,28.274866236795166,0.010678592997419308,2.4107756173715575
1671,1296,1314,Vim Limes (Promo),BIO Clean (Tile Cleaner) Kohomba,0.01107011070110701,0.527027027027027,28.274866236795166,0.010678592997419308,2.07487666085452
1672,"1477, 1807",3116,Milkmaid 510g | Maliban Smart Cream Cracker 190g,Candy Sugar 80g,0.011259343362664397,1.0,28.259358288770052,0.010860914521938075,inf
1673,3116,"1477, 1807",Candy Sugar 80g,Milkmaid 510g | Maliban Smart Cream Cracker 190g,0.011259343362664397,0.3181818181818182,28.259358288770052,0.010860914521938075,1.450152963068092
1674,"3055, 3195",3018,Signal Toothpaste 120g | Rexona Jasmine & olive oil Soap 80g,LifeBuoy Shampoo 175ml,0.0286687482259438,0.9901960784313727,28.24664602683179,0.02765380478102255,98.4243542435439
1675,"1166, 3060",3018,Dove Shampoo (Intense) 180ml | Signal Triple Clean Adult Toothbrush,LifeBuoy Shampoo 175ml,0.0286687482259438,0.9901960784313727,28.24664602683179,0.02765380478102255,98.4243542435439
1676,3018,"3055, 3195",LifeBuoy Shampoo 175ml,Signal Toothpaste 120g | Rexona Jasmine & olive oil Soap 80g,0.0286687482259438,0.8178137651821863,28.24664602683179,0.02765380478102255,5.329971299712999
1677,3018,"1166, 3060",LifeBuoy Shampoo 175ml,Dove Shampoo (Intense) 180ml | Signal Triple Clean Adult Toothbrush,0.0286687482259438,0.8178137651821863,28.24664602683179,0.02765380478102255,5.329971299712999
1678,"3144, 3189",2713,GoodKnight Mosquito Coil 10Hours | Fortune RBD Coconut Oil 200ml,Sera Turmeric Powder 25g,0.01182704134733655,0.9615384615384616,28.229166666666664,0.011408076044995477,25.114391143911455
1679,2713,"3144, 3189",Sera Turmeric Powder 25g,GoodKnight Mosquito Coil 10Hours | Fortune RBD Coconut Oil 200ml,0.01182704134733655,0.3472222222222222,28.229166666666664,0.011408076044995477,1.5130721519981156
1680,"1151, 3063",2832,Sunsilk Shampoo (Black)180ml | Ayush Toothpaste 110g,Closeup Toothpaste 120g,0.02748604409121014,1.0,28.22162883845127,0.026512108665705532,inf
1681,2832,"1151, 3063",Closeup Toothpaste 120g,Sunsilk Shampoo (Black)180ml | Ayush Toothpaste 110g,0.02748604409121014,0.7757009345794392,28.22162883845127,0.026512108665705532,4.335791386760021
1682,"3057, 3063",1151,Signal Toothpaste 70g | Ayush Toothpaste 110g,Sunsilk Shampoo (Black)180ml,0.02748604409121014,0.9864176570458403,28.215015473119042,0.02651188038332926,71.05101594285107
1683,1151,"3057, 3063",Sunsilk Shampoo (Black)180ml,Signal Toothpaste 70g | Ayush Toothpaste 110g,0.02748604409121014,0.7861975642760486,28.21501547311904,0.02651188038332926,4.5468868831823634
1684,1977,2535,Edinborough Chilli Sauce230g,CBL Potato Cracker 110g,0.011306651528053742,0.5731414868105517,28.174569181863816,0.010905344538936339,2.2950402969889687
1685,2535,1977,CBL Potato Cracker 110g,Edinborough Chilli Sauce230g,0.011306651528053742,0.555813953488372,28.17456918186381,0.010905344538936339,2.206896193005426
1686,"3063, 3194",2832,Ayush Toothpaste 110g | Rexona Kohomba & Turmeric Soap 80g,Closeup Toothpaste 120g,0.02748604409121014,0.9982817869415808,28.17313806725118,0.026510432356883665,561.377519159809
1687,2832,"3063, 3194",Closeup Toothpaste 120g,Ayush Toothpaste 110g | Rexona Kohomba & Turmeric Soap 80g,0.02748604409121014,0.7757009345794392,28.17313806725118,0.026510432356883665,4.335580471189327
1688,"1569, 1808",3116,Zesta Tea (BOPF) 100g | Maliban Smart Cream Cracker 230g,Candy Sugar 80g,0.013340902639795628,0.9964664310954062,28.15950189905708,0.012867140614898364,272.9856183177111
1689,"1422, 2845",3116,Highland Milk Powder 400g | Asiri Sweet Peanuts 100g,Candy Sugar 80g,0.013340902639795628,0.9964664310954062,28.15950189905708,0.012867140614898364,272.9856183177111
1690,3116,"1569, 1808",Candy Sugar 80g,Zesta Tea (BOPF) 100g | Maliban Smart Cream Cracker 230g,0.013340902639795628,0.37700534759358284,28.15950189905708,0.012867140614898364,1.5836601251453253
1691,3116,"1422, 2845",Candy Sugar 80g,Highland Milk Powder 400g | Asiri Sweet Peanuts 100g,0.013340902639795628,0.37700534759358284,28.15950189905708,0.012867140614898364,1.5836601251453253
1692,"1477, 1998",3116,Milkmaid 510g | Crunchy Peanut Butter325g,Candy Sugar 80g,0.011259343362664397,0.99581589958159,28.14111829593001,0.010859240451178722,230.54262465701825
1693,3116,"1477, 1998",Candy Sugar 80g,Milkmaid 510g | Crunchy Peanut Butter325g,0.011259343362664397,0.3181818181818182,28.14111829593001,0.010859240451178722,1.4500835777588543
1694,"1151, 3194",2832,Sunsilk Shampoo (Black)180ml | Rexona Kohomba & Turmeric Soap 80g,Closeup Toothpaste 120g,0.02748604409121014,0.9948630136986302,28.0766547177058,0.026507079739239933,187.76888384268585
1695,2832,"1151, 3194",Closeup Toothpaste 120g,Sunsilk Shampoo (Black)180ml | Rexona Kohomba & Turmeric Soap 80g,0.02748604409121014,0.7757009345794392,28.0766547177058,0.026507079739239933,4.335158640047939
1696,"2862, 3144",2059,Diamond Tuna | GoodKnight Mosquito Coil 10Hours,Renuka Coconut Milk Powder 300g,0.013151669978238243,0.9788732394366196,28.075200183461693,0.012683225589870693,45.68300375311428
1697,2059,"2862, 3144",Renuka Coconut Milk Powder 300g,Diamond Tuna | GoodKnight Mosquito Coil 10Hours,0.013151669978238243,0.37720488466757124,28.075200183461693,0.012683225589870693,1.5840915523282937
1698,"1569, 2845",3116,Zesta Tea (BOPF) 100g | Asiri Sweet Peanuts 100g,Candy Sugar 80g,0.013388210805184975,0.992982456140351,28.061047002533073,0.012911100638769003,137.45742265115135
1699,3116,"1569, 2845",Candy Sugar 80g,Zesta Tea (BOPF) 100g | Asiri Sweet Peanuts 100g,0.013388210805184975,0.3783422459893048,28.061047002533073,0.012911100638769003,1.5869136458113962
1700,3116,"1808, 2845",Candy Sugar 80g,Maliban Smart Cream Cracker 230g | Asiri Sweet Peanuts 100g,0.013340902639795628,0.37700534759358284,28.060348723356178,0.01286546654413901,1.5835841884334987
1701,"1808, 2845",3116,Maliban Smart Cream Cracker 230g | Asiri Sweet Peanuts 100g,Candy Sugar 80g,0.013340902639795628,0.9929577464788731,28.060348723356174,0.01286546654413901,136.97511590500324
1702,2528,1870,Ambewela Fresh Milk (Chocolate) 1L,Little Lion Choco Cookies 180g,0.01258397199356609,0.5588235294117647,28.057985189325137,0.01213547321830999,2.22152206137446
1703,1870,2528,Little Lion Choco Cookies 180g,Ambewela Fresh Milk (Chocolate) 1L,0.01258397199356609,0.6318289786223278,28.057985189325134,0.01213547321830999,2.6549653734750747
1704,"1121, 2046",2059,Axe oil 5ml | Edinborough Tomato Sauce 375g,Renuka Coconut Milk Powder 300g,0.010360488220266818,0.9776785714285714,28.040935743361118,0.009991010956202272,43.23799791844066
1705,"2046, 2190",2059,Edinborough Tomato Sauce 375g | Freelan Meat Curry Powder 250g,Renuka Coconut Milk Powder 300g,0.010360488220266818,0.9776785714285714,28.040935743361118,0.009991010956202272,43.23799791844066
1706,1967,2837,Edinborough Mustard Cream165g,Kumarika Shampoo 40ml,0.011022802535717665,0.4894957983193277,28.04054792648767,0.010629700283771108,1.9246526938203858
1707,2837,1967,Kumarika Shampoo 40ml,Edinborough Mustard Cream165g,0.011022802535717665,0.6314363143631436,28.040547926487665,0.010629700283771108,2.6521367985173065
1708,"1807, 1998",3116,Maliban Smart Cream Cracker 190g | Crunchy Peanut Butter325g,Candy Sugar 80g,0.011259343362664397,0.9916666666666668,28.02386363636364,0.010857566380419367,115.75361907465424
1709,3116,"1807, 1998",Candy Sugar 80g,Maliban Smart Cream Cracker 190g | Crunchy Peanut Butter325g,0.011259343362664397,0.3181818181818182,28.023863636363636,0.010857566380419367,1.4500141924496166
1710,"1422, 1569",3116,Highland Milk Powder 400g | Zesta Tea (BOPF) 100g,Candy Sugar 80g,0.013340902639795628,0.9894736842105263,27.961891359414576,0.012863792473379656,91.63828176743277
1711,3116,"1422, 1569",Candy Sugar 80g,Highland Milk Powder 400g | Zesta Tea (BOPF) 100g,0.013340902639795628,0.37700534759358284,27.961891359414576,0.012863792473379656,1.5835082517216719
1712,"3057, 3194",2832,Signal Toothpaste 70g | Rexona Kohomba & Turmeric Soap 80g,Closeup Toothpaste 120g,0.02748604409121014,0.989778534923339,27.93316244487255,0.026502050812774333,94.36672501340391
1713,2832,"3057, 3194",Closeup Toothpaste 120g,Signal Toothpaste 70g | Rexona Kohomba & Turmeric Soap 80g,0.02748604409121014,0.7757009345794392,27.93316244487255,0.026502050812774333,4.334525893335856
1714,2736,2016,Maldive Fish Bottle 100g,Fortune Coconut Oil 675ml,0.012300123001230012,0.6372549019607843,27.88880769699184,0.011859081450265582,2.6937652952413096
1715,2016,2736,Fortune Coconut Oil 675ml,Maldive Fish Bottle 100g,0.012300123001230012,0.5383022774327122,27.888807696991837,0.011859081450265582,2.1241132901153086
1716,"1151, 3057",2832,Sunsilk Shampoo (Black)180ml | Signal Toothpaste 70g,Closeup Toothpaste 120g,0.02748604409121014,0.988095238095238,27.885657066564942,0.026500374503952467,81.02355946636342
1717,2832,"1151, 3057",Closeup Toothpaste 120g,Sunsilk Shampoo (Black)180ml | Signal Toothpaste 70g,0.02748604409121014,0.7757009345794392,27.885657066564942,0.026500374503952467,4.334314977765161
1718,"1410, 1852",2104,Prima Tea Bun 75g | CBL Ginger Biscuits 85g,Kandos Milk Choco 10g,0.011448576024221781,0.5353982300884956,27.874994550765077,0.011037864696426829,2.1110399235860493
1719,2104,"1410, 1852",Kandos Milk Choco 10g,Prima Tea Bun 75g | CBL Ginger Biscuits 85g,0.011448576024221781,0.5960591133004927,27.874994550765074,0.011037864696426829,2.4226730728845753
1720,"1422, 1808",3116,Highland Milk Powder 400g | Maliban Smart Cream Cracker 230g,Candy Sugar 80g,0.013340902639795628,0.9860139860139859,27.86412250850753,0.0128621184026203,68.96986469864659
1721,3116,"1422, 1808",Candy Sugar 80g,Highland Milk Powder 400g | Maliban Smart Cream Cracker 230g,0.013340902639795628,0.37700534759358284,27.86412250850753,0.0128621184026203,1.5834323150098453
1722,2832,"3057, 3063",Closeup Toothpaste 120g,Signal Toothpaste 70g | Ayush Toothpaste 110g,0.02748604409121014,0.7757009345794392,27.838312996842422,0.0264986981951306,4.334104062194467
1723,"3057, 3063",2832,Signal Toothpaste 70g | Ayush Toothpaste 110g,Closeup Toothpaste 120g,0.02748604409121014,0.9864176570458403,27.83831299684242,0.0264986981951306,71.01618530608316
1724,1265,3058,Misumi Soap 90g,Signal Toothpaste 160g,0.011448576024221781,0.5734597156398105,27.80227401191356,0.011036790426420827,2.296087089076019
1725,3058,1265,Signal Toothpaste 160g,Misumi Soap 90g,0.011448576024221781,0.555045871559633,27.80227401191356,0.011036790426420827,2.202555031101461
1726,"1477, 1564",3116,Milkmaid 510g | Watawala Tea 100g,Candy Sugar 80g,0.011259343362664397,0.9834710743801653,27.792261457550712,0.010854218238900658,58.35911628347072
1727,3116,"1477, 1564",Candy Sugar 80g,Milkmaid 510g | Watawala Tea 100g,0.011259343362664397,0.3181818181818182,27.792261457550712,0.010854218238900658,1.4498754218311412
1728,"2194, 3144",2059,Freelan Chilli  Powder 100g | GoodKnight Mosquito Coil 10Hours,Renuka Coconut Milk Powder 300g,0.013151669978238243,0.9686411149825783,27.781731191996936,0.012678277233655543,30.77704712944558
1729,2059,"2194, 3144",Renuka Coconut Milk Powder 300g,Freelan Chilli  Powder 100g | GoodKnight Mosquito Coil 10Hours,0.013151669978238243,0.37720488466757124,27.781731191996936,0.012678277233655543,1.583863669204817
1730,"3018, 3060",1166,LifeBuoy Shampoo 175ml | Signal Triple Clean Adult Toothbrush,Dove Shampoo (Intense) 180ml,0.0286687482259438,1.0,27.70380078636959,0.02763391735753642,inf
1731,1166,"3018, 3060",Dove Shampoo (Intense) 180ml,LifeBuoy Shampoo 175ml | Signal Triple Clean Adult Toothbrush,0.0286687482259438,0.7942332896461336,27.70380078636959,0.02763391735753642,4.720546147156717
1732,2510,2194,Kakulu-Samba Rice 1kg,Freelan Chilli  Powder 100g,0.01319897814362759,0.6038961038961039,27.690142828971464,0.012722311113589095,2.4695312148581765
1733,2194,2510,Freelan Chilli  Powder 100g,Kakulu-Samba Rice 1kg,0.01319897814362759,0.6052060737527115,27.69014282897146,0.012722311113589095,2.477605562192562
1734,"2510, 3144",2059,Kakulu-Samba Rice 1kg | GoodKnight Mosquito Coil 10Hours,Renuka Coconut Milk Powder 300g,0.013151669978238243,0.9652777777777778,27.68526684758028,0.012676627781583827,27.795855804711902
1735,2059,"2510, 3144",Renuka Coconut Milk Powder 300g,Kakulu-Samba Rice 1kg | GoodKnight Mosquito Coil 10Hours,0.013151669978238243,0.37720488466757124,27.68526684758028,0.012676627781583827,1.583787708163658
1736,2499,1967,Imorich Wonder Cone (Cooki Cream) 120ml,Edinborough Mustard Cream165g,0.01107011070110701,0.6223404255319148,27.636621669944567,0.010669551224868784,2.588260378811805
1737,1967,2499,Edinborough Mustard Cream165g,Imorich Wonder Cone (Cooki Cream) 120ml,0.01107011070110701,0.4915966386554621,27.636621669944567,0.010669551224868784,1.9319544371540343
1738,"3018, 3055",1166,LifeBuoy Shampoo 175ml | Signal Toothpaste 120g,Dove Shampoo (Intense) 180ml,0.0286687482259438,0.9967105263157895,27.61266986273022,0.02763050207414234,293.02677642161194
1739,1166,"3018, 3055",Dove Shampoo (Intense) 180ml,LifeBuoy Shampoo 175ml | Signal Toothpaste 120g,0.0286687482259438,0.7942332896461336,27.61266986273022,0.02763050207414234,4.720086323842168
1740,"1789, 2046",2059,Asiri Ddevilled Dhal 100g | Edinborough Tomato Sauce 375g,Renuka Coconut Milk Powder 300g,0.010360488220266818,0.9605263157894737,27.54898950224952,0.009984413147915405,24.450058346737308
1741,"3018, 3195",1166,LifeBuoy Shampoo 175ml | Rexona Jasmine & olive oil Soap 80g,Dove Shampoo (Intense) 180ml,0.0286687482259438,0.9934426229508198,27.52213651891799,0.027627086790748254,146.99534014571097
1742,"3055, 3060",1166,Signal Toothpaste 120g | Signal Triple Clean Adult Toothbrush,Dove Shampoo (Intense) 180ml,0.0286687482259438,0.9934426229508198,27.52213651891799,0.027627086790748254,146.99534014571097
1743,"3060, 3195",1166,Signal Triple Clean Adult Toothbrush | Rexona Jasmine & olive oil Soap 80g,Dove Shampoo (Intense) 180ml,0.0286687482259438,0.9934426229508198,27.52213651891799,0.027627086790748254,146.99534014571097
1744,1166,"3018, 3195",Dove Shampoo (Intense) 180ml,LifeBuoy Shampoo 175ml | Rexona Jasmine & olive oil Soap 80g,0.0286687482259438,0.7942332896461336,27.52213651891799,0.027627086790748254,4.71962650052762
1745,1166,"3055, 3060",Dove Shampoo (Intense) 180ml,Signal Toothpaste 120g | Signal Triple Clean Adult Toothbrush,0.0286687482259438,0.7942332896461336,27.52213651891799,0.027627086790748254,4.71962650052762
1746,1166,"3060, 3195",Dove Shampoo (Intense) 180ml,Signal Triple Clean Adult Toothbrush | Rexona Jasmine & olive oil Soap 80g,0.0286687482259438,0.7942332896461336,27.52213651891799,0.027627086790748254,4.71962650052762
1747,"3055, 3195",1166,Signal Toothpaste 120g | Rexona Jasmine & olive oil Soap 80g,Dove Shampoo (Intense) 180ml,0.0286687482259438,0.9901960784313727,27.43219489630715,0.02762367150735417,98.3181947204102
1748,1166,"3055, 3195",Dove Shampoo (Intense) 180ml,Signal Toothpaste 120g | Rexona Jasmine & olive oil Soap 80g,0.0286687482259438,0.7942332896461336,27.432194896307145,0.02762367150735417,4.719166677213071
1749,2432,2273,Little Lion Milky Cookies 200g,Highland Dairy Ice Cream (butter scotch)1L,0.011259343362664397,0.5063829787234043,27.37576318223867,0.010848054614741217,1.9883887001999996
1750,2273,2432,Highland Dairy Ice Cream (butter scotch)1L,Little Lion Milky Cookies 200g,0.011259343362664397,0.6086956521739131,27.375763182238668,0.010848054614741217,2.49873319246013
1751,"2832, 3194",3063,Closeup Toothpaste 120g | Rexona Kohomba & Turmeric Soap 80g,Ayush Toothpaste 110g,0.02748604409121014,1.0,27.345407503234153,0.026480901122031154,inf
1752,3063,"2832, 3194",Ayush Toothpaste 110g,Closeup Toothpaste 120g | Rexona Kohomba & Turmeric Soap 80g,0.02748604409121014,0.7516170763260025,27.34540750323415,0.026480901122031154,3.915381707903616
1753,"1564, 1998",3116,Watawala Tea 100g | Crunchy Peanut Butter325g,Candy Sugar 80g,0.011259343362664397,0.967479674796748,27.340354767184035,0.010847521955863242,29.661864887879688
1754,3116,"1564, 1998",Candy Sugar 80g,Watawala Tea 100g | Crunchy Peanut Butter325g,0.011259343362664397,0.3181818181818182,27.340354767184035,0.010847521955863242,1.4495978805941905
1755,1078,3052,P. Baby Soap (Aloe/Neem) 100g,Pears Bee's Honey BabySoap 70g,0.01007663922793074,0.5392405063291139,27.334450414352066,0.009707996761183358,2.127514480977439
1756,3052,1078,Pears Bee's Honey BabySoap 70g,P. Baby Soap (Aloe/Neem) 100g,0.01007663922793074,0.5107913669064749,27.334450414352066,0.009707996761183358,2.0059197820484993
1757,2645,2205,Plaza Canned Fish 425g,Goraka Paste 250g,0.012347431166619358,0.6365853658536585,27.294404591104733,0.011895051590966575,2.68750067469699
1758,2205,2645,Goraka Paste 250g,Plaza Canned Fish 425g,0.012347431166619358,0.5294117647058822,27.29440459110473,0.011895051590966575,2.0837827609045316
1759,"1564, 1807",3116,Watawala Tea 100g | Maliban Smart Cream Cracker 190g,Candy Sugar 80g,0.011259343362664397,0.9635627530364373,27.229665071770334,0.010845847885103886,26.473281399480733
1760,3116,"1564, 1807",Candy Sugar 80g,Watawala Tea 100g | Maliban Smart Cream Cracker 190g,0.011259343362664397,0.3181818181818182,27.229665071770334,0.010845847885103886,1.4495284952849528
1761,"1151, 3194",3063,Sunsilk Shampoo (Black)180ml | Rexona Kohomba & Turmeric Soap 80g,Ayush Toothpaste 110g,0.02748604409121014,0.9948630136986302,27.204934519484663,0.026475711055064653,187.54786009398683
1762,3063,"1151, 3194",Ayush Toothpaste 110g,Sunsilk Shampoo (Black)180ml | Rexona Kohomba & Turmeric Soap 80g,0.02748604409121014,0.7516170763260025,27.20493451948466,0.026475711055064653,3.914810313968523
1763,"2832, 3057",3063,Closeup Toothpaste 120g | Signal Toothpaste 70g,Ayush Toothpaste 110g,0.02748604409121014,0.9931623931623931,27.15843035791289,0.026473981032742486,140.9017527675259
1764,3063,"2832, 3057",Ayush Toothpaste 110g,Closeup Toothpaste 120g | Signal Toothpaste 70g,0.02748604409121014,0.7516170763260025,27.15843035791289,0.026473981032742486,3.914619849323492
1765,2047,2012,Edinborough Chilli Sauce 405g,Marina Vegetable Oil 500ml,0.010360488220266818,0.5688311688311688,27.142106651813197,0.009978775468446402,2.2706708183856628
1766,2012,2047,Marina Vegetable Oil 500ml,Edinborough Chilli Sauce 405g,0.010360488220266818,0.4943566591422122,27.142106651813197,0.009978775468446402,1.9416578386250893
1767,"3057, 3194",3063,Signal Toothpaste 70g | Rexona Kohomba & Turmeric Soap 80g,Ayush Toothpaste 110g,0.02748604409121014,0.989778534923339,27.06589737543278,0.026470520988098153,94.25564544106972
1768,"1151, 2832",3063,Sunsilk Shampoo (Black)180ml | Closeup Toothpaste 120g,Ayush Toothpaste 110g,0.02748604409121014,0.989778534923339,27.06589737543278,0.026470520988098153,94.25564544106972
1769,3063,"3057, 3194",Ayush Toothpaste 110g,Signal Toothpaste 70g | Rexona Kohomba & Turmeric Soap 80g,0.02748604409121014,0.7516170763260025,27.06589737543278,0.026470520988098153,3.9142389200334295
1770,3063,"1151, 2832",Ayush Toothpaste 110g,Sunsilk Shampoo (Black)180ml | Closeup Toothpaste 120g,0.02748604409121014,0.7516170763260025,27.06589737543278,0.026470520988098153,3.9142389200334295
1771,"3018, 3060",3195,LifeBuoy Shampoo 175ml | Signal Triple Clean Adult Toothbrush,Rexona Jasmine & olive oil Soap 80g,0.0286687482259438,1.0,27.065300896286814,0.027609504571650012,inf
1772,3195,"3018, 3060",Rexona Jasmine & olive oil Soap 80g,LifeBuoy Shampoo 175ml | Signal Triple Clean Adult Toothbrush,0.0286687482259438,0.7759282970550577,27.065300896286814,0.027609504571650012,4.334912615060219
1773,"1151, 3057",3063,Sunsilk Shampoo (Black)180ml | Signal Toothpaste 70g,Ayush Toothpaste 110g,0.02748604409121014,0.988095238095238,27.019866937719456,0.026468790965775986,80.9281862049385
1774,3063,"1151, 3057",Ayush Toothpaste 110g,Sunsilk Shampoo (Black)180ml | Signal Toothpaste 70g,0.02748604409121014,0.7516170763260025,27.019866937719456,0.026468790965775986,3.9140484553883983
1775,"3018, 3055",3195,LifeBuoy Shampoo 175ml | Signal Toothpaste 120g,Rexona Jasmine & olive oil Soap 80g,0.0286687482259438,0.9967105263157895,26.97627030123324,0.027606008718005476,292.76790614060144
1776,3195,"3018, 3055",Rexona Jasmine & olive oil Soap 80g,LifeBuoy Shampoo 175ml | Signal Toothpaste 120g,0.0286687482259438,0.7759282970550577,26.97627030123324,0.027606008718005476,4.334490355892572
1777,1119,1721,Silicone oil 25ml,LankaSoy (polos curry)90g,0.011164727031885703,0.612987012987013,26.938294138294136,0.01075027142550733,2.5250955529689523
1778,1721,1119,LankaSoy (polos curry)90g,Silicone oil 25ml,0.011164727031885703,0.4906444906444906,26.938294138294136,0.01075027142550733,1.9275070913974446
1779,"1166, 3018",3195,Dove Shampoo (Intense) 180ml | LifeBuoy Shampoo 175ml,Rexona Jasmine & olive oil Soap 80g,0.0286687482259438,0.9950738916256158,26.931974290886387,0.027604260791183208,195.49962153467712
1780,3195,"1166, 3018",Rexona Jasmine & olive oil Soap 80g,Dove Shampoo (Intense) 180ml | LifeBuoy Shampoo 175ml,0.0286687482259438,0.7759282970550577,26.931974290886387,0.027604260791183208,4.334279226308749
1781,"3055, 3060",3195,Signal Toothpaste 120g | Signal Triple Clean Adult Toothbrush,Rexona Jasmine & olive oil Soap 80g,0.0286687482259438,0.9934426229508198,26.887823513360345,0.027602512864360943,146.86547923171722
1782,"1166, 3055",3195,Dove Shampoo (Intense) 180ml | Signal Toothpaste 120g,Rexona Jasmine & olive oil Soap 80g,0.0286687482259438,0.9934426229508198,26.887823513360345,0.027602512864360943,146.86547923171722
1783,3195,"3055, 3060",Rexona Jasmine & olive oil Soap 80g,Signal Toothpaste 120g | Signal Triple Clean Adult Toothbrush,0.0286687482259438,0.7759282970550577,26.887823513360345,0.027602512864360943,4.334068096724925
1784,3195,"1166, 3055",Rexona Jasmine & olive oil Soap 80g,Dove Shampoo (Intense) 180ml | Signal Toothpaste 120g,0.0286687482259438,0.7759282970550577,26.887823513360345,0.027602512864360943,4.334068096724925
1785,"1166, 3060",3195,Dove Shampoo (Intense) 180ml | Signal Triple Clean Adult Toothbrush,Rexona Jasmine & olive oil Soap 80g,0.0286687482259438,0.9901960784313727,26.799954809068318,0.02759901701071641,98.23133692875535
1786,3195,"1166, 3060",Rexona Jasmine & olive oil Soap 80g,Dove Shampoo (Intense) 180ml | Signal Triple Clean Adult Toothbrush,0.0286687482259438,0.7759282970550577,26.799954809068318,0.02759901701071641,4.333645837557278
1787,3119,2176,Rice Flakes (Samuel's Product) 200g,Wijaya Roasted Curry Powder 50g,0.011259343362664397,0.54337899543379,26.711500477859193,0.010837826669059067,2.145449900652853
1788,2176,3119,Wijaya Roasted Curry Powder 50g,Rice Flakes (Samuel's Product) 200g,0.011259343362664397,0.5534883720930233,26.71150047785919,0.010837826669059067,2.1931769798467218
1789,"2170, 2279",2003,Wijaya Curry Powder 50g | Araliya Premium Samba Rice 1kg,Ocean Star Canned Fish 155g,0.031034156495411108,0.9969604863221885,26.709443295156426,0.029872239485293606,316.71969912007097
1790,2003,"2170, 2279",Ocean Star Canned Fish 155g,Wijaya Curry Powder 50g | Araliya Premium Samba Rice 1kg,0.031034156495411108,0.8314321926489227,26.709443295156426,0.029872239485293606,5.747664648422076
1791,3190,2012,Fortune Cooking Oil RBD Palm Olein 2L,Marina Vegetable Oil 500ml,0.010455104551045511,0.559493670886076,26.696562562505363,0.010063477182294694,2.222538969421525
1792,2012,3190,Marina Vegetable Oil 500ml,Fortune Cooking Oil RBD Palm Olein 2L,0.010455104551045511,0.4988713318284425,26.696562562505363,0.010063477182294694,1.9582062192763303
1793,"2008, 2170",2003,Marina Coconut Oil 350ml | Wijaya Curry Powder 50g,Ocean Star Canned Fish 155g,0.031034156495411108,0.9924357034795763,26.58822040576842,0.029866941991326505,127.2654839625307
1794,2003,"2008, 2170",Ocean Star Canned Fish 155g,Marina Coconut Oil 350ml | Wijaya Curry Powder 50g,0.031034156495411108,0.8314321926489227,26.58822040576842,0.029866941991326505,5.746822705358342
1795,3060,"3018, 3055",Signal Triple Clean Adult Toothbrush,LifeBuoy Shampoo 175ml | Signal Toothpaste 120g,0.0286687482259438,0.7641866330390922,26.568054357204492,0.027589679813914234,4.118666587735398
1796,3060,"1166, 3195",Signal Triple Clean Adult Toothbrush,Dove Shampoo (Intense) 180ml | Rexona Jasmine & olive oil Soap 80g,0.0286687482259438,0.7641866330390922,26.568054357204492,0.027589679813914234,4.118666587735398
1797,"3018, 3055",3060,LifeBuoy Shampoo 175ml | Signal Toothpaste 120g,Signal Triple Clean Adult Toothbrush,0.0286687482259438,0.9967105263157895,26.56805435720449,0.027589679813914234,292.59532595326107
1798,"1166, 3195",3060,Dove Shampoo (Intense) 180ml | Rexona Jasmine & olive oil Soap 80g,Signal Triple Clean Adult Toothbrush,0.0286687482259438,0.9967105263157895,26.56805435720449,0.027589679813914234,292.59532595326107
1799,1808,2845,Maliban Smart Cream Cracker 230g,Asiri Sweet Peanuts 100g,0.013435518970574321,0.5966386554621849,26.551048208757187,0.012929493036496775,2.423456373986817
1800,2845,1808,Asiri Sweet Peanuts 100g,Maliban Smart Cream Cracker 230g,0.013435518970574321,0.5978947368421053,26.551048208757184,0.012929493036496775,2.4309090251595227
1801,1436,1419,Kotmale Vanilla milk 170ml,Highland Butter (Salted) 200g,0.012016274008893935,0.5990566037735848,26.54687314584075,0.011563630341864676,2.437835400978444
1802,1419,1436,Highland Butter (Salted) 200g,Kotmale Vanilla milk 170ml,0.012016274008893935,0.5324947589098532,26.54687314584075,0.011563630341864676,2.0961077047817733
1803,3060,"1166, 3018",Signal Triple Clean Adult Toothbrush,Dove Shampoo (Intense) 180ml | LifeBuoy Shampoo 175ml,0.0286687482259438,0.7641866330390922,26.52442865218445,0.02758790503034182,4.118465970755967
1804,"1166, 3018",3060,Dove Shampoo (Intense) 180ml | LifeBuoy Shampoo 175ml,Signal Triple Clean Adult Toothbrush,0.0286687482259438,0.9950738916256158,26.524428652184447,0.02758790503034182,195.38437884378865
1805,1822,1996,CBL Sun Cracker 95g,KVC Tomato Sauce400g,0.010360488220266818,0.4487704918032787,26.49751579815002,0.009969489747082016,1.7834017630997012
1806,1996,1822,KVC Tomato Sauce400g,CBL Sun Cracker 95g,0.010360488220266818,0.611731843575419,26.497515798150015,0.009969489747082016,2.516079671034674
1807,3060,"3018, 3195",Signal Triple Clean Adult Toothbrush,LifeBuoy Shampoo 175ml | Rexona Jasmine & olive oil Soap 80g,0.0286687482259438,0.7641866330390922,26.48094598226284,0.0275861302467694,4.118265353776534
1808,3060,"1166, 3055",Signal Triple Clean Adult Toothbrush,Dove Shampoo (Intense) 180ml | Signal Toothpaste 120g,0.0286687482259438,0.7641866330390922,26.48094598226284,0.0275861302467694,4.118265353776534
1809,"3018, 3195",3060,LifeBuoy Shampoo 175ml | Rexona Jasmine & olive oil Soap 80g,Signal Triple Clean Adult Toothbrush,0.0286687482259438,0.9934426229508198,26.480945982262835,0.0275861302467694,146.7789052890547
1810,"1166, 3055",3060,Dove Shampoo (Intense) 180ml | Signal Toothpaste 120g,Signal Triple Clean Adult Toothbrush,0.0286687482259438,0.9934426229508198,26.480945982262835,0.0275861302467694,146.7789052890547
1811,2845,1569,Asiri Sweet Peanuts 100g,Zesta Tea (BOPF) 100g,0.013482827135963667,0.6,26.477661795407094,0.0129736119628058,2.4433484719462575
1812,1569,2845,Zesta Tea (BOPF) 100g,Asiri Sweet Peanuts 100g,0.013482827135963667,0.5949895615866387,26.477661795407094,0.0129736119628058,2.4135887096380872
1813,2736,"2713, 3144",Maldive Fish Bottle 100g,Sera Turmeric Powder 25g | GoodKnight Mosquito Coil 10Hours,0.012205506670451319,0.6323529411764706,26.468666278392547,0.011744376270374638,2.6550175040211936
1814,"2713, 3144",2736,Sera Turmeric Powder 25g | GoodKnight Mosquito Coil 10Hours,Maldive Fish Bottle 100g,0.012205506670451319,0.5108910891089109,26.468666278392543,0.011744376270374638,2.0050713587173243
1815,"2056, 2279",2003,Maggi Coconut Milk Powder 125g | Araliya Premium Samba Rice 1kg,Ocean Star Canned Fish 155g,0.031034156495411108,0.9864661654135338,26.428291260470566,0.029859878666037037,71.13090169363227
1816,"2008, 2279",2003,Marina Coconut Oil 350ml | Araliya Premium Samba Rice 1kg,Ocean Star Canned Fish 155g,0.031034156495411108,0.9864661654135338,26.428291260470566,0.029859878666037037,71.13090169363227
1817,2003,"2056, 2279",Ocean Star Canned Fish 155g,Maggi Coconut Milk Powder 125g | Araliya Premium Samba Rice 1kg,0.031034156495411108,0.8314321926489227,26.428291260470566,0.029859878666037037,5.745700114606697
1818,2003,"2008, 2279",Ocean Star Canned Fish 155g,Marina Coconut Oil 350ml | Araliya Premium Samba Rice 1kg,0.031034156495411108,0.8314321926489227,26.428291260470566,0.029859878666037037,5.745700114606697
1819,1270,2393,Lifebuoy Turmeric 100g,Kist Tomato Sauce 15g,0.011637808685779166,0.538293216630197,26.40009747825778,0.011196984226878448,2.1217149411742025
1820,2393,1270,Kist Tomato Sauce 15g,Lifebuoy Turmeric 100g,0.011637808685779166,0.5707656612529002,26.400097478257777,0.011196984226878448,2.279361365339225
1821,"3055, 3195",3060,Signal Toothpaste 120g | Rexona Jasmine & olive oil Soap 80g,Signal Triple Clean Adult Toothbrush,0.0286687482259438,0.9901960784313727,26.394406943105118,0.027582580679624567,98.1734317343188
1822,3060,"3055, 3195",Signal Triple Clean Adult Toothbrush,Signal Toothpaste 120g | Rexona Jasmine & olive oil Soap 80g,0.0286687482259438,0.7641866330390922,26.394406943105118,0.027582580679624567,4.11786411981767
1823,2273,1799,Highland Dairy Ice Cream (butter scotch)1L,Asiri Sugar Candy 100g60,0.011401267858832434,0.6163682864450127,26.37407457262081,0.010968977132291901,2.5457482574825745
1824,1799,2273,Asiri Sugar Candy 100g60,Highland Dairy Ice Cream (butter scotch)1L,0.011401267858832434,0.48785425101214575,26.37407457262081,0.010968977132291901,1.9164515360568626
1825,2944,2432,Daily Banana Flavoured milk 180ml,Little Lion Milky Cookies 200g,0.011401267858832434,0.5849514563106796,26.307880603181157,0.010967889433910824,2.355785069321678
1826,2432,2944,Little Lion Milky Cookies 200g,Daily Banana Flavoured milk 180ml,0.011401267858832434,0.5127659574468084,26.307880603181157,0.010967889433910824,2.0123984578777594
1827,"2056, 2170",2003,Maggi Coconut Milk Powder 125g | Wijaya Curry Powder 50g,Ocean Star Canned Fish 155g,0.031034156495411108,0.9805680119581466,26.270274571319774,0.02985281534074757,49.540677744055785
1828,2003,"2056, 2170",Ocean Star Canned Fish 155g,Maggi Coconut Milk Powder 125g | Wijaya Curry Powder 50g,0.031034156495411108,0.8314321926489227,26.27027457131977,0.02985281534074757,5.744577523855052
1829,1808,1569,Maliban Smart Cream Cracker 230g,Zesta Tea (BOPF) 100g,0.013388210805184975,0.5945378151260504,26.236618655813054,0.012877923600083618,2.4104328966765154
1830,1569,1808,Zesta Tea (BOPF) 100g,Maliban Smart Cream Cracker 230g,0.013388210805184975,0.5908141962421711,26.23661865581305,0.012877923600083618,2.3888446380539157
1831,"1496, 1635",2020,Tiara Layer Cake (Chocolate)310g | Ritzbury  Chunky-Choc (Classic)200g,Harischandra Noodles 400g (2minutes),0.030608383006906992,0.9969183359013868,26.210024607317802,0.029440570940131548,312.15739426625424
1832,2020,"1496, 1635",Harischandra Noodles 400g (2minutes),Tiara Layer Cake (Chocolate)310g | Ritzbury  Chunky-Choc (Classic)200g,0.030608383006906992,0.804726368159204,26.210024607317802,0.029440570940131548,4.9637884619904495
1833,"1496, 2068",2020,Tiara Layer Cake (Chocolate)310g | CocaCola 1050ml,Harischandra Noodles 400g (2minutes),0.030608383006906992,0.9938556067588326,26.129502258293783,0.02943697213561144,156.5596792506384
1834,"1635, 2045",2020,Ritzbury  Chunky-Choc (Classic)200g | Edinborough Tomato Sauce 405g,Harischandra Noodles 400g (2minutes),0.030608383006906992,0.9938556067588326,26.129502258293783,0.02943697213561144,156.5596792506384
1835,2020,"1496, 2068",Harischandra Noodles 400g (2minutes),Tiara Layer Cake (Chocolate)310g | CocaCola 1050ml,0.030608383006906992,0.804726368159204,26.129502258293783,0.02943697213561144,4.963303929952577
1836,2020,"1635, 2045",Harischandra Noodles 400g (2minutes),Ritzbury  Chunky-Choc (Classic)200g | Edinborough Tomato Sauce 405g,0.030608383006906992,0.804726368159204,26.129502258293783,0.02943697213561144,4.963303929952577
1837,"2008, 2056",2003,Marina Coconut Oil 350ml | Maggi Coconut Milk Powder 125g,Ocean Star Canned Fish 155g,0.031034156495411108,0.9747399702823181,26.114136238057846,0.0298457520154581,38.11055918251504
1838,2003,"2008, 2056",Ocean Star Canned Fish 155g,Marina Coconut Oil 350ml | Maggi Coconut Milk Powder 125g,0.031034156495411108,0.8314321926489227,26.114136238057842,0.0298457520154581,5.743454933103407
1839,"2045, 2068",2020,Edinborough Tomato Sauce 405g | CocaCola 1050ml,Harischandra Noodles 400g (2minutes),0.030608383006906992,0.9923312883435583,26.089426334584743,0.029435172733351386,125.44013624751705
1840,2020,"2045, 2068",Harischandra Noodles 400g (2minutes),Edinborough Tomato Sauce 405g | CocaCola 1050ml,0.030608383006906992,0.804726368159204,26.089426334584743,0.029435172733351386,4.96306166393364
1841,"2634, 3006",1998,Kotmale Milk With Oats 1L | Spinner Sugar Free 250ml,Crunchy Peanut Butter325g,0.010029331062541395,0.7822878228782288,26.082018927444796,0.009644800590017735,4.455454150369406
1842,1998,"2634, 3006",Crunchy Peanut Butter325g,Kotmale Milk With Oats 1L | Spinner Sugar Free 250ml,0.010029331062541395,0.334384858044164,26.082018927444793,0.009644800590017735,1.4831085186535422
1843,"1496, 2045",2020,Tiara Layer Cake (Chocolate)310g | Edinborough Tomato Sauce 405g,Harischandra Noodles 400g (2minutes),0.030608383006906992,0.986280487804878,25.930344466690933,0.029427975124311168,70.11650424196516
1844,2020,"1496, 2045",Harischandra Noodles 400g (2minutes),Tiara Layer Cake (Chocolate)310g | Edinborough Tomato Sauce 405g,0.030608383006906992,0.804726368159204,25.930344466690933,0.029427975124311168,4.962092599857894
1845,1566,2432,Watawala Tea 400g,Little Lion Milky Cookies 200g,0.011306651528053742,0.5745192307692307,25.838696808510637,0.010869065545608621,2.298024336175565
1846,2432,1566,Little Lion Milky Cookies 200g,Watawala Tea 400g,0.011306651528053742,0.5085106382978724,25.838696808510637,0.010869065545608621,1.9945900757708876
1847,3062,1967,Ayush Toothpaste 30g,Edinborough Mustard Cream165g,0.010975494370328319,0.581453634085213,25.820938901876538,0.01055043258570318,2.335419425129304
1848,1967,3062,Edinborough Mustard Cream165g,Ayush Toothpaste 30g,0.010975494370328319,0.48739495798319327,25.820938901876538,0.01055043258570318,1.9139960819532535
1849,1187,2814,Baby Diaper (Softlove) 4pcs /M,Baby Cheramy Shampoo 100ml,0.025357176648689563,0.8297213622291022,25.678843564859093,0.024369703183046806,5.68297078075676
1850,2814,1187,Baby Cheramy Shampoo 100ml,Baby Diaper (Softlove) 4pcs /M,0.025357176648689563,0.7847730600292825,25.678843564859093,0.024369703183046806,4.504263849545872
1851,2528,1575,Ambewela Fresh Milk (Chocolate) 1L,Dilmah Strong Tea 100g,0.01258397199356609,0.5588235294117647,25.567990832696715,0.012091795190315929,2.2171255558709433
1852,1575,2528,Dilmah Strong Tea 100g,Ambewela Fresh Milk (Chocolate) 1L,0.01258397199356609,0.5757575757575757,25.56799083269671,0.012091795190315929,2.3040630955760104
1853,2746,1967,Misumi Romansu Soap 90g,Edinborough Mustard Cream165g,0.011022802535717665,0.5753086419753086,25.54805477746654,0.010591348844556809,2.3016275109083826
1854,1967,2746,Edinborough Mustard Cream165g,Misumi Romansu Soap 90g,0.011022802535717665,0.4894957983193277,25.54805477746654,0.010591348844556809,1.9213165920832997
1855,"2634, 3006",1410,Kotmale Milk With Oats 1L | Spinner Sugar Free 250ml,Prima Tea Bun 75g,0.01007663922793074,0.7859778597785978,25.44257274119449,0.009680584971530189,4.528072502210433
1856,1410,"2634, 3006",Prima Tea Bun 75g,Kotmale Milk With Oats 1L | Spinner Sugar Free 250ml,0.01007663922793074,0.3261868300153139,25.442572741194486,0.009680584971530189,1.4650641025641025
1857,"2003, 2279",2170,Ocean Star Canned Fish 155g | Araliya Premium Samba Rice 1kg,Wijaya Curry Powder 50g,0.031034156495411108,1.0,25.31497005988024,0.02980823537356097,inf
1858,"2003, 2008",2170,Ocean Star Canned Fish 155g | Marina Coconut Oil 350ml,Wijaya Curry Powder 50g,0.031034156495411108,1.0,25.31497005988024,0.02980823537356097,inf
1859,2170,"2003, 2279",Wijaya Curry Powder 50g,Ocean Star Canned Fish 155g | Araliya Premium Samba Rice 1kg,0.031034156495411108,0.7856287425149701,25.31497005988024,0.02980823537356097,4.520036197353809
1860,2170,"2003, 2008",Wijaya Curry Powder 50g,Ocean Star Canned Fish 155g | Marina Coconut Oil 350ml,0.031034156495411108,0.7856287425149701,25.31497005988024,0.02980823537356097,4.520036197353809
1861,3194,"1151, 3063",Rexona Kohomba & Turmeric Soap 80g,Sunsilk Shampoo (Black)180ml | Ayush Toothpaste 110g,0.02748604409121014,0.6924910607866508,25.1942789034565,0.02639508037692661,3.1625550736723826
1862,"1151, 3063",3194,Sunsilk Shampoo (Black)180ml | Ayush Toothpaste 110g,Rexona Kohomba & Turmeric Soap 80g,0.02748604409121014,1.0,25.194278903456496,0.02639508037692661,inf
1863,3194,"2832, 3063",Rexona Kohomba & Turmeric Soap 80g,Closeup Toothpaste 120g | Ayush Toothpaste 110g,0.02748604409121014,0.6924910607866508,25.107849130202787,0.026391324908030624,3.16224738723237
1864,"2832, 3063",3194,Closeup Toothpaste 120g | Ayush Toothpaste 110g,Rexona Kohomba & Turmeric Soap 80g,0.02748604409121014,0.9965694682675814,25.107849130202784,0.026391324908030624,279.9299129529708
1865,"2003, 2056",2170,Ocean Star Canned Fish 155g | Maggi Coconut Milk Powder 125g,Wijaya Curry Powder 50g,0.031034156495411108,0.9894419306184012,25.047692849594927,0.029795153898175372,90.97285187137618
1866,2170,"2003, 2056",Wijaya Curry Powder 50g,Ocean Star Canned Fish 155g | Maggi Coconut Milk Powder 125g,0.031034156495411108,0.7856287425149701,25.047692849594927,0.029795153898175372,4.518491413964419
1867,1799,2944,Asiri Sugar Candy 100g60,Daily Banana Flavoured milk 180ml,0.011401267858832434,0.48785425101214575,25.02976494634645,0.010945759471787166,1.9145117142871033
1868,2944,1799,Daily Banana Flavoured milk 180ml,Asiri Sugar Candy 100g60,0.011401267858832434,0.5849514563106796,25.029764946346447,0.010945759471787166,2.3530494954072347
1869,3194,"2832, 3057",Rexona Kohomba & Turmeric Soap 80g,Closeup Toothpaste 120g | Signal Toothpaste 70g,0.02748604409121014,0.6924910607866508,25.02201032975765,0.026387569439134638,3.161939700792357
1870,"2832, 3057",3194,Closeup Toothpaste 120g | Signal Toothpaste 70g,Rexona Kohomba & Turmeric Soap 80g,0.02748604409121014,0.9931623931623931,25.022010329757645,0.026387569439134638,140.44511070110525
1871,1187,2513,Baby Diaper (Softlove) 4pcs /M,Pears Baby Soap (Venivel) 95g,0.02530986848330022,0.8281733746130032,25.008469703670947,0.024297816615145126,5.627092320819262
1872,2513,1187,Pears Baby Soap (Venivel) 95g,Baby Diaper (Softlove) 4pcs /M,0.02530986848330022,0.7642857142857143,25.008469703670947,0.024297816615145126,4.112771197642048
1873,"2008, 2279",2170,Marina Coconut Oil 350ml | Araliya Premium Samba Rice 1kg,Wijaya Curry Powder 50g,0.031034156495411108,0.9864661654135338,24.972361442528477,0.029791416333779488,70.9701064959367
1874,"2056, 2279",2170,Maggi Coconut Milk Powder 125g | Araliya Premium Samba Rice 1kg,Wijaya Curry Powder 50g,0.031034156495411108,0.9864661654135338,24.972361442528477,0.029791416333779488,70.9701064959367
1875,2170,"2008, 2279",Wijaya Curry Powder 50g,Marina Coconut Oil 350ml | Araliya Premium Samba Rice 1kg,0.031034156495411108,0.7856287425149701,24.972361442528477,0.029791416333779488,4.518050047281736
1876,2170,"2056, 2279",Wijaya Curry Powder 50g,Maggi Coconut Milk Powder 125g | Araliya Premium Samba Rice 1kg,0.031034156495411108,0.7856287425149701,24.972361442528477,0.029791416333779488,4.518050047281736
1877,"1151, 2832",3194,Sunsilk Shampoo (Black)180ml | Closeup Toothpaste 120g,Rexona Kohomba & Turmeric Soap 80g,0.02748604409121014,0.989778534923339,24.93675646151316,0.026383813970238656,93.95017661715072
1878,3194,"1151, 2832",Rexona Kohomba & Turmeric Soap 80g,Sunsilk Shampoo (Black)180ml | Closeup Toothpaste 120g,0.02748604409121014,0.6924910607866508,24.93675646151316,0.026383813970238656,3.1616320143523438
1879,3194,"1151, 3057",Rexona Kohomba & Turmeric Soap 80g,Sunsilk Shampoo (Black)180ml | Signal Toothpaste 70g,0.02748604409121014,0.6924910607866508,24.894347011748682,0.026381936235790663,3.1614781711323374
1880,"1151, 3057",3194,Sunsilk Shampoo (Black)180ml | Signal Toothpaste 70g,Rexona Kohomba & Turmeric Soap 80g,0.02748604409121014,0.988095238095238,24.89434701174868,0.026381936235790663,80.66590973601997
1881,3206,1187,Pears Baby Cream 100ml,Baby Diaper (Softlove) 4pcs /M,0.02526256031791087,0.7606837606837606,24.890608875129,0.02424761687298962,4.05086979441223
1882,1187,3206,Baby Diaper (Softlove) 4pcs /M,Pears Baby Cream 100ml,0.02526256031791087,0.826625386996904,24.890608875128997,0.02424761687298962,5.576304691618344
1883,"3057, 3063",3194,Signal Toothpaste 70g | Ayush Toothpaste 110g,Rexona Kohomba & Turmeric Soap 80g,0.02748604409121014,0.9864176570458403,24.852081566907,0.02638005850134267,70.70270957517201
1884,3194,"3057, 3063",Rexona Kohomba & Turmeric Soap 80g,Signal Toothpaste 70g | Ayush Toothpaste 110g,0.02748604409121014,0.6924910607866508,24.852081566907,0.02638005850134267,3.161324327912331
1885,1822,1516,CBL Sun Cracker 95g,E/H Ice Cream (Chocolate) 80ml,0.010455104551045511,0.4528688524590164,24.799849231291944,0.01003352519168983,1.7943395337151298
1886,1516,1822,E/H Ice Cream (Chocolate) 80ml,CBL Sun Cracker 95g,0.010455104551045511,0.572538860103627,24.79984923129194,0.01003352519168983,2.2853857909208464
1887,1566,1799,Watawala Tea 400g,Asiri Sugar Candy 100g60,0.011401267858832434,0.579326923076923,24.789094129554655,0.010941337060262455,2.321588473027587
1888,1799,1566,Asiri Sugar Candy 100g60,Watawala Tea 400g,0.011401267858832434,0.48785425101214575,24.789094129554655,0.010941337060262455,1.914142224426197
1889,"2008, 2056",2170,Marina Coconut Oil 350ml | Maggi Coconut Milk Powder 125g,Wijaya Curry Powder 50g,0.031034156495411108,0.9747399702823181,24.675513163865435,0.029776466076195947,38.02440823050778
1890,2170,"2008, 2056",Wijaya Curry Powder 50g,Marina Coconut Oil 350ml | Maggi Coconut Milk Powder 125g,0.031034156495411108,0.7856287425149701,24.675513163865435,0.029776466076195947,4.516284580551005
1891,3080,2622,BabyCheramy Moisturizes & Cares Baby Shampoo 100ml,Baby Cheramy Baby Cologne 50ml,0.02578295013719368,0.7991202346041056,24.623620290177236,0.024735868114592847,4.816545840921633
1892,2622,3080,Baby Cheramy Baby Cologne 50ml,BabyCheramy Moisturizes & Cares Baby Shampoo 100ml,0.02578295013719368,0.7944606413994169,24.623620290177236,0.024735868114592847,4.708275036923855
1893,2330,2016,"Kome Rice Cracker 90G (B,B,Q)",Fortune Coconut Oil 675ml,0.012300123001230012,0.5579399141630902,24.417668541572258,0.011796384367040247,2.210446469662606
1894,2016,2330,Fortune Coconut Oil 675ml,"Kome Rice Cracker 90G (B,B,Q)",0.012300123001230012,0.5383022774327122,24.417668541572255,0.011796384367040247,2.118170281392362
1895,1721,2176,LankaSoy (polos curry)90g,Wijaya Roasted Curry Powder 50g,0.011259343362664397,0.49480249480249483,24.32357008170962,0.010796444893202835,1.9391574162655207
1896,2176,1721,Wijaya Roasted Curry Powder 50g,LankaSoy (polos curry)90g,0.011259343362664397,0.5534883720930233,24.323570081709615,0.010796444893202835,2.1886211049610496
1897,2205,2276,Goraka Paste 250g,T.R.M. Kekulu Rice 1kg,0.012394739332008705,0.5314401622718052,24.262596436504147,0.01188388142096666,2.0874523180796243
1898,2276,2205,T.R.M. Kekulu Rice 1kg,Goraka Paste 250g,0.012394739332008705,0.5658747300215983,24.262596436504143,0.01188388142096666,2.2497586342109117
1899,3119,1721,Rice Flakes (Samuel's Product) 200g,LankaSoy (polos curry)90g,0.011401267858832434,0.550228310502283,24.180303591262494,0.01092975732482275,2.172757412853316
1900,1721,3119,LankaSoy (polos curry)90g,Rice Flakes (Samuel's Product) 200g,0.011401267858832434,0.501039501039501,24.180303591262494,0.01092975732482275,1.9626383763837638
1901,"1564, 1853",1416,Watawala Tea 100g | CBL Ginger Biscuits 400g,Highland  Vanilla Milk 180ml,0.0323587851263128,0.9913043478260869,24.057624918883842,0.03101373193692198,110.26137761377537
1902,"1836, 1853",1416,Maliban Ginger Biscuit 370g | CBL Ginger Biscuits 400g,Highland  Vanilla Milk 180ml,0.0323587851263128,0.9913043478260869,24.057624918883842,0.03101373193692198,110.26137761377537
1903,1416,"1564, 1853",Highland  Vanilla Milk 180ml,Watawala Tea 100g | CBL Ginger Biscuits 400g,0.0323587851263128,0.7853042479908152,24.057624918883842,0.03101373193692198,4.5057126507093965
1904,1416,"1836, 1853",Highland  Vanilla Milk 180ml,Maliban Ginger Biscuit 370g | CBL Ginger Biscuits 400g,0.0323587851263128,0.7853042479908152,24.057624918883842,0.03101373193692198,4.5057126507093965
1905,3155,2517,Sunlight 2in1 500g,Sunlight Care Liquid 1L,0.027107578768095372,0.8070422535211268,24.027125570323353,0.02597937145554123,5.008408422096574
1906,2517,3155,Sunlight Care Liquid 1L,Sunlight 2in1 500g,0.027107578768095372,0.8070422535211268,24.027125570323353,0.02597937145554123,5.008408422096574
1907,"2056, 2378",1449,Maggi Coconut Milk Powder 125g | Zesta Tea (BOPF) 390g,Milo Drink 180ml,0.03264263411864888,0.9942363112391931,23.9637025621141,0.031280464227162415,166.30161320844007
1908,1449,"2056, 2378",Milo Drink 180ml,Maggi Coconut Milk Powder 125g | Zesta Tea (BOPF) 390g,0.03264263411864888,0.7867730900798177,23.9637025621141,0.031280464227162415,4.535863384137752
1909,3155,1900,Sunlight 2in1 500g,Sunlight Care Liquid (naturals)1L,0.02706027060270603,0.8056338028169016,23.95145896475902,0.02593047426576801,4.971872210360903
1910,1900,3155,Sunlight Care Liquid (naturals)1L,Sunlight 2in1 500g,0.02706027060270603,0.8045007032348804,23.95145896475902,0.02593047426576801,4.943297590142476
1911,"2713, 3144",2393,Sera Turmeric Powder 25g | GoodKnight Mosquito Coil 10Hours,Kist Tomato Sauce 15g,0.011637808685779166,0.4871287128712872,23.890781282304566,0.01115068318961973,1.9100507384640224
1912,2393,"2713, 3144",Kist Tomato Sauce 15g,Sera Turmeric Powder 25g | GoodKnight Mosquito Coil 10Hours,0.011637808685779166,0.5707656612529002,23.890781282304562,0.01115068318961973,2.2740710338496313
1913,1416,"1564, 1836",Highland  Vanilla Milk 180ml,Watawala Tea 100g | Maliban Ginger Biscuit 370g,0.0323587851263128,0.7853042479908152,23.88454848061849,0.031003985174680018,4.504610901723992
1914,"1564, 1836",1416,Watawala Tea 100g | Maliban Ginger Biscuit 370g,Highland  Vanilla Milk 180ml,0.0323587851263128,0.9841726618705035,23.884548480618488,0.031003985174680018,60.57838532930728
1915,2517,1900,Sunlight Care Liquid 1L,Sunlight Care Liquid (naturals)1L,0.026965654271927333,0.8028169014084507,23.86771260474238,0.025835857934989315,4.900845464498602
1916,1900,2517,Sunlight Care Liquid (naturals)1L,Sunlight Care Liquid 1L,0.026965654271927333,0.80168776371308,23.867712604742376,0.025835857934989315,4.873179893828395
1917,3080,3034,BabyCheramy Moisturizes & Cares Baby Shampoo 100ml,Pears Baby Cream 50ml,0.025593717475636296,0.7932551319648095,23.851816471510872,0.02452068735626547,4.676016236430779
1918,3034,3080,Pears Baby Cream 50ml,BabyCheramy Moisturizes & Cares Baby Shampoo 100ml,0.025593717475636296,0.7695590327169275,23.851816471510872,0.02452068735626547,4.199495613189751
1919,2928,1822,Revello Dark Chocolate 100g,CBL Sun Cracker 95g,0.010502412716434857,0.5495049504950495,23.802122220418767,0.010061174215969327,2.1685335196547233
1920,1822,2928,CBL Sun Cracker 95g,Revello Dark Chocolate 100g,0.010502412716434857,0.45491803278688525,23.802122220418763,0.010061174215969327,1.7995229345006
1921,"1479, 1836",1416,White Sugar 1kg | Maliban Ginger Biscuit 370g,Highland  Vanilla Milk 180ml,0.032406093291702145,0.9799713876967094,23.78258919992313,0.03104349593027579,47.871244069583206
1922,1416,"1479, 1836",Highland  Vanilla Milk 180ml,White Sugar 1kg | Maliban Ginger Biscuit 370g,0.032406093291702145,0.7864523536165328,23.78258919992313,0.03104349593027579,4.527943102011666
1923,1449,"1478, 2378",Milo Drink 180ml,White Sugar 1kg (Pkt) | Zesta Tea (BOPF) 390g,0.03264263411864888,0.7867730900798177,23.758299397295982,0.03126868754222161,4.534532177900966
1924,"1478, 2378",1449,White Sugar 1kg (Pkt) | Zesta Tea (BOPF) 390g,Milo Drink 180ml,0.03264263411864888,0.9857142857142858,23.75829939729598,0.03126868754222161,67.09575172674828
1925,2622,3034,Baby Cheramy Baby Cologne 50ml,Pears Baby Cream 50ml,0.02564102564102564,0.7900874635568512,23.75657013465821,0.02456170208986965,4.605453185942114
1926,3034,2622,Pears Baby Cream 50ml,Baby Cheramy Baby Cologne 50ml,0.02564102564102564,0.7709815078236131,23.75657013465821,0.02456170208986965,4.224753160097296
1927,2814,2513,Baby Cheramy Shampoo 100ml,Pears Baby Soap (Venivel) 95g,0.025357176648689563,0.7847730600292825,23.69790420414139,0.02428715896146057,4.492394327396961
1928,2513,2814,Pears Baby Soap (Venivel) 95g,Baby Cheramy Shampoo 100ml,0.025357176648689563,0.7657142857142857,23.69790420414139,0.02428715896146057,4.130377842239961
1929,2517,1926,Sunlight Care Liquid 1L,Bubble Detergent Powder 500g,0.02706027060270603,0.8056338028169016,23.652065727699533,0.025916173046313096,4.969681636615701
1930,1926,2517,Bubble Detergent Powder 500g,Sunlight Care Liquid 1L,0.02706027060270603,0.7944444444444444,23.65206572769953,0.025916173046313096,4.701459904411933
1931,2814,3206,Baby Cheramy Shampoo 100ml,Pears Baby Cream 100ml,0.025357176648689563,0.7847730600292825,23.630388807548393,0.02428410176806849,4.49195471546552
1932,3206,2814,Pears Baby Cream 100ml,Baby Cheramy Shampoo 100ml,0.025357176648689563,0.7635327635327634,23.630388807548393,0.02428410176806849,4.092273151647178
1933,"1479, 1564",1416,White Sugar 1kg | Watawala Tea 100g,Highland  Vanilla Milk 180ml,0.0323587851263128,0.972972972972973,23.612747075433646,0.03098839035509288,35.475399753997614
1934,1416,"1479, 1564",Highland  Vanilla Milk 180ml,White Sugar 1kg | Watawala Tea 100g,0.0323587851263128,0.7853042479908152,23.612747075433646,0.03098839035509288,4.502848103347345
1935,2517,2603,Sunlight Care Liquid 1L,Rin Detergent Powder 500g,0.02701296243731668,0.8042253521126761,23.610715962441315,0.02586886488092375,4.933928531316305
1936,2603,2517,Rin Detergent Powder 500g,Sunlight Care Liquid 1L,0.02701296243731668,0.7930555555555555,23.610715962441315,0.02586886488092375,4.669906482234672
1937,1900,2603,Sunlight Care Liquid (naturals)1L,Rin Detergent Powder 500g,0.02701296243731668,0.8030942334739802,23.577508204406936,0.025867253475914745,4.9055857426706115
1938,1900,1926,Sunlight Care Liquid (naturals)1L,Bubble Detergent Powder 500g,0.02701296243731668,0.8030942334739802,23.577508204406936,0.025867253475914745,4.9055857426706115
1939,2603,1900,Rin Detergent Powder 500g,Sunlight Care Liquid (naturals)1L,0.02701296243731668,0.7930555555555555,23.577508204406936,0.025867253475914745,4.669677879019368
1940,1926,1900,Bubble Detergent Powder 500g,Sunlight Care Liquid (naturals)1L,0.02701296243731668,0.7930555555555555,23.577508204406936,0.025867253475914745,4.669677879019368
1941,3155,2603,Sunlight 2in1 500g,Rin Detergent Powder 500g,0.026965654271927333,0.8028169014084507,23.569366197183097,0.0258215567155344,4.8986861846640455
1942,3155,1926,Sunlight 2in1 500g,Bubble Detergent Powder 500g,0.026965654271927333,0.8028169014084507,23.569366197183097,0.0258215567155344,4.8986861846640455
1943,2603,3155,Rin Detergent Powder 500g,Sunlight 2in1 500g,0.026965654271927333,0.7916666666666665,23.569366197183097,0.0258215567155344,4.638773772353105
1944,1926,3155,Bubble Detergent Powder 500g,Sunlight 2in1 500g,0.026965654271927333,0.7916666666666665,23.569366197183097,0.0258215567155344,4.638773772353105
1945,"3034, 3080",2512,Pears Baby Cream 50ml | BabyCheramy Moisturizes & Cares Baby Shampoo 100ml,Pears Baby Soap (Aloevera) 95g,0.02554640931024695,0.9981515711645101,23.54791061526274,0.024461539840184968,518.0680291418233
1946,2512,"3034, 3080",Pears Baby Soap (Aloevera) 95g,Pears Baby Cream 50ml | BabyCheramy Moisturizes & Cares Baby Shampoo 100ml,0.02554640931024695,0.6026785714285714,23.54791061526274,0.024461539840184968,2.4524382841062633
1947,"2634, 3006",1852,Kotmale Milk With Oats 1L | Spinner Sugar Free 250ml,CBL Ginger Biscuits 85g,0.010029331062541395,0.7822878228782288,23.52204836415363,0.00960295105909639,4.44046066927423
1948,1852,"2634, 3006",CBL Ginger Biscuits 85g,Kotmale Milk With Oats 1L | Spinner Sugar Free 250ml,0.010029331062541395,0.30156472261735423,23.52204836415363,0.00960295105909639,1.4134158441694085
1949,"1188, 2622",2512,Baby Diaper (Softlove) 4pcs /L | Baby Cheramy Baby Cologne 50ml,Pears Baby Soap (Aloevera) 95g,0.02564102564102564,0.9963235294117646,23.50478433560924,0.024550140258930046,260.47043239662474
1950,2512,"1188, 2622",Pears Baby Soap (Aloevera) 95g,Baby Diaper (Softlove) 4pcs /L | Baby Cheramy Baby Cologne 50ml,0.02564102564102564,0.6049107142857142,23.504784335609237,0.024550140258930046,2.4659346463086527
1951,"2622, 3034",2512,Baby Cheramy Baby Cologne 50ml | Pears Baby Cream 50ml,Pears Baby Soap (Aloevera) 95g,0.02554640931024695,0.996309963099631,23.504464285714285,0.024459534536173763,259.512820512824
1952,2512,"2622, 3034",Pears Baby Soap (Aloevera) 95g,Baby Cheramy Baby Cologne 50ml | Pears Baby Cream 50ml,0.02554640931024695,0.6026785714285714,23.504464285714285,0.024459534536173763,2.45231921636416
1953,"1188, 3034",2512,Baby Diaper (Softlove) 4pcs /L | Pears Baby Cream 50ml,Pears Baby Soap (Aloevera) 95g,0.025735641971804335,0.9945155393053018,23.462131104727085,0.024638740677675124,174.60456681490345
1954,2512,"1188, 3034",Pears Baby Soap (Aloevera) 95g,Baby Diaper (Softlove) 4pcs /L | Pears Baby Cream 50ml,0.025735641971804335,0.6071428571428571,23.46213110472708,0.024638740677675124,2.4795843762633427
1955,"1187, 3206",2514,Baby Diaper (Softlove) 4pcs /M | Pears Baby Cream 100ml,Pears Baby Oil (Olive Oil) 100ml,0.02526256031791087,1.0,23.46059933407325,0.024185752349018937,inf
1956,2514,"1187, 3206",Pears Baby Oil (Olive Oil) 100ml,Baby Diaper (Softlove) 4pcs /M | Pears Baby Cream 100ml,0.02526256031791087,0.5926748057713651,23.46059933407325,0.024185752349018937,2.39302025382442
1957,"1854, 2378",1449,CBL Nice Biscuits  100g | Zesta Tea (BOPF) 390g,Milo Drink 180ml,0.03264263411864888,0.9732016925246827,23.45671308618785,0.0312510225148104,35.767584943055965
1958,1449,"1854, 2378",Milo Drink 180ml,CBL Nice Biscuits  100g | Zesta Tea (BOPF) 390g,0.03264263411864888,0.7867730900798177,23.45671308618785,0.0312510225148104,4.53253536854579
1959,2330,"2713, 3144","Kome Rice Cracker 90G (B,B,Q)",Sera Turmeric Powder 25g | GoodKnight Mosquito Coil 10Hours,0.012347431166619358,0.5600858369098712,23.44375132792249,0.011820747915551384,2.2188632655557323
1960,"2713, 3144",2330,Sera Turmeric Powder 25g | GoodKnight Mosquito Coil 10Hours,"Kome Rice Cracker 90G (B,B,Q)",0.012347431166619358,0.5168316831683168,23.44375132792249,0.011820747915551384,2.0240449567169065
1961,"1187, 2513",2514,Baby Diaper (Softlove) 4pcs /M | Pears Baby Soap (Venivel) 95g,Pears Baby Oil (Olive Oil) 100ml,0.02526256031791087,0.9981308411214953,23.416747746532927,0.02418373585469517,512.1958084965404
1962,2514,"1187, 2513",Pears Baby Oil (Olive Oil) 100ml,Baby Diaper (Softlove) 4pcs /M | Pears Baby Soap (Venivel) 95g,0.02526256031791087,0.5926748057713651,23.416747746532927,0.02418373585469517,2.392904110344813
1963,"1188, 3080",2512,Baby Diaper (Softlove) 4pcs /L | BabyCheramy Moisturizes & Cares Baby Shampoo 100ml,Pears Baby Soap (Aloevera) 95g,0.02554640931024695,0.9908256880733946,23.375081913499344,0.02445351862414015,104.37969533541552
1964,"2622, 3080",2512,Baby Cheramy Baby Cologne 50ml | BabyCheramy Moisturizes & Cares Baby Shampoo 100ml,Pears Baby Soap (Aloevera) 95g,0.02554640931024695,0.9908256880733946,23.375081913499344,0.02445351862414015,104.37969533541552
1965,2512,"1188, 3080",Pears Baby Soap (Aloevera) 95g,Baby Diaper (Softlove) 4pcs /L | BabyCheramy Moisturizes & Cares Baby Shampoo 100ml,0.02554640931024695,0.6026785714285714,23.375081913499344,0.02445351862414015,2.4519620131378494
1966,2512,"2622, 3080",Pears Baby Soap (Aloevera) 95g,Baby Cheramy Baby Cologne 50ml | BabyCheramy Moisturizes & Cares Baby Shampoo 100ml,0.02554640931024695,0.6026785714285714,23.375081913499344,0.02445351862414015,2.4519620131378494
1967,"2513, 3206",2514,Pears Baby Soap (Venivel) 95g | Pears Baby Cream 100ml,Pears Baby Oil (Olive Oil) 100ml,0.02526256031791087,0.996268656716418,23.37305978431925,0.024181719360371404,256.5765919197684
1968,"2513, 2814",2514,Pears Baby Soap (Venivel) 95g | Baby Cheramy Shampoo 100ml,Pears Baby Oil (Olive Oil) 100ml,0.02526256031791087,0.996268656716418,23.37305978431925,0.024181719360371404,256.5765919197684
1969,"2814, 3206",2514,Baby Cheramy Shampoo 100ml | Pears Baby Cream 100ml,Pears Baby Oil (Olive Oil) 100ml,0.02526256031791087,0.996268656716418,23.37305978431925,0.024181719360371404,256.5765919197684
1970,"1187, 2814",2514,Baby Diaper (Softlove) 4pcs /M | Baby Cheramy Shampoo 100ml,Pears Baby Oil (Olive Oil) 100ml,0.02526256031791087,0.996268656716418,23.37305978431925,0.024181719360371404,256.5765919197684
1971,2514,"2513, 3206",Pears Baby Oil (Olive Oil) 100ml,Pears Baby Soap (Venivel) 95g | Pears Baby Cream 100ml,0.02526256031791087,0.5926748057713651,23.373059784319246,0.024181719360371404,2.3927879668652063
1972,2514,"2513, 2814",Pears Baby Oil (Olive Oil) 100ml,Pears Baby Soap (Venivel) 95g | Baby Cheramy Shampoo 100ml,0.02526256031791087,0.5926748057713651,23.373059784319246,0.024181719360371404,2.3927879668652063
1973,2514,"2814, 3206",Pears Baby Oil (Olive Oil) 100ml,Baby Cheramy Shampoo 100ml | Pears Baby Cream 100ml,0.02526256031791087,0.5926748057713651,23.373059784319246,0.024181719360371404,2.3927879668652063
1974,2514,"1187, 2814",Pears Baby Oil (Olive Oil) 100ml,Baby Diaper (Softlove) 4pcs /M | Baby Cheramy Shampoo 100ml,0.02526256031791087,0.5926748057713651,23.373059784319246,0.024181719360371404,2.3927879668652063
1975,"1288, 1562",2514,Senola Soap | Sun Silk Shampoo (King-coconut)80ML,Pears Baby Oil (Olive Oil) 100ml,0.010171255558709433,0.9953703703703705,23.35198544826736,0.009735692784775618,206.79307408459104
1976,2634,"1410, 1852",Kotmale Milk With Oats 1L,Prima Tea Bun 75g | CBL Ginger Biscuits 85g,0.010265871889488125,0.49885057471264366,23.328989929813854,0.009825824038279248,1.9527443510144349
1977,"1410, 1852",2634,Prima Tea Bun 75g | CBL Ginger Biscuits 85g,Kotmale Milk With Oats 1L,0.010265871889488125,0.4800884955752212,23.328989929813854,0.009825824038279248,1.8838224192389221
1978,"1854, 2056",1449,CBL Nice Biscuits  100g | Maggi Coconut Milk Powder 125g,Milo Drink 180ml,0.03264263411864888,0.9677419354838711,23.32511862287123,0.03124317139151653,29.713832907559976
1979,1449,"1854, 2056",Milo Drink 180ml,CBL Nice Biscuits  100g | Maggi Coconut Milk Powder 125g,0.03264263411864888,0.7867730900798177,23.32511862287123,0.03124317139151653,4.531647897721267
1980,1926,2603,Bubble Detergent Powder 500g,Rin Detergent Powder 500g,0.026965654271927333,0.7916666666666665,23.242013888888884,0.02580544266544436,4.6365029804144156
1981,2603,1926,Rin Detergent Powder 500g,Bubble Detergent Powder 500g,0.026965654271927333,0.7916666666666665,23.242013888888884,0.02580544266544436,4.6365029804144156
1982,"1188, 2683",2512,Baby Diaper (Softlove) 4pcs /L | Lifebuoy Shampoo 80ml,Pears Baby Soap (Aloevera) 95g,0.01021856372409878,0.9818181818181818,23.162581168831167,0.009777396841633649,52.668653609613
1983,"1069, 1562",2514,P.Baby Cream (Bedtime) 100ml | Sun Silk Shampoo (King-coconut)80ML,Pears Baby Oil (Olive Oil) 100ml,0.010171255558709433,0.9862385321100917,23.1377470496594,0.009731659796128082,69.56927492351832
1984,1808,1422,Maliban Smart Cream Cracker 230g,Highland Milk Powder 400g,0.013530135301353014,0.6008403361344538,23.091932773109242,0.012944210535579013,2.4400774857951006
1985,1422,1808,Highland Milk Powder 400g,Maliban Smart Cream Cracker 230g,0.013530135301353014,0.52,23.091932773109242,0.012944210535579013,2.0364194026555653
1986,2513,3206,Pears Baby Soap (Venivel) 95g,Pears Baby Cream 100ml,0.025357176648689563,0.7657142857142857,23.056507936507934,0.024257392730044246,4.126541265412653
1987,3206,2513,Pears Baby Cream 100ml,Pears Baby Soap (Venivel) 95g,0.025357176648689563,0.7635327635327634,23.056507936507934,0.024257392730044246,4.088872093540211
1988,"1069, 1288",2514,P.Baby Cream (Bedtime) 100ml | Senola Soap,Pears Baby Oil (Olive Oil) 100ml,0.010171255558709433,0.9817351598173516,23.032095236647258,0.009729643301804314,52.4163000283849
1989,"2194, 2862",3144,Freelan Chilli  Powder 100g | Diamond Tuna,GoodKnight Mosquito Coil 10Hours,0.013151669978238243,1.0,23.026143790849673,0.01258050747279673,inf
1990,"2510, 2862",3144,Kakulu-Samba Rice 1kg | Diamond Tuna,GoodKnight Mosquito Coil 10Hours,0.013151669978238243,1.0,23.026143790849673,0.01258050747279673,inf
1991,"2713, 2736",3144,Sera Turmeric Powder 25g | Maldive Fish Bottle 100g,GoodKnight Mosquito Coil 10Hours,0.012205506670451319,1.0,23.026143790849673,0.011675434992739412,inf
1992,"2393, 2713",3144,Kist Tomato Sauce 15g | Sera Turmeric Powder 25g,GoodKnight Mosquito Coil 10Hours,0.011637808685779166,1.0,23.026143790849673,0.011132391504705021,inf
1993,3144,"2194, 2862",GoodKnight Mosquito Coil 10Hours,Freelan Chilli  Powder 100g | Diamond Tuna,0.013151669978238243,0.30283224400871456,23.02614379084967,0.01258050747279673,1.4155105733749644
1994,3144,"2510, 2862",GoodKnight Mosquito Coil 10Hours,Kakulu-Samba Rice 1kg | Diamond Tuna,0.013151669978238243,0.30283224400871456,23.02614379084967,0.01258050747279673,1.4155105733749644
1995,"1043, 1188",2512,Baby Cheramy Oil 100ml | Baby Diaper (Softlove) 4pcs /L,Pears Baby Soap (Aloevera) 95g,0.01021856372409878,0.9729729729729729,22.953909266409262,0.009773386233611238,35.43163970101232
1996,"2194, 2510",3144,Freelan Chilli  Powder 100g | Kakulu-Samba Rice 1kg,GoodKnight Mosquito Coil 10Hours,0.013151669978238243,0.9964157706093189,22.94361280952046,0.01257845293141025,266.8833380641391
1997,3144,"2194, 2510",GoodKnight Mosquito Coil 10Hours,Freelan Chilli  Powder 100g | Kakulu-Samba Rice 1kg,0.013151669978238243,0.30283224400871456,22.94361280952046,0.01257845293141025,1.415442715725234
1998,"1270, 2713",3144,Lifebuoy Turmeric 100g | Sera Turmeric Powder 25g,GoodKnight Mosquito Coil 10Hours,0.011685116851168511,0.9959677419354838,22.93329643685431,0.011175590587321406,237.22963383479356
1999,"1270, 2393",3144,Lifebuoy Turmeric 100g | Kist Tomato Sauce 15g,GoodKnight Mosquito Coil 10Hours,0.01159050052038982,0.9959349593495935,22.932541580317764,0.011085083339315675,235.31649162645667
2000,1422,2845,Highland Milk Powder 400g,Asiri Sweet Peanuts 100g,0.013388210805184975,0.5145454545454546,22.89781435406699,0.012803516973792853,2.0136357370488143
