product_id,product_name,category,total_quantity,invoice_frequency,total_revenue,total_profit,average_retail_price,movement_score,movement_label
1000,signal strong teeth 40g,General Grocery,17,10,952.0,86.69999999999999,56.0,2.6687573396021573,Slow
1001,Pears Baby Soap (Active)100g,Baby & Kids,68,39,4556.0,476.0,67.0,3.9887543318797647,Medium
1002,Signal Strong Teeth 70g,General Grocery,30,14,2790.0,363.0,93.0,3.107315552962825,Medium
1003,Signal Strong Teeth 120g,General Grocery,19,12,2356.0,171.0,124.0,2.8018799613123866,Slow
1004,Signal Strong Teeth (value pack),General Grocery,22,11,3630.0,330.0,165.0,2.8427298111656327,Slow
1005,Signal Herbal 40g,General Grocery,17,9,918.0,83.47,54.0,2.6258677586902115,Slow
1006,Signal Herbal 70g,General Grocery,36,19,3204.0,252.0,89.0,3.3340843750536195,Medium
1007,Signal Herbal 160g,General Grocery,18,11,2610.0,234.0,145.0,2.7376494309461425,Slow
1008,Signal 123 40g,General Grocery,25,12,1625.0,125.0,65.0,2.9461803067695067,Slow
1009,Signal 123 70g,General Grocery,30,19,3000.0,300.0,100.0,3.236772485566126,Medium
1010,Signal 123 120g,General Grocery,14,7,2100.0,210.0,150.0,2.4251763043621417,Slow
1011,Closeup Red 30g,General Grocery,17,12,935.0,85.0,55.0,2.743931677700582,Slow
1012,Closeup Red 120g,General Grocery,23,13,3795.0,299.0,165.0,2.9355054050182368,Slow
1013,Closeup Blue 30g,General Grocery,29,15,1595.0,145.0,55.0,3.118323484922087,Medium
1014,Closeup Blue 120g,General Grocery,19,7,3230.0,293.55,170.0,2.5834014442106215,Slow
1015,Closeup Black 120g,General Grocery,28,15,4620.0,364.0,165.0,3.0996776315004624,Medium
1017,Clogard 70g,General Grocery,19,12,3800.0,380.0,200.0,2.8018799613123866,Slow
1018,Clogard 120g,General Grocery,22,11,5280.0,220.0,240.0,2.8427298111656327,Slow
1019,Clogard 160g,General Grocery,29,13,4205.0,493.0,145.0,3.058234358241052,Medium
1020,Clogard (natural salt)70g,Staples & Dry Groceries,151,34,13137.0,1057.0,87.0,4.363040914135688,Fast
1021,Clogard (natural salt) 120g,Staples & Dry Groceries,206,47,25544.0,2884.0,124.0,4.675035791204504,Fast
1023,Sensodyne 40g,General Grocery,26,14,5460.0,260.0,210.0,3.031332866798376,Slow
1024,Sensodyne75g,General Grocery,18,8,7020.0,638.1,390.0,2.608192498342841,Slow
1025,ayush whitening 40g,General Grocery,31,15,2015.0,155.0,65.0,3.153819671547751,Medium
1026,ayush anti cavity 40g,General Grocery,30,13,1950.0,150.0,65.0,3.076268760793697,Medium
1027,ayush anti cavity 70g,General Grocery,22,10,2310.0,308.0,105.0,2.803574691520299,Slow
1028,Clogard Chooty 40g,General Grocery,25,11,2750.0,250.0,110.0,2.9101610883164155,Slow
1029,Kekulu 40g,General Grocery,19,12,1900.0,171.0,100.0,2.8018799613123866,Slow
1030,Supirivicky 40g,General Grocery,35,17,1925.0,175.0,55.0,3.271602707204135,Medium
1031,Supirivicky mild 70g,General Grocery,24,9,2160.0,216.0,90.0,2.806544995524831,Slow
1032,Supirivicky mild 110g,General Grocery,35,16,4200.0,420.0,120.0,3.2458814209761577,Medium
1033,Sudantha 45g,General Grocery,23,10,1610.0,138.0,70.0,2.826982479450637,Slow
1034,Sudantha 80g,General Grocery,23,17,2300.0,207.0,100.0,3.0485968977446447,Medium
1035,Baby Cheramy Cottonbuds,Baby & Kids,39,24,3900.0,312.0,100.0,3.4773778209533557,Medium
1036,Baby Cheramy Baby Talc 100g,Baby & Kids,30,17,3150.0,390.0,105.0,3.1893602535201047,Medium
1037,Baby Cheramy Baby Cream 100ml,Baby & Kids,46,29,17020.0,2042.3999999999999,370.0,3.6481200026885023,Medium
1038,Baby Cheramy Floral Cream 100ml,Baby & Kids,54,33,20520.0,540.0,380.0,3.790895487955132,Medium
1039,Baby Cheramy Herbal Cream 100ml,Baby & Kids,58,35,8990.0,870.0,155.0,3.855229116453396,Medium
1040,Baby Cheramy Baby Cream 50ml,Baby & Kids,30,20,5550.0,666.0,185.0,3.2587280594423707,Medium
1041,Baby Cheramy Floral Cream50ml,Baby & Kids,39,23,7215.0,865.8,185.0,3.459007923419241,Medium
1042,Baby Cheramy Herbal Cream 50ml,Baby & Kids,53,26,4770.0,424.0,90.0,3.677067815312299,Medium
1043,Baby Cheramy Oil 100ml,Baby & Kids,1227,268,576690.0,61350.0,470.0,6.4298482806097255,Fast
1044,Baby Cheramy Oil 50ml,Baby & Kids,80,19,20800.0,2496.0,260.0,3.7650265581691373,Medium
1045,Baby Cheramy Cologne 50ml,Baby & Kids,36,26,5940.0,742.32,165.0,3.4691314416562715,Medium
1046,Silicon Teat (s),General Grocery,9,6,900.0,72.0,100.0,2.1420813682216164,Slow
1047,Silicon Teat (s) new,General Grocery,16,8,1920.0,192.0,120.0,2.547018399032218,Slow
1048,Silicon Teat (M),General Grocery,23,12,2300.0,184.0,100.0,2.902156817549062,Slow
1049,Lacto Calamine powder 70g,General Grocery,14,10,5040.0,560.0,360.0,2.5684804833654824,Slow
1050,Lacto Calamine Lotion 100ml,Personal Care,43,24,15910.0,1290.0,370.0,3.5297984198457337,Medium
1051,Lacto Cream 43g,Personal Care,39,22,6630.0,585.0,170.0,3.4398560969307823,Medium
1052,Feeding Bottle 240ml(blue),General Grocery,26,11,8580.0,780.0,330.0,2.9309182687069812,Slow
1054,Feeding Bottle 240ml (Blue),General Grocery,34,16,10710.0,850.0,315.0,3.230387438644475,Medium
1055,Feeding Bottle 240ml (Rose),General Grocery,17,10,5355.0,425.0,315.0,2.6687573396021573,Slow
1058,Feeding Bottle 120ml (Blue),General Grocery,32,17,9440.0,480.0,295.0,3.2237464498598385,Medium
1059,Feeding Bottle 120ml (Rose),General Grocery,16,14,4720.0,240.0,295.0,2.776889929726914,Slow
1060,P.Baby Cologne (magic) 50ml,Baby & Kids,542,299,92140.0,8130.0,170.0,6.030112239558955,Fast
1061,P.Baby Cologne (magic) 100ml,Baby & Kids,47,28,14100.0,940.0,300.0,3.6444436794932535,Medium
1062,P.Baby Cologne (Active)50ml,Baby & Kids,37,18,6290.0,555.0,170.0,3.3256699284744107,Medium
1063,P.Baby Cologne (Bedtime)100ml,Baby & Kids,61,40,18300.0,1220.0,300.0,3.941031341791739,Medium
1064,P.Baby Cream (Floral) 200ml,Baby & Kids,41,28,10660.0,1350.13,260.0,3.5710014135497663,Medium
1065,P.Baby Cream (Floral) 100ml,Baby & Kids,72,36,11880.0,1080.0,165.0,3.984665753321516,Medium
1066,P.Baby Cream (Active) 200ml,Baby & Kids,50,28,12500.0,1250.0,250.0,3.677787221492293,Medium
1067,P.Baby Cream (Active) 100ml,Baby & Kids,51,29,8415.0,765.0,165.0,3.7037228669677553,Medium
1068,P.Baby Cream (Bedtime) 50ml,Baby & Kids,41,26,3690.0,328.0,90.0,3.538844879757801,Medium
1069,P.Baby Cream (Bedtime) 100ml,Baby & Kids,525,305,89250.0,15750.0,170.0,6.021528962884313,Fast
1070,P.Baby Talc 90g,Baby & Kids,35,24,3500.0,280.0,100.0,3.419429537341551,Medium
1071,K. Baby Cologne (venivel) 50ml,Baby & Kids,30,20,5100.0,450.0,170.0,3.2587280594423707,Medium
1072,K. Baby Cologne (herbal) 50ml,Baby & Kids,55,32,9350.0,825.0,170.0,3.787371832564249,Medium
1073,Panda Baby Cologne 50ml,Baby & Kids,49,32,7840.0,490.0,160.0,3.725041055645397,Medium
1074,Panda Baby Cream 100ml,Baby & Kids,30,19,4950.0,450.0,165.0,3.236772485566126,Medium
1075,P. Baby Shampoo 100ml,Baby & Kids,71,33,8875.0,710.0,125.0,3.9390286015361036,Medium
1076,P. Baby Bodywash 100ml,Baby & Kids,63,36,9450.0,945.0,150.0,3.9122987565377203,Medium
1077,P. Baby Soap (Babytime) 100g,Baby & Kids,463,278,34262.0,3115.9900000000002,74.0,5.910981805544055,Fast
1078,P. Baby Soap (Aloe/Neem) 100g,Baby & Kids,558,319,37386.0,3906.0,67.0,6.075126658342502,Fast
1079,P. Baby Soap (Herbal) 100g,Baby & Kids,552,309,40848.0,3714.96,74.0,6.054904434702921,Fast
1080,P. Baby Soap (Active) 95g /4,Baby & Kids,74,46,19610.0,1783.4,265.0,4.107184883214497,Medium
1081,P. Baby Soap (Pure) 95g / 4,Baby & Kids,74,46,19610.0,1480.0,265.0,4.107184883214497,Medium
1082,C.Baby Soap (floral)100g,Baby & Kids,565,311,39550.0,3757.25,70.0,6.070578177526018,Fast
1083,C.Baby Soap (floral) 75g / 5,Baby & Kids,48,26,11520.0,960.0,240.0,3.623627753662793,Medium
1084,C.Baby Soap (Almond) 100g,Baby & Kids,72,43,5400.0,512.64,75.0,4.062638027894833,Medium
1085,C.Baby Soap (Almond) 75g / 5,Baby & Kids,53,35,14045.0,2385.0,265.0,3.8065247479156006,Medium
1086,C.Baby Soap (Pokuru wada) 100g / 4,Baby & Kids,59,33,14160.0,1180.0,240.0,3.838751745299428,Medium
1087,C.Baby Soap (Kohomba) 100g / 4,Baby & Kids,79,41,18960.0,1580.0,240.0,4.092065977298151,Medium
1088,C.Baby Soap (Pichcha) 125g,Baby & Kids,288,169,21600.0,2016.0,75.0,5.4276439751344565,Fast
1089,C.Baby Soap (Pokuruwada) 125g,Baby & Kids,68,39,5440.0,516.8,80.0,3.9887543318797647,Medium
1090,C.Baby Soap (Kohomba) 125g,Baby & Kids,68,37,5100.0,476.0,75.0,3.9656723494053665,Medium
1091,K. Baby Soap (Avocado) 90g,Baby & Kids,509,293,34103.0,2545.0,67.0,5.986536794447511,Fast
1092,K. Baby Soap (Avocado) 5pcs,Baby & Kids,70,37,16450.0,1050.0,235.0,3.981387704249597,Medium
1093,K. Baby Soap (Venivel) 90g,Baby & Kids,58,37,3886.0,290.0,67.0,3.8795593660250196,Medium
1094,K. Baby Soap (Venivel) 5pcs,Baby & Kids,64,38,15040.0,960.0,235.0,3.9445157392009413,Medium
1095,K. Baby Soap (Floral) 90g,Baby & Kids,62,32,4154.0,310.0,67.0,3.852152502175259,Medium
1096,K. Baby Soap (Floral) 5pcs,Baby & Kids,61,34,14335.0,915.0,235.0,3.8698305394450365,Medium
1097,K. Baby Soap (Herbal) 90g,Baby & Kids,77,46,5159.0,385.0,67.0,4.128756275448802,Medium
1098,Rathmal Baby Soap 75g,Baby & Kids,499,288,29940.0,2495.0,60.0,5.967926463782801,Fast
1099,Rathmal Baby Soap 75g / 5,Baby & Kids,61,31,15250.0,1220.0,250.0,3.8295050680346776,Medium
1100,Delum Baby Soap 75g,Baby & Kids,69,38,4140.0,345.0,60.0,3.9852751238854887,Medium
1101,Kekulu Soap 70g,Personal Care,69,43,3450.0,345.0,50.0,4.039557718390365,Medium
1102,Baby Milk Soap 75g,Baby & Kids,517,303,51700.0,4136.0,100.0,6.010148848875516,Fast
1103,Ben10 Baby cologne 100ml,Baby & Kids,33,25,8745.0,660.0,265.0,3.405641730648556,Medium
1104,AXE Body Perfume,Personal Care,56,34,14000.0,1400.0,250.0,3.823584824979239,Medium
1106,B K After Shave 50ml,General Grocery,16,7,5440.0,320.0,340.0,2.494016032986845,Slow
1107,B K Hair Gel,Personal Care,59,33,12980.0,1180.0,220.0,3.838751745299428,Medium
1110,Kumarika Hair Oil 50ml,Personal Care,112,26,8960.0,896.0,80.0,4.0831898899937356,Medium
1114,Kesha Hair oil (jasmine) 100ml,Personal Care,103,22,18025.0,1545.0,175.0,3.965387391695873,Medium
1115,Nerralu Hiar oil 100ml,Cooking Essentials,218,48,39240.0,4048.26,180.0,4.715308585548858,Fast
1116,7Oil,General Grocery,795,180,166950.0,16695.0,210.0,6.0131032162840325,Fast
1117,7Oil Black Seed 50ml,General Grocery,74,18,8140.0,740.0,110.0,3.6996160030698686,Medium
1118,Silicone oil 50ml,Cooking Essentials,220,47,68200.0,6600.0,310.0,4.711029940743315,Fast
1119,Silicone oil 25ml,Cooking Essentials,1311,309,255645.0,19665.0,195.0,6.530076917092856,Fast
1120,Axe oil 3ml,Cooking Essentials,185,46,22200.0,2775.0,120.0,4.606727091311788,Fast
1121,Axe oil 5ml,Cooking Essentials,1323,320,264600.0,26460.0,200.0,6.550775510481833,Fast
1122,Vaseline Sun+ 100ml,General Grocery,25,14,24750.0,3134.5,990.0,3.01057568640781,Slow
1123,Vaseline Cocoa 100ml,General Grocery,22,14,18040.0,220.0,820.0,2.943144409257027,Slow
1125,Vaseline Healthy 100ml,General Grocery,26,14,6240.0,650.0,240.0,3.031332866798376,Slow
1126,Vaseline Healthy 200ml,General Grocery,31,13,13330.0,1085.0,430.0,3.093730544866716,Medium
1127,Vaseline Deep 100ml,General Grocery,33,16,14025.0,1776.3899999999999,425.0,3.2144442933641866,Medium
1128,Vaseline Intensive care 300ml,General Grocery,33,18,17985.0,1551.0,545.0,3.264495829163787,Medium
1129,Vaseline Advanced 300ml,General Grocery,33,17,28050.0,3300.0,850.0,3.240165579592163,Medium
1131,Ponds BB+ 18g,General Grocery,26,13,11960.0,1040.0,460.0,3.0002860746292477,Slow
1132,Ponds BB+ 9g,General Grocery,16,9,4640.0,480.0,290.0,2.5944306310782395,Slow
1133,Ponds White Beauty 23g,General Grocery,33,16,7920.0,825.0,240.0,3.2144442933641866,Medium
1134,Fair&Lovely Ayurvedic 25g,General Grocery,40,19,9600.0,1000.0,240.0,3.390544159786665,Medium
1135,Glow & Lovely (malti vitamin)25g,Health & Medicine,29,13,6525.0,580.0,225.0,3.058234358241052,Medium
1136,Glow & Handsome Cream 25g,Personal Care,47,20,11750.0,1488.02,250.0,3.4991956529748807,Medium
1138,Glow & Handsome Facewash 50g,General Grocery,32,14,8960.0,1493.44,280.0,3.141701749302559,Medium
1139,ayush Face Cream 25g,Personal Care,56,30,15120.0,1680.0,270.0,3.7689724393273187,Medium
1140,ayush Face Wash 50g,Cleaning & Household,58,36,15080.0,2513.7200000000003,260.0,3.867558654838047,Medium
1141,ayush Face Wash 80g,Cleaning & Household,65,28,28925.0,4821.05,445.0,3.8195932316084473,Medium
1142,Fair & Lovely Facewash 50g,General Grocery,47,20,11750.0,1410.0,250.0,3.4991956529748807,Medium
1145,Sunsilk Shampoo (Thick)80ml,Personal Care,274,161,43840.0,4110.0,160.0,5.378642454571187,Fast
1146,Sunsilk Shampoo (Coconut)80ml,Personal Care,141,34,25380.0,2820.0,180.0,4.32561150935093,Fast
1147,Sunsilk Shampoo (Almond)80ml,Personal Care,77,45,13860.0,1540.0,180.0,4.1190784830993685,Medium
1148,Sunsilk Shampoo (Black)80ml,Personal Care,557,321,89120.0,0.0,160.0,6.076945624804705,Fast
1149,Sunsilk Shampoo (Thick)180ml,Personal Care,77,36,18480.0,2310.0,240.0,4.021102915369177,Medium
1150,Sunsilk Shampoo (Long)180ml,Personal Care,54,32,12960.0,1620.0,240.0,3.7774616545377757,Medium
1151,Sunsilk Shampoo (Black)180ml,Personal Care,1027,603,272155.0,64916.67,265.0,6.696062134378978,Fast
1152,Sunsilk Shampoo (Green Tea)180ml,Personal Care,487,272,146100.0,12175.0,300.0,5.928935781052464,Fast
1153,Sunsilk Shampoo (Almond)180ml,Personal Care,490,282,147000.0,12250.0,300.0,5.948495374226443,Fast
1154,Sunsilk Conditioner 80ml,Personal Care,40,22,6400.0,600.0,160.0,3.4534370338554865,Medium
1155,Lifebuoy(Strong&long) 80ml,General Grocery,33,20,4290.0,495.0,130.0,3.3095333855144293,Medium
1156,Lifebuoy(Strong&long) 180ml,General Grocery,21,14,10920.0,210.0,520.0,2.9186959398430687,Slow
1157,Lifebuoy(anti dandruff)80ml,General Grocery,31,13,9300.0,930.0,300.0,3.093730544866716,Medium
1158,Lifebuoy(anty dandruff)175ml,General Grocery,22,9,5170.0,533.28,235.0,2.760685110608353,Slow
1159,Lifebuoy(Herbal)80ml,General Grocery,21,12,2730.0,315.0,130.0,2.8543005602047655,Slow
1160,Lifebuoy(Strong&Thick)175ml,General Grocery,24,12,5160.0,600.0,215.0,2.9246089145352023,Slow
1161,Clear Shampoo (Soft care)80ml,Personal Care,47,27,8695.0,896.76,185.0,3.6286525855781817,Medium
1162,Clear Shampoo (Soft care)180ml,Personal Care,44,24,13640.0,1320.0,310.0,3.5421584905643666,Medium
1163,Clear Shampoo (Ice Cool)180ml,Personal Care,524,301,170300.0,17564.48,325.0,6.014561202244085,Fast
1164,Clear Shampoo (Men)80ml,Personal Care,59,34,11505.0,885.0,195.0,3.8517961368923914,Medium
1165,Dove Shampoo (Intense) 80ml,Personal Care,55,26,11000.0,1100.0,200.0,3.6970700196062807,Medium
1166,Dove Shampoo (Intense) 180ml,Personal Care,1135,622,357525.0,39725.0,315.0,6.764943663058958,Fast
1167,Dove Shampoo (Hair Fall) 80ml,Personal Care,47,29,9400.0,940.0,200.0,3.65969937774731,Medium
1168,Gotukola Shampoo 80ml,Personal Care,25,17,5250.0,500.0,210.0,3.0926203869650895,Medium
1169,Head & Shoulders 70ml,General Grocery,21,9,4830.0,630.0,230.0,2.7362366411943944,Slow
1170,L'Oreal Shampoo 82ml,Personal Care,38,23,11020.0,1140.0,290.0,3.445083129027881,Medium
1171,Dreamron Facial Wash,Cleaning & Household,48,32,13920.0,1440.0,290.0,3.7139295666207612,Medium
1172,Lifebuoy Bodywash (Green Tea) 100ml,Beverages,151,54,14949.0,1359.0,99.0,4.5664342198200645,Fast
1173,Lifebuoy Bodywash (Charcoal)100ml,General Grocery,28,14,2772.0,252.0,99.0,3.0706352969885558,Medium
1174,Velvet Bodywash (Rose & Milk)140ml,Dairy & Chilled,81,41,17010.0,1620.0,210.0,4.105646914222856,Medium
1175,Veet Normal Skin 25g,General Grocery,20,7,4000.0,400.0,200.0,2.610236034503809,Slow
1176,Veet Normal Skin 50g,General Grocery,30,16,8400.0,750.0,280.0,3.163638967292128,Medium
1177,Veet Sensitive Skin 25g,General Grocery,25,16,5000.0,500.0,200.0,3.0668991007371127,Medium
1178,Veet Dry Skin 25g,General Grocery,31,12,6200.0,620.0,200.0,3.0603819573975413,Medium
1179,Voodoo Talc 100g,General Grocery,14,6,1890.0,420.0,135.0,2.3650871776811067,Slow
1180,Smart Pants (Softlove) 1pcs /L,General Grocery,33,17,1485.0,165.0,45.0,3.240165579592163,Medium
1181,Smart Pants (Softlove) 4pcs / M,General Grocery,27,13,7020.0,1890.0,260.0,3.0202882789232284,Slow
1182,Smart Pants (Softlove) 1pcs / XL,General Grocery,45,21,2025.0,225.0,45.0,3.4967218720802444,Medium
1183,Smart Pants (Softlove) 4pcs / L,General Grocery,29,19,6525.0,1015.0,225.0,3.2187380830134815,Medium
1184,Smart Pants (Softlove) 9pcs /M,General Grocery,22,13,12430.0,1430.0,565.0,2.912097617087899,Slow
1185,Baby Diaper (Softlove) 5pcs /NB,Baby & Kids,59,28,11210.0,1180.0,190.0,3.767172632716069,Medium
1186,Baby Diaper (Softlove) 5pcs / S,Baby & Kids,435,265,91350.0,10875.0,210.0,5.855276572793734,Fast
1187,Baby Diaper (Softlove) 4pcs /M,Baby & Kids,919,527,192990.0,22975.0,210.0,6.574498846191515,Fast
1188,Baby Diaper (Softlove) 4pcs /L,Baby & Kids,1555,906,326550.0,38875.0,210.0,7.106994640157897,Fast
1189,Baby Diaper (Softlove) 3pcs /XL,Baby & Kids,51,33,9180.0,1020.0,180.0,3.760046281297058,Medium
1190,Baby Diaper (Softlove) 1pcs /S,Baby & Kids,44,25,1980.0,220.0,45.0,3.559807811483343,Medium
1191,Pampers Pants 4/S,General Grocery,24,14,5280.0,480.0,220.0,2.989004294173505,Slow
1192,Pampers Pants 4 / L,General Grocery,34,18,8160.0,850.0,240.0,3.280438974444076,Medium
1193,Pampers Pants 4/M,General Grocery,19,10,4370.0,380.0,230.0,2.726705623213962,Slow
1194,Huggies Pants 5/M,General Grocery,21,11,5880.0,630.0,280.0,2.818281341751674,Slow
1195,Eva Cotton Feel Wings 1p,General Grocery,20,12,300.0,60.0,15.0,2.8287145516055743,Slow
1196,Eva Cotton Feel Wings 10p,General Grocery,18,11,2970.0,360.0,165.0,2.7376494309461425,Slow
1197,Eva Cotton Feel Wings 20p,General Grocery,33,16,9735.0,1081.74,295.0,3.2144442933641866,Medium
1198,Eva Dritex Wings 1p,General Grocery,23,11,345.0,69.0,15.0,2.8661375990959703,Slow
1199,Eva Dritex Wings 10p,General Grocery,20,11,3100.0,300.0,155.0,2.792695333152483,Slow
1200,Eva Dritex Wings 20p,General Grocery,26,14,7930.0,881.14,305.0,3.031332866798376,Slow
1201,Fems Ultra Dry 10p,General Grocery,25,11,4000.0,444.5,160.0,2.9101610883164155,Slow
1202,Fems Cotton Feel  10p,General Grocery,20,12,2900.0,411.2,145.0,2.8287145516055743,Slow
1203,Fems Superior 8p,General Grocery,38,17,6460.0,718.2,170.0,3.3156261964245797,Medium
1204,Whisper Regular flow 10p,General Grocery,42,20,8820.0,1050.0,210.0,3.4386951606069998,Medium
1205,Whisper Regular flow 20p,General Grocery,26,14,9360.0,910.0,360.0,3.031332866798376,Slow
1206,Whisper Heavy flow 8p,General Grocery,25,13,5250.0,625.0,210.0,2.9795288942386815,Slow
1207,O B,General Grocery,11,8,7700.0,1650.0,700.0,2.3554497171846993,Slow
1208,Flora Tissue 15s,General Grocery,32,15,2240.0,352.0,70.0,3.1707440838144656,Medium
1209,Flora Wet Wipes 10s,General Grocery,23,13,6785.0,1012.0,295.0,2.9355054050182368,Slow
1210,Flora Facial Tissue 160s,General Grocery,29,15,13775.0,2059.0,475.0,3.118323484922087,Medium
1211,Flora Paper Serviettes 50s,General Grocery,30,14,6000.0,750.0,200.0,3.107315552962825,Medium
1212,Flora Paper Serviettes 100s,General Grocery,18,8,7110.0,1062.0,395.0,2.608192498342841,Slow
1213,Flora Paper Towels,General Grocery,44,16,30580.0,660.0,695.0,3.3686103741989735,Medium
1214,Flora Straws,General Grocery,21,14,2730.0,315.0,130.0,2.9186959398430687,Slow
1215,Flora Plastic Cups,General Grocery,22,10,1870.0,286.0,85.0,2.803574691520299,Slow
1216,Flora Toothpicks 500nos,General Grocery,24,13,7080.0,1056.0,295.0,2.957957502004377,Slow
1217,Flora Toothpicks 200nos,General Grocery,33,18,2805.0,330.0,85.0,3.264495829163787,Medium
1218,Flora Paper Cups 12's,General Grocery,24,12,2160.0,240.0,90.0,2.9246089145352023,Slow
1219,Flora Paper Cups 10's,General Grocery,27,8,2430.0,270.0,90.0,2.821463540397661,Slow
1220,Flora Paper Plates 10nos,General Grocery,24,11,3120.0,480.0,130.0,2.8885896960821107,Slow
1221,N/S Facial Wash 50ml (Carrot),Cleaning & Household,40,25,7000.0,720.0,175.0,3.508608078797036,Medium
1222,N/S Facial Wash 50ml (Papaya),Cleaning & Household,53,29,9275.0,954.0,175.0,3.724480047358321,Medium
1223,N/S Facial Wash 50ml (Kohomba-Kaha),Cleaning & Household,54,33,8640.0,810.0,160.0,3.790895487955132,Medium
1224,N/S Facial Wash 50ml (Cucumber),Cleaning & Household,51,30,8925.0,918.0,175.0,3.718478287238101,Medium
1225,N/S Facial Wash 100ml (Carrot),Cleaning & Household,528,305,174240.0,26136.0,330.0,6.024656933400637,Fast
1226,N/S Facial Wash 100ml (Papaya),Cleaning & Household,45,27,13500.0,1575.0,300.0,3.605244797647844,Medium
1227,N/S Facial Wash 100ml (Cucumber),Cleaning & Household,59,35,19470.0,2920.5,330.0,3.864473031527405,Medium
1228,N/S Body Lotion 50ml (Papaya),Personal Care,46,30,5290.0,793.5,115.0,3.662875422958848,Medium
1229,N/S Body Lotion 50ml (Avocado),Personal Care,42,25,7350.0,1102.5,175.0,3.5348035057411265,Medium
1230,N/S Body Lotion 50ml (Carrot),Personal Care,48,26,5520.0,828.0,115.0,3.623627753662793,Medium
1231,N/S Body Lotion 50ml (Aloevera),Personal Care,31,19,3565.0,534.75,115.0,3.254234269639146,Medium
1232,N/S Aloe 94% Gel 100ml,General Grocery,21,12,13020.0,1260.0,620.0,2.8543005602047655,Slow
1233,N/S Aloe 94% Gel 50ml,General Grocery,19,11,6460.0,969.0,340.0,2.7658607428592954,Slow
1234,N/S Godapara Shampoo 40ml,Personal Care,32,24,2240.0,336.0,70.0,3.3715732799972544,Medium
1235,Dandex Cooling+ 40ml,General Grocery,32,17,2080.0,640.0,65.0,3.2237464498598385,Medium
1236,Dandex Nourished Shine 40ml,General Grocery,31,13,2015.0,620.0,65.0,3.093730544866716,Medium
1237,Dandex Anti Hair Fall 40ml,Personal Care,41,26,2050.0,205.0,50.0,3.538844879757801,Medium
1238,Rexona Men V8,General Grocery,31,16,13950.0,2266.7200000000003,450.0,3.1811007513651473,Medium
1239,Rexona Men Quantum Dry 25ml,General Grocery,28,14,7000.0,700.0,250.0,3.0706352969885558,Medium
1240,Rexona Aloevera 25ml,General Grocery,32,21,8000.0,800.0,250.0,3.3140482628178063,Medium
1241,Rexona Powder Dry 25ml,General Grocery,30,15,7500.0,750.0,250.0,3.136357887474732,Medium
1242,Dreamron Deo Roll On (Fresco),General Grocery,27,14,5373.0,648.0,199.0,3.051335071092357,Medium
1243,Dreamron Deo Roll On (Charm),General Grocery,43,22,8557.0,1032.0,199.0,3.4922766958231612,Medium
1244,Dreamron Deo Roll On (Aqua),General Grocery,34,18,6766.0,816.0,199.0,3.280438974444076,Medium
1245,Rexona Men Ice Cool 25ml,General Grocery,17,11,4250.0,425.0,250.0,2.707912459247491,Slow
1246,Velvet 100g (Sandalwood),General Grocery,38,21,2470.0,228.0,65.0,3.4059280093825475,Medium
1247,Velvet 100g (Jasmine),General Grocery,21,12,1512.0,131.04,72.0,2.8543005602047655,Slow
1248,Velvet 100g (Honey & Yoghurt),Dairy & Chilled,58,31,4176.0,361.92,72.0,3.802226750408023,Medium
1249,Velvet 100g (Kohomba & Aloe),General Grocery,17,12,1105.0,102.0,65.0,2.743931677700582,Slow
1250,Velvet 100g (Milk & Almond),Dairy & Chilled,106,58,6890.0,636.0,65.0,4.404947708711623,Fast
1251,Velvet 100g (Lavender),General Grocery,24,15,1728.0,149.76,72.0,3.018046628685412,Slow
1252,Chandanalepa Beauty Bar 100g,General Grocery,37,16,12210.0,1110.0,330.0,3.2756183926748097,Medium
1253,Chandanalepa Herbal Cream 12g,Personal Care,541,309,135250.0,27050.0,250.0,6.043853834657442,Fast
1254,Chandanalepa Herbal Cream 20g,Personal Care,37,24,8510.0,1295.0,230.0,3.449166509040203,Medium
1255,ReeBonn Papaya Bodywash 100g,General Grocery,30,10,4500.0,540.0,150.0,2.967745835226097,Slow
1256,Champion (Red Energy) 90g,General Grocery,27,19,1620.0,219.23999999999998,60.0,3.1807920036956583,Medium
1257,ayush Aloevera 100g,General Grocery,23,12,1725.0,161.0,75.0,2.902156817549062,Slow
1258,ayush Saffron 100g,General Grocery,16,9,1200.0,112.0,75.0,2.5944306310782395,Slow
1259,LUX Aloevera & Camellia 100g,General Grocery,6,5,420.0,48.0,70.0,1.8765423431330472,Slow
1260,LUX Sweet Temptation 100g,Snacks & Confectionery,81,31,5265.0,567.0,65.0,3.9832767422552164,Medium
1261,LUX Rose & Vitamin E 100g,Health & Medicine,12,4,960.0,96.0,80.0,2.1349692071991906,Slow
1262,LUX Soft Touch 100g,General Grocery,34,15,2210.0,238.0,65.0,3.203106358827079,Medium
1263,LUX Nature Pure 100g,General Grocery,11,5,715.0,77.0,65.0,2.172990418536025,Slow
1264,LUX Sandal & Cream 100g,Personal Care,50,28,3400.0,309.5,68.0,3.677787221492293,Medium
1265,Misumi Soap 90g,Personal Care,576,327,37440.0,2401.92,65.0,6.1036693703523195,Fast
1266,Lifebuoy Mild Care 100g,General Grocery,20,10,1060.0,100.0,53.0,2.75354021350715,Slow
1267,Lifebuoy Herbal 100g,General Grocery,14,7,742.0,70.0,53.0,2.4251763043621417,Slow
1268,Lifebuoy Lemon Fresh 100g,General Grocery,19,10,1330.0,110.39,70.0,2.726705623213962,Slow
1270,Lifebuoy Turmeric 100g,Cooking Essentials,1685,380,106155.0,8812.55,63.0,6.760822495016006,Fast
1271,Lifebuoy Total 10 100g,General Grocery,19,10,1007.0,95.0,53.0,2.726705623213962,Slow
1272,Lifebuoy Total 10 50g,General Grocery,34,15,1088.0,136.0,32.0,3.203106358827079,Medium
1273,Kingdo 110g,General Grocery,31,15,1550.0,155.0,50.0,3.153819671547751,Medium
1274,Sunlight  (Lemon)115g,Cleaning & Household,43,23,2580.0,205.97,60.0,3.5114285223116193,Medium
1275,Sunlight ( Lime & Orange) 115g,Cleaning & Household,1258,709,62900.0,5032.0,50.0,6.880309405240304,Fast
1276,Sunlight  (Care) 115g,Cleaning & Household,508,292,25400.0,2032.0,50.0,5.983924083160469,Fast
1277,Sunlight  (Care Pearls) 115g,Cleaning & Household,57,30,2850.0,228.0,50.0,3.7785378978188464,Medium
1278,Sunlight  (Nil Manel) 115g,Cleaning & Household,236,131,14160.0,1130.44,60.0,5.2046939427881895,Fast
1279,Sunlight  (Promo),Cleaning & Household,77,43,15708.0,3379.5299999999997,204.0,4.099075189942493,Medium
1280,Lifebuoy (Promo),General Grocery,32,15,6016.0,576.0,188.0,3.1707440838144656,Medium
1281,Lifebuoy Mild Care 200g,General Grocery,13,8,1248.0,78.0,96.0,2.4402325910896914,Slow
1282,Health Soap 75g,Personal Care,38,27,2280.0,304.0,60.0,3.514450934950147,Medium
1283,Shield 100g,General Grocery,20,10,1060.0,100.0,53.0,2.75354021350715,Slow
1284,Khomba,General Grocery,20,11,1600.0,145.39999999999998,80.0,2.792695333152483,Slow
1285,Rani Sandalwood,General Grocery,24,13,1920.0,174.48,80.0,2.957957502004377,Slow
1286,Namal Soap,Personal Care,81,43,4050.0,405.0,50.0,4.126580921258557,Medium
1287,Aththora Soap,Personal Care,72,41,3600.0,360.0,50.0,4.041704020859131,Medium
1288,Senola Soap,Personal Care,859,513,42950.0,4295.0,50.0,6.52531328354098,Fast
1289,Aroma Bathing Bar 24pcs,General Grocery,33,15,7920.0,495.0,240.0,3.1871632135467904,Medium
1290,Khomba 70g/5,General Grocery,20,10,4800.0,436.4,240.0,2.75354021350715,Slow
1291,Rani Sandalwood 70g/5,General Grocery,40,17,9400.0,800.0,235.0,3.3431319277406435,Medium
1292,Vim Limes 100g,Cleaning & Household,62,36,4340.0,620.0,70.0,3.903637160205244,Medium
1293,Vim Lemon &Mint 100g,Cleaning & Household,40,25,1000.0,160.0,25.0,3.508608078797036,Medium
1294,Vim Anti Bacterial 100g,Cleaning & Household,54,33,1350.0,216.0,25.0,3.790895487955132,Medium
1295,Vim Limes 200g,Cleaning & Household,54,29,7290.0,810.0,135.0,3.7345720736258294,Medium
1296,Vim Limes (Promo),Cleaning & Household,577,341,103860.0,5770.0,180.0,6.12343045944798,Fast
1297,Vim Limes 400g,Cleaning & Household,252,164,66780.0,2520.0,265.0,5.341039682055397,Fast
1298,Vim Powder 650g,Cleaning & Household,46,28,18400.0,4600.0,400.0,3.6328643044344457,Medium
1299,Vim Floor Cleaner 200ml,Cleaning & Household,47,24,4935.0,705.0,105.0,3.57765467719003,Medium
1300,Vim Dishwash 250ml,Cleaning & Household,57,33,8265.0,751.83,145.0,3.8201058918778035,Medium
1301,Vim Dishwash 500ml,Cleaning & Household,53,33,14310.0,3469.3799999999997,270.0,3.780803461687624,Medium
1302,Vim Dishwash (Extra+) 500ml,Cleaning & Household,33,19,7590.0,990.0,230.0,3.287577811638185,Medium
1304,Clorex  500ml,General Grocery,24,11,5280.0,840.0,220.0,2.8885896960821107,Slow
1305,Dash Car Wash  500ml,Cleaning & Household,70,36,33600.0,5040.0,480.0,3.9693869930626247,Medium
1306,Britol Tile Cleaner 500ml,Cleaning & Household,41,27,7585.0,820.0,185.0,3.5552103196346945,Medium
1307,BIO Clean (Floral) 200ml,General Grocery,24,15,2760.0,251.04000000000002,115.0,3.018046628685412,Slow
1308,BIO Clean (Aqua) 200ml,General Grocery,20,10,2300.0,209.20000000000002,115.0,2.75354021350715,Slow
1309,BIO Clean (Aqua) 500ml,General Grocery,17,7,3655.0,510.0,215.0,2.5254531605988166,Slow
1310,BIO Clean (Citrus) 500ml,General Grocery,18,13,4050.0,368.1,225.0,2.8070172368684085,Slow
1311,BIO Clean (Floral) 500ml,General Grocery,31,15,6975.0,633.9499999999999,225.0,3.153819671547751,Medium
1312,BIO Clean (Tile Cleaner) Floral,Cleaning & Household,50,28,11500.0,1500.0,230.0,3.677787221492293,Medium
1313,BIO Clean (Tile Cleaner) Cinnamon,Cleaning & Household,57,38,13110.0,1710.0,230.0,3.8818463965588714,Medium
1314,BIO Clean (Tile Cleaner) Kohomba,Cleaning & Household,562,323,129260.0,16860.0,230.0,6.084638377583378,Fast
1315,Lysol Pine 200ml,General Grocery,16,9,2000.0,240.0,125.0,2.5944306310782395,Slow
1316,Lysol Pine 500ml,General Grocery,25,12,12500.0,1250.0,500.0,2.9461803067695067,Slow
1317,Lysol Citronella 200ml,General Grocery,29,14,3625.0,435.0,125.0,3.08928115041018,Medium
1318,Lysol Citronella 500ml,General Grocery,30,16,7200.0,654.5999999999999,240.0,3.163638967292128,Medium
1319,Lysol Floral 200ml,General Grocery,12,8,1560.0,141.84,130.0,2.399473206405144,Slow
1320,Lysol Floral 500ml,General Grocery,22,9,5280.0,480.03999999999996,240.0,2.760685110608353,Slow
1321,Lysol Lavender 200ml,General Grocery,11,6,1375.0,165.0,125.0,2.2423582244582914,Slow
1322,Lysol Lavender 500ml,General Grocery,21,9,5040.0,458.21999999999997,240.0,2.7362366411943944,Slow
1323,Lysol Citrus 200ml,General Grocery,22,12,2750.0,330.0,125.0,2.8787490296187244,Slow
1324,Lysol Jasmine 500ml,General Grocery,26,14,5980.0,780.0,230.0,3.031332866798376,Slow
1325,Harpic Fresh 200ml,Cleaning & Household,44,26,4180.0,440.0,95.0,3.576790959075624,Medium
1326,Harpic Fresh 500ml,Cleaning & Household,52,34,11180.0,1300.0,215.0,3.7835671801239035,Medium
1327,Harpic Floral 200ml,Cleaning & Household,49,29,5390.0,490.0,110.0,3.6821514747334505,Medium
1328,Harpic Floral 500ml,Cleaning & Household,34,22,16320.0,1020.0,480.0,3.366413830987295,Medium
1329,Harpic Power Plus 200ml,Cleaning & Household,250,155,27500.0,2500.0,110.0,5.311434319784773,Fast
1330,Harpic Power Plus 500ml,Cleaning & Household,64,36,27520.0,320.0,430.0,3.9208260591325015,Medium
1331,Harpic Citrus 200ml,Cleaning & Household,52,28,4940.0,520.0,95.0,3.698943675947581,Medium
1332,Harpic Citrus 500ml,Cleaning & Household,52,36,11180.0,1300.0,215.0,3.8085736131435683,Medium
1333,Harpic Bathroom Cleaner 500ml,Cleaning & Household,56,35,12320.0,1400.0,220.0,3.8362617196142526,Medium
1334,Britol Grout Cleaner 500ml,Cleaning & Household,53,28,11130.0,1325.0,210.0,3.7092243491042645,Medium
1335,Teepol Dishwash Gel (Lime) 500ml,General Grocery,622,319,236360.0,18660.0,380.0,6.134745033440296,Fast
1336,Dettol  60ml,General Grocery,22,11,4620.0,220.0,210.0,2.8427298111656327,Slow
1337,Dettol 110ml,General Grocery,19,11,2850.0,285.0,150.0,2.7658607428592954,Slow
1338,Dettol 210ml,General Grocery,40,16,10800.0,1000.0,270.0,3.3174106415126667,Medium
1339,Dettol 500ml,General Grocery,28,14,32200.0,4200.0,1150.0,3.0706352969885558,Medium
1340,Dettol  1L,General Grocery,24,12,20400.0,1320.0,850.0,2.9246089145352023,Slow
1341,Jasmine Soap,Personal Care,92,45,5520.0,920.0,60.0,4.215818349654384,Fast
1342,Dettol (Orange Burst) 70g,General Grocery,17,11,1105.0,85.0,65.0,2.707912459247491,Slow
1343,Dettol (Lasting Fresh) 70g,General Grocery,19,11,1235.0,122.16999999999999,65.0,2.7658607428592954,Slow
1344,Dettol (Cool) 70g,General Grocery,34,17,4590.0,510.0,135.0,3.256108724872452,Medium
1345,Dettol (Skincare) 70g,General Grocery,24,12,1560.0,154.32,65.0,2.9246089145352023,Slow
1346,Dettol (Original) 70g,General Grocery,26,11,1690.0,130.0,65.0,2.9309182687069812,Slow
1347,Dettol (Original) 110g,General Grocery,36,19,2808.0,288.0,78.0,3.3340843750536195,Medium
1348,Air Wick Lavender 475ml,General Grocery,23,10,19090.0,690.0,830.0,2.826982479450637,Slow
1349,Air Wick Green Apple 475ml,General Grocery,25,16,9500.0,750.0,380.0,3.0668991007371127,Medium
1350,Air Wick Jasmine 475ml,General Grocery,44,24,36520.0,3520.0,830.0,3.5421584905643666,Medium
1351,Air Wick Rose 475ml,General Grocery,15,9,12450.0,900.0,830.0,2.5610870890792006,Slow
1352,Air Wick Lavender (4in1) 50g,General Grocery,18,11,4050.0,540.0,225.0,2.7376494309461425,Slow
1353,Air Wick Rose Dew (4in1) 50g,General Grocery,14,10,3150.0,286.44,225.0,2.5684804833654824,Slow
1354,aer Pocket (power) 10g,General Grocery,20,9,3000.0,200.0,150.0,2.7106506325952036,Slow
1355,aer Pocket (pteal) 10g,General Grocery,16,7,2400.0,160.0,150.0,2.494016032986845,Slow
1356,aer Pocket (morning) 10g,General Grocery,35,16,5250.0,350.0,150.0,3.2458814209761577,Medium
1357,aer Pocket (violet) 10g,General Grocery,34,15,5100.0,340.0,150.0,3.203106358827079,Medium
1358,aer Pocket (bright) 10g,General Grocery,35,17,5250.0,350.0,150.0,3.271602707204135,Medium
1359,aer Pocket (fresh) 10g,General Grocery,18,11,2700.0,180.0,150.0,2.7376494309461425,Slow
1360,aer Pocket (berry) 10g,General Grocery,26,13,3900.0,260.0,150.0,3.0002860746292477,Slow
1361,aer Pocket (floral) 10g,General Grocery,33,19,4950.0,330.0,150.0,3.287577811638185,Medium
1362,Colin Glass Cleaner 250ml,Cleaning & Household,56,32,9968.0,840.0,178.0,3.7971065999689193,Medium
1363,Mortein Fast Kill 250ml,General Grocery,20,11,8000.0,1332.2,400.0,2.792695333152483,Slow
1364,Mortein Fast Kill 600ml,General Grocery,28,15,18620.0,1120.0,665.0,3.0996776315004624,Medium
1365,Mortein Flying Insect Killer 250ml,General Grocery,31,15,11935.0,713.0,385.0,3.153819671547751,Medium
1366,Ninja Protector 300ml,General Grocery,24,12,9480.0,648.0,395.0,2.9246089145352023,Slow
1367,Mortein Mosquito Control Liquid 25ml,General Grocery,15,9,6825.0,825.0,455.0,2.5610870890792006,Slow
1368,Mortein Mosquito Control Liquid 35ml,General Grocery,20,12,9800.0,1000.0,490.0,2.8287145516055743,Slow
1369,Mortein Mosquito Control Liquid 45ml,General Grocery,25,13,6750.0,625.0,270.0,2.9795288942386815,Slow
1371,Mortein Mosquito Control Liquid+Machine,General Grocery,28,13,23240.0,2240.0,830.0,3.0395885048194273,Slow
1372,Mortein Rat Kill 25g,General Grocery,28,13,3640.0,840.0,130.0,3.0395885048194273,Slow
1373,Ninja Mosquito Control Liquid 30Nights 35ml,General Grocery,27,13,11475.0,1350.0,425.0,3.0202882789232284,Slow
1374,Ninja Mosquito Control Liquid+Machine,General Grocery,24,14,18000.0,1200.0,750.0,2.989004294173505,Slow
1375,Ninja Power 10,General Grocery,24,13,4320.0,240.0,180.0,2.957957502004377,Slow
1376,HitLine Chalk,General Grocery,24,11,1920.0,192.0,80.0,2.8885896960821107,Slow
1377,Good knight Advanced,General Grocery,23,10,19090.0,1840.0,830.0,2.826982479450637,Slow
1378,Siddhalepa Balm 5g,Health & Medicine,15,10,900.0,90.0,60.0,2.6039766699911464,Slow
1379,Siddhalepa Balm 10g,Health & Medicine,20,11,2100.0,210.0,105.0,2.792695333152483,Slow
1380,Siddhalepa Balm 15g,Health & Medicine,20,12,3100.0,310.0,155.0,2.8287145516055743,Slow
1381,Siddhalepa Balm 25g,Health & Medicine,25,14,5625.0,562.5,225.0,3.01057568640781,Slow
1382,Siddhalepa Balm 50g,Health & Medicine,34,17,11900.0,1190.0,350.0,3.256108724872452,Medium
1383,Siddhalepa Inhaler,Health & Medicine,20,14,1500.0,160.0,75.0,2.8931099312438775,Slow
1384,Siddhalepa Lakpeyawa,Health & Medicine,26,15,4680.0,780.0,180.0,3.0603752013102827,Medium
1385,Siddhalepa Cough Syrup 200ml,Health & Medicine,32,14,8960.0,960.0,280.0,3.141701749302559,Medium
1386,Siddhalepa Neelyadi Oil 100ml,Health & Medicine,88,15,24640.0,2640.0,280.0,3.716414928360578,Medium
1387,Siddhalepa Peenas Thailaya 100ml,Health & Medicine,20,13,6000.0,800.0,300.0,2.862063139074749,Slow
1388,Iodex Balm 2.5g,Health & Medicine,19,15,665.0,76.0,35.0,2.8953176754625964,Slow
1389,Iodex Balm 5g,Health & Medicine,13,10,845.0,65.0,65.0,2.530534404047659,Slow
1390,Iodex Balm 9g,Health & Medicine,22,12,4180.0,880.0,190.0,2.8787490296187244,Slow
1391,Iodex Headfast 4g,General Grocery,16,10,1200.0,160.0,75.0,2.6373202119901857,Slow
1392,Vicks VapoRub 10ml,General Grocery,38,19,3800.0,380.0,100.0,3.3630384284706016,Medium
1393,Vicks Inhaler  0.5ml,Health & Medicine,17,12,1615.0,119.0,95.0,2.743931677700582,Slow
1394,S P Balm 3g,Health & Medicine,23,14,690.0,115.0,30.0,2.966552197187365,Slow
1395,S P Balm 7g,Health & Medicine,20,11,1500.0,200.0,75.0,2.792695333152483,Slow
1396,Link Samahan 10pkt,Health & Medicine,21,14,6300.0,1575.0,300.0,2.9186959398430687,Slow
1397,Link Paspanguwa 23g,General Grocery,23,15,2300.0,345.0,100.0,2.995594531699272,Slow
1398,Siddhalepa Asamodagam 385ml,Health & Medicine,26,13,2860.0,390.0,110.0,3.0002860746292477,Slow
1399,Kellogg's Oats 200g,Staples & Dry Groceries,179,44,35800.0,4296.0,200.0,4.56912438838626,Fast
1400,Kellogg's Oats 450g,Staples & Dry Groceries,128,36,54400.0,6528.0,425.0,4.297809883088821,Fast
1403,Kellogg's Chocos 26g,General Grocery,26,10,1040.0,104.0,40.0,2.891763149061648,Slow
1404,Kellogg's Chocos 110g,General Grocery,24,14,6240.0,720.0,260.0,2.989004294173505,Slow
1405,Prima White Bread 500g,General Grocery,15,8,7425.0,742.5,495.0,2.5136748570331786,Slow
1406,Prima Crust Top Bread 400g,General Grocery,28,16,5600.0,1190.0,200.0,3.126958711317858,Medium
1407,Prima Family Bread 300g,General Grocery,21,12,3990.0,315.0,190.0,2.8543005602047655,Slow
1408,Prima Wholemeal Bread 350g,General Grocery,28,14,10360.0,784.0,370.0,3.0706352969885558,Medium
1409,Prima Burger Bun 130g,"Meat, Fish & Frozen",22,14,4400.0,264.0,200.0,2.943144409257027,Slow
1410,Prima Tea Bun 75g,Beverages,1429,527,85740.0,11217.65,60.0,6.817079675457492,Fast
1411,Prima Cream Bun 70g,Personal Care,59,30,3540.0,463.15,60.0,3.797183751240471,Medium
1412,Prima Cream Bun Chocolate (3in1),Personal Care,65,36,9100.0,520.0,140.0,3.929223168804435,Medium
1413,Prima Cream Bun Vanilla (3in1),Personal Care,60,36,8400.0,300.0,140.0,3.8858936859852222,Medium
1414,Tipi Tip Onion 13g,General Grocery,35,17,1400.0,175.0,40.0,3.271602707204135,Medium
1415,Tipi Tip Onion 50g,General Grocery,14,8,1400.0,168.0,100.0,2.4781786704075146,Slow
1416,Highland  Vanilla Milk 180ml,Dairy & Chilled,1370,716,137000.0,27400.0,100.0,6.931596752029103,Fast
1417,Highland Fresh Milk 450ml,Dairy & Chilled,132,69,26400.0,2640.0,200.0,4.601514879444176,Fast
1418,Highland Fresh Milk 900ml,Dairy & Chilled,702,361,266760.0,28080.0,380.0,6.256686185817463,Fast
1419,Highland Butter (Salted) 200g,Dairy & Chilled,767,398,843700.0,99710.0,1100.0,6.349116990831659,Fast
1420,Highland Butter (Unsalted) 200g,Dairy & Chilled,76,38,91200.0,1520.0,1200.0,4.037695722777867,Medium
1421,Highland Set Yoghurt  90g,Dairy & Chilled,57,32,3990.0,940.5,70.0,3.806672058460447,Medium
1422,Highland Milk Powder 400g,Dairy & Chilled,813,431,382110.0,86056.05,470.0,6.416869716011247,Fast
1423,Highland Milk Powder (Low Fat) 400g,Dairy & Chilled,98,51,37240.0,0.0,380.0,4.305375590935667,Fast
1424,Ambewela Fresh Milk 200ml,Dairy & Chilled,100,57,13000.0,2000.0,130.0,4.365515639008581,Fast
1425,Ambewela Fresh Milk 1L,Dairy & Chilled,73,45,37960.0,5110.0,520.0,4.090124429682386,Medium
1426,Ambewela Fresh Milk (vanilla) 1L,Dairy & Chilled,448,240,246400.0,22400.0,550.0,5.827021208329034,Fast
1428,Ambewela Fresh Milk (non-fat) 1L,Dairy & Chilled,90,47,46800.0,4050.0,520.0,4.223013183492818,Fast
1429,Daily Chocolate milk 180ml,Dairy & Chilled,114,54,14820.0,2280.0,130.0,4.4130126039543995,Fast
1430,Daily Vanilla milk 180ml,Dairy & Chilled,369,186,47970.0,7380.0,130.0,5.606425530685613,Fast
1431,Daily Iced Coffee 180ml,Beverages,119,43,7735.0,773.5,65.0,4.336005793793342,Fast
1432,Daily Faluda milk 180ml,Dairy & Chilled,87,50,11310.0,1740.0,130.0,4.23185678268896,Fast
1434,My Juicee 180ml (Apple),General Grocery,49,22,5880.0,980.0,120.0,3.562585050153598,Medium
1435,Kotmale Fresh Milk 1L,Dairy & Chilled,107,60,28890.0,3210.0,270.0,4.425065413796311,Fast
1436,Kotmale Vanilla milk 170ml,Dairy & Chilled,697,333,69700.0,13940.0,100.0,6.2165339533588195,Fast
1437,Kotmale Chocolate milk 170ml,Dairy & Chilled,109,55,5450.0,654.0,50.0,4.396672462016647,Fast
1438,Kotmale Cheese wedges 60g,Dairy & Chilled,85,39,13600.0,1275.0,160.0,4.109886767290701,Medium
1439,Kotmale Cheese wedges 120g,Dairy & Chilled,69,35,38640.0,690.0,560.0,3.9492559054323975,Medium
1440,Happy Cow Cheese 120g,Dairy & Chilled,71,38,59640.0,2840.0,840.0,4.000769106217172,Medium
1441,Happy Cow Alpine 150g,General Grocery,20,12,28800.0,2800.0,1440.0,2.8287145516055743,Slow
1442,Rich Life Cheese Wedges 120g,Dairy & Chilled,79,42,44240.0,1580.0,560.0,4.102654701132738,Medium
1443,Rich Life Set Yoghurt 500g,Dairy & Chilled,77,40,29260.0,2310.0,380.0,4.067297284696214,Medium
1444,Rich Life Set Yoghurt 950g,Dairy & Chilled,60,32,39000.0,3000.0,650.0,3.834409027955237,Medium
1445,Rich Life Set Kiri 500g,General Grocery,39,16,15600.0,1950.0,400.0,3.3038297045879625,Medium
1446,Rich Life Set Kiri 900g,General Grocery,22,10,15400.0,2200.0,700.0,2.803574691520299,Slow
1447,R.L Drinking Yoghurt (vanilla),Dairy & Chilled,102,55,15300.0,3060.0,150.0,4.360509204357117,Fast
1448,A. Drinking Yoghurt (vanilla),Dairy & Chilled,87,47,13920.0,1740.0,160.0,4.204575702871565,Fast
1449,Milo Drink 180ml,Beverages,1835,705,238550.0,27525.0,130.0,7.085266371021199,Fast
1450,Nescafe Ice Coffee 180ml,Beverages,136,49,20400.0,2720.0,150.0,4.466399861648135,Fast
1451,Sustagen 400g,General Grocery,24,14,93600.0,9085.2,3900.0,2.989004294173505,Slow
1452,Anlene (Low fat milk powder) 400g,Dairy & Chilled,97,49,57715.0,4040.0499999999997,595.0,4.28214246571148,Fast
1453,Bonlac (Non-fat) 400g,General Grocery,34,17,19210.0,5100.0,565.0,3.256108724872452,Medium
1454,Anchor Milk Powder 400g,Dairy & Chilled,99,49,113850.0,4950.0,1150.0,4.293253954736117,Fast
1455,Anchor Milk Powder 1kg,Dairy & Chilled,94,50,112330.0,4606.0,1195.0,4.273953825106244,Fast
1456,Ratthi Milk Powder 75g,Dairy & Chilled,78,38,5850.0,297.96,75.0,4.0517990596152025,Medium
1457,Ratthi Milk Powder 160g,Dairy & Chilled,361,193,54150.0,3610.0,150.0,5.610940488082672,Fast
1459,Ratthi Milk Powder 400g,Dairy & Chilled,130,61,149500.0,19500.0,1150.0,4.5385690010309245,Fast
1460,Ratthi Milk Powder 1kg,Dairy & Chilled,129,66,385710.0,24510.0,2990.0,4.569255626476505,Fast
1461,Maliban Milk  Powder 150g,Dairy & Chilled,103,58,14420.0,1030.0,140.0,4.389306844285329,Fast
1462,Maliban Milk  Powder 400g,Dairy & Chilled,118,63,56640.0,1770.0,480.0,4.500015308723194,Fast
1463,Maliban Milk  Powder 1kg,Dairy & Chilled,99,56,93555.0,4752.0,945.0,4.352216672818999,Fast
1464,Lakspray Milk Powder 400g,Dairy & Chilled,83,49,31540.0,1577.0,380.0,4.197359591806488,Fast
1465,Pelwatte Milk Powder 400g,Dairy & Chilled,118,59,44840.0,944.0,380.0,4.4709729742112865,Fast
1467,Nestomalt  600g,General Grocery,29,13,15225.0,820.99,525.0,3.058234358241052,Medium
1469,Nestomalt 175g,General Grocery,21,13,3465.0,315.0,165.0,2.8876491476739403,Slow
1470,Milo milk powder 400g,Dairy & Chilled,103,55,42745.0,4120.0,415.0,4.365823255358572,Fast
1472,Nescafe 3in1 18g,General Grocery,11,7,385.0,93.5,35.0,2.3024473511393264,Slow
1473,Nescafe Classic 50g,General Grocery,25,15,21000.0,1000.0,840.0,3.0396180209197166,Slow
1474,Nescafe Classic 100g,General Grocery,12,6,24000.0,2082.24,2000.0,2.286381713678736,Slow
1475,Nescafe Classic 200g,General Grocery,14,7,24430.0,2730.0,1745.0,2.4251763043621417,Slow
1476,Nescafe Classic 1.2g,General Grocery,25,13,625.0,125.0,25.0,2.9795288942386815,Slow
1477,Milkmaid 510g,General Grocery,588,303,241080.0,23520.0,410.0,6.0807968666411725,Fast
1478,White Sugar 1kg (Pkt),Staples & Dry Groceries,6571,1448,1642750.0,131420.0,250.0,8.110198437580745,Fast
1479,White Sugar 1kg,Staples & Dry Groceries,7256,1588,1668880.0,145120.0,230.0,8.206234064544498,Fast
1480,Milo milk powder 15g,Dairy & Chilled,86,41,1720.0,156.52,20.0,4.138200793487537,Medium
1481,Milo milk powder 200g,Dairy & Chilled,108,60,24300.0,2394.36,225.0,4.430134574104019,Fast
1482,Nestomolt 28g,General Grocery,21,10,525.0,29.82,25.0,2.7791262221063406,Slow
1483,NAN 1(350g),General Grocery,30,14,36000.0,2400.0,1200.0,3.107315552962825,Medium
1484,NAN 2 (350g),General Grocery,22,11,26400.0,1760.0,1200.0,2.8427298111656327,Slow
1485,Nangrow 3 (300g),General Grocery,17,9,17850.0,1768.85,1050.0,2.6258677586902115,Slow
1486,Nangrow 4 (300g),General Grocery,23,11,21850.0,1150.0,950.0,2.8661375990959703,Slow
1487,Lactogen 1,General Grocery,26,13,15340.0,780.0,590.0,3.0002860746292477,Slow
1488,Lactogen 2,General Grocery,33,14,19140.0,495.0,580.0,3.1581208790348834,Medium
1489,Lactogrow 3,General Grocery,31,13,21390.0,1085.0,690.0,3.093730544866716,Medium
1490,Lactogrow 4,General Grocery,18,11,12240.0,594.0,680.0,2.7376494309461425,Slow
1491,Cerelac Red Rice 250g,Staples & Dry Groceries,416,86,178880.0,20800.0,430.0,5.327856075383904,Fast
1492,Cerelac Mixed Fruits 250g,General Grocery,38,18,16340.0,1212.2,430.0,3.3399564459962034,Medium
1493,Cerelac Mixed Cereals,General Grocery,20,11,8400.0,438.0,420.0,2.792695333152483,Slow
1494,"Ceregrow Wheat,Honey&dates",General Grocery,31,15,14880.0,1069.5,480.0,3.153819671547751,Medium
1495,Ceregrow 4Grains 5Fruits,General Grocery,20,12,9000.0,500.0,450.0,2.8287145516055743,Slow
1496,Tiara Layer Cake (Chocolate)310g,Snacks & Confectionery,2167,769,563420.0,84513.0,260.0,7.215733931089224,Fast
1497,Tiara Layer Cake (Vanilla)310g,Snacks & Confectionery,155,46,40300.0,6045.0,260.0,4.509987224756772,Fast
1498,Tiara Layer Cake (Chocolate)480g,Snacks & Confectionery,93,34,40920.0,9300.0,440.0,4.098718757918738,Medium
1499,Tiara Layer Cake (Vanilla)480g,Snacks & Confectionery,593,192,237200.0,35580.0,400.0,5.880994210656654,Fast
1500,Tiara Swiss Roll (Vanilla)200g,General Grocery,39,22,7800.0,1170.0,200.0,3.4398560969307823,Medium
1501,Tiara Swiss Roll (Chocolate)200g,Snacks & Confectionery,111,39,22200.0,3330.0,200.0,4.255170133563573,Fast
1502,Little Lion Madeira Cake 325g,Snacks & Confectionery,115,34,66700.0,2300.0,580.0,4.214381232778736,Fast
1503,Little Lion Sponge Roll 200g,Cleaning & Household,55,29,28600.0,3850.0,520.0,3.7444822516523026,Medium
1504,E /H Wonder Cone (Chocolate),Snacks & Confectionery,76,28,7600.0,1596.0,100.0,3.90437610551344,Medium
1505,E/H Wonder Cone (Vanilla),General Grocery,21,13,2100.0,441.0,100.0,2.8876491476739403,Slow
1506,E/H Wonder Bar (Chocolate),Snacks & Confectionery,167,52,8350.0,1127.25,50.0,4.604811549770248,Fast
1507,E/H Wonder Bar (Vanilla),General Grocery,26,16,1300.0,175.5,50.0,3.0876562811276784,Medium
1508,E/H Wonder Bite (Vanilla),General Grocery,38,16,4560.0,380.0,120.0,3.289904910196603,Medium
1509,E/H Wonder Choc Shock,General Grocery,13,6,780.0,104.0,60.0,2.3271410983632834,Slow
1510,E/H Wonder Berry,General Grocery,30,17,1800.0,240.0,60.0,3.1893602535201047,Medium
1511,E/H Choco Knight,General Grocery,24,12,1440.0,192.0,60.0,2.9246089145352023,Slow
1512,E/H Bubble Gummy,General Grocery,20,11,1200.0,160.0,60.0,2.792695333152483,Slow
1513,E/H Cotton Candy,Snacks & Confectionery,104,38,6240.0,832.0,60.0,4.208280933344978,Fast
1514,E/H 2 Bar,General Grocery,30,15,900.0,120.0,30.0,3.136357887474732,Medium
1515,E/H Necto,General Grocery,21,11,420.0,63.0,20.0,2.818281341751674,Slow
1516,E/H Ice Cream (Chocolate) 80ml,Personal Care,503,303,20120.0,3143.75,40.0,5.9950794130720535,Fast
1517,E/H Ice Cream (Vanilla) 80ml,Personal Care,327,191,11445.0,1798.5,35.0,5.552030402023782,Fast
1518,E/H Ice Cream (Strawberry)80ml,Personal Care,55,33,2200.0,343.75,40.0,3.8008056659816054,Medium
1519,E/H Ice Cream (Pani-cadju)80ml,Personal Care,55,29,3300.0,508.75,60.0,3.7444822516523026,Medium
1520,"E/H Ice Cream (Fruit'n,Nut)80ml",Personal Care,34,20,1700.0,263.5,50.0,3.325476530794718,Medium
1521,E/H Ice Cream (Choco Nut Vanilla)80ml,Personal Care,64,36,3200.0,496.0,50.0,3.9208260591325015,Medium
1522,ICE-MAN Tube Ice 1kg,General Grocery,42,19,12600.0,6720.0,300.0,3.4167395867307553,Medium
1523,E/H Ice Cream (Vanilla)500ml,Personal Care,37,19,5920.0,1110.0,160.0,3.348751910948808,Medium
1524,E/H Ice Cream (Vanilla) 1L,Personal Care,64,33,35200.0,3200.0,550.0,3.8827752345198734,Medium
1525,E/H Ice Cream (Vanilla) 2L,Personal Care,72,38,77760.0,9360.0,1080.0,4.008355433389956,Medium
1526,E/H Ice Cream (Vanilla) 4L,Personal Care,62,39,115940.0,7440.0,1870.0,3.9387198538666146,Medium
1527,E/H Ice Cream (Chocolate) 500ml,Personal Care,358,210,60860.0,8144.5,170.0,5.6441634737327835,Fast
1528,E/H Ice Cream (Chocolate) 1L,Personal Care,49,33,29400.0,3920.0,600.0,3.7384748890627533,Medium
1529,E/H Ice Cream (Chocolate) 2L,Personal Care,61,36,71980.0,10980.0,1180.0,3.8948369724647014,Medium
1530,E/H Ice Cream (Chocolate) 4L,Personal Care,67,48,147400.0,13400.0,2200.0,4.072048371996641,Medium
1531,E/H Ice Cream (Fruit & Nut)500ml,Personal Care,44,24,11000.0,1320.0,250.0,3.5421584905643666,Medium
1532,E/H Ice Cream (Fruit & Nut) 1L,Personal Care,41,26,17220.0,2306.25,420.0,3.538844879757801,Medium
1533,E/H Ice Cream (Fruit & Nut) 2L,Personal Care,28,19,20720.0,3332.0,740.0,3.200092229591857,Medium
1534,E/H Ice Cream (Fruit & Nut) 4L,Personal Care,49,31,61250.0,9800.0,1250.0,3.7111938092453576,Medium
1535,E/H Ice Cream (DoubleDelight) 1L,Personal Care,50,28,18750.0,3587.5,375.0,3.677787221492293,Medium
1536,E/H Ice Cream (Twist) 1L,Personal Care,52,33,33800.0,2600.0,650.0,3.7705227885309403,Medium
1537,E/H Ice Cream (Hakuru Mix) 1L,Personal Care,52,31,20800.0,2782.0,400.0,3.743241708713544,Medium
1538,Flora Fat Spread 100g,General Grocery,18,10,5580.0,180.0,310.0,2.6984943113008093,Slow
1539,Flora Fat Spread 250g,General Grocery,28,11,20720.0,560.0,740.0,2.970220698897161,Slow
1540,Meadowlea Fat-Spread 40g,General Grocery,22,10,990.0,88.0,45.0,2.803574691520299,Slow
1541,Meadowlea Fat-Spread 100g,General Grocery,21,12,4620.0,840.0,220.0,2.8543005602047655,Slow
1542,Meadowlea Fat-Spread 250g,General Grocery,19,12,5700.0,570.0,300.0,2.8018799613123866,Slow
1543,Astra Fat-Spread 40g,General Grocery,16,9,1600.0,320.0,100.0,2.5944306310782395,Slow
1544,Astra Fat-Spread 100g,General Grocery,40,17,9200.0,1200.0,230.0,3.3431319277406435,Medium
1545,Astra Fat-Spread 250g,General Grocery,12,7,6960.0,600.0,580.0,2.346470840359771,Slow
1546,Astra Fat-Spread 500g,General Grocery,17,11,18360.0,1700.0,1080.0,2.707912459247491,Slow
1547,Samaposha 200g,General Grocery,26,16,4810.0,520.0,185.0,3.0876562811276784,Medium
1548,Samaposha Red-Rice 200g,Staples & Dry Groceries,324,72,25920.0,2916.0,80.0,5.111810598798131,Fast
1549,Sriposha 200g,General Grocery,22,10,1980.0,286.0,90.0,2.803574691520299,Slow
1550,Yaha Posha 200g,General Grocery,32,17,5920.0,480.0,185.0,3.2237464498598385,Medium
1551,Maliban Tea 50g,Beverages,110,43,7150.0,880.0,65.0,4.293126945985001,Fast
1552,Maliban Tea 100g,Beverages,146,53,18980.0,2190.0,130.0,4.539780743682229,Fast
1553,Maliban Tea (Kahata-Poronduwa)50g,Beverages,180,63,8100.0,900.0,45.0,4.730670754708057,Fast
1554,P.Baby Cologne (Pure-Gentle) 50ml,Baby & Kids,38,19,6650.0,1008.1400000000001,175.0,3.3630384284706016,Medium
1556,Vaseline Intensive Care 100ml,General Grocery,20,11,7100.0,900.0,355.0,2.792695333152483,Slow
1557,Vaseline Aloe Fresh 200ml,General Grocery,19,9,6840.0,866.21,360.0,2.683816042302016,Slow
1558,Dreamron Conditioner 200ml,Personal Care,56,29,30800.0,3696.0,550.0,3.754217019056973,Medium
1559,Dreamron Shampoo 200ml,Personal Care,62,33,32860.0,3943.2000000000003,530.0,3.865586335592616,Medium
1560,Sunsilk Shampoo (Egg) 180ml,Personal Care,53,27,14045.0,1449.02,265.0,3.6934332551891926,Medium
1561,Good Knight (Advanced)45ml,General Grocery,25,16,10000.0,500.0,400.0,3.0668991007371127,Medium
1562,Sun Silk Shampoo (King-coconut)80ML,Personal Care,1355,307,216800.0,65040.0,160.0,6.545306860013296,Fast
1563,Watawala Tea 50g,Beverages,124,48,18600.0,1612.0,150.0,4.406891689666049,Fast
1564,Watawala Tea 100g,Beverages,2458,903,725110.0,65923.56,295.0,7.357203735395386,Fast
1565,Watawala Tea 200g,Beverages,125,44,72500.0,6591.25,580.0,4.372953169219957,Fast
1566,Watawala Tea 400g,Beverages,846,327,964440.0,87679.44,1140.0,6.314791505831495,Fast
1567,Watawala Ayurvedic Tea 160g,Beverages,1481,554,533160.0,53316.0,360.0,6.859166944406714,Fast
1568,Zesta Tea (BOPF)  50g,Beverages,160,46,28800.0,3200.0,180.0,4.527338821510981,Fast
1569,Zesta Tea (BOPF) 100g,Beverages,984,359,354240.0,39360.0,360.0,6.43969971679722,Fast
1570,Zesta Tea (BOPF) 195g,Beverages,588,202,382200.0,29400.0,650.0,5.899077091577177,Fast
1571,Zesta Tea Bags25(BOPF),Beverages,153,55,57375.0,11475.0,375.0,4.581732192158314,Fast
1572,Zesta Tea Bags50(BOPF),Beverages,124,49,83700.0,9300.0,675.0,4.415982907958932,Fast
1573,Zesta Tea Bags 100(BOPF),Beverages,82,32,36900.0,3354.62,450.0,4.003790736948045,Medium
1574,Dilmah Leaf-Tea (BOPF) 100g,Beverages,780,287,117000.0,19500.0,150.0,6.211648548473004,Fast
1575,Dilmah Strong Tea 100g,Beverages,1080,381,151200.0,21600.0,140.0,6.517542273574524,Fast
1576,Dilmah Tea-Bags 25,Beverages,103,42,13905.0,2575.0,135.0,4.246955046589858,Fast
1577,Laojee Tea 50g,Beverages,139,47,7645.0,1390.0,55.0,4.4599437873436685,Fast
1578,Laojee Tea 100g,Beverages,151,55,18120.0,3020.0,120.0,4.57454254729627,Fast
1579,Laojee Ginger Plus 90g,Cooking Essentials,121,30,18150.0,3025.0,150.0,4.1875058166216075,Fast
1580,Ran Kahata 50g,General Grocery,21,12,945.0,105.0,45.0,2.8543005602047655,Slow
1581,Ran Kahata 100g,General Grocery,17,8,1700.0,153.0,100.0,2.5784555266441895,Slow
1582,Lipton Ceylonta Tea 50g,Beverages,114,51,7752.0,705.6600000000001,68.0,4.38777234396143,Fast
1583,Lipton Ceylonta Tea 100g,Beverages,172,65,23220.0,2112.16,135.0,4.7196550108856705,Fast
1584,Lipton Ceylonta Tea 200g,Beverages,736,251,198720.0,18068.8,270.0,6.119666430084276,Fast
1585,Lipton Ceylonta Tea-Bags 50,Beverages,135,52,31050.0,4725.0,230.0,4.488591548253284,Fast
1586,Zesta Green Tea-Bags 25,Beverages,145,59,26100.0,2900.0,180.0,4.58343869493953,Fast
1587,Harischandra Coffee 20g,Beverages,160,54,14400.0,1600.0,90.0,4.598072334096067,Fast
1588,Harischandra Coffee 50g,Beverages,98,36,21560.0,1960.0,220.0,4.152228978263926,Fast
1589,Harischandra Coffee 100g,Beverages,135,51,59400.0,4050.0,440.0,4.480019860516472,Fast
1590,Lifebuoy Hand Sanitizer 50ml,General Grocery,16,7,2800.0,480.0,175.0,2.494016032986845,Slow
1591,Lifebuoy Hand Sanitizer 90ml,General Grocery,14,12,5250.0,669.62,375.0,2.6436548214639073,Slow
1592,My Doc Hand Sanitizer 50ml,General Grocery,19,8,4180.0,665.0,220.0,2.636403810255994,Slow
1593,My Doc Hand Sanitizer 150ml,General Grocery,26,14,7800.0,1040.0,300.0,3.031332866798376,Slow
1594,Medi Safe Hand Sanitizer 50ml,General Grocery,27,15,4860.0,540.0,180.0,3.0803774056042634,Medium
1595,Medi Safe Hand Sanitizer 100ml,General Grocery,17,10,4760.0,510.0,280.0,2.6687573396021573,Slow
1596,Dettol Hand Sanitizer 50ml,General Grocery,46,19,11040.0,920.0,240.0,3.465660704039828,Medium
1597,Dettol Hand Sanitizer 200ml,General Grocery,16,8,12480.0,960.0,780.0,2.547018399032218,Slow
1598,dash Hand Sanitizer 500ml,General Grocery,12,7,8280.0,600.0,690.0,2.346470840359771,Slow
1599,Godrej Hair Colour Powder 3g,Personal Care,59,33,4720.0,505.63,80.0,3.838751745299428,Medium
1600,Godrej Hair Colour Powder 10g,Personal Care,39,27,7800.0,780.0,200.0,3.528375729341507,Medium
1601,Godrej Hair Colour Shampoo 5ml,Personal Care,52,31,3640.0,390.0,70.0,3.743241708713544,Medium
1602,Godrej Hair Colour Shampoo 10ml,Personal Care,529,300,58190.0,7935.0,110.0,6.018281972737386,Fast
1603,Ravan Black Hair Colour Shampoo 10ml,Personal Care,45,23,4050.0,405.0,90.0,3.535876991725578,Medium
1604,Ravan Black Hair Colour Shampoo 25ml,Personal Care,54,38,6750.0,1080.0,125.0,3.8526359926362,Medium
1605,Abha Herbal Black Henna 10g,General Grocery,20,12,2000.0,200.0,100.0,2.8287145516055743,Slow
1606,Amin's Black Henna 10g,General Grocery,26,11,3250.0,260.0,125.0,2.9309182687069812,Slow
1607,Gillette Shaving Foam 98g,General Grocery,27,15,21330.0,2285.28,790.0,3.0803774056042634,Medium
1608,Gillette Blue2,General Grocery,27,13,1755.0,187.92,65.0,3.0202882789232284,Slow
1609,Gillette Blue2 Plus,General Grocery,22,13,1540.0,165.0,70.0,2.912097617087899,Slow
1610,Gillette Blue Simple3,General Grocery,26,15,2600.0,312.0,100.0,3.0603752013102827,Medium
1611,Gillette Blue3 Comfort,General Grocery,27,13,4050.0,648.0,150.0,3.0202882789232284,Slow
1612,Bic Sensitive 1,General Grocery,32,18,1440.0,128.0,45.0,3.2480766994314623,Medium
1613,Bic Easy 2,General Grocery,25,13,3750.0,500.0,150.0,2.9795288942386815,Slow
1614,Bic 3,General Grocery,26,14,2600.0,312.0,100.0,3.031332866798376,Slow
1615,Bic Flex 3,General Grocery,15,9,2250.0,210.0,150.0,2.5610870890792006,Slow
1616,Bic Twin Lady,General Grocery,19,10,1235.0,133.0,65.0,2.726705623213962,Slow
1617,Clear Men (Menthol) 180ml,General Grocery,28,12,9520.0,980.0,340.0,3.0062399173502525,Slow
1618,Lifebuoy Cool Fresh 100g,General Grocery,20,9,1180.0,98.0,59.0,2.7106506325952036,Slow
1619,Revello Fantasy Milk 50g,Dairy & Chilled,126,59,15120.0,1512.0,120.0,4.506757950552171,Fast
1620,Revello Fantasy Cashew 50g,General Grocery,40,19,14000.0,2000.0,350.0,3.390544159786665,Medium
1621,Revello Milk Chocolate 50g,Dairy & Chilled,124,62,43400.0,3720.0,350.0,4.519983182392456,Fast
1622,Revello Milk Chocolate 100g,Dairy & Chilled,147,70,101430.0,4410.0,690.0,4.666672695238855,Fast
1623,Choco-La Kiddies 12g,General Grocery,22,12,220.0,44.0,10.0,2.8787490296187244,Slow
1624,Choco-La Kiddies 20g,General Grocery,30,15,600.0,120.0,20.0,3.136357887474732,Medium
1625,Choco-La Kiddies 30g,General Grocery,34,18,1020.0,102.0,30.0,3.280438974444076,Medium
1626,Ritzbury Milk Chocolate 45g,Dairy & Chilled,883,449,114790.0,26490.0,130.0,6.480612796694668,Fast
1627,Ritzbury Bubbles 40g,General Grocery,21,10,1050.0,105.0,50.0,2.7791262221063406,Slow
1628,Ritzbury Bubbles 90g,General Grocery,29,12,2900.0,290.0,100.0,3.0248857707718773,Slow
1629,Ritzbury  Choco-la(Peanut) 50g,General Grocery,10,7,600.0,60.0,60.0,2.25459109379503,Slow
1630,Ritzbury Champ 26g,General Grocery,22,11,880.0,88.0,40.0,2.8427298111656327,Slow
1631,Ritzbury Rave 26g,General Grocery,28,13,1120.0,112.0,40.0,3.0395885048194273,Slow
1632,Ritzbury Tropica 26g,General Grocery,29,16,1160.0,116.0,40.0,3.1456045647394832,Medium
1633,Ritzbury  Choco-Mo 40g,General Grocery,30,12,1800.0,180.0,60.0,3.0429201733245224,Medium
1634,Ritzbury  Choco-Mo 100g,General Grocery,34,18,4420.0,442.0,130.0,3.280438974444076,Medium
1635,Ritzbury  Chunky-Choc (Classic)200g,General Grocery,1343,705,295460.0,29546.0,220.0,6.913699893467662,Fast
1636,Ritzbury  Chunky-Choc (Moments)360g,General Grocery,32,15,10560.0,1056.0,330.0,3.1707440838144656,Medium
1637,Ritzbury  Choco-Mo (Moments)220g,General Grocery,26,13,6240.0,624.0,240.0,3.0002860746292477,Slow
1638,4GB Choxy (Cereal-bar)20g,Staples & Dry Groceries,143,38,3575.0,1001.0,25.0,4.3820000555251415,Fast
1639,MD Baking powder 50g,General Grocery,382,182,28650.0,3056.0,75.0,5.615688012827995,Fast
1640,MD Faluda Mix 125g,Beverages,114,38,11970.0,1140.0,105.0,4.2583154113581285,Fast
1641,MD Faluda Mix 250g,Beverages,136,48,25840.0,2040.0,190.0,4.457308643355251,Fast
1642,Jelo Cocoa Powder 50g,General Grocery,25,14,3125.0,375.0,125.0,3.01057568640781,Slow
1643,Jelo Cocoa Powder 100g,General Grocery,39,19,9555.0,975.0,245.0,3.376963222861961,Medium
1644,Motha Baking Powder 50g,General Grocery,649,322,55165.0,5192.0,85.0,6.162278345039521,Fast
1645,Motha Baking Powder 100g,General Grocery,683,348,259540.0,20490.0,380.0,6.225159219683496,Fast
1646,Motha Cornflour 100g,General Grocery,92,18,7360.0,736.0,80.0,3.8179272618591895,Medium
1647,Motha Cornflour 200g,General Grocery,794,179,146890.0,27790.0,185.0,6.009918745960478,Fast
1648,Motha Gelatine 30g,General Grocery,314,161,120890.0,18840.0,385.0,5.453333302208671,Fast
1649,Motha Custard Powder 100g,General Grocery,35,18,2625.0,245.0,75.0,3.2959329567757587,Medium
1650,Motha Faluda Mix 100g,Beverages,107,44,17120.0,1070.0,160.0,4.2881702953149645,Fast
1651,Motha Faluda Mix 200g,Beverages,101,35,28785.0,1010.0,285.0,4.1563185696115985,Fast
1652,Motha Caramel (Pudding mix) 100g,Snacks & Confectionery,109,41,11990.0,1199.0,110.0,4.267215529413345,Fast
1653,Motha Wattalappan (Pudding mix)110g,Snacks & Confectionery,557,190,61270.0,6127.0,110.0,5.841920471930704,Fast
1654,Motha Cocoa Powder 100g,General Grocery,30,15,31500.0,1500.0,1050.0,3.136357887474732,Medium
1655,Motha Icing Sugar 250g,Staples & Dry Groceries,2212,489,530880.0,44240.0,240.0,7.02363981302518,Fast
1656,Motha Icing Sugar 500g,Staples & Dry Groceries,2005,441,531325.0,52130.0,265.0,6.923233329622,Fast
1657,Motha Icing Sugar 1kg,Staples & Dry Groceries,2494,593,1247000.0,124700.0,500.0,7.176219898215281,Fast
1658,Motha Jelly (Mixed-Fruit) 100g,Snacks & Confectionery,135,50,13500.0,1080.0,100.0,4.471281721880776,Fast
1659,Motha Jelly (Mixed-Fruit) 200g,Snacks & Confectionery,130,43,23400.0,2340.0,180.0,4.384243863023851,Fast
1660,Motha Jelly (Strawberry) 100g,Snacks & Confectionery,113,43,11300.0,1130.0,100.0,4.30779448188019,Fast
1661,Motha Jelly (Strawberry) 200g,Snacks & Confectionery,693,239,131670.0,13167.0,190.0,6.064647093782639,Fast
1662,Motha Jelly (Greengage) 100g,Snacks & Confectionery,151,51,15100.0,1359.0,100.0,4.541193959827095,Fast
1663,Motha Jelly (Black Currant)100g,Snacks & Confectionery,104,38,9880.0,832.0,95.0,4.208280933344978,Fast
1664,Motha Jelly (Strawberry) 500g,Snacks & Confectionery,137,42,58225.0,5822.5,425.0,4.402529578898566,Fast
1665,Motha Jelly (Apple) 500g,Snacks & Confectionery,119,44,116025.0,2975.0,975.0,4.346118578926769,Fast
1666,Delmege Colouring (rose pink)28ml,General Grocery,25,13,2250.0,225.0,90.0,2.9795288942386815,Slow
1667,Delmege Colouring (blue)28ml,General Grocery,22,13,1980.0,198.0,90.0,2.912097617087899,Slow
1668,Delmege Colouring (green)28ml,General Grocery,50,26,4500.0,450.0,90.0,3.6456306877003275,Medium
1669,Delmege Colouring (red)28ml,General Grocery,34,20,3060.0,306.0,90.0,3.325476530794718,Medium
1670,Delmege Colouring (egg yellow)28ml,"Meat, Fish & Frozen",572,299,85800.0,8580.0,150.0,6.059689257788397,Fast
1671,Delmege Essence (vanilla artificial)28ml,General Grocery,37,20,8140.0,740.0,220.0,3.3707074848250524,Medium
1672,Delmege Essence (pineapple artificial)28ml,General Grocery,37,15,3330.0,333.0,90.0,3.248337312857414,Medium
1673,Delmege Essence (orange artificial)28ml,General Grocery,33,15,2970.0,297.0,90.0,3.1871632135467904,Medium
1674,Sriposha 400g,General Grocery,12,10,2100.0,312.0,175.0,2.489775019363112,Slow
1675,Colin Glass Cleaner 500ml,Cleaning & Household,49,30,13230.0,1202.95,270.0,3.696906895003796,Medium
1676,Marshmelos 12pcs,General Grocery,22,12,2640.0,440.0,120.0,2.8787490296187244,Slow
1677,Marshmelos 24pcs,General Grocery,24,14,5520.0,720.0,230.0,2.989004294173505,Slow
1678,Marshmelos 25pcs,General Grocery,30,16,6300.0,1200.0,210.0,3.163638967292128,Medium
1679,Marshmelos 50pcs,General Grocery,26,14,10400.0,1040.0,400.0,3.031332866798376,Slow
1680,Baby Cheramy (bed time)100ml,Baby & Kids,48,29,12480.0,1580.16,260.0,3.671039985708815,Medium
1681,Baby Cheramy (angel fairy)100ml,Baby & Kids,51,26,13260.0,1678.92,260.0,3.6563106349217334,Medium
1682,Baby Cheramy (lucky ducky)100ml,Baby & Kids,58,30,15080.0,1909.3600000000001,260.0,3.787939836166462,Medium
1683,Baby Cheramy (cuddly bunny)100ml,Baby & Kids,46,29,11960.0,1514.3200000000002,260.0,3.6481200026885023,Medium
1684,Baby Cheramy (magic mist)100ml,Baby & Kids,52,30,13520.0,1711.8400000000001,260.0,3.728954794471983,Medium
1685,Baby Cheramy (floral)100g,Baby & Kids,34,19,3570.0,368.22,105.0,3.3035209569184736,Medium
1686,Baby Cheramy (prickly heat)100g,Baby & Kids,42,26,5670.0,584.64,135.0,3.5517866533334077,Medium
1687,Gold Cologne Spray (classic)50ml,Personal Care,50,30,21000.0,4846.0,420.0,3.707798340016695,Medium
1688,Gold Cologne Spray (arctic)50ml,Personal Care,39,27,16380.0,3779.88,420.0,3.528375729341507,Medium
1689,Gold Hair Cream 100ml,Personal Care,545,319,114450.0,7150.4,210.0,6.0621848847668955,Fast
1690,Gold Hair Gel 100ml,Personal Care,46,27,16100.0,1851.5,350.0,3.617073210519374,Medium
1691,Dandex (nourished)80ml,General Grocery,25,15,3250.0,335.25,130.0,3.0396180209197166,Slow
1692,Dandex (anti hair fall)80ml,Personal Care,42,29,5460.0,563.22,130.0,3.5991988853794297,Medium
1693,Dandex (cooling)80ml,General Grocery,20,10,2600.0,268.2,130.0,2.75354021350715,Slow
1694,Dandex (deep clean)80ml,General Grocery,29,14,3770.0,388.89,130.0,3.08928115041018,Medium
1695,Paris Cologne Spray (floral)50ml,Personal Care,59,35,17700.0,2308.67,300.0,3.864473031527405,Medium
1696,Paris Cologne Spray (jasmine)50ml,Personal Care,43,21,12900.0,1682.5900000000001,300.0,3.4722734026662856,Medium
1697,Paris Talc (sandalwood)85g,General Grocery,21,13,2100.0,216.51000000000002,100.0,2.8876491476739403,Slow
1698,Paris Talc (floral)85g,General Grocery,16,7,1600.0,164.96,100.0,2.494016032986845,Slow
1699,Paris Talc (jasmine)85g,General Grocery,21,9,1995.0,205.59,95.0,2.7362366411943944,Slow
1700,Velvet Hand Wash (rose)250ml,Cleaning & Household,54,35,11880.0,1156.14,220.0,3.816616774183109,Medium
1701,Velvet Hand Wash (lavender)250ml,Cleaning & Household,42,31,9240.0,899.22,220.0,3.6282412198913363,Medium
1702,Velvet Hand Wash Refill (lavender)200ml,Cleaning & Household,54,36,8910.0,866.7,165.0,3.8289463125677603,Medium
1703,Velvet Hand Wash Refill (water lily)200ml,Cleaning & Household,43,25,7095.0,690.15,165.0,3.547447740764711,Medium
1704,Kumarika Hair Oil 100ml,Personal Care,140,33,22400.0,2240.0,160.0,4.308680175785266,Fast
1705,Clogard 40g,General Grocery,35,18,4375.0,392.0,125.0,3.2959329567757587,Medium
1706,Clogard (Natural-Salt)40g,Staples & Dry Groceries,166,43,8964.0,815.0600000000001,54.0,4.517781932092433,Fast
1707,ayush whitening 120g,General Grocery,16,9,2640.0,240.0,165.0,2.5944306310782395,Slow
1708,Hair Care Cool 100ml,Personal Care,27,16,9450.0,945.0,350.0,3.1076584854216596,Medium
1709,Denta Zig Zag (soft),General Grocery,11,6,660.0,66.0,60.0,2.2423582244582914,Slow
1710,Denta Zig Zag (medium),General Grocery,21,12,2730.0,630.0,130.0,2.8543005602047655,Slow
1711,Clogard Chooty (tooth-brush),General Grocery,18,9,900.0,90.0,50.0,2.655604730388863,Slow
1712,Clogard Smart-Plus,General Grocery,13,9,741.0,65.0,57.0,2.487644823135713,Slow
1713,Signal Triple Clean,General Grocery,32,13,1760.0,320.0,55.0,3.1106549571334305,Medium
1714,Chicken Family Pack 400g,"Meat, Fish & Frozen",32,15,11520.0,2400.0,360.0,3.1707440838144656,Medium
1715,Chicken Family Pack 700g,"Meat, Fish & Frozen",17,9,9180.0,1955.0,540.0,2.6258677586902115,Slow
1716,Chicken Family Pack 900g,"Meat, Fish & Frozen",12,7,7080.0,540.0,590.0,2.346470840359771,Slow
1717,Chicken Half (Pussalla) 1kg,"Meat, Fish & Frozen",27,12,15390.0,1620.0,570.0,2.9869396914540536,Slow
1718,LankaSoy (cuttlefish) 50g,General Grocery,21,14,735.0,105.0,35.0,2.9186959398430687,Slow
1719,LankaSoy (chicken)50g,"Meat, Fish & Frozen",27,14,945.0,135.0,35.0,3.051335071092357,Medium
1720,LankaSoy (curry)50g,Cooking Essentials,183,34,6405.0,915.0,35.0,4.4681212943551785,Fast
1721,LankaSoy (polos curry)90g,Cooking Essentials,1681,387,126075.0,8405.0,75.0,6.767708765123565,Fast
1722,LankaSoy (chilli chicken)90g,Cooking Essentials,193,49,15440.0,1930.0,80.0,4.657732339927496,Fast
1723,LankaSoy (cuttlefish)90g,General Grocery,20,12,1700.0,200.0,85.0,2.8287145516055743,Slow
1724,LankaSoy (curry)90g,Cooking Essentials,122,32,8540.0,610.0,70.0,4.220129798114746,Fast
1725,LankaSoy (chicken)90g,"Meat, Fish & Frozen",25,15,2125.0,250.0,85.0,3.0396180209197166,Slow
1726,LankaSoy (devilled cuttlefish)90g,General Grocery,11,6,990.0,110.0,90.0,2.2423582244582914,Slow
1727,LankaSoy (devilled chicken)90g,"Meat, Fish & Frozen",15,10,1350.0,150.0,90.0,2.6039766699911464,Slow
1728,LankaSoy (devilled prawn)90g,General Grocery,25,12,2125.0,250.0,85.0,2.9461803067695067,Slow
1729,LankaSoy (fish)50g,"Meat, Fish & Frozen",23,11,1380.0,230.0,60.0,2.8661375990959703,Slow
1730,FortuneSoya (chicken)90g,"Meat, Fish & Frozen",16,8,1200.0,160.0,75.0,2.547018399032218,Slow
1731,Rancrips PotatoChips (Hot&Spicy)60g,General Grocery,23,13,6900.0,1725.0,300.0,2.9355054050182368,Slow
1732,Rancrips PotatoChips (Cheese)60g,Dairy & Chilled,77,45,13090.0,4235.0,170.0,4.1190784830993685,Medium
1733,Rancrips CassavaChips (Sea Solted)100g,General Grocery,18,9,2160.0,360.0,120.0,2.655604730388863,Slow
1734,Rancrips CassavaChips (Kochchi)100g,General Grocery,24,11,6000.0,1200.0,250.0,2.8885896960821107,Slow
1735,Rancrips CassavaChips (Hot&Spicy)100g,General Grocery,35,14,8750.0,1750.0,250.0,3.1895580066468554,Medium
1736,KIST Strawberry Flavoured-Melon jam510g,General Grocery,32,17,9600.0,800.0,300.0,3.2237464498598385,Medium
1737,KIST Strawberry Flavoured-Melon jam300g,General Grocery,40,14,9600.0,960.0,240.0,3.261087227183364,Medium
1738,KIST Strawberry Flavoured-Melon jam200g,General Grocery,22,12,3520.0,330.0,160.0,2.8787490296187244,Slow
1739,KIST Mixed Fruit jam 200g,General Grocery,34,19,5780.0,578.0,170.0,3.3035209569184736,Medium
1740,KIST Mixed Fruit jam 300g,General Grocery,28,15,6720.0,672.0,240.0,3.0996776315004624,Medium
1741,KIST Woodapple jam 200g,General Grocery,32,16,5120.0,480.0,160.0,3.1980251636318617,Medium
1742,KIST Woodapple jam 300g,General Grocery,34,16,7480.0,680.0,220.0,3.230387438644475,Medium
1743,KIST Pineapple jam 510g,General Grocery,15,7,5025.0,525.0,335.0,2.4606724909878057,Slow
1744,MD jam cup100g,General Grocery,14,7,700.0,70.0,50.0,2.4251763043621417,Slow
1745,MD jam cup 100g,General Grocery,19,11,950.0,95.0,50.0,2.7658607428592954,Slow
1746,MD Mixed Fruit jam 500g,General Grocery,25,12,15000.0,1250.0,600.0,2.9461803067695067,Slow
1747,MD Mixed Fruit jam 895g,General Grocery,34,17,35700.0,3400.0,1050.0,3.256108724872452,Medium
1748,MD Mango jam 500g,General Grocery,18,9,7020.0,1620.0,390.0,2.655604730388863,Slow
1749,MD pineapple jam 500g,General Grocery,21,10,19530.0,1680.0,930.0,2.7791262221063406,Slow
1750,MD Strawberry jam 500g,General Grocery,29,11,26100.0,1450.0,900.0,2.988866552318786,Slow
1751,MD Woodapple jam 500g,General Grocery,32,14,9600.0,960.0,300.0,3.141701749302559,Medium
1752,MD Orange Marmalade 500g,General Grocery,23,11,10005.0,1035.0,435.0,2.8661375990959703,Slow
1753,Sanex Toilet Tissue,General Grocery,100,25,7200.0,700.0,72.0,4.00445972637236,Medium
1754,Pedigree (Adult) 400g,General Grocery,32,18,15520.0,5404.16,485.0,3.2480766994314623,Medium
1755,Pedigree (Puppy) 400g,General Grocery,22,11,8580.0,1035.54,390.0,2.8427298111656327,Slow
1756,Gingelly Rolls 10pcs,General Grocery,23,12,3450.0,575.0,150.0,2.902156817549062,Slow
1757,Gingelly Rolls 25pcs,General Grocery,23,11,3450.0,575.0,150.0,2.8661375990959703,Slow
1758,Gingelly Rolls 25pcs (L),General Grocery,44,21,11000.0,1540.0,250.0,3.4846334733849185,Medium
1759,CBL Choc-Shock 90g,General Grocery,17,7,5100.0,510.0,300.0,2.5254531605988166,Slow
1760,Keells Chicken Sausages 70g,"Meat, Fish & Frozen",36,15,2340.0,288.0,65.0,3.233669776962225,Medium
1761,Keells Chicken Sausages 100g,"Meat, Fish & Frozen",19,12,1900.0,228.0,100.0,2.8018799613123866,Slow
1762,Keells Chicken Sausages 150g,"Meat, Fish & Frozen",28,13,5572.0,672.0,199.0,3.0395885048194273,Slow
1763,Keells Chicken Sausages 250g,"Meat, Fish & Frozen",14,10,4690.0,560.0,335.0,2.5684804833654824,Slow
1764,Keells Chicken Sausages 500g,"Meat, Fish & Frozen",27,10,15930.0,2835.0,590.0,2.911765353355629,Slow
1765,Keells Chicken Meatballs 100g,"Meat, Fish & Frozen",33,16,3630.0,726.0,110.0,3.2144442933641866,Medium
1766,Keells Chicken Meatballs 200g,"Meat, Fish & Frozen",11,7,2310.0,275.0,210.0,2.3024473511393264,Slow
1767,Keells Chicken Meatballs 500g,"Meat, Fish & Frozen",23,10,11500.0,1564.0,500.0,2.826982479450637,Slow
1768,Keells Chunky  Chicken 210g,"Meat, Fish & Frozen",17,9,4420.0,748.0,260.0,2.6258677586902115,Slow
1769,Keells Cheese & Onion 250g,Dairy & Chilled,85,46,34000.0,4250.0,400.0,4.182457433708955,Fast
1770,Keells Chicken Bockwurst 400g,"Meat, Fish & Frozen",24,15,11976.0,1056.0,499.0,3.018046628685412,Slow
1771,Keells Cheeesy Blast 170g,General Grocery,24,11,7200.0,840.0,300.0,2.8885896960821107,Slow
1772,Keells Chicken Ham 150g,"Meat, Fish & Frozen",15,11,10500.0,1200.0,700.0,2.64313178963648,Slow
1773,Keells Chicken Mini-Kievs 12pcs,"Meat, Fish & Frozen",28,17,10920.0,980.0,390.0,3.1526799975458353,Medium
1774,Keells Chicken Drumsticks 6pcs,"Meat, Fish & Frozen",22,9,8800.0,1056.0,400.0,2.760685110608353,Slow
1775,Keells Kochchi-Bite 16pcs,General Grocery,10,8,3200.0,350.0,320.0,2.307593459840403,Slow
1776,Elephant House Back-Bacon 150g,General Grocery,37,17,38850.0,5550.0,1050.0,3.3013396789027865,Medium
1777,Elephant House Back-Bacon 1kg,General Grocery,33,13,267630.0,3630.0,8110.0,3.1270740868657554,Medium
1778,Keells French-Fries 225g,General Grocery,9,7,5040.0,540.0,560.0,2.2021704949026515,Slow
1779,Keells French-Fries 500g,General Grocery,27,14,14850.0,3240.0,550.0,3.051335071092357,Medium
1780,Farm Frites  French-Fries 1kg,General Grocery,18,10,25290.0,9630.0,1405.0,2.6984943113008093,Slow
1781,MDK Chinese Rolls (Fish) 5pcs,"Meat, Fish & Frozen",26,14,6760.0,1040.0,260.0,3.031332866798376,Slow
1782,MDK Chinese Rolls (Chicken) 5pcs,"Meat, Fish & Frozen",15,7,2160.0,285.0,144.0,2.4606724909878057,Slow
1783,MDK Patties (Fish) 5pcs,"Meat, Fish & Frozen",26,13,3367.0,455.0,129.5,3.0002860746292477,Slow
1784,Farm House Chicken Sausages 450g,"Meat, Fish & Frozen",27,14,18630.0,2430.0,690.0,3.051335071092357,Medium
1785,Asiri Ddevilled Peanuts 75g,General Grocery,35,15,4200.0,840.0,120.0,3.218600341158762,Medium
1786,Asiri Ddevilled Peanuts 100g,General Grocery,17,10,2295.0,459.0,135.0,2.6687573396021573,Slow
1787,Asiri Roasted Peanuts 90g,General Grocery,15,11,3300.0,300.0,220.0,2.64313178963648,Slow
1788,Asiri Salted Peanuts 90g,General Grocery,32,13,3840.0,768.0,120.0,3.1106549571334305,Medium
1789,Asiri Ddevilled Dhal 100g,Staples & Dry Groceries,1382,328,82920.0,16584.0,60.0,6.585831670260035,Fast
1790,Asiri Rice Flour Savoury (Onion)25g,Staples & Dry Groceries,906,207,18120.0,3624.0,20.0,6.147470483428918,Fast
1791,Asiri Rice Flour Savoury (Onion)80g,Staples & Dry Groceries,1351,289,81060.0,16212.0,60.0,6.516583556472835,Fast
1792,Asiri Rice Flour Savoury (Garlic)25g,Staples & Dry Groceries,273,58,5460.0,1092.0,20.0,4.9221123082710125,Fast
1793,Asiri Rice Flour Savoury (Garlic)80g,Staples & Dry Groceries,219,48,13140.0,2628.0,60.0,4.71781428464358,Fast
1794,Asiri Cocktail Mixture 60g,General Grocery,17,12,1020.0,204.0,60.0,2.743931677700582,Slow
1795,Asiri Cocktail Mixture 100g,General Grocery,17,10,1700.0,340.0,100.0,2.6687573396021573,Slow
1796,Asiri Hot-Mix 60g,General Grocery,12,9,720.0,144.0,60.0,2.446885438451166,Slow
1797,Asiri Cassava Chips 50g,Snacks & Confectionery,113,38,6780.0,1356.0,60.0,4.253511887375314,Fast
1798,Asiri Plums 100g,General Grocery,36,15,5040.0,1008.0,140.0,3.233669776962225,Medium
1799,Asiri Sugar Candy 100g60,Staples & Dry Groceries,1667,397,100020.0,20004.0,60.0,6.774562722983278,Fast
1800,Asiri Dates 200g,General Grocery,26,14,4160.0,832.0,160.0,3.031332866798376,Slow
1801,CBL Super Cream Cracker 85g,Personal Care,303,193,27270.0,2727.0,90.0,5.514901407351919,Fast
1802,CBL Super Cream Cracker 125g,Personal Care,85,52,6800.0,680.0,80.0,4.236522374037884,Fast
1803,CBL Super Cream Cracker 190g,Personal Care,76,50,8360.0,836.0,110.0,4.158414516745473,Fast
1804,CBL Super Cream Cracker 230g,Personal Care,89,51,20470.0,2047.0,230.0,4.252954992043288,Fast
1805,CBL Super Cream Cracker 490g,Personal Care,90,50,43200.0,4320.0,480.0,4.250294263310214,Fast
1806,Maliban Smart Cream Cracker 125g,Personal Care,59,38,4720.0,737.5,80.0,3.900492249980496,Medium
1807,Maliban Smart Cream Cracker 190g,Personal Care,552,338,60720.0,6072.0,110.0,6.095146949158487,Fast
1808,Maliban Smart Cream Cracker 230g,Personal Care,624,368,81120.0,8112.0,130.0,6.200621897173258,Fast
1809,Maliban Smart Cream Cracker 500g,Personal Care,96,51,46080.0,4608.0,480.0,4.294150711538503,Fast
1810,SCAN Jumbo Peanut 15g,General Grocery,18,10,1080.0,180.0,60.0,2.6984943113008093,Slow
1811,SCAN Jumbo Peanut 40g,General Grocery,31,16,3410.0,759.5,110.0,3.1811007513651473,Medium
1812,SCAN Jumbo Peanut 80g,General Grocery,23,12,4025.0,402.27,175.0,2.902156817549062,Slow
1813,SCAN Jumbo Peanut 150g,General Grocery,28,14,8680.0,868.0,310.0,3.0706352969885558,Medium
1814,SCAN Jumbo Peanut (Chilli)15g,Cooking Essentials,197,52,7880.0,788.0,40.0,4.695178227980449,Fast
1815,SCAN Jumbo Peanut (Chilli)40g,Cooking Essentials,229,61,25190.0,2519.0,110.0,4.848154093178049,Fast
1816,SCAN Jumbo Peanut (Chilli)80g,Cooking Essentials,184,45,58880.0,3680.0,320.0,4.594084332213172,Fast
1817,Astra Fat-Spread 1kg,General Grocery,26,13,44200.0,5200.0,1700.0,3.0002860746292477,Slow
1818,CBL Bran Cracker 160g,Snacks & Confectionery,1056,359,105600.0,10560.0,100.0,6.478501306381201,Fast
1819,CBL Bran Cracker 240g,Snacks & Confectionery,183,55,25620.0,2562.0,140.0,4.6796229275157595,Fast
1820,CBL Cheese Cracker 100g,Dairy & Chilled,306,159,45900.0,6120.0,150.0,5.43359447802818,Fast
1821,CBL Cheese Cracker 200g,Dairy & Chilled,96,47,25920.0,2592.0,270.0,4.258131493085411,Fast
1822,CBL Sun Cracker 95g,Snacks & Confectionery,1004,366,70280.0,7028.0,70.0,6.459421382895804,Fast
1823,CBL Sun Cracker (Salt & Pepper)95g,Staples & Dry Groceries,294,72,20580.0,2058.0,70.0,5.058543194503677,Fast
1824,Maliban Spicy Crackers 170g,General Grocery,39,25,5850.0,585.0,150.0,3.495027141872332,Medium
1825,Maliban Bran Crackers 210g,General Grocery,57,30,9120.0,1425.0,160.0,3.7785378978188464,Medium
1826,Maliban Chocolate Cream 100g,Personal Care,72,40,9360.0,2160.0,130.0,4.030860122648553,Medium
1827,Maliban Chocolate Cream 400g,Personal Care,80,45,20000.0,2000.0,250.0,4.139835663489935,Medium
1828,Maliban Custard Cream 100g,Personal Care,51,30,3570.0,357.0,70.0,3.718478287238101,Medium
1829,Maliban Orange Cream 100g,Personal Care,40,26,2600.0,260.0,65.0,3.5255912263893174,Medium
1830,Maliban Doubles Cream 100g,Personal Care,44,26,3520.0,352.0,80.0,3.576790959075624,Medium
1831,Maliban Gold Marie 75g,General Grocery,23,14,1150.0,218.5,50.0,2.966552197187365,Slow
1832,Maliban Gold Marie 230g,General Grocery,42,21,5460.0,546.0,130.0,3.459629167642702,Medium
1833,Maliban Gold Marie 330g,General Grocery,17,8,3570.0,892.5,210.0,2.5784555266441895,Slow
1834,Maliban Ginger Biscuit 80g,Cooking Essentials,214,48,14980.0,1498.0,70.0,4.705170049619996,Fast
1835,Maliban Ginger Biscuit 240g,Cooking Essentials,253,54,40480.0,4048.0,160.0,4.848833780214807,Fast
1836,Maliban Ginger Biscuit 370g,Cooking Essentials,3350,767,670000.0,67000.0,200.0,7.454063128171974,Fast
1837,Maliban Lemon Puff 100g,General Grocery,11,7,825.0,82.5,75.0,2.3024473511393264,Slow
1838,Maliban Lemon Puff 200g,General Grocery,34,15,4760.0,136.0,140.0,3.203106358827079,Medium
1839,Maliban Lemon Puff 400g,General Grocery,24,13,6720.0,192.0,280.0,2.957957502004377,Slow
1840,Maliban Chocolate Puff 100g,Snacks & Confectionery,93,37,7440.0,744.0,80.0,4.135725902125376,Medium
1841,Maliban Chocolate Puff 200g,Snacks & Confectionery,126,47,17640.0,1764.0,140.0,4.406343352460776,Fast
1842,CBL Chocolate Cream 100g,Personal Care,78,41,5850.0,585.0,75.0,4.085147647084378,Medium
1843,CBL Chocolate Cream 210g,Personal Care,58,34,8120.0,1856.0,140.0,3.8425522218183823,Medium
1844,CBL Chocolate Cream 400g,Personal Care,57,34,15390.0,1539.0,270.0,3.8331502834707667,Medium
1845,CBL Bourbon Biscuits 100g,Snacks & Confectionery,153,52,12240.0,1224.0,80.0,4.556955292425951,Fast
1846,CBL Milk Short Cake 200g,Dairy & Chilled,106,48,13780.0,1378.0,130.0,4.321374993103831,Fast
1847,CBL Milk Short Cake 85g,Dairy & Chilled,113,58,6780.0,678.0,60.0,4.439800996374547,Fast
1848,CBL Tifin Original  125g,General Grocery,26,15,2600.0,260.0,100.0,3.0603752013102827,Medium
1849,CBL Tifin Onion  125g,General Grocery,29,15,2900.0,290.0,100.0,3.118323484922087,Medium
1850,CBL Hawaian Cookies 100g,General Grocery,312,158,40560.0,3120.0,130.0,5.441418645796189,Fast
1851,CBL Hawaian Cookies 200g,General Grocery,79,42,10270.0,1027.0,130.0,4.102654701132738,Medium
1852,CBL Ginger Biscuits 85g,Cooking Essentials,2516,574,176120.0,25160.0,70.0,7.166419165683232,Fast
1853,CBL Ginger Biscuits 400g,Cooking Essentials,3883,904,931920.0,111830.40000000001,240.0,7.6091121808411355,Fast
1854,CBL Nice Biscuits  100g,Snacks & Confectionery,4635,1646,324450.0,38934.0,70.0,7.975903791032741,Fast
1855,CBL Nice Biscuits  400g,Snacks & Confectionery,149,51,34270.0,3427.0,230.0,4.533909085114583,Fast
1856,CBL Kalo Biscuits 90g,Snacks & Confectionery,177,62,14160.0,1416.0,80.0,4.714391579536837,Fast
1857,CBL Chocolate Chip Cookies 100g,Snacks & Confectionery,139,61,18070.0,1807.0,130.0,4.575113805705408,Fast
1858,CBL Tikiri Marie 80g,General Grocery,29,15,1305.0,162.98,45.0,3.118323484922087,Medium
1859,CBL Tikiri Marie 360g,General Grocery,28,17,5040.0,504.0,180.0,3.1526799975458353,Medium
1860,CBL Lite Marie 50g,General Grocery,20,13,500.0,50.0,25.0,2.862063139074749,Slow
1861,CBL Milk Shorties 75g,Dairy & Chilled,76,44,3040.0,304.0,40.0,4.10209110241617,Medium
1862,CBL Milk Shorties 325g,Dairy & Chilled,108,56,15120.0,1512.0,140.0,4.399614405751577,Fast
1863,CBL Chocolate Puff 100g,Snacks & Confectionery,146,54,10220.0,1022.0,70.0,4.548037856082917,Fast
1864,CBL Chocolate Puff 200g,Snacks & Confectionery,143,45,35750.0,1430.0,250.0,4.456285943186893,Fast
1865,CBL Lemon Puff 100g,General Grocery,32,13,2240.0,224.0,70.0,3.1106549571334305,Medium
1866,CBL Lemon Puff  200g,General Grocery,23,13,5750.0,230.0,250.0,2.9355054050182368,Slow
1867,CBL Milk Cream 110g,Personal Care,66,41,3960.0,396.0,60.0,3.994532268892547,Medium
1868,CBL Ringo 50g,General Grocery,37,18,740.0,74.0,20.0,3.3256699284744107,Medium
1869,CBL Chocolate Wafers 85g,Snacks & Confectionery,88,36,7040.0,704.0,80.0,4.093663064042578,Medium
1870,Little Lion Choco Cookies 180g,General Grocery,673,339,127870.0,15983.75,190.0,6.205302088926363,Fast
1871,Little Lion Batter Carol 270g,General Grocery,23,12,3680.0,575.0,160.0,2.902156817549062,Slow
1872,Little Lion Batter Carol 95g,General Grocery,18,10,1170.0,146.16,65.0,2.6984943113008093,Slow
1873,Little Lion Wafers (Vanilla) 225g,General Grocery,44,22,6160.0,616.0,140.0,3.5046367665417932,Medium
1874,Little Lion Wafers (Chocolate) 225g,Snacks & Confectionery,136,51,20400.0,3264.0,150.0,4.484049182567111,Fast
1875,Little Lion Wafers (Choco-Vanilla)400g,General Grocery,28,13,6720.0,672.0,240.0,3.0395885048194273,Slow
1876,CBL Wafers (Lemon) 400g,General Grocery,38,18,9880.0,988.0,260.0,3.3399564459962034,Medium
1877,Dettol Hand Wash (skin care)200ml,Cleaning & Household,61,42,18300.0,1663.47,300.0,3.9624639638369032,Medium
1878,Dettol Hand Wash (sensitive) 200ml,Cleaning & Household,878,484,263400.0,23943.06,300.0,6.511198694648715,Fast
1879,Dettol Hand Wash (cucumber)200ml,Cleaning & Household,39,22,11310.0,975.0,290.0,3.4398560969307823,Medium
1880,Dettol Hand Wash (original)200ml,Cleaning & Household,47,33,14100.0,1281.69,300.0,3.716022792076613,Medium
1881,Dettol Hand Wash Refill (original)175ml,Cleaning & Household,68,35,12920.0,1088.0,190.0,3.9413420998337427,Medium
1882,Dettol Hand Wash Refill (sensitive)175ml,Cleaning & Household,513,308,97470.0,8208.0,190.0,6.013226370604327,Fast
1883,Dettol Hand Wash Refill (skincare)175ml,Cleaning & Household,289,160,54910.0,4624.0,190.0,5.405066471882295,Fast
1884,Dettol Hand Wash Refill (orange)175ml,Cleaning & Household,66,38,12540.0,1056.0,190.0,3.961183681423372,Medium
1885,Champion Hand Wash (DelumRed)250ml,Cleaning & Household,44,25,11660.0,1100.0,265.0,3.559807811483343,Medium
1886,Sun Hand Wash 500ml,Cleaning & Household,49,28,17640.0,1715.0,360.0,3.666895776479394,Medium
1887,Britol Hand Wash 750ml (Lime),Cleaning & Household,58,41,20300.0,870.0,350.0,3.9245969223756623,Medium
1888,Lifebuoy Hand Wash 200ml (Orange),Cleaning & Household,52,33,11700.0,1040.0,225.0,3.7705227885309403,Medium
1889,Lifebuoy Hand Wash 180ml (Orange),Cleaning & Household,49,27,7840.0,588.0,160.0,3.651104682564322,Medium
1890,Lifebuoy Hand Wash 200ml (Mild Care),Cleaning & Household,52,30,11700.0,1040.0,225.0,3.728954794471983,Medium
1891,Lifebuoy Hand Wash 200ml (Green Tea),Cleaning & Household,533,319,119925.0,10660.0,225.0,6.049962159535305,Fast
1892,Lifebuoy Hand Wash 200ml (Charcoal),Cleaning & Household,56,38,12600.0,1120.0,225.0,3.8722809380673437,Medium
1895,Comfort  Safe & Soft 860ml,General Grocery,21,13,16380.0,1260.0,780.0,2.8876491476739403,Slow
1896,Comfort Shine & Freshness 220ml,General Grocery,14,6,3220.0,280.0,230.0,2.3650871776811067,Slow
1897,Comfort Anti Bacterial 220ml,General Grocery,12,9,3360.0,600.0,280.0,2.446885438451166,Slow
1898,Sunlight Care Liquid (Pearls)600ml,Cleaning & Household,56,32,10360.0,840.0,185.0,3.7971065999689193,Medium
1899,Sunlight Care Liquid (naturals) 600ml,Cleaning & Household,45,27,8775.0,900.0,195.0,3.605244797647844,Medium
1900,Sunlight Care Liquid (naturals)1L,Cleaning & Household,924,562,300300.0,23100.0,325.0,6.606362388294695,Fast
1901,Surf Excel Matic (Liquid)500ml,General Grocery,22,16,7590.0,660.0,345.0,2.99946782358633,Slow
1902,Surf Excel Matic (Liquid)1.02L,General Grocery,39,20,22230.0,1560.0,570.0,3.3989187967382053,Medium
1903,All Out Liquid (Floral) 500ml,General Grocery,25,11,8625.0,750.0,345.0,2.9101610883164155,Slow
1904,Rin Lemon-Rose 200g,Cleaning & Household,928,547,37120.0,3712.0,40.0,6.596583685474219,Fast
1905,Rin Lemon-Rose 500g,Cleaning & Household,53,27,4770.0,424.0,90.0,3.6934332551891926,Medium
1906,Rin Lemon-Rose 1kg,Cleaning & Household,40,23,6800.0,618.4,170.0,3.472588860343945,Medium
1907,Sunlight Care naturals 200g,Cleaning & Household,36,25,1800.0,180.0,50.0,3.4521482940639907,Medium
1908,Sunlight Care naturals 1kg,Cleaning & Household,63,35,13860.0,1386.0,220.0,3.899969218153069,Medium
1910,Sunlight 2in1 (Rose) 1kg,Cleaning & Household,79,44,25280.0,2765.0,320.0,4.123112769467278,Medium
1911,Sunlight 2in1 (Jasmine) 60g,Cleaning & Household,38,24,380.0,38.0,10.0,3.4634530265619956,Medium
1912,Sunlight 2in1 (Jasmine) 1kg,Cleaning & Household,60,35,10200.0,900.0,170.0,3.873564147600571,Medium
1913,Sunlight 2in1 (Lemon) 60g,Cleaning & Household,61,27,610.0,61.0,10.0,3.769415941353642,Medium
1914,Sunlight 2in1 (Lemon) 400g,Cleaning & Household,38,26,3040.0,266.0,80.0,3.4980854950732536,Medium
1915,Sunlight 2in1 (Lemon) 1kg,Cleaning & Household,1295,727,278425.0,58275.0,215.0,6.90750630399023,Fast
1916,Sunlight 2in1 (Sakura) 200g,Cleaning & Household,59,35,2360.0,236.0,40.0,3.864473031527405,Medium
1917,Sunlight Care Pearls 200g,Cleaning & Household,61,32,3050.0,305.0,50.0,3.843352314434717,Medium
1918,Surf excel (Aloevera) 30g,General Grocery,37,16,370.0,37.0,10.0,3.2756183926748097,Medium
1919,Surf excel (Aloevera) 60g,General Grocery,44,27,880.0,88.0,20.0,3.5931563989525177,Medium
1920,Surf excel (Aloevera) 250g,General Grocery,26,17,2574.0,234.0,99.0,3.1133775673556556,Medium
1921,Surf excel (Aloevera) 500g,General Grocery,23,16,4025.0,345.0,175.0,3.0228756115166675,Slow
1922,Surf excel (Aloevera) 1kg,General Grocery,32,16,8960.0,640.0,280.0,3.1980251636318617,Medium
1923,Surf excel Matic 500g,General Grocery,20,10,4200.0,400.0,210.0,2.75354021350715,Slow
1924,Surf excel Matic 1kg,General Grocery,24,13,16320.0,720.0,680.0,2.957957502004377,Slow
1925,Surf excel Hygienic 30g,General Grocery,40,20,400.0,40.0,10.0,3.4124997336629095,Medium
1926,Bubble Detergent Powder 500g,Cleaning & Household,1008,579,141120.0,20160.0,140.0,6.667555907787694,Fast
1927,Diva Power (Germ-Guard) 400g,Cleaning & Household,64,40,5760.0,576.0,90.0,3.967020428459539,Medium
1928,Diva Power (Germ-Guard) 1kg,Cleaning & Household,55,30,10175.0,825.0,185.0,3.7592376719226483,Medium
1929,Diva Power (Colour-Guard) 400g,Cleaning & Household,70,43,6300.0,630.0,90.0,4.047359267635941,Medium
1930,Diva Power (Colour-Guard) 1kg,Cleaning & Household,70,36,13650.0,1127.0,195.0,3.9693869930626247,Medium
1931,Diva Fresh (Jasmine) 200g,Cleaning & Household,60,34,5400.0,600.0,90.0,3.8608872529655573,Medium
1932,Diva Power (Colour-Guard) 40g,Cleaning & Household,47,31,470.0,47.0,10.0,3.688741712259217,Medium
1933,Diva Power (Germ-Guard) 40g,Cleaning & Household,57,31,570.0,57.0,10.0,3.792824812060408,Medium
1934,Diva Fresh (Jasmine) 400g,Cleaning & Household,527,310,89590.0,10540.0,170.0,6.0309097665191,Fast
1935,Diva Fresh (Jasmine) 1kg,Cleaning & Household,52,30,16640.0,520.0,320.0,3.728954794471983,Medium
1936,Diva Fresh (Aqua) 200g,Cleaning & Household,63,31,2205.0,189.0,35.0,3.8469668521076965,Medium
1937,Diva Fresh (Sepalika) 400g,Cleaning & Household,524,301,39300.0,3668.0,75.0,6.014561202244085,Fast
1938,Diva Fresh (Rose) 60g,Cleaning & Household,61,39,1525.0,915.0,25.0,3.9299196661260716,Medium
1939,Diva Fresh (Purple lotus) 60g,Cleaning & Household,543,321,13575.0,8145.0,25.0,6.062970281265752,Fast
1940,britol super 45g,General Grocery,26,14,260.0,26.0,10.0,3.031332866798376,Slow
1941,britol super 1kg,General Grocery,28,15,4620.0,420.0,165.0,3.0996776315004624,Medium
1942,Harpc & Lysol (promo),General Grocery,28,17,11060.0,1260.0,395.0,3.1526799975458353,Medium
1943,Sunquick Fruit-Cocktail 330ml,General Grocery,24,13,15840.0,1440.0,660.0,2.957957502004377,Slow
1944,Sunquick Fruit-Cocktail 840ml,General Grocery,22,13,17380.0,1650.0,790.0,2.912097617087899,Slow
1945,Sunquick Orange 330ml,General Grocery,18,14,7560.0,1260.0,420.0,2.838064029037537,Slow
1946,Sunquick Orange 840ml,General Grocery,15,10,11850.0,1125.0,790.0,2.6039766699911464,Slow
1947,Sunquick Guava & Strawberry 330ml,General Grocery,23,13,9890.0,989.0,430.0,2.9355054050182368,Slow
1948,MD Mixed Fruit Jam 150g,General Grocery,18,10,4680.0,180.0,260.0,2.6984943113008093,Slow
1949,MD Mixed Fruit Jam 225g,General Grocery,8,7,2560.0,160.0,320.0,2.144222211290847,Slow
1950,MD Mixed Fruit Jam 300g,General Grocery,13,7,3250.0,292.5,250.0,2.3872302250443185,Slow
1951,MD Strawberry Jam 150g,General Grocery,28,12,6720.0,616.0,240.0,3.0062399173502525,Slow
1952,MD Strawberry Jam 225g,General Grocery,20,11,3800.0,345.0,190.0,2.792695333152483,Slow
1953,MD Strawberry Jam 300g,General Grocery,29,16,7250.0,1186.1,250.0,3.1456045647394832,Medium
1954,MD Pineapple Jam 150g,General Grocery,35,13,8400.0,763.6999999999999,240.0,3.158511214477727,Medium
1955,MD Pineapple Jam 225g,General Grocery,25,13,8000.0,500.0,320.0,2.9795288942386815,Slow
1956,MD Mango Chutney 300g,General Grocery,34,19,8840.0,802.4,260.0,3.3035209569184736,Medium
1957,MD Mango Chutney 460g,General Grocery,22,16,7260.0,660.0,330.0,2.99946782358633,Slow
1958,MD Tomato Sauce 400g,Cooking Essentials,167,42,46760.0,4250.15,280.0,4.510720240733896,Fast
1959,MD Tomato Paste 250g,General Grocery,21,10,6090.0,525.0,290.0,2.7791262221063406,Slow
1960,MD Tomato Puree245g,General Grocery,21,13,5670.0,525.0,270.0,2.8876491476739403,Slow
1961,Edinborough Tomato370g,General Grocery,18,9,4950.0,609.3000000000001,275.0,2.655604730388863,Slow
1962,Edinborough Chilli Paste 325g,Cooking Essentials,170,40,71400.0,3400.0,420.0,4.499022386093403,Fast
1963,Edinborough Chilli Paste 100g,Cooking Essentials,232,54,40600.0,3480.0,175.0,4.801371082815748,Fast
1964,Edinborough Mango Chutney 450g,General Grocery,48,21,30000.0,1200.0,625.0,3.531470267972087,Medium
1965,Edinborough Mango Chutney 200g,General Grocery,27,16,4455.0,405.0,165.0,3.1076584854216596,Medium
1966,Edinborough Lime Pickle200g,General Grocery,17,11,5015.0,255.0,295.0,2.707912459247491,Slow
1967,Edinborough Mustard Cream165g,Cooking Essentials,1738,388,321530.0,64323.38,185.0,6.787196737523157,Fast
1968,Edinborough Mustard Cream350g,Cooking Essentials,236,57,82600.0,26040.24,350.0,4.834632432370212,Fast
1969,Edinborough Mustard Cream695g,Cooking Essentials,260,61,145600.0,18423.600000000002,560.0,4.917696697297773,Fast
1970,Mity Mushrooms425g,General Grocery,24,12,8880.0,1560.0,370.0,2.9246089145352023,Slow
1971,Mity Baby Corn 425g,Baby & Kids,58,31,18560.0,1160.0,320.0,3.802226750408023,Medium
1973,Mity Green Peas400g,General Grocery,21,12,4305.0,105.0,205.0,2.8543005602047655,Slow
1974,Edinborough Mayonnaise200g,General Grocery,34,21,13600.0,3094.0,400.0,3.34641053783042,Medium
1975,Edinborough Mayonnaise350g,General Grocery,35,21,13825.0,350.0,395.0,3.3619045201621027,Medium
1976,Edinborough Fish Sauce350ml,"Meat, Fish & Frozen",16,8,5600.0,160.0,350.0,2.547018399032218,Slow
1977,Edinborough Chilli Sauce230g,Cooking Essentials,1456,331,247520.0,14560.0,170.0,6.618584879419783,Fast
1978,Edinborough B.B.Q Sauce350ml,General Grocery,501,260,290580.0,20040.0,580.0,5.924264249125663,Fast
1979,Edinborough Oyster Sauce385g,General Grocery,22,10,7700.0,220.0,350.0,2.803574691520299,Slow
1980,Edinborough Soya Sauce100ml,Cooking Essentials,142,35,32660.0,4260.0,230.0,4.342148068948198,Fast
1981,Edinborough Soya Sauce650ml,Cooking Essentials,177,35,38940.0,4425.0,220.0,4.462564474965896,Fast
1982,Edinborough Chocolate Topping270ml,Snacks & Confectionery,128,48,140800.0,12800.0,1100.0,4.424215956548702,Fast
1983,KIST Tomato Sauce865g,General Grocery,16,10,9600.0,320.0,600.0,2.6373202119901857,Slow
1984,KIST Tomato Sauce400g,General Grocery,17,13,8330.0,680.0,490.0,2.777280265169757,Slow
1985,KIST Tomato Sauce200g,General Grocery,19,12,3230.0,190.0,170.0,2.8018799613123866,Slow
1986,KIST Tomato Sauce 2L,Cooking Essentials,117,32,81900.0,11700.0,700.0,4.1973049461160326,Fast
1987,KIST Tomato Sauce 4L,Cooking Essentials,141,34,352500.0,14100.0,2500.0,4.32561150935093,Fast
1988,KIST Chilli Sauce190g,Cooking Essentials,170,41,28900.0,1700.0,170.0,4.509866284303979,Fast
1989,KIST Chilli Sauce375g,Cooking Essentials,215,47,69875.0,5375.0,325.0,4.6984435791348425,Fast
1990,KIST Kithul Treacle340ml,General Grocery,22,9,6160.0,220.0,280.0,2.760685110608353,Slow
1991,Edinborough Coconut Vinegar350ml,Cooking Essentials,155,38,13950.0,1550.0,90.0,4.426023544745586,Fast
1992,Edinborough Coconut Vinegar750ml,Cooking Essentials,146,34,19710.0,730.0,135.0,4.344644550398542,Fast
1993,Edinborough Lime Seasoning200ml,General Grocery,22,14,5940.0,1100.0,270.0,2.943144409257027,Slow
1994,Edinborough Artificial Vinegar350ml,General Grocery,30,17,1950.0,150.0,65.0,3.1893602535201047,Medium
1995,Edinborough Tomato Sauce200g,General Grocery,22,12,1870.0,110.0,85.0,2.8787490296187244,Slow
1996,KVC Tomato Sauce400g,General Grocery,561,286,84150.0,5610.0,150.0,6.02909301453336,Fast
1997,Choco Peanut Butter325g,General Grocery,313,160,187800.0,3130.0,600.0,5.448798106492548,Fast
1998,Crunchy Peanut Butter325g,General Grocery,1041,524,520500.0,52050.0,500.0,6.640422690438553,Fast
1999,Astra Mayonnaise295ml,General Grocery,20,10,9900.0,200.0,495.0,2.75354021350715,Slow
2000,Coopoliva Green Olives358ml,General Grocery,96,55,133440.0,24283.2,1390.0,4.327499299007678,Fast
2001,Bulerias Black Olives358ml,General Grocery,15,6,7050.0,150.0,470.0,2.4005833643067707,Slow
2002,Ocean Star Canned Fish 425g,"Meat, Fish & Frozen",1637,825,589320.0,57295.0,360.0,7.093144843511599,Fast
2003,Ocean Star Canned Fish 155g,"Meat, Fish & Frozen",1206,631,241200.0,12060.0,200.0,6.8047414989697295,Fast
2004,E.H Chicken Meat Balls 400g,"Meat, Fish & Frozen",32,19,9600.0,800.0,300.0,3.2711586819058605,Medium
2005,Marina Sun Flower Oil 500ml,Cooking Essentials,224,56,103040.0,11200.0,460.0,4.7982282917379795,Fast
2006,Marina Sun Flower Oil 1L,Cooking Essentials,277,69,246530.0,26315.0,890.0,5.007014471452062,Fast
2007,Marina Coconut Oil 200ml,Cooking Essentials,1385,291,260380.0,24930.0,188.0,6.533336659883144,Fast
2008,Marina Coconut Oil 350ml,Cooking Essentials,3686,872,1186892.0,99522.0,322.0,7.564283619156601,Fast
2009,Marina Coconut Oil 675ml,Cooking Essentials,1896,404,1270320.0,227520.0,670.0,6.8531651136622,Fast
2010,Marina Coconut Oil 500ml,Cooking Essentials,1074,238,483300.0,42960.0,450.0,6.303450365678151,Fast
2011,Marina Cooking Oil 500ml,Cooking Essentials,210,46,88200.0,10500.0,420.0,4.676088394181363,Fast
2012,Marina Vegetable Oil 500ml,Cooking Essentials,1426,351,556140.0,49910.0,390.0,6.633465318631404,Fast
2013,Marina Coconut Milk 400ml,Dairy & Chilled,1495,352,336375.0,37375.0,225.0,6.660713212813915,Fast
2014,Fortune Vegetable Oil 200ml,Cooking Essentials,242,50,82280.0,4840.0,340.0,4.790505328563248,Fast
2015,Fortune Vegetable Oil 500ml,Cooking Essentials,256,58,166400.0,12800.0,650.0,4.886883696449946,Fast
2016,Fortune Coconut Oil 675ml,Cooking Essentials,1646,385,905300.0,82300.0,550.0,6.753817717856876,Fast
2017,Turkey Cooking Oil 1L,Cooking Essentials,808,198,719120.0,48480.0,890.0,6.064676575508192,Fast
2018,Coopoliva Olive Oil 250ml,Cooking Essentials,397,94,1067930.0,75430.0,2690.0,5.3417932041266845,Fast
2019,Harischandra Noodles 400g,Staples & Dry Groceries,3395,818,509250.0,91665.0,150.0,7.490332288821063,Fast
2020,Harischandra Noodles 400g (2minutes),Staples & Dry Groceries,2764,642,414600.0,69100.0,150.0,7.268402878582968,Fast
2021,Harischandra Thosai Mixture 400g,General Grocery,28,14,7000.0,700.0,250.0,3.0706352969885558,Medium
2022,Harischandra Kurakkan Flour 400g,Staples & Dry Groceries,143,32,57200.0,7150.0,400.0,4.306825717426717,Fast
2023,San Remo Pasta (Elbows) 500g,Staples & Dry Groceries,124,35,52700.0,4960.0,425.0,4.268156077821516,Fast
2024,San Remo Pasta (Small Shells) 500g,Staples & Dry Groceries,210,48,89250.0,14630.7,425.0,4.6948411075616185,Fast
2025,San Remo Pasta (Spirals) 500g,Staples & Dry Groceries,168,42,71400.0,6720.0,425.0,4.513984345269794,Fast
2026,San Remo Spaghetti 500g,General Grocery,16,8,6800.0,640.0,425.0,2.547018399032218,Slow
2027,Verda Spaghetti 400g,General Grocery,43,17,30960.0,5075.29,720.0,3.381971589708318,Medium
2028,Sera Festive Noodles 325g,Staples & Dry Groceries,117,33,15210.0,1521.0,130.0,4.210738779533389,Fast
2029,Sera Regular Noodles 400g,Staples & Dry Groceries,1171,282,140520.0,14052.0,120.0,6.427007937514784,Fast
2030,Prima Kottu-Mee (Hot'n'Spicy) 80g,General Grocery,34,14,2380.0,391.0,70.0,3.1740640243151725,Medium
2031,Prima Kottu-Mee (Masala) 78g,General Grocery,50,23,3000.0,300.0,60.0,3.592628321654955,Medium
2032,Prima Kottu-Mee (Cheese&Onion)80g,Dairy & Chilled,66,35,3960.0,396.0,60.0,3.925164462970281,Medium
2033,Prima Kottu-Mee (Chicken) 78g,"Meat, Fish & Frozen",25,13,1500.0,150.0,60.0,2.9795288942386815,Slow
2034,Prima Toppz 80g,General Grocery,24,12,1488.0,168.0,62.0,2.9246089145352023,Slow
2035,Prima Stella Chicken 74g,"Meat, Fish & Frozen",28,17,1680.0,168.0,60.0,3.1526799975458353,Medium
2036,Prima Instant Noodles 345g,Staples & Dry Groceries,1225,294,269500.0,63700.0,220.0,6.470470574425805,Fast
2038,Raigam Deveni Batha 350g,General Grocery,29,16,9570.0,870.0,330.0,3.1456045647394832,Medium
2040,Edinborough Nelli Syrup 750ml,General Grocery,12,7,4320.0,889.3199999999999,360.0,2.346470840359771,Slow
2041,Edinborough Rose Syrup,General Grocery,27,12,8100.0,1944.0,300.0,2.9869396914540536,Slow
2042,Edinborough Eazy Cheezy (Cheddar)260g,General Grocery,22,13,7700.0,923.7800000000001,350.0,2.912097617087899,Slow
2043,Edinborough Eazy Cheezy 260g,General Grocery,21,13,9240.0,1663.2,440.0,2.8876491476739403,Slow
2044,Edinborough Tomato Sauce 230g,Cooking Essentials,167,43,28390.0,4176.67,170.0,4.52106552393501,Fast
2045,Edinborough Tomato Sauce 405g,Cooking Essentials,3492,822,977760.0,132696.0,280.0,7.50801422494844,Fast
2046,Edinborough Tomato Sauce 375g,Cooking Essentials,3305,810,594900.0,59490.0,180.0,7.47114247746147,Fast
2047,Edinborough Chilli Sauce 405g,Cooking Essentials,1295,306,375550.0,54402.95,290.0,6.51895231871596,Fast
2048,Edinborough Oyster Sauce 210g,Cooking Essentials,1304,308,443360.0,52160.0,340.0,6.525680650470223,Fast
2049,Mity Sesame Oil 200ml,Cooking Essentials,248,57,161200.0,29264.0,650.0,4.861798447801478,Fast
2050,Delmage Essence 200ml,General Grocery,25,10,7250.0,250.0,290.0,2.8710059686710823,Slow
2051,Motha Jelly (apple)200g,Snacks & Confectionery,512,170,97280.0,5120.0,190.0,5.74590031527012,Fast
2052,Motha Jelly (apple)100g,Snacks & Confectionery,152,49,15200.0,1520.0,100.0,4.5271512092085056,Fast
2053,Motha Cocoa Powder 50g,General Grocery,37,22,5180.0,370.0,140.0,3.4116447850176295,Medium
2054,Kelloggs Corn flakes 120g,General Grocery,31,13,10230.0,930.0,330.0,3.093730544866716,Medium
2055,Maggi Coconut Milk Powder 25g,Dairy & Chilled,1112,242,44480.0,4448.0,40.0,6.330025542704798,Fast
2056,Maggi Coconut Milk Powder 125g,Dairy & Chilled,6332,1484,1329720.0,82316.0,210.0,8.100867658140597,Fast
2058,Maggi Coconut Milk Powder 1kg,Dairy & Chilled,383,96,1321350.0,67764.19,3450.0,5.331473344249773,Fast
2059,Renuka Coconut Milk Powder 300g,Dairy & Chilled,2481,591,1228095.0,49620.0,495.0,7.171828966868308,Fast
2060,Maggi Chicken Cubes 4g,"Meat, Fish & Frozen",15,9,375.0,225.0,25.0,2.5610870890792006,Slow
2061,Maggi Papare Spicy Chicken 74g,"Meat, Fish & Frozen",24,11,1560.0,135.35999999999999,65.0,2.8885896960821107,Slow
2062,Maggi Papare Kottu 77g,General Grocery,21,10,1260.0,126.0,60.0,2.7791262221063406,Slow
2063,Maggi Chicken 73g,"Meat, Fish & Frozen",33,14,2145.0,198.0,65.0,3.1581208790348834,Medium
2064,Anchor PediaPro (1-2 years) 350g,Dairy & Chilled,65,31,49075.0,7062.25,755.0,3.863891264374411,Medium
2065,Anchor PediaPro (2-5 years) 350g,Dairy & Chilled,65,33,45175.0,3162.25,695.0,3.8911723441918067,Medium
2066,CocaCola 250ml,General Grocery,43,23,5160.0,860.0,120.0,3.5114285223116193,Medium
2067,CocaCola 400ml,General Grocery,27,14,5400.0,486.0,200.0,3.051335071092357,Medium
2068,CocaCola 1050ml,General Grocery,1324,706,397200.0,26480.0,300.0,6.906506055784636,Fast
2069,CocaCola 1.5L,General Grocery,1388,727,582960.0,27760.0,420.0,6.945622110203399,Fast
2070,Sprite 250ml,Beverages,447,167,53640.0,8940.0,120.0,5.6634200685597085,Fast
2071,Sprite 400ml,Beverages,137,45,27400.0,2466.0,200.0,4.432878155256556,Fast
2072,Sprite 1050ml,Beverages,192,64,57600.0,3840.0,300.0,4.772953875350725,Fast
2073,Sprite 1.5L,Beverages,107,45,44940.0,4280.0,420.0,4.298060803338414,Fast
2074,Fanta 1050ml,Beverages,125,44,37500.0,1875.0,300.0,4.372953169219957,Fast
2075,Milkmaid 390g,General Grocery,48,26,16800.0,1920.0,350.0,3.623627753662793,Medium
2076,Fanta 1.5ml,Beverages,138,47,55200.0,2760.0,400.0,4.456001118130431,Fast
2077,Fanta Cream soda 400ml,Personal Care,59,31,4720.0,472.0,80.0,3.811470665482032,Medium
2078,Portello 1050ml,General Grocery,27,12,6750.0,810.0,250.0,2.9869396914540536,Slow
2079,Portello 1.5L,General Grocery,50,20,10000.0,500.0,200.0,3.5325391949739195,Medium
2080,Lion Club Soda 400ml,General Grocery,31,16,3100.0,248.0,100.0,3.1811007513651473,Medium
2081,Lion Club Soda 1050ml,General Grocery,22,13,3960.0,440.0,180.0,2.912097617087899,Slow
2082,Lion Club Soda 1.5L,General Grocery,19,11,2850.0,190.0,150.0,2.7658607428592954,Slow
2083,Lion Ginger Beer 400ml,Cooking Essentials,177,41,26550.0,2655.0,150.0,4.531932280888163,Fast
2084,Elephant House Soda 500ml,General Grocery,11,5,1320.0,165.0,120.0,2.172990418536025,Slow
2085,Elephant House Soda 1.5L,General Grocery,29,15,7250.0,725.0,250.0,3.118323484922087,Medium
2086,Elephant House Tonic 500ml,General Grocery,8,6,1600.0,160.0,200.0,2.084133084609812,Slow
2087,Elephant House Necto 500ml,General Grocery,23,11,4600.0,460.0,200.0,2.8661375990959703,Slow
2088,Elephant House Necto 1L,General Grocery,21,9,6300.0,420.0,300.0,2.7362366411943944,Slow
2089,Elephant House Necto 2L,General Grocery,28,13,7000.0,420.0,250.0,3.0395885048194273,Slow
2090,Elephant House Orange Crush 500ml,General Grocery,31,13,6200.0,620.0,200.0,3.093730544866716,Medium
2091,Elephant House Orange Crush 1L,General Grocery,29,15,8700.0,580.0,300.0,3.118323484922087,Medium
2092,Elephant House Orange Crush 2L,General Grocery,26,12,6500.0,390.0,250.0,2.966937487160073,Slow
2093,Elephant House Cream Soda 500ml,Personal Care,42,24,8400.0,840.0,200.0,3.51715418482215,Medium
2094,Elephant House Cream Soda 1L,Personal Care,49,30,14700.0,980.0,300.0,3.696906895003796,Medium
2095,Elephant House Cream Soda 2L,Personal Care,47,26,11750.0,705.0,250.0,3.612287145701288,Medium
2096,Elephant House Ginger Beer 500ml,Cooking Essentials,170,41,34000.0,3400.0,200.0,4.509866284303979,Fast
2097,Elephant House Ginger Beer 1.5L,Cooking Essentials,185,48,74000.0,5550.0,400.0,4.625479804692043,Fast
2098,Marmite 55g,General Grocery,25,16,5000.0,327.25,200.0,3.0668991007371127,Medium
2100,Prima Swiss Roll 225g,General Grocery,27,14,8775.0,1215.0,325.0,3.051335071092357,Medium
2101,BunTalk Cream Bun (3in1),Personal Care,41,25,4920.0,410.0,120.0,3.5218617321655197,Medium
2102,BunTalk Rusk 80g,General Grocery,34,20,3400.0,340.0,100.0,3.325476530794718,Medium
2103,BunTalk Better Biscuit 10pcs,Snacks & Confectionery,127,49,12700.0,1270.0,100.0,4.429026997598455,Fast
2104,Kandos Milk Choco 10g,Dairy & Chilled,625,320,6250.0,1250.0,10.0,6.1387912095135615,Fast
2105,Kandos Milk Choco 20g,Dairy & Chilled,121,63,2420.0,484.0,20.0,4.513708962115143,Fast
2106,Kandos Milk Choco 50g,Dairy & Chilled,84,41,4200.0,840.0,50.0,4.1254095192971905,Medium
2107,Kandos Milk Choco 45g,Dairy & Chilled,116,57,13920.0,2784.0,120.0,4.446395018884655,Fast
2108,Kandos Nut Milk Choco 40g,Dairy & Chilled,92,44,4600.0,920.0,50.0,4.205927841630935,Fast
2109,Kandos Milk Extra Creamy 100g,Dairy & Chilled,92,55,27600.0,5520.0,300.0,4.304337982065109,Fast
2110,Kandos Crispy Malt 105g,General Grocery,30,15,3600.0,720.0,120.0,3.136357887474732,Medium
2111,Kandos Cracker Jack 45g,Snacks & Confectionery,170,56,20400.0,4080.0,120.0,4.647288026602011,Fast
2112,Kandos Cashewnut 45g,General Grocery,43,18,6020.0,1204.0,140.0,3.4063018392799416,Medium
2113,Kandos Cashewnut  100g,General Grocery,37,20,11840.0,2960.0,320.0,3.3707074848250524,Medium
2114,Kandos Choconuts 70g,General Grocery,23,15,1840.0,368.0,80.0,2.995594531699272,Slow
2115,Kandos Choconuts 90g,General Grocery,22,10,2200.0,440.0,100.0,2.803574691520299,Slow
2116,Kandos Promises 120g,General Grocery,18,13,6660.0,1332.0,370.0,2.8070172368684085,Slow
2117,Signal Fighter (T.B),General Grocery,22,12,1364.0,242.0,62.0,2.8787490296187244,Slow
2118,Signal Deep Clean (T.B),General Grocery,23,14,1679.0,252.08,73.0,2.966552197187365,Slow
2119,Rexona Powder Dry Whitening 50ml,General Grocery,28,15,12600.0,2047.3600000000001,450.0,3.0996776315004624,Medium
2120,Rexona Passion 25ml,General Grocery,26,13,6500.0,1056.12,250.0,3.0002860746292477,Slow
2121,Dove Shampoo (Oxygen) 180ml,Personal Care,68,40,21420.0,3570.0,315.0,3.9998660075454318,Medium
2122,Sunsilk Shampoo (Egg) 80ml,Personal Care,61,35,7625.0,786.9,125.0,3.88250743408005,Medium
2123,Pears Baby Soap (Pure & Gentle) 95g,Baby & Kids,71,43,5822.0,1045.83,82.0,4.055051700722048,Medium
2124,Vaseline Healthy Bright 100ml,General Grocery,24,14,6240.0,999.8399999999999,260.0,2.989004294173505,Slow
2126,Sunlight 2in1 (Rose) 200g,Cleaning & Household,534,311,48060.0,5340.0,90.0,6.039598145307071,Fast
2127,Sunlight 2in1 (Rose) 400g,Cleaning & Household,32,21,2560.0,232.96,80.0,3.3140482628178063,Medium
2128,Sunlight 2in1 (Rose) 550g,Cleaning & Household,45,28,4455.0,405.0,99.0,3.621035891562916,Medium
2129,Sunlight 2in1 (Sakura) 550g,Cleaning & Household,34,19,3366.0,306.0,99.0,3.3035209569184736,Medium
2130,Prima Pittu Flour 1kg,Staples & Dry Groceries,1261,286,170235.0,6305.0,135.0,6.4740161707974675,Fast
2131,Prima Chakki Atta Flour 1kg,Staples & Dry Groceries,171,41,29925.0,4275.0,175.0,4.513073290474915,Fast
2132,Prima Family Flour 1kg,Staples & Dry Groceries,145,36,35525.0,3625.0,245.0,4.365896702629486,Fast
2133,A&S Red Rice Flour 900g,Staples & Dry Groceries,288,68,103680.0,4320.0,360.0,5.021882605530605,Fast
2134,Asoka Red Rice Flour 900g,Staples & Dry Groceries,1009,223,166485.0,5045.0,165.0,6.239978808744185,Fast
2135,Lanka Salt 1kg,Staples & Dry Groceries,189,32,22680.0,3780.0,120.0,4.459291642348184,Fast
2136,Wijaya Table Salt 400g,Staples & Dry Groceries,171,48,10260.0,1710.0,60.0,4.582441096397181,Fast
2137,Lanka Table Salt 400g,Staples & Dry Groceries,133,35,13300.0,6650.0,100.0,4.306395412278251,Fast
2138,Raigam Table Salt 400g,Staples & Dry Groceries,126,29,6930.0,630.0,55.0,4.194841719300195,Fast
2139,Biscuit Powder 300g,Snacks & Confectionery,143,55,12870.0,2860.0,90.0,4.544805575597618,Fast
2140,Mini Chips (tomato flavour)27g,Snacks & Confectionery,123,40,4920.0,615.0,40.0,4.322262291099709,Fast
2141,Mini Chips (curry flavour)27g,Cooking Essentials,1356,331,54240.0,6780.0,40.0,6.5794781489215985,Fast
2142,Litro Gas 12.5kg,General Grocery,20,11,75475.6,3555.6,3773.78,2.792695333152483,Slow
2143,Litro Gas 37.5kg,General Grocery,36,21,597312.0,21312.0,16592.0,3.376973955965566,Medium
2144,Litro Gas 5kg,General Grocery,30,17,45974.1,2161.5,1532.47,3.1893602535201047,Medium
2145,Litro Gas 2.4kg,General Grocery,22,10,15996.2,759.44,727.1,2.803574691520299,Slow
2146,Litro Gas Accessory Pack,General Grocery,33,15,44220.0,4785.0,1340.0,3.1871632135467904,Medium
2147,Litro Gas Regulators,General Grocery,23,11,52900.0,6900.0,2300.0,2.8661375990959703,Slow
2148,Hose,General Grocery,6,4,4800.0,600.0,800.0,1.7944976425757675,Slow
2149,Prima Kottu Mee 67g,General Grocery,9,8,945.0,45.0,105.0,2.2551728609480244,Slow
2150,Maggi Seasoning Powder 500g,General Grocery,9,6,11250.0,540.9,1250.0,2.1420813682216164,Slow
2151,Laxapana 9v,General Grocery,26,13,9100.0,1092.0,350.0,3.0002860746292477,Slow
2152,Orange AA 1.5V,General Grocery,26,11,1040.0,130.0,40.0,2.9309182687069812,Slow
2153,Singer AAA 1.5V,General Grocery,30,17,1350.0,180.0,45.0,3.1893602535201047,Medium
2154,Singer R20P 1.5v,General Grocery,30,14,3300.0,600.0,110.0,3.107315552962825,Medium
2155,Multi Plug,General Grocery,15,8,3300.0,600.0,220.0,2.5136748570331786,Slow
2156,Philips Classic Tone 40W,General Grocery,17,10,1700.0,170.0,100.0,2.6687573396021573,Slow
2157,Philips Classic Tone 60w,General Grocery,41,19,4100.0,410.0,100.0,3.4037978131551485,Medium
2158,Philips Classic Tone 75w,General Grocery,25,12,2500.0,250.0,100.0,2.9461803067695067,Slow
2159,Philips Classic Tone 100w,General Grocery,20,10,2000.0,200.0,100.0,2.75354021350715,Slow
2160,Red Bull 250ml,General Grocery,16,10,12000.0,800.0,750.0,2.6373202119901857,Slow
2161,Kist Ride 250ml,General Grocery,24,12,8400.0,240.0,350.0,2.9246089145352023,Slow
2162,Wijaya Chilli Pieces 50g,Cooking Essentials,852,196,48564.0,9372.0,57.0,6.089259429052519,Fast
2163,Wijaya Chilli Pieces 100g,Cooking Essentials,252,58,28728.0,5544.0,114.0,4.878256068557711,Fast
2164,Wijaya Chilli Pieces 250g,Cooking Essentials,856,200,243960.0,47080.0,285.0,6.1008780638553635,Fast
2165,Wijaya Chilli Pieces 500g,Cooking Essentials,222,46,99900.0,9990.0,450.0,4.706510895072592,Fast
2166,Wijaya Chilli Powder 50g,Cooking Essentials,183,48,10431.0,1281.0,57.0,4.619533800834724,Fast
2167,Wijaya Chilli Powder 100g,Cooking Essentials,258,59,29412.0,5676.0,114.0,4.898710486934691,Fast
2168,Wijaya Chilli Powder 250g,Cooking Essentials,177,43,50445.0,9735.0,285.0,4.552866287923864,Fast
2169,Wijaya Chilli Powder 500g,Cooking Essentials,212,51,99640.0,13780.0,470.0,4.726770364501827,Fast
2170,Wijaya Curry Powder 50g,Cooking Essentials,2871,671,143550.0,14355.0,50.0,7.309136414827881,Fast
2171,Wijaya Curry Powder 100g,Cooking Essentials,1392,315,141984.0,18096.0,102.0,6.571652231693005,Fast
2172,Wijaya Curry Powder 250g,Cooking Essentials,3776,857,1699200.0,188800.0,450.0,7.569748772261436,Fast
2173,Wijaya Pepper Powder 25g,Cooking Essentials,271,62,14905.0,1897.0,55.0,4.947601763338989,Fast
2174,Wijaya Pepper Powder 50g,Cooking Essentials,216,51,25488.0,4968.0,118.0,4.737003217808896,Fast
2175,Wijaya Pepper Powder 100g,Cooking Essentials,264,61,62304.0,12144.0,236.0,4.926061877562713,Fast
2176,Wijaya Roasted Curry Powder 50g,Cooking Essentials,1466,338,80630.0,10262.0,55.0,6.631736176299843,Fast
2177,Wijaya Roasted Chilly Powder 100g,General Grocery,27,13,3456.0,351.0,128.0,3.0202882789232284,Slow
2178,Wijaya Meat Curry Powder 50g,Cooking Essentials,270,63,24300.0,3780.0,90.0,4.952662738995688,Fast
2179,Wijaya Mustard Powder 50g,Cooking Essentials,191,46,7640.0,1146.0,40.0,4.624188875384807,Fast
2180,Wijaya Mustard Seeds 50g,Cooking Essentials,224,47,6720.0,1120.0,30.0,4.720895676120982,Fast
2181,Wijaya Mustard Seeds 100g,Cooking Essentials,245,53,12250.0,1960.0,50.0,4.8229751657167235,Fast
2182,Wijaya Coriander Seeds 50g,General Grocery,31,14,1178.0,155.0,38.0,3.1247773370358445,Medium
2183,Wijaya Fenugreek 50g,General Grocery,20,11,700.0,200.0,35.0,2.792695333152483,Slow
2184,Wijaya Fenugreek 100g,General Grocery,25,14,1250.0,200.0,50.0,3.01057568640781,Slow
2185,Wijaya Sago 100g,General Grocery,18,12,900.0,144.0,50.0,2.7736686493992337,Slow
2186,Wijaya Gram Flour 400g,Staples & Dry Groceries,145,37,26100.0,2900.0,180.0,4.377897413816458,Fast
2187,Wijaya Garcinia 50g,General Grocery,16,10,720.0,80.0,45.0,2.6373202119901857,Slow
2188,Wijaya Pappadam 70g,General Grocery,24,12,3600.0,480.0,150.0,2.9246089145352023,Slow
2189,Freelan Meat Curry Powder 50g,Cooking Essentials,222,50,28860.0,6660.0,130.0,4.743266009029012,Fast
2190,Freelan Meat Curry Powder 250g,Cooking Essentials,1349,325,566580.0,121410.0,420.0,6.56842675090288,Fast
2191,Freelan Meat Curry Powder 20g,Cooking Essentials,195,46,4875.0,780.0,25.0,4.635529483346311,Fast
2192,Freelan Curry Powder 50g,Cooking Essentials,264,56,12144.0,1584.0,46.0,4.88822447481797,Fast
2193,Freelan Chilli  Powder 50g,Cooking Essentials,179,44,8950.0,1432.0,50.0,4.56912438838626,Fast
2194,Freelan Chilli  Powder 100g,Cooking Essentials,1501,355,150100.0,18012.0,100.0,6.666722886661658,Fast
2195,Freelan Chilli  Pieces 50g,Cooking Essentials,245,59,12250.0,1960.0,50.0,4.8703873977627445,Fast
2196,Freelan Chilli  Pieces 100g,Cooking Essentials,261,51,26100.0,3132.0,100.0,4.840649150430246,Fast
2197,Freelan Dhall Curry Mix 50g,Cooking Essentials,206,57,10300.0,1648.0,50.0,4.760194691041842,Fast
2198,Freelan Papadam 60g,General Grocery,19,11,1520.0,152.0,80.0,2.7658607428592954,Slow
2199,Freelan Rasam 90g,General Grocery,13,9,1170.0,130.0,90.0,2.487644823135713,Slow
2200,Knorr mix 8g,General Grocery,30,13,750.0,90.0,25.0,3.076268760793697,Medium
2201,Aji-No-Moto 35g,General Grocery,29,12,2175.0,232.0,75.0,3.0248857707718773,Slow
2202,Bawani Pappadam 70g,General Grocery,23,11,1909.0,230.0,83.0,2.8661375990959703,Slow
2203,Turmeric Paste 50g,Cooking Essentials,253,58,31625.0,3795.0,125.0,4.8804256966177695,Fast
2204,Goraka Paste 100g,General Grocery,552,290,44160.0,5520.0,80.0,6.026442371064457,Fast
2205,Goraka Paste 250g,General Grocery,796,404,119400.0,19900.0,150.0,6.376219253532561,Fast
2206,Knorr Buriyani Mix,General Grocery,23,13,2300.0,345.0,100.0,2.9355054050182368,Slow
2207,Sapthami Incense Sticks,General Grocery,37,18,3700.0,555.0,100.0,3.3256699284744107,Medium
2208,Asoka Super7 Incense Sticks,General Grocery,19,12,1710.0,190.0,90.0,2.8018799613123866,Slow
2209,Amritha Incense Sticks (sandalwood),General Grocery,31,16,3100.0,465.0,100.0,3.1811007513651473,Medium
2210,Amritha Incense Sticks (4in1),General Grocery,24,14,3600.0,600.0,150.0,2.989004294173505,Slow
2211,Amritha Incense Sticks (Lavender),General Grocery,18,11,2700.0,540.0,150.0,2.7376494309461425,Slow
2212,Amritha Incense Sticks (Jasmine),General Grocery,22,12,1870.0,286.0,85.0,2.8787490296187244,Slow
2213,Amritha Incense Sticks,General Grocery,24,13,3600.0,600.0,150.0,2.957957502004377,Slow
2214,Amritha Incense Sticks (Red-Rose),General Grocery,16,11,2400.0,400.0,150.0,2.676475331635519,Slow
2215,Amritha Incense Sticks (gia),General Grocery,13,8,1300.0,195.0,100.0,2.4402325910896914,Slow
2216,Amaa Incense Sticks,General Grocery,21,14,1050.0,168.0,50.0,2.9186959398430687,Slow
2217,Anarva Incense Sticks,General Grocery,25,14,2000.0,250.0,80.0,3.01057568640781,Slow
2218,Sadew Incense Sticks,General Grocery,18,9,900.0,144.0,50.0,2.655604730388863,Slow
2219,Super Six Incense Sticks,General Grocery,29,15,580.0,87.0,20.0,3.118323484922087,Medium
2220,Soorya Incense Sticks,General Grocery,13,7,1040.0,130.0,80.0,2.3872302250443185,Slow
2221,Ganesha Incense Sticks,General Grocery,29,15,2465.0,435.0,85.0,3.118323484922087,Medium
2222,Pooja Candle Wicks,General Grocery,30,16,300.0,60.0,10.0,3.163638967292128,Medium
2223,Seedevi Candle Wicks,General Grocery,27,16,945.0,189.0,35.0,3.1076584854216596,Medium
2224,Sumudu Sambrani,General Grocery,39,18,2340.0,585.0,60.0,3.3538812403875635,Medium
2225,Royal Candles (large),General Grocery,21,14,6720.0,2520.0,320.0,2.9186959398430687,Slow
2226,Royal Candles (Small),General Grocery,51,24,12240.0,2040.0,240.0,3.621678166410476,Medium
2227,Cavadi Camphor,General Grocery,12,9,4200.0,600.0,350.0,2.446885438451166,Slow
2228,Britol Air Freshener (lavender)45g,General Grocery,26,13,3120.0,520.0,120.0,3.0002860746292477,Slow
2229,Britol Air Freshener (Rose)45g,General Grocery,16,7,1920.0,320.0,120.0,2.494016032986845,Slow
2230,Britol Air Freshener (gardenia)45g,General Grocery,19,11,2280.0,380.0,120.0,2.7658607428592954,Slow
2231,Mosq-Guard  55ml,General Grocery,13,11,4875.0,975.0,375.0,2.5696895236929924,Slow
2232,Siddhalepa Bee-Honey 90ml,Health & Medicine,20,14,8000.0,1000.0,400.0,2.8931099312438775,Slow
2233,Siddhalepa Mahanarayana Oil 30ml,Health & Medicine,68,13,9520.0,1360.0,140.0,3.51633437585536,Medium
2234,Siddhalepa Neelayadi Oil 30ml,Health & Medicine,55,13,4675.0,550.0,85.0,3.401519228231199,Medium
2235,Siddhalepa Castor Oil 30ml,Health & Medicine,50,12,5500.0,1000.0,110.0,3.3167313088560713,Medium
2236,Siddhalepa Pas Oil 30ml,Health & Medicine,52,14,3900.0,520.0,75.0,3.402283142949662,Medium
2237,Siddhalepa Siddhartha Oil 30ml,Health & Medicine,30,9,3750.0,450.0,125.0,2.924856254314151,Slow
2238,Siddhalepa Batu Oil 30ml,Health & Medicine,75,14,8625.0,1125.0,115.0,3.600525927653477,Medium
2239,Siddhalepa Ghee Oil 30ml,Health & Medicine,49,13,6370.0,735.0,130.0,3.3391884513123467,Medium
2240,Siddhalepa Mustard Oil 30ml,Health & Medicine,128,29,12800.0,1280.0,100.0,4.203435644146889,Fast
2241,Siddhalepa Peenas Oil 30ml,Health & Medicine,60,14,6900.0,900.0,115.0,3.479603215791316,Medium
2242,Siddhalepa Pinda Oil 30ml,Health & Medicine,96,22,12480.0,1440.0,130.0,3.9270634353449783,Medium
2243,Siddhalepa Gingelly Oil 30ml,Health & Medicine,45,13,4500.0,540.0,100.0,3.2933285663958687,Medium
2244,Siddhalepa Sarwavishadi Oil 30ml,Health & Medicine,46,10,5980.0,690.0,130.0,3.196634053699799,Medium
2245,Siddhalepa Kolasleshma Oil 30ml,Health & Medicine,63,11,8820.0,1260.0,140.0,3.4055936882524196,Medium
2246,Siddhalepa Vatha Oil 30ml,Health & Medicine,18,5,2160.0,270.0,120.0,2.425733199694167,Slow
2249,Sponge Scourer 4in1,Cleaning & Household,58,27,2320.0,580.0,40.0,3.742137623726988,Medium
2250,Sponge Double Layer,Cleaning & Household,47,28,1175.0,235.0,25.0,3.6444436794932535,Medium
2251,Sponge Single,Cleaning & Household,48,33,960.0,192.0,20.0,3.7273634000381177,Medium
2252,Steel Scourer 30g,General Grocery,26,17,1560.0,260.0,60.0,3.1133775673556556,Medium
2253,Brush,General Grocery,43,21,1505.0,215.0,35.0,3.4722734026662856,Medium
2254,Soap Box,Personal Care,38,27,1900.0,570.0,50.0,3.514450934950147,Medium
2255,Water (Rainbow) 500ml,Beverages,113,34,3955.0,1412.5,35.0,4.2048157742872085,Fast
2256,Water (Rainbow) 1000ml,Beverages,87,35,11310.0,2610.0,130.0,4.075118770268263,Medium
2257,Water (Nature's)1500ml,Beverages,129,43,9030.0,3870.0,70.0,4.380029283013788,Fast
2258,Water  18.9L,Beverages,121,39,54450.0,12100.0,450.0,4.302207328954562,Fast
2259,Kizz Strawberry Drink 215ml,Beverages,110,40,11000.0,550.0,100.0,4.261349040738723,Fast
2260,Kizz Apple Drink 215ml,Beverages,125,48,12500.0,625.0,100.0,4.411274182973095,Fast
2261,Sunquick  Orange Fruit Drink 200ml,Beverages,976,319,58560.0,4880.0,60.0,6.382212106730728,Fast
2262,Kist Apple Juice 1L,Beverages,99,38,44550.0,990.0,450.0,4.181446343051792,Fast
2263,Kist Green Apple Juice 1L,Beverages,119,45,53550.0,1190.0,450.0,4.356009086950218,Fast
2264,Highland Chocolate Milk 180ml,Dairy & Chilled,97,49,9700.0,1940.0,100.0,4.28214246571148,Fast
2265,Rich Life Mixed Berry 200ml,General Grocery,22,13,1650.0,187.0,75.0,2.912097617087899,Slow
2266,Rasath Tripale Yoghurt 80g,Dairy & Chilled,82,40,3280.0,410.0,40.0,4.101469764305068,Medium
2267,Rasath Watalappan 80ml,General Grocery,29,16,1740.0,435.0,60.0,3.1456045647394832,Medium
2268,Rasath jelly Pudin 80ml,Snacks & Confectionery,108,38,5400.0,540.0,50.0,4.2288440759843695,Fast
2269,Highland Dairy Ice Cream (vanilla)1L,Personal Care,66,40,17160.0,660.0,260.0,3.98368837068197,Medium
2270,Highland Dairy Ice Cream (vanilla)2L,Personal Care,47,28,22090.0,470.0,470.0,3.6444436794932535,Medium
2271,Highland Dairy Ice Cream (coffee)1L,Personal Care,36,22,12600.0,360.0,350.0,3.396977249122441,Medium
2272,Highland Dairy Ice Cream (chocolate)1L,Personal Care,53,32,14310.0,530.0,270.0,3.7673696282702673,Medium
2273,Highland Dairy Ice Cream (butter scotch)1L,Personal Care,500,305,175000.0,5000.0,350.0,5.994746651475247,Fast
2274,MDK Koththu Rotti 1kg,General Grocery,23,14,8625.0,1265.0,375.0,2.966552197187365,Slow
2275,MDK Parata Rotti 500g,General Grocery,23,12,3910.0,230.0,170.0,2.902156817549062,Slow
2276,T.R.M. Kekulu Rice 1kg,Staples & Dry Groceries,1682,392,168200.0,8410.0,100.0,6.773797582146111,Fast
2277,Ruby Supiri White Rice 1kg,Staples & Dry Groceries,1081,217,237820.0,21620.0,220.0,6.265634330928625,Fast
2278,Araliya Premium Keeri Samba Rice 1kg,Staples & Dry Groceries,277,67,41550.0,1385.0,150.0,4.993970079859099,Fast
2279,Araliya Premium Samba Rice 1kg,Staples & Dry Groceries,3475,832,521250.0,34750.0,150.0,7.510765756486984,Fast
2280,Araliya Premium Nadu Rice 1kg,Staples & Dry Groceries,4162,926,499440.0,16648.0,120.0,7.6580742904618715,Fast
2281,Red Split Lentils (Cup) 1kg,General Grocery,32,19,14080.0,800.0,440.0,3.2711586819058605,Medium
2282,ProMate (CR80=),General Grocery,22,10,2860.0,572.0,130.0,2.803574691520299,Slow
2283,ProMate (CR80#),General Grocery,36,17,4680.0,936.0,130.0,3.286672143007598,Medium
2284,ProMate (CR120=),General Grocery,17,11,3145.0,629.0,185.0,2.707912459247491,Slow
2285,ProMate (CR120#),General Grocery,23,15,4255.0,851.0,185.0,2.995594531699272,Slow
2286,ProMate (CR160=),General Grocery,32,16,7680.0,1536.0,240.0,3.1980251636318617,Medium
2287,ProMate (CR200=),General Grocery,15,9,4350.0,870.0,290.0,2.5610870890792006,Slow
2288,Atlas Blank Book 80page,Stationery,28,14,1400.0,224.0,50.0,3.0706352969885558,Medium
2289,Atlas Double Ruled Book 80page,Stationery,32,14,1600.0,256.0,50.0,3.141701749302559,Medium
2290,Atlas Single Ruled Book 80page,Stationery,39,22,3120.0,390.0,80.0,3.4398560969307823,Medium
2291,Atlas Square Rule Book 80page,Stationery,37,20,2960.0,555.0,80.0,3.3707074848250524,Medium
2292,Atlas Single Ruled Book 120page,Stationery,309,160,21630.0,3244.5,70.0,5.4417467278565645,Fast
2293,Atlas Single Ruled Book 160page,Stationery,344,180,32680.0,5160.0,95.0,5.55327309343687,Fast
2294,Atlas Single Ruled Book 200page,Stationery,662,345,82750.0,11916.0,125.0,6.2041236933782,Fast
2295,Atlas Square Ruled Book 120page,Stationery,34,22,2380.0,357.0,70.0,3.366413830987295,Medium
2296,Atlas Square Ruled Book 160page,Stationery,27,18,2295.0,324.0,85.0,3.15771002122126,Medium
2297,Atlas Square Ruled Book 200page,Stationery,38,21,3420.0,380.0,90.0,3.4059280093825475,Medium
2298,Atlas CR Book Single Ruled (40p),Stationery,43,26,2795.0,279.5,65.0,3.5644308883569917,Medium
2299,Atlas CR Book Single Ruled (80p),Stationery,358,188,64440.0,7160.0,180.0,5.594613470445393,Fast
2300,Atlas CR Book Single Ruled (120p),Stationery,41,23,6560.0,1353.0,160.0,3.4858425137124285,Medium
2301,Atlas CR Book Single Ruled (160p),Stationery,49,20,17150.0,2450.0,350.0,3.521647749961021,Medium
2302,Chamara CR Book Single Ruled (80p),Stationery,45,20,4950.0,900.0,110.0,3.475787865044543,Medium
2303,Atlas CR Book Square Ruled (80p),Stationery,380,194,39900.0,5700.0,105.0,5.641389457673371,Fast
2304,Atlas CR Book Square Ruled (120p),Stationery,410,218,102500.0,20500.0,250.0,5.735308546390355,Fast
2305,Atlas CR Book Square Ruled (160p),Stationery,29,17,5655.0,870.0,195.0,3.1713258509674596,Medium
2306,Atlas CR Book Square Ruled (200p),Stationery,25,16,6000.0,1000.0,240.0,3.0668991007371127,Medium
2307,Passy Perfume Spray 22ml,Personal Care,38,22,8360.0,1710.0,220.0,3.425931302539423,Medium
2308,Passy Perfume Spray (Midnight)22ml,Personal Care,38,25,8360.0,1710.0,220.0,3.481102347480973,Medium
2309,Passy Perfume Spray(Wonder)22ml,Personal Care,48,28,10560.0,2160.0,220.0,3.6557842874547584,Medium
2310,Absolute Red Perfume Spray 22ml,Personal Care,33,20,7260.0,1485.0,220.0,3.3095333855144293,Medium
2312,Cameellia Perfume Spray 60ml,Personal Care,39,27,14430.0,2340.0,370.0,3.528375729341507,Medium
2313,Royal Marriage 22ml,General Grocery,25,14,5000.0,1250.0,200.0,3.01057568640781,Slow
2314,9X Natural Spray 22ml,General Grocery,22,11,4400.0,1100.0,200.0,2.8427298111656327,Slow
2315,Cool Blue Natural Spray 23ml,General Grocery,23,12,4600.0,1150.0,200.0,2.902156817549062,Slow
2316,Blue For Lady Natural Spray 23ml,General Grocery,36,17,7200.0,1800.0,200.0,3.286672143007598,Medium
2317,Sweet Love Natural Spray 23ml,Snacks & Confectionery,116,41,23200.0,5800.0,200.0,4.301146992366282,Fast
2318,Maliban Custard Cream 410g,Personal Care,45,31,9450.0,1275.75,210.0,3.6653339243288796,Medium
2319,Kist Orange Nectar 1L,Beverages,117,48,31590.0,3948.75,270.0,4.375195677605898,Fast
2320,Kist Woodapple Nectar 1L,Beverages,77,31,20790.0,2598.75,270.0,3.955771010939152,Medium
2321,Kist Apple Nectar 500ml,Beverages,133,48,19950.0,2493.75,150.0,4.445131024122784,Fast
2322,Kist Apple Nectar 1L,Beverages,126,43,34020.0,4252.5,270.0,4.367188232815442,Fast
2323,Kist Mixed Fruit Nectar 200ml,Beverages,413,156,24780.0,2849.7000000000003,60.0,5.589536898010662,Fast
2324,Kist Mixed Fruit Nectar 500ml,Beverages,137,50,20550.0,2568.75,150.0,4.479311061562409,Fast
2325,Kist Mixed Fruit Nectar 1L,Beverages,125,49,68750.0,6250.0,550.0,4.420365401265979,Fast
2326,Kist Mango Nectar 200ml,Beverages,136,49,8160.0,938.4,60.0,4.466399861648135,Fast
2327,Kist Mango Nectar 500ml,Beverages,79,33,11850.0,1481.25,150.0,3.9969768851479075,Medium
2328,Kist Mango Nectar 1L,Beverages,128,45,34560.0,4320.0,270.0,4.395785450819012,Fast
2329,"Kome Rice Cracker 45g (B,B,Q)",Staples & Dry Groceries,985,227,59100.0,5910.0,60.0,6.2347165280609484,Fast
2330,"Kome Rice Cracker 90G (B,B,Q)",Staples & Dry Groceries,1696,372,203520.0,20352.0,120.0,6.754849784718543,Fast
2331,CBL Chocolate Marie 90g,Snacks & Confectionery,136,42,7480.0,748.0,55.0,4.398529561267572,Fast
2332,CBL Chocolate Marie 200g,Snacks & Confectionery,130,38,16900.0,1690.0,130.0,4.329961268518974,Fast
2333,CBL Milk Cream Biscuits 390g,Personal Care,513,288,102600.0,10260.0,200.0,5.983114805650937,Fast
2334,CBL Wafer Stix 55g vanilla,Snacks & Confectionery,121,49,14520.0,1210.0,120.0,4.402621927045957,Fast
2336,White Rice Flour 400g,Staples & Dry Groceries,1065,246,85200.0,9127.050000000001,80.0,6.313642484081774,Fast
2337,Hopper Mixture 400g,General Grocery,25,11,3750.0,569.5,150.0,2.9101610883164155,Slow
2338,CBL Wafers (Vanilla) 400g,General Grocery,30,15,7800.0,780.0,260.0,3.136357887474732,Medium
2339,Maliban Snackers 25g,General Grocery,58,23,1450.0,145.0,25.0,3.672769817804722,Medium
2340,CBL Onion Biscuits 30g,Snacks & Confectionery,152,55,4560.0,456.0,30.0,4.578149117596657,Fast
2341,CBL Cheese Buttons Biscuits 30g,Dairy & Chilled,119,56,3570.0,357.0,30.0,4.452493529055673,Fast
2342,CBL Savoury Nuts Biscuits 30g,Snacks & Confectionery,867,313,26010.0,2601.0,30.0,6.308632286721907,Fast
2343,Maliban Chick Bits 30g,General Grocery,31,14,930.0,93.0,30.0,3.1247773370358445,Medium
2344,Coconut Oil 750ml (loose),Cooking Essentials,4162,960,2996640.0,166480.0,720.0,7.674283669993868,Fast
2345,Ruby White Samba 1kg,Staples & Dry Groceries,125,32,16250.0,625.0,130.0,4.233383451483229,Fast
2346,Knorr Chicken Cubes 10g,"Meat, Fish & Frozen",27,12,1620.0,270.0,60.0,2.9869396914540536,Slow
2347,R.L Drinking Yoghurt 180ml (Classic),Dairy & Chilled,92,44,13800.0,2760.0,150.0,4.205927841630935,Fast
2348,Glucorasa jujubes 100g,General Grocery,28,14,5040.0,560.0,180.0,3.0706352969885558,Medium
2349,Gold Leaf 12s,General Grocery,21,12,40320.0,1316.7,1920.0,2.8543005602047655,Slow
2350,Gold Leaf 1s,General Grocery,14,9,2240.0,73.08,160.0,2.525590902453536,Slow
2351,J.P. Gold 1s,General Grocery,16,7,720.0,22.4,45.0,2.494016032986845,Slow
2352,Dunhill Switch 1s,General Grocery,37,19,3515.0,148.0,95.0,3.348751910948808,Medium
2354,Dunhill Double Switch 1s,General Grocery,20,12,2900.0,134.60000000000002,145.0,2.8287145516055743,Slow
2355,Dunhill International 1s,General Grocery,24,13,1800.0,184.32,75.0,2.957957502004377,Slow
2356,Gold Leaf Cool 12s,General Grocery,19,12,14820.0,394.44000000000005,780.0,2.8018799613123866,Slow
2357,Iodex Head Fast 9g,General Grocery,28,16,5600.0,560.0,200.0,3.126958711317858,Medium
2358,Iodex Head Fast 18g,General Grocery,25,14,5750.0,616.0,230.0,3.01057568640781,Slow
2359,Iodex 18g,General Grocery,40,22,8000.0,857.2,200.0,3.4534370338554865,Medium
2360,Sweet Pop 50g,Snacks & Confectionery,118,40,8260.0,2360.0,70.0,4.29962535122828,Fast
2361,Soorya Wax Matches,General Grocery,21,12,420.0,105.0,20.0,2.8543005602047655,Slow
2362,Burj Lighter,General Grocery,19,9,950.0,380.0,50.0,2.683816042302016,Slow
2363,Nail Clippers,General Grocery,12,6,840.0,240.0,70.0,2.286381713678736,Slow
2364,Fems Aya 10p,General Grocery,23,12,2277.0,253.0,99.0,2.902156817549062,Slow
2365,Cheramy Nappy Wash Powder 1kg,Baby & Kids,48,28,25440.0,3221.2799999999997,530.0,3.6557842874547584,Medium
2366,Maliban Kahata Poronduwa Tea100g,General Grocery,24,12,2160.0,240.0,90.0,2.9246089145352023,Slow
2367,Aluminium Foil 37.5sq.ft,General Grocery,1345,316,759925.0,134500.0,565.0,6.5541966788573465,Fast
2368,Onion 1kg,General Grocery,19,11,5320.0,570.0,280.0,2.7658607428592954,Slow
2369,Dry Fish 1kg,"Meat, Fish & Frozen",18,10,16200.0,2700.0,900.0,2.6984943113008093,Slow
2370,Garlic 1kg,Cooking Essentials,188,40,84600.0,7520.0,450.0,4.554068288299742,Fast
2371,Cooking Oil 750ml (loose),Cooking Essentials,1343,322,1007250.0,94010.0,750.0,6.561816582045898,Fast
2372,Staples No10,General Grocery,20,11,500.0,60.0,25.0,2.792695333152483,Slow
2373,Dates 1kg,General Grocery,14,11,8400.0,2380.0,600.0,2.6076356030108157,Slow
2374,Plums 1kg,General Grocery,18,10,14400.0,3600.0,800.0,2.6984943113008093,Slow
2375,Flora Paper Serviettes 25's,General Grocery,12,6,720.0,204.0,60.0,2.286381713678736,Slow
2376,Flora Paper Plates 7'',General Grocery,13,9,1625.0,689.0,125.0,2.487644823135713,Slow
2377,Shanthi Sambarani 50g,General Grocery,14,7,700.0,233.38,50.0,2.4251763043621417,Slow
2378,Zesta Tea (BOPF) 390g,Beverages,2323,826,1254420.0,114036.07,540.0,7.286086927645153,Fast
2379,Zesta Tea (BOPF) 490g,Beverages,129,43,209625.0,3225.0,1625.0,4.380029283013788,Fast
2380,Red Bull 355ml,General Grocery,26,13,14300.0,3560.44,550.0,3.0002860746292477,Slow
2381,Red Bull (Suger Free)250ml,General Grocery,32,17,28800.0,4522.24,900.0,3.2237464498598385,Medium
2382,Rich Life Cheese Slices 5's,Dairy & Chilled,65,34,17550.0,1755.0,270.0,3.90421673578477,Medium
2383,Happy Cow Cheese 113g,Dairy & Chilled,51,29,21420.0,2746.35,420.0,3.7037228669677553,Medium
2384,Mars Bars 33g,General Grocery,35,15,4725.0,570.15,135.0,3.218600341158762,Medium
2385,Snickers 50g,General Grocery,33,18,7590.0,2076.69,230.0,3.264495829163787,Medium
2386,Snickers 32g,General Grocery,25,12,3375.0,407.25,135.0,2.9461803067695067,Slow
2387,Pedigree (Adult) 90g,General Grocery,21,12,1995.0,240.87,95.0,2.8543005602047655,Slow
2388,Pedigree (Puppy) 90g,General Grocery,23,13,2185.0,263.81,95.0,2.9355054050182368,Slow
2389,Bite mixture 1kg,General Grocery,15,10,9000.0,2250.0,600.0,2.6039766699911464,Slow
2390,Bite Cassava 1kg,General Grocery,16,12,11200.0,3200.0,700.0,2.7124945500886106,Slow
2391,Peanut 1kg,General Grocery,38,17,38000.0,7600.0,1000.0,3.3156261964245797,Medium
2392,CBL Choc Shock 30g,General Grocery,33,17,3300.0,330.0,100.0,3.240165579592163,Medium
2393,Kist Tomato Sauce 15g,Cooking Essentials,1370,336,27400.0,2740.0,20.0,6.591849942417836,Fast
2394,Gram 1kg,Staples & Dry Groceries,229,57,82440.0,6870.0,360.0,4.818142974653647,Fast
2395,DCL Instant Yeast 5/11g,General Grocery,34,15,3740.0,340.0,110.0,3.203106358827079,Medium
2396,DCL Instant Yeast 11g,General Grocery,40,20,4400.0,400.0,110.0,3.4124997336629095,Medium
2397,Atlas Square Ruled 1/2'',Stationery,301,170,16555.0,6098.26,55.0,5.4544834599823755,Fast
2398,Atlas Square Ruled 1'',Stationery,52,28,2600.0,793.52,50.0,3.698943675947581,Medium
2399,Atlas Single Ruled 1/2'',Stationery,344,180,18920.0,6941.92,55.0,5.55327309343687,Fast
2400,Atlas Single Ruled 1'',Stationery,56,27,2800.0,850.08,50.0,3.7231702268878446,Medium
2401,Atlas CR Book Single Ruled (200p),Stationery,561,273,131835.0,34776.39,235.0,6.008233665316162,Fast
2402,Mortein Fast Kill 400ml,General Grocery,23,14,31050.0,3450.0,1350.0,2.966552197187365,Slow
2403,Nestomalt Tin 400g,General Grocery,34,15,14450.0,818.04,425.0,3.203106358827079,Medium
2404,Maggi Daiya (Chilli Chicken)76g,Cooking Essentials,184,48,12880.0,1116.88,70.0,4.622514837942861,Fast
2405,Maggi Daiya (Spicy Blast) 76g,General Grocery,13,9,910.0,78.91,70.0,2.487644823135713,Slow
2406,A&S White Rice Flour 900g,Staples & Dry Groceries,251,58,90109.0,10542.0,359.0,4.8760778478888565,Fast
2407,E/H Ice Cream (Strawberry) 1L,Personal Care,32,21,19200.0,2560.0,600.0,3.3140482628178063,Medium
2408,E/H Ice Cream (Karutha Kolumban) 1L,Personal Care,35,21,14000.0,1872.5,400.0,3.3619045201621027,Medium
2409,Highland Dairy Ice Cream (chocolate) 2L,Personal Care,57,33,28500.0,3420.0,500.0,3.8201058918778035,Medium
2410,E/H Ice Cream (Strawberry) 2L,Personal Care,34,19,19040.0,3570.0,560.0,3.3035209569184736,Medium
2411,Camellia Parfum (ventura) 22ml,General Grocery,22,12,4180.0,627.0,190.0,2.8787490296187244,Slow
2412,Camellia Parfum (Romantic) 22ml,General Grocery,34,21,6460.0,969.0,190.0,3.34641053783042,Medium
2413,Camellia Parfum (Sunny) 22ml,General Grocery,20,9,3800.0,570.0,190.0,2.7106506325952036,Slow
2414,Camellia Parfum (Classy) 22ml,General Grocery,21,12,3990.0,598.5,190.0,2.8543005602047655,Slow
2415,Camellia Parfum (Energy) 22ml,General Grocery,20,10,3800.0,570.0,190.0,2.75354021350715,Slow
2416,Camellia Parfum (Purity) 22ml,General Grocery,24,15,4560.0,684.0,190.0,3.018046628685412,Slow
2417,Yardley Body Spray (Navy),General Grocery,31,15,22940.0,3441.0,740.0,3.153819671547751,Medium
2418,Yardley Body Spray (Original),General Grocery,28,13,20720.0,3108.0,740.0,3.0395885048194273,Slow
2419,Yardley Body Spray (Classic),General Grocery,19,11,14060.0,2109.0,740.0,2.7658607428592954,Slow
2420,Enchanteur Cologne Romantic 120ml,Personal Care,52,29,20280.0,3042.0,390.0,3.7141993742016375,Medium
2421,Enchanteur Cologne Glamour 120ml,Personal Care,44,30,17160.0,2574.0,390.0,3.638958611391992,Medium
2422,Enchanteur Talc Alluring 50g,General Grocery,36,18,8640.0,1296.0,240.0,3.311002392579222,Medium
2423,Enchanteur Talc Romantic 50g,General Grocery,43,20,10320.0,1548.0,240.0,3.4513393956305842,Medium
2424,Mint Paper Serviettes 100's,General Grocery,37,20,12950.0,1850.0,350.0,3.3707074848250524,Medium
2425,Maliban Chocolate Cream 200g,Personal Care,273,169,65520.0,5460.0,240.0,5.398329755186057,Fast
2426,paper,General Grocery,28,18,420.0,140.0,15.0,3.177010247117459,Medium
2427,Disposable Protective Masks 1pcs,General Grocery,32,15,480.0,224.0,15.0,3.1707440838144656,Medium
2428,K.N 95 Masks,General Grocery,23,10,1150.0,506.0,50.0,2.826982479450637,Slow
2429,Jaggery 250g,General Grocery,20,12,1800.0,400.0,90.0,2.8287145516055743,Slow
2430,Little Lion Batter Carol 360g,General Grocery,23,12,4600.0,575.0,200.0,2.902156817549062,Slow
2431,Little Lion Date Cake 375g,Snacks & Confectionery,91,40,62790.0,910.0,690.0,4.158091147393911,Fast
2432,Little Lion Milky Cookies 200g,General Grocery,751,391,127670.0,29101.25,170.0,6.3295728060781205,Fast
2433,Golden Cow Baby Rusks (apple) 70g,Baby & Kids,61,30,8540.0,939.4,140.0,3.8152181537931162,Medium
2434,Golden Cow Baby Rusks (apple) 110g,Baby & Kids,43,28,9460.0,1040.6,220.0,3.596587422148957,Medium
2435,Golden Cow Baby Rusks (Banana) 70g,Baby & Kids,39,26,5460.0,600.6,140.0,3.5120102894646132,Medium
2436,Golden Cow Baby Rusks (Banana) 110g,Baby & Kids,57,30,12540.0,1379.3999999999999,220.0,3.7785378978188464,Medium
2437,Golden Cow Baby Rusks (Original) 70g,Baby & Kids,57,35,7980.0,877.8000000000001,140.0,3.8458271781057802,Medium
2438,Keels Chunky Chicken 500g,"Meat, Fish & Frozen",32,14,46720.0,1920.0,1460.0,3.141701749302559,Medium
2439,Verda Pasta (Penne Rigate) 400g,Staples & Dry Groceries,198,45,59004.0,9674.28,298.0,4.634206282018564,Fast
2440,Verda Pasta (Elbow) 400g,Staples & Dry Groceries,153,33,45594.0,7475.58,298.0,4.35718616740477,Fast
2441,Verda Pasta (Shell big ) 400g,Staples & Dry Groceries,162,38,48276.0,13603.14,298.0,4.4501653512020605,Fast
2442,Verda Pasta (Spirals) 400g,Staples & Dry Groceries,180,39,53640.0,8794.800000000001,298.0,4.519169121547476,Fast
2443,Heins Tuna Flakes in s/f oil 185g,Cooking Essentials,196,45,133280.0,5880.0,680.0,4.628650679225987,Fast
2444,Pfanner Green Apple 1L,General Grocery,9,6,14310.0,810.0,1590.0,2.1420813682216164,Slow
2445,Fontana Cranberry Fruit Drink 1L,Beverages,97,34,153260.0,17460.0,1580.0,4.121638740939051,Medium
2446,Keels Frankie (Chicken sausages)100g,"Meat, Fish & Frozen",18,9,2700.0,270.0,150.0,2.655604730388863,Slow
2447,Keels Frankie (Cheesy Blast)100g,General Grocery,37,18,7400.0,1073.0,200.0,3.3256699284744107,Medium
2448,Keels Kochchi (Chicken sausages)200g,"Meat, Fish & Frozen",20,12,5200.0,520.0,260.0,2.8287145516055743,Slow
2449,Duracell Battery AA,General Grocery,23,13,4830.0,345.0,210.0,2.9355054050182368,Slow
2450,Duracell Battery AAA,General Grocery,29,15,3480.0,1055.31,120.0,3.118323484922087,Medium
2451,Happy Cow Cheese 24's,Dairy & Chilled,70,41,255500.0,45500.0,3650.0,4.02642526060024,Medium
2452,Happy Cow Cheese 10's(Mozzarella),Dairy & Chilled,64,33,39872.0,5111.68,623.0,3.8827752345198734,Medium
2453,Prima Swiss Roll (Coffee) 225g,Beverages,136,44,44200.0,6120.0,325.0,4.418987629602113,Fast
2454,Atlas Pastels 12,Stationery,40,20,4400.0,800.0,110.0,3.4124997336629095,Medium
2455,Atlas Pastels 24,Stationery,42,21,6720.0,840.0,160.0,3.459629167642702,Medium
2456,Atlas Colour Pencils 6,Stationery,561,293,70125.0,8415.0,125.0,6.039936912743936,Fast
2457,Atlas Kidz Clay 100g,Stationery,378,197,34020.0,5670.0,90.0,5.645365076607876,Fast
2458,Rathna Stapler pins,General Grocery,21,14,735.0,168.0,35.0,2.9186959398430687,Slow
2459,Atlas Super Glu 3g,Stationery,45,24,2025.0,360.0,45.0,3.5542468892596926,Medium
2460,Atlas Binder Glue Pen 40g,Stationery,566,301,45280.0,8490.0,80.0,6.056889774868955,Fast
2461,Atlas Binder Glue 40g,Stationery,538,285,21520.0,4304.0,40.0,6.004539878868883,Fast
2462,Atlas Precise Ruler 6'',Stationery,47,22,940.0,188.0,20.0,3.5401329531674577,Medium
2463,Atlas Precise Ruler 12'',Stationery,24,15,1920.0,240.0,80.0,3.018046628685412,Slow
2464,Rathna Mathset 4pcs,General Grocery,28,14,3080.0,560.0,110.0,3.0706352969885558,Medium
2469,Fevigum,General Grocery,31,14,1860.0,620.0,60.0,3.1247773370358445,Medium
2470,Atlas BIG,Stationery,28,16,280.0,56.0,10.0,3.126958711317858,Medium
2471,Tea (loose) 100g,Beverages,138,55,16560.0,5520.0,120.0,4.525368924052698,Fast
2472,Revello Chocolate (Cashew) 100g,Snacks & Confectionery,120,48,33600.0,4440.0,280.0,4.38900393422799,Fast
2473,Revello Chocolate (Cashew) 170g,Snacks & Confectionery,96,45,41280.0,4992.0,430.0,4.238979666596953,Fast
2474,Revello Chocolate (Cashew) 50g,Snacks & Confectionery,131,45,45850.0,3930.0,350.0,4.408429685842597,Fast
2475,Revello Chocolate (Crispies) 170g,Snacks & Confectionery,99,35,35640.0,3564.0,360.0,4.145427124598701,Medium
2476,Revello Chocolate (Milk) 170g,Dairy & Chilled,110,63,39600.0,3960.0,360.0,4.461738998233637,Fast
2477,Revello Chocolate (Hazelnut) 170g,Snacks & Confectionery,98,41,48020.0,4802.0,490.0,4.2092672458015405,Fast
2478,Ritzbury Chocolate (Peanut) 45g,Snacks & Confectionery,2063,731,144410.0,14441.0,70.0,7.16592185091339,Fast
2479,Ritzbury Chocolate (Crispy) 45g,Snacks & Confectionery,127,46,8890.0,889.0,70.0,4.4011830659253155,Fast
2480,Ritzbury Chunky Choc 60g,General Grocery,16,9,1120.0,112.0,70.0,2.5944306310782395,Slow
2481,Ritzbury Chunky Choc 120g,General Grocery,12,7,1560.0,156.0,130.0,2.346470840359771,Slow
2482,Ritzbury Chocolate Fingers 200g,Snacks & Confectionery,124,41,24800.0,2480.0,200.0,4.337523883743782,Fast
2483,Ritzbury Black Magic 20g,General Grocery,17,10,340.0,34.0,20.0,2.6687573396021573,Slow
2484,Ritzbury Pebbles (Party Time) 180g,General Grocery,48,20,18240.0,1920.0,380.0,3.5105362609363855,Medium
2485,Ritzbury Chit-Chat 10g,General Grocery,31,16,310.0,31.0,10.0,3.1811007513651473,Medium
2486,Ritzbury Choc-A-Nut 7g,General Grocery,33,16,330.0,33.0,10.0,3.2144442933641866,Medium
2487,Ritzbury Popit 9g,General Grocery,21,10,210.0,21.0,10.0,2.7791262221063406,Slow
2488,Ritzbury Pebbles 8g,General Grocery,38,18,380.0,38.0,10.0,3.3399564459962034,Medium
2490,Chandanalepa Lemongrass 100g,General Grocery,25,17,4875.0,877.5,195.0,3.0926203869650895,Medium
2491,Chandanalepa Charcoal 100g,General Grocery,15,9,2925.0,526.5,195.0,2.5610870890792006,Slow
2492,Giniraja Ayurvedic Herbal Oil 30ml,Cooking Essentials,204,42,34680.0,6242.400000000001,170.0,4.620195540588228,Fast
2493,Giniraja Balm 10g,Health & Medicine,20,11,2000.0,360.0,100.0,2.792695333152483,Slow
2494,Yaha Posha 500g,General Grocery,50,23,9750.0,975.0,195.0,3.592628321654955,Medium
2495,Vitagen (Vanilla Flavored) 400g,General Grocery,33,16,52800.0,6336.0,1600.0,3.2144442933641866,Medium
2496,Curd,Dairy & Chilled,86,49,34400.0,6020.0,400.0,4.216659817702687,Fast
2497,E/H Wonder Cone (Berry) 120ml,General Grocery,28,13,2520.0,308.0,90.0,3.0395885048194273,Slow
2498,Imorich Wonder Cone (BiueBerry) 120ml,General Grocery,27,12,3240.0,391.5,120.0,2.9869396914540536,Slow
2499,Imorich Wonder Cone (Cooki Cream) 120ml,Personal Care,494,299,59280.0,7163.0,120.0,5.97920888300807,Fast
2500,Heavenly Magic Cappuccino,General Grocery,19,8,2090.0,334.40000000000003,110.0,2.636403810255994,Slow
2501,Magic Fantastick 75ml,General Grocery,27,13,2025.0,270.0,75.0,3.0202882789232284,Slow
2502,Magic Divul Ice Cream 75ml,Personal Care,44,29,1320.0,211.2,30.0,3.624203191121646,Medium
2503,Atlas Writing Papers 100's,Stationery,42,22,6720.0,840.0,160.0,3.4796324607995768,Medium
2504,Atlas Max pen,Stationery,575,295,14375.0,2875.0,25.0,6.056520967828568,Fast
2505,Happydent Chewing Gum,General Grocery,11,6,825.0,110.0,75.0,2.2423582244582914,Slow
2506,Siddhalepa Bee Honey 30ml,Health & Medicine,28,14,4200.0,840.0,150.0,3.0706352969885558,Medium
2507,Mango 2B Pencil,Stationery,517,285,10340.0,1034.0,20.0,5.982682698111649,Fast
2509,Water (Leisure) 5L,Beverages,158,56,55300.0,15800.0,350.0,4.607270381746675,Fast
2510,Kakulu-Samba Rice 1kg,Staples & Dry Groceries,1531,371,367440.0,61240.0,240.0,6.697383377088212,Fast
2511,Pears Baby Soap (Rathmal)95g,Baby & Kids,40,25,2960.0,269.20000000000005,74.0,3.508608078797036,Medium
2512,Pears Baby Soap (Aloevera) 95g,Baby & Kids,1246,703,87220.0,7937.02,70.0,6.871223030395139,Fast
2513,Pears Baby Soap (Venivel) 95g,Baby & Kids,980,564,68600.0,6242.6,70.0,6.640286431776849,Fast
2514,Pears Baby Oil (Olive Oil) 100ml,Baby & Kids,2981,732,417340.0,52853.13,140.0,7.3689077882775695,Fast
2515,Lifebuoy Hand Wash(Total-10)180ml,Cleaning & Household,271,150,47425.0,4891.55,175.0,5.340967063029515,Fast
2516,Lifebuoy Hand Wash(Total-10)200ml,Cleaning & Household,51,30,12750.0,1315.29,250.0,3.718478287238101,Medium
2517,Sunlight Care Liquid 1L,Cleaning & Household,961,573,288300.0,26216.08,300.0,6.6366411762099435,Fast
2518,Horlicks 400g,General Grocery,19,11,9025.0,550.81,475.0,2.7658607428592954,Slow
2519,Viva 400g,General Grocery,17,8,8075.0,1370.88,475.0,2.5784555266441895,Slow
2520,BIC Chrome Platinum 1Blade,General Grocery,31,15,775.0,193.75,25.0,3.153819671547751,Medium
2521,Denta Comfort (Soft),General Grocery,35,19,2100.0,252.0,60.0,3.3190149392501564,Medium
2522,Denta Comfort (Medium),General Grocery,43,22,2580.0,309.6,60.0,3.4922766958231612,Medium
2523,Denta Kid (Soft),General Grocery,27,15,1620.0,194.4,60.0,3.0803774056042634,Medium
2524,Dove Conditioner (Intense Repair) 180ml,Personal Care,42,22,13860.0,2310.0,330.0,3.4796324607995768,Medium
2525,Dove Conditioner (Intense Repair) 80ml,Personal Care,48,29,9600.0,1600.3200000000002,200.0,3.671039985708815,Medium
2526,P.Baby Colongne (Bedtime) 50ml,Baby & Kids,44,24,7480.0,947.32,170.0,3.5421584905643666,Medium
2527,Sunlight (Lemon & Rose) 115g,Cleaning & Household,70,40,3850.0,307.3,55.0,4.015581362389662,Medium
2528,Ambewela Fresh Milk (Chocolate) 1L,Dairy & Chilled,719,388,208510.0,26689.28,290.0,6.302198871233857,Fast
2529,Brown Suger 1kg,General Grocery,16,10,4480.0,640.0,280.0,2.6373202119901857,Slow
2530,Habala Flakes 1kg,General Grocery,20,13,3600.0,400.0,180.0,2.862063139074749,Slow
2531,CBL Custard Cream 240g,Personal Care,55,32,7150.0,715.0,130.0,3.787371832564249,Medium
2532,CBL Milk Cream 255g,Personal Care,74,42,11100.0,1110.0,150.0,4.067158514507073,Medium
2533,CBL Wafers 85g (Vanilla),General Grocery,268,130,20100.0,2412.0,75.0,5.27093005422153,Fast
2534,CBL Lemon Wafers 85g,General Grocery,12,8,900.0,108.0,75.0,2.399473206405144,Slow
2535,CBL Potato Cracker 110g,Snacks & Confectionery,981,342,78480.0,7848.0,80.0,6.41625392081963,Fast
2536,CBL Snak Cracker Biscuits 30g,Snacks & Confectionery,479,168,14370.0,1437.0,30.0,5.7040367788614486,Fast
2537,Dreamron Black Henna (5minutes),General Grocery,43,20,7095.0,1290.0,165.0,3.4513393956305842,Medium
2538,Ravan Black Hair Colour Shampoo 15ml,Personal Care,44,27,4400.0,440.0,100.0,3.5931563989525177,Medium
2539,BIC Shaving Foam (2in1) 100ml,General Grocery,33,16,6435.0,660.0,195.0,3.2144442933641866,Medium
2540,Rancrisp Potato Chips (Barbecue)60g,Snacks & Confectionery,385,146,115500.0,28875.0,300.0,5.521405217256088,Fast
2541,Rancrips Potato Chips(Lightly sea salted),Snacks & Confectionery,125,45,37500.0,9375.0,300.0,4.382843677243406,Fast
2542,Rancrips Cassava Chips (Original)100g,Snacks & Confectionery,90,37,10800.0,2160.0,120.0,4.117886500461141,Medium
2543,Link Samahan 30pkt,Health & Medicine,24,13,18000.0,2700.0,750.0,2.957957502004377,Slow
2544,Link Kesha Hair Oil (Classic)100ml,Personal Care,158,39,27650.0,2765.0,175.0,4.447893065572399,Fast
2545,Link Kesha Hair Oil (Lite)100ml,Personal Care,133,21,23275.0,2327.5,175.0,4.084780993984244,Medium
2546,Morison Gripe Mixture 100ml,General Grocery,16,14,2400.0,360.0,150.0,2.776889929726914,Slow
2547,Panadol Liquid 10ml,Health & Medicine,16,9,6400.0,320.0,400.0,2.5944306310782395,Slow
2548,CBL Samaposha 500g,General Grocery,23,13,9660.0,920.0,420.0,2.9355054050182368,Slow
2549,AURA Incense Sticks (Araliya),General Grocery,19,9,1900.0,380.0,100.0,2.683816042302016,Slow
2550,AURA Incense Sticks (Blue Lotus),General Grocery,32,17,3200.0,640.0,100.0,3.2237464498598385,Medium
2551,AURA Incense Sticks (Kumudu),General Grocery,36,20,3600.0,720.0,100.0,3.356039948929864,Medium
2552,AURA Incense Sticks (Sandalwood),General Grocery,16,9,1600.0,320.0,100.0,2.5944306310782395,Slow
2553,AURA Incense Sticks (Night Queen),General Grocery,19,12,1900.0,380.0,100.0,2.8018799613123866,Slow
2554,AURA Incense Sticks (Rose),General Grocery,28,15,2800.0,560.0,100.0,3.0996776315004624,Medium
2555,AURA Incense Sticks (Orchid),General Grocery,37,16,3700.0,740.0,100.0,3.2756183926748097,Medium
2556,AURA Incense Sticks (Coffee),Beverages,144,47,14400.0,2880.0,100.0,4.4792440132398665,Fast
2557,AURA Incense Sticks (Kewada),General Grocery,22,13,2200.0,440.0,100.0,2.912097617087899,Slow
2558,Dettol Original (Promo),General Grocery,17,10,2210.0,448.79999999999995,130.0,2.6687573396021573,Slow
2559,Dettol Cool (Promo),General Grocery,28,15,3640.0,738.9200000000001,130.0,3.0996776315004624,Medium
2560,Edinborough Corn Flour 500g,Staples & Dry Groceries,197,43,88650.0,9850.0,450.0,4.611432202145211,Fast
2561,Edinborough Fish Sauce 190ml,Cooking Essentials,158,42,58460.0,11060.0,370.0,4.48043736328323,Fast
2562,Atlas Binder Glu 100g,Stationery,39,17,3315.0,585.0,85.0,3.3295509908159393,Medium
2563,Atlas Binder Glu 200g,Stationery,29,15,4350.0,580.0,150.0,3.118323484922087,Medium
2564,Atlas Glu Liquid Pen 40ml,Stationery,40,19,2200.0,600.0,55.0,3.390544159786665,Medium
2565,Atlas Glu Liquid 50ml,Stationery,52,25,1820.0,364.0,35.0,3.6498039945633343,Medium
2566,Atlas Glu Liquid 20ml,Stationery,43,18,860.0,172.0,20.0,3.4063018392799416,Medium
2567,Atlas Correction Bottle,Stationery,30,16,2400.0,450.0,80.0,3.163638967292128,Medium
2568,Atlas Pencils (Yellow),Stationery,579,303,11580.0,2316.0,20.0,6.072327922580056,Fast
2569,Atlas Colour Pencils,Stationery,591,300,153660.0,17730.0,260.0,6.079128268323197,Fast
2570,Atlas White Board Marker,Stationery,324,168,29160.0,4860.0,90.0,5.489558271996739,Fast
2571,Atlas Big Mistakes,Stationery,40,19,1600.0,320.0,40.0,3.390544159786665,Medium
2572,Atlas Adhesive Tape 1'',Stationery,46,23,2070.0,345.0,45.0,3.547705404597108,Medium
2573,Adhesive Tape 2'' (brown),General Grocery,39,17,3120.0,1170.0,80.0,3.3295509908159393,Medium
2574,Fuji Tape pvc,General Grocery,28,14,1680.0,420.0,60.0,3.0706352969885558,Medium
2575,Atlas Adhesive Tape 1/2'',Stationery,586,285,11720.0,2930.0,20.0,6.051459965774388,Fast
2576,Atlas Permanent Marker,Stationery,28,16,2380.0,140.0,85.0,3.126958711317858,Medium
2577,Sun Thread  200m,General Grocery,23,14,1150.0,230.0,50.0,2.966552197187365,Slow
2578,Note Book,Stationery,43,21,1505.0,537.5,35.0,3.4722734026662856,Medium
2579,Bill Book (small),Stationery,336,174,23520.0,8400.0,70.0,5.525199299959381,Fast
2580,Professional Decoration Balloons 50pcs,General Grocery,21,13,9450.0,3150.0,450.0,2.8876491476739403,Slow
2581,Maliban Veggie Cracker 170g,Snacks & Confectionery,154,55,23100.0,2310.0,150.0,4.585292075136404,Fast
2582,Diva Fresh (Rose & Lime) 1kg,Cleaning & Household,68,38,21760.0,680.0,320.0,3.977361318286834,Medium
2583,Diva Fresh (Rose & Lime) 550g,Cleaning & Household,61,37,5490.0,499.59,90.0,3.9068376836516743,Medium
2584,Diva Fresh (Rose & Lime) 400g,Cleaning & Household,39,24,6630.0,780.0,170.0,3.4773778209533557,Medium
2585,Diva Fresh (Lavender) 550g,Cleaning & Household,34,25,3060.0,278.46,90.0,3.4215848759288447,Medium
2586,Marina Cooking Oil 1L,Cooking Essentials,165,47,132000.0,14025.0,800.0,4.55363373850465,Fast
2587,Playing Cards,General Grocery,26,16,3250.0,1170.0,125.0,3.0876562811276784,Medium
2588,CBL Snak Cracker 170g,Snacks & Confectionery,160,56,28800.0,2880.0,180.0,4.614145471267003,Fast
2589,CBL Cheese Buttons 215g,Dairy & Chilled,78,36,27300.0,2730.0,350.0,4.028109379546763,Medium
2590,Star Vanilla Flavour 28ml,General Grocery,34,17,4420.0,441.66,130.0,3.256108724872452,Medium
2592,Sunquick Mixed Fruit Drink 200ml,Beverages,516,185,30960.0,3096.0,60.0,5.788009584150577,Fast
2593,Rathna Keeri Samba Rice 1kg,Staples & Dry Groceries,244,48,58560.0,3660.0,240.0,4.777011149949383,Fast
2594,CBL Wafers (Chocolate) 400g,Snacks & Confectionery,98,41,25480.0,2548.0,260.0,4.2092672458015405,Fast
2595,Pelwatte Set Yoghurt 80g,Dairy & Chilled,60,30,2400.0,840.0,40.0,3.806274867313637,Medium
2596,Prima Stalla Set Yoghurt 80g,Dairy & Chilled,60,34,2700.0,780.0,45.0,3.8608872529655573,Medium
2597,Kellogg's Corn Flakes 250g,General Grocery,29,15,14500.0,1740.0,500.0,3.118323484922087,Medium
2598,Kellogg's Chocos 250g,General Grocery,27,12,13500.0,1620.0,500.0,2.9869396914540536,Slow
2599,Motha Custard Powder (Banana) 100g,General Grocery,31,17,2325.0,214.21,75.0,3.206822037593124,Medium
2600,Motha Custard Powder (Strawberry) 100g,General Grocery,27,18,2025.0,186.57,75.0,3.15771002122126,Medium
2601,Eno (Orange) 5g,General Grocery,13,8,910.0,130.0,70.0,2.4402325910896914,Slow
2602,Glow & Handsome Cream 50g,Personal Care,48,23,18960.0,2400.0,395.0,3.5706253876174205,Medium
2603,Rin Detergent Powder 500g,Cleaning & Household,970,581,87300.0,7944.299999999999,90.0,6.647991259039376,Fast
2606,Sunlight Detergent Powder 55g,Cleaning & Household,65,38,650.0,59.15,10.0,3.9529128488728746,Medium
2607,Super Glue 3g,Stationery,33,21,2475.0,495.0,75.0,3.330467392550131,Medium
2608,Half Chicken 1kg,"Meat, Fish & Frozen",24,13,13680.0,1200.0,570.0,2.957957502004377,Slow
2609,Wijaya Pepper Powder 250g,Cooking Essentials,200,48,105000.0,11000.0,525.0,4.668136833582274,Fast
2610,Wijaya Roasted Fenugreek 100g,General Grocery,16,9,1120.0,160.0,70.0,2.5944306310782395,Slow
2611,Vendol Venivel Soap 80g,Personal Care,82,47,4920.0,738.0,60.0,4.17240278919668,Fast
2612,Lysol (Citrus) 500ml,General Grocery,31,12,10385.0,1085.0,335.0,3.0603819573975413,Medium
2613,CBL Wafers (Vanilla) 170g,General Grocery,31,14,3720.0,372.0,120.0,3.1247773370358445,Medium
2614,Pelwatte Milk Powder 1kg,Dairy & Chilled,108,57,102060.0,1080.0,945.0,4.407440689971918,Fast
2615,3 Ply Face Mask 50pcs,General Grocery,24,10,8400.0,1200.0,350.0,2.849434576436777,Slow
2616,Kumarika Scalp & Hair Oil,Personal Care,127,28,38100.0,3807.46,300.0,4.183899768649702,Fast
2617,Diva Fresh (Sepalika & Lime) 1kg,Cleaning & Household,239,143,76480.0,2390.0,320.0,5.250767392647296,Fast
2618,Dove Hair Fall Rescue Shampoo 180ml,Personal Care,64,34,48000.0,3200.0,750.0,3.8958196261128366,Medium
2619,Surf Excel (Aloe vera) 120g,General Grocery,35,17,1750.0,159.25,50.0,3.271602707204135,Medium
2620,Cheramy Nappy Wash Powder 400g,Baby & Kids,45,30,11025.0,1002.15,245.0,3.6510470100873182,Medium
2621,Baby Cheramy Baby Cologne 100ml,Baby & Kids,69,38,19665.0,2489.52,285.0,3.9852751238854887,Medium
2622,Baby Cheramy Baby Cologne 50ml,Baby & Kids,962,550,158730.0,20086.559999999998,165.0,6.618810040607782,Fast
2623,Paspanguwa  1pkt,General Grocery,23,13,1150.0,230.0,50.0,2.9355054050182368,Slow
2624,CBL Lankasoy (Fish Flavour) 50g,"Meat, Fish & Frozen",20,9,1200.0,120.0,60.0,2.7106506325952036,Slow
2625,Moldivefish (Dry) 1kg,General Grocery,22,14,41800.0,4400.0,1900.0,2.943144409257027,Slow
2626,Comfort Lily Fresh 220ml,General Grocery,23,12,5290.0,115.0,230.0,2.902156817549062,Slow
2627,Comfort Morning Fresh 220ml,General Grocery,22,13,6270.0,880.0,285.0,2.912097617087899,Slow
2628,CBL Super Cream Cracker 330g,Personal Care,77,41,25410.0,2541.0,330.0,4.0781411829067915,Medium
2629,Prima Self Raising Flour 1kg,Staples & Dry Groceries,1876,396,318920.0,31892.0,170.0,6.838357846431816,Fast
2630,Prima Twist Noodles 400g,Staples & Dry Groceries,174,37,23490.0,2349.0,135.0,4.4775460575348065,Fast
2631,Prima KottuMee (Cup) 64g,General Grocery,17,9,1785.0,178.5,105.0,2.6258677586902115,Slow
2632,Kotmale Fresh Milk 180ml,Dairy & Chilled,397,203,19850.0,2779.0,50.0,5.685702600136338,Fast
2633,Kotmale Chocolate Flavoured Milk 170ml,Dairy & Chilled,115,63,11500.0,2300.0,100.0,4.485971992620353,Fast
2634,Kotmale Milk With Oats 1L,Dairy & Chilled,692,362,193760.0,25825.44,280.0,6.2500477749736305,Fast
2635,Happy Cow Cheese Spread 150g,Dairy & Chilled,77,34,44660.0,3711.4,580.0,3.9960964823495115,Medium
2636,Maliban Wafers Lemon Cream 90g,Personal Care,537,319,40275.0,5031.69,75.0,6.054066656196179,Fast
2637,Golden Cow Baby Rusks (Original) 110g,Baby & Kids,48,31,10560.0,1161.6,220.0,3.700082320220722,Medium
2638,Champion (Cool Mint) 90g,General Grocery,21,15,1155.0,65.52,55.0,2.9477382743549754,Slow
2639,Aloe Miracle Foot Care Cream 50ml,Personal Care,55,32,17600.0,2640.0,320.0,3.787371832564249,Medium
2640,MyDoc Sanitizer Liquid 500ml,General Grocery,22,10,15950.0,2073.5,725.0,2.803574691520299,Slow
2641,Aroma Detergent Powder (Lotus) 1kg,Cleaning & Household,55,29,9625.0,962.5,175.0,3.7444822516523026,Medium
2642,Aroma Detergent Powder (Jasmine) 1kg,Cleaning & Household,66,35,11550.0,1155.0,175.0,3.925164462970281,Medium
2643,Aroma Detergent Powder (Rose) 1kg,Cleaning & Household,56,32,9800.0,980.0,175.0,3.7971065999689193,Medium
2644,Britol Car Wash Liquid 500ml,Cleaning & Household,57,34,10830.0,570.0,190.0,3.8331502834707667,Medium
2645,Plaza Canned Fish 425g,"Meat, Fish & Frozen",643,330,250770.0,16075.0,390.0,6.168187568277073,Fast
2646,Choco-La Milk 90g,Dairy & Chilled,89,56,8900.0,890.0,100.0,4.294268389207193,Fast
2647,Ritzbury Milk Choco (Cashew) 45g,Dairy & Chilled,86,50,15480.0,2580.0,180.0,4.225570999985968,Fast
2648,Link Samahan 1pkt,Health & Medicine,17,9,425.0,42.5,25.0,2.6258677586902115,Slow
2649,Ayush Saffron Face Cream 50g,Personal Care,59,36,28025.0,3548.85,475.0,3.8768025699120563,Medium
2650,Glow & Lovely  25g,General Grocery,27,12,7290.0,923.4,270.0,2.9869396914540536,Slow
2651,Lifebuoy Venivel 100g,General Grocery,20,10,1180.0,98.0,59.0,2.75354021350715,Slow
2652,Dettol Lasting Fresh 110g,General Grocery,26,15,2028.0,167.44,78.0,3.0603752013102827,Medium
2653,Dettol Orange Burst 110g,General Grocery,22,12,1716.0,141.68,78.0,2.8787490296187244,Slow
2654,Dettol Cool 110g,General Grocery,21,13,1638.0,135.24,78.0,2.8876491476739403,Slow
2655,Sunsilk Shampoo (Black Shine) 80ml,Personal Care,60,35,7500.0,774.0,125.0,3.873564147600571,Medium
2657,Clear Shampoo (Men) 80ml,Personal Care,58,31,11310.0,1166.96,195.0,3.802226750408023,Medium
2658,Dettol Hand Sanitiser 50ml,General Grocery,22,14,5280.0,480.04,240.0,2.943144409257027,Slow
2659,Wijaya Coffee 20g,Beverages,87,37,5220.0,522.0,60.0,4.099449019839888,Medium
2660,Wijaya Coffee 50g,Beverages,120,42,18000.0,1800.0,150.0,4.330224852140311,Fast
2661,Wijaya Coffee 100g,Beverages,124,47,37200.0,3720.0,300.0,4.397613010424817,Fast
2663,Dialog,General Grocery,14,7,700.0,28.0,50.0,2.4251763043621417,Slow
2664,Dhal 1kg,Staples & Dry Groceries,142,33,42600.0,7100.0,300.0,4.316426782720222,Fast
2665,Pure Dale Kirithe 400g,General Grocery,27,13,10260.0,540.0,380.0,3.0202882789232284,Slow
2666,Sausages,General Grocery,16,9,6560.0,1440.0,410.0,2.5944306310782395,Slow
2667,Anchor Newdale Yoghurt 80g,Dairy & Chilled,59,30,4130.0,590.0,70.0,3.797183751240471,Medium
2668,Fortune Vegetable Oil 1L,Cooking Essentials,255,48,303450.0,22950.0,1190.0,4.801166728613541,Fast
2669,San Remo Pasta (Penne) 500g,Staples & Dry Groceries,834,197,354450.0,58104.78,425.0,6.079807612480511,Fast
2670,Baby Cheramy Herbal Cologne 50ml,Baby & Kids,44,24,7260.0,918.72,165.0,3.5421584905643666,Medium
2671,Britol Hand Wash 750ml,Cleaning & Household,34,24,12750.0,1275.0,375.0,3.403935555009868,Medium
2672,Britol Hand Sanitizer 100ml,General Grocery,24,13,6000.0,600.0,250.0,2.957957502004377,Slow
2673,Mr' Pop Snacks 25g,General Grocery,34,16,1700.0,340.0,50.0,3.230387438644475,Medium
2674,CBL Choco Cream 400g,Personal Care,51,30,11730.0,1173.0,230.0,3.718478287238101,Medium
2675,Dash Sanitizer Liquid 500ml,General Grocery,17,11,11730.0,1173.0,690.0,2.707912459247491,Slow
2676,Rancrisp Cashew 50g,General Grocery,30,20,6300.0,600.0,210.0,3.2587280594423707,Medium
2677,Laxapana Battery (AA),General Grocery,28,13,3500.0,700.0,125.0,3.0395885048194273,Slow
2678,Freelan Kurakkan Flour 200g,Staples & Dry Groceries,875,192,179375.0,26250.0,205.0,6.094661935022215,Fast
2679,Godrej Sanitizer Spray 85ml,General Grocery,38,19,11362.0,1032.84,299.0,3.3630384284706016,Medium
2680,Vaseline Aloe 100ml,General Grocery,33,14,14025.0,495.0,425.0,3.1581208790348834,Medium
2681,Glow & Lovely Face Wash 50g,Cleaning & Household,78,44,17160.0,2860.26,220.0,4.116194439253506,Medium
2682,Pond's Facewash 50g,General Grocery,29,16,7250.0,1208.43,250.0,3.1456045647394832,Medium
2683,Lifebuoy Shampoo 80ml,Personal Care,546,297,54054.0,5574.66,99.0,6.031138910259522,Fast
2684,Rin Detergent Powder 1kg,Cleaning & Household,1092,635,185640.0,16882.32,170.0,6.753014172000151,Fast
2685,Maliban Chick Bits 80g,General Grocery,20,12,2200.0,220.0,110.0,2.8287145516055743,Slow
2686,Glucose-D,General Grocery,27,14,1890.0,270.0,70.0,3.051335071092357,Medium
2687,Chocolate 93g,Snacks & Confectionery,94,36,25380.0,4700.0,270.0,4.129545351070199,Medium
2688,CBL Milk Shorties 70g,Dairy & Chilled,100,46,3500.0,350.0,35.0,4.27088270503222,Fast
2689,CBL Wafer Stix 20g,Snacks & Confectionery,118,45,4720.0,590.0,40.0,4.3514065496314345,Fast
2690,Dettol Plaster (10),Health & Medicine,26,18,2080.0,416.0,80.0,3.1377078169272794,Medium
2691,Maliban milk Powder 60g,Dairy & Chilled,442,219,26520.0,2210.0,60.0,5.778595769383387,Fast
2692,Motha Gelatine 100g,General Grocery,266,132,99750.0,9645.16,375.0,5.273643869819926,Fast
2693,Fontana Apple Juice 1L,Beverages,145,53,205900.0,33753.1,1420.0,4.536026462893508,Fast
2694,Bagrry's Corn Flakes 250g,General Grocery,37,19,20720.0,2656.23,560.0,3.348751910948808,Medium
2695,Bagrry's Choco + 375g,General Grocery,20,14,15900.0,2038.6000000000001,795.0,2.8931099312438775,Slow
2696,Sesame &Ginger Mixed Jaggery 250g,Cooking Essentials,138,37,15180.0,2070.0,110.0,4.3508744350987545,Fast
2697,Ginger Cookies  175g,Cooking Essentials,249,61,27390.0,3735.0,110.0,4.894013978094527,Fast
2698,Kist Orange Juice 1L,Beverages,569,216,256050.0,32006.25,450.0,5.911053807548935,Fast
2699,Kist Grape Juice 1L,Beverages,83,30,45650.0,5706.25,550.0,3.982243481382138,Medium
2700,Kist Mixed Fruit Juice 1L,Beverages,675,236,303750.0,37968.75,450.0,6.044533255334439,Fast
2701,Highland Curd 510g,Dairy & Chilled,69,37,24840.0,690.0,360.0,3.9735861550040212,Medium
2702,Highland Curd 950g,Dairy & Chilled,92,40,59800.0,4600.0,650.0,4.16403715125123,Fast
2703,Highland Milk Powder 1kg,Dairy & Chilled,89,48,84105.0,3524.4,945.0,4.226214452831428,Fast
2704,BIO Clean (Green) 200ML,General Grocery,18,10,2070.0,188.28,115.0,2.6984943113008093,Slow
2705,BIC Shaving Foam (Sensitive) 100ml,General Grocery,9,8,4500.0,450.0,500.0,2.2551728609480244,Slow
2706,Sunquick Fruit Drink 200ml,Beverages,126,43,7560.0,756.0,60.0,4.367188232815442,Fast
2707,Valmelix Cough Syrup 100ml,Health & Medicine,17,10,3230.0,340.0,190.0,2.6687573396021573,Slow
2708,Silicon Teat (L),General Grocery,29,13,3480.0,435.0,120.0,3.058234358241052,Medium
2709,Atlas Highlighter Pen (Pink),Stationery,30,16,1950.0,557.7,65.0,3.163638967292128,Medium
2710,Atlas Highlighter Pen (Yelo),Stationery,338,171,21970.0,6283.42,65.0,5.520672573625301,Fast
2711,Atlas Highlighter Pen (Green),Stationery,45,25,2925.0,836.55,65.0,3.5718962101786698,Medium
2712,Atlas Highlighter Pen (Orange),Stationery,36,18,2340.0,669.24,65.0,3.311002392579222,Medium
2713,Sera Turmeric Powder 25g,Cooking Essentials,2356,572,447640.0,35340.0,190.0,7.128728269136506,Fast
2714,Happy Cow Cream Cheese 140g,Personal Care,43,24,22790.0,2921.42,530.0,3.5297984198457337,Medium
2715,Cream Cheese Natural 150g,Personal Care,43,21,29240.0,3748.7400000000002,680.0,3.4722734026662856,Medium
2716,Pelwatte Butter 200g,Dairy & Chilled,654,341,294300.0,19620.0,450.0,6.192214211277561,Fast
2717,Mentos Mint Toffee 33.8g,Snacks & Confectionery,113,46,11300.0,2260.0,100.0,4.337475567386499,Fast
2718,Mentos Fruit Toffee 33.8g,Snacks & Confectionery,92,32,9200.0,1840.0,100.0,4.066358123894207,Medium
2719,Glucorasa Jujubes 250g,General Grocery,27,18,6750.0,1566.0,250.0,3.15771002122126,Medium
2720,Glucorasa Jujubes 40g,General Grocery,30,16,1650.0,375.0,55.0,3.163638967292128,Medium
2721,Chocolate Fingers 45g,Snacks & Confectionery,130,44,6500.0,650.0,50.0,4.394356648157277,Fast
2722,Chocolate Fingers 27g,Snacks & Confectionery,147,49,4410.0,441.0,30.0,4.508877103012929,Fast
2723,Chocolate Coated Cookies 40g,Snacks & Confectionery,169,57,10140.0,1690.0,60.0,4.651888495123533,Fast
2724,Chocolate Coated Cookies 100g,Snacks & Confectionery,219,62,32850.0,3285.0,150.0,4.830905777369988,Fast
2725,Pebbles 8g,General Grocery,17,12,170.0,34.0,10.0,2.743931677700582,Slow
2726,Royal Cashew Nuts 30g,General Grocery,21,13,3360.0,630.0,160.0,2.8876491476739403,Slow
2727,Royal Cashew Nut 50g,General Grocery,23,17,6785.0,1035.0,295.0,3.0485968977446447,Medium
2728,Royal Cashew Nut 100g,General Grocery,19,12,11210.0,1710.0,590.0,2.8018799613123866,Slow
2729,Royal Cashew Nut (Salted) 80g,General Grocery,36,17,15840.0,3168.0,440.0,3.286672143007598,Medium
2730,Royal Cashew Nut (Hot & Spicy) 80g,General Grocery,32,14,14080.0,2816.0,440.0,3.141701749302559,Medium
2731,Royal Mixed Nut 50g,General Grocery,25,15,10000.0,3000.0,400.0,3.0396180209197166,Slow
2732,Royal Cassava Chips 70g,Snacks & Confectionery,85,39,8500.0,1700.0,100.0,4.109886767290701,Medium
2733,Kotmale Mozzarella Cheese 200g,Dairy & Chilled,100,49,49000.0,9500.0,490.0,4.298726636705359,Fast
2734,Kist Mixed Fruit Jam 510g,General Grocery,18,8,6030.0,603.0,335.0,2.608192498342841,Slow
2735,Kist Mango Jam 510g,General Grocery,36,19,12060.0,1206.0,335.0,3.3340843750536195,Medium
2736,Maldive Fish Bottle 100g,Cooking Essentials,1376,329,316480.0,123840.0,230.0,6.584806068807998,Fast
2737,Little Lion Lincoln Biscuit 330g,Snacks & Confectionery,646,227,96900.0,12112.5,150.0,6.002995995004994,Fast
2738,Sustagen 400g (Chocolate),Snacks & Confectionery,125,41,487500.0,47318.75,3900.0,4.341906377050829,Fast
2739,Black Knight Hair Gel 30ml,Personal Care,51,28,5865.0,628.32,115.0,3.6884671687136987,Medium
2741,Black Knight 50ml,General Grocery,23,11,10235.0,1096.6399999999999,445.0,2.8661375990959703,Slow
2742,Rich Life Iced Coffee 180ml,Beverages,99,40,12870.0,0.0,130.0,4.203951032310389,Fast
2743,Rich Life Iced Coffee 1L,Beverages,83,32,51460.0,1660.0,620.0,4.010377642023738,Medium
2744,Mini Chips (Chilli) 27g,Cooking Essentials,299,66,11960.0,1495.0,40.0,5.029192039786845,Fast
2745,Panda Baby Soap (Honey & Almond) 75g,Baby & Kids,71,37,4473.0,472.15000000000003,63.0,3.989080137335704,Medium
2746,Misumi Romansu Soap 90g,Personal Care,550,318,37400.0,3943.5,68.0,6.065790141287284,Fast
2747,Delum Baby Soap (75g/5),Baby & Kids,61,36,15250.0,1609.18,250.0,3.8948369724647014,Medium
2748,Daily Strawberry Milk 180ml,Dairy & Chilled,102,60,13260.0,2040.0,130.0,4.39899418240429,Fast
2749,Kellogg's Oats Jar,Staples & Dry Groceries,167,36,125250.0,15030.0,750.0,4.443093249361693,Fast
2750,Kellogg's Corn Flakes 475g (1L Milk Free),Dairy & Chilled,95,47,78375.0,9405.0,825.0,4.252431960215861,Fast
2751,Face Was 50ml,General Grocery,44,20,7480.0,1346.4,170.0,3.463699466349216,Medium
2752,Face Wash 50ml,Cleaning & Household,62,36,10540.0,1897.2,170.0,3.903637160205244,Medium
2753,Plastic Cloth Clips 24,General Grocery,17,10,2210.0,510.0,130.0,2.6687573396021573,Slow
2755,Cloth Clips 12,General Grocery,28,15,1960.0,560.0,70.0,3.0996776315004624,Medium
2756,AXE Deodorant Bodyspray 150ml,General Grocery,30,14,22200.0,3607.2,740.0,3.107315552962825,Medium
2757,AXE Deodorant Bodyspray 17ml,General Grocery,29,13,7250.0,1307.6100000000001,250.0,3.058234358241052,Medium
2759,Sunsilk Shampoo 80ml,Personal Care,49,31,6125.0,632.1,125.0,3.7111938092453576,Medium
2761,Pond's Day Cream 23g,Personal Care,33,19,9075.0,1512.72,275.0,3.287577811638185,Medium
2762,Vaseline Deep Restore 200ml,General Grocery,20,9,7200.0,911.8000000000001,360.0,2.7106506325952036,Slow
2763,Vaseline Green Tea 100ml,Beverages,91,41,25025.0,3169.5299999999997,275.0,4.1689350456044885,Fast
2764,Signal Strong Teeth 160g,General Grocery,32,15,4800.0,436.48,150.0,3.1707440838144656,Medium
2765,ayush anti cavity toothpaste 120g,Personal Care,80,47,13200.0,1200.0,165.0,4.158987489978393,Fast
2766,Lipton Ceylonta 100 Tea bags,Beverages,140,51,60200.0,5472.6,430.0,4.499877613069636,Fast
2769,Lifebuoy Hand Wash 180ml,Cleaning & Household,52,30,9100.0,938.6,175.0,3.728954794471983,Medium
2770,Lifebuoy Kohomba 100g,General Grocery,27,13,1701.0,170.1,63.0,3.0202882789232284,Slow
2771,Wijaya Turmeric Powder 50g,Cooking Essentials,213,48,63900.0,5804.25,300.0,4.7026059424118,Fast
2772,Wijaya Coriander Seeds 100g,General Grocery,12,8,900.0,108.0,75.0,2.399473206405144,Slow
2773,Wijaya Noodles 400g,Staples & Dry Groceries,1344,322,194880.0,32256.0,145.0,6.5622256560699626,Fast
2774,CBL Snak Cracker 260g,Snacks & Confectionery,749,255,247170.0,24717.0,330.0,6.1363701136075,Fast
2775,CBL Onion Biscuits 170g,Snacks & Confectionery,181,58,32580.0,3258.0,180.0,4.697095527649811,Fast
2776,CBL Wafer Stix 55g chocolate,Snacks & Confectionery,100,39,12000.0,1000.0,120.0,4.198312038613964,Fast
2777,Robin Liquid Blue 75ml,General Grocery,33,14,2640.0,239.91,80.0,3.1581208790348834,Medium
2778,Mars Bars 51g,General Grocery,39,15,7410.0,894.27,190.0,3.276548624770567,Medium
2779,Kist Grapes Juice 200ml,Beverages,99,35,10890.0,1361.25,110.0,4.145427124598701,Medium
2780,Kist Green Apple Juice 200ml,Beverages,123,44,11070.0,1107.0,90.0,4.364152981479414,Fast
2781,Kist Apple Juice 200ml,Beverages,67,22,13400.0,1340.0,200.0,3.7317016350149768,Medium
2782,Cinthol Lime Soap 100g,Personal Care,548,320,41100.0,5359.44,75.0,6.066602648238749,Fast
2783,Kist Orange Juice 200ml,Beverages,110,45,9900.0,990.0,90.0,4.313130239141877,Fast
2784,Kist Aloevera Drink 500ml,Beverages,507,188,81120.0,10140.0,160.0,5.785550952945005,Fast
2785,Kist Aloevera Drink  200ml,Beverages,128,44,8960.0,1030.4,70.0,4.385894942795564,Fast
2786,Kist Woodapple Nectar 500ml,Beverages,106,40,15900.0,1987.5,150.0,4.241163288970987,Fast
2787,Kist Passion Fruit Nectar 1L,Beverages,85,36,22950.0,2868.75,270.0,4.0748040736293305,Medium
2788,Kist Guava Nectar 1L,Beverages,109,39,29430.0,3678.75,270.0,4.245259955537101,Fast
2789,Imorich Ice Cream,Personal Care,46,25,5520.0,460.0,120.0,3.583724623050199,Medium
2790,Revello Crispies Chocolate 100g,Snacks & Confectionery,99,36,23760.0,2376.0,240.0,4.157756662983352,Fast
2791,Revello Fruit & Nut  Chocolate 170g,Snacks & Confectionery,637,233,254800.0,25480.0,400.0,6.006980557750601,Fast
2792,Ritzbury Cashew Chocolate 93g,Snacks & Confectionery,119,38,40460.0,4760.0,340.0,4.281723199288466,Fast
2793,Laxapana Alkaline AA,General Grocery,18,9,1530.0,183.06,85.0,2.655604730388863,Slow
2794,New Fenol 750ml,General Grocery,18,11,5040.0,504.0,280.0,2.7376494309461425,Slow
2795,BIO Clean (Green) 500ml,General Grocery,28,13,6300.0,572.6,225.0,3.0395885048194273,Slow
2796,Fanta Orange 400ml,Beverages,147,45,29400.0,2646.0,200.0,4.471355378990356,Fast
2797,Prima Semolina 500g,General Grocery,19,12,2470.0,247.0,130.0,2.8018799613123866,Slow
2798,Ice Cream,Personal Care,55,30,25850.0,2200.0,470.0,3.7592376719226483,Medium
2799,Gold Wet Shine Hair Gel,Personal Care,37,22,8695.0,1074.1100000000001,235.0,3.4116447850176295,Medium
2800,Baby Cheramy Bottle Wash 400ml,Baby & Kids,53,27,18550.0,1686.46,350.0,3.6934332551891926,Medium
2801,Velvet Hand Wash Refill (Rose) 200ml,Cleaning & Household,66,35,10890.0,1059.3,165.0,3.925164462970281,Medium
2802,Misumi Kiyo Soap 90g,Personal Care,74,38,5032.0,530.58,68.0,4.0232212032033114,Medium
2803,Misumi Momo Soap 90g,Personal Care,253,154,17204.0,1814.01,68.0,5.315075149473857,Fast
2804,Royal Cashew Nut 200g,General Grocery,23,11,20700.0,4140.0,900.0,2.8661375990959703,Slow
2805,Rich Life Set Kiri 120g,General Grocery,23,14,2530.0,460.0,110.0,2.966552197187365,Slow
2806,Fontana Orange Juice 1L,Beverages,158,54,271760.0,44556.0,1720.0,4.591197244575739,Fast
2807,Flora Toothpicks,General Grocery,33,17,2475.0,363.0,75.0,3.240165579592163,Medium
2808,Maliban Cracker Thins 190g,Snacks & Confectionery,182,69,27300.0,2730.0,150.0,4.777040242984993,Fast
2809,Lakspray,General Grocery,21,11,25200.0,420.0,1200.0,2.818281341751674,Slow
2810,Soya 90g,Cooking Essentials,148,34,9620.0,740.0,65.0,4.352077095940238,Fast
2811,Whisper Ultra XL 15s,General Grocery,33,17,12870.0,1379.07,390.0,3.240165579592163,Medium
2812,Whisper Ultra XL+ 15s,General Grocery,25,16,11250.0,1205.25,450.0,3.0668991007371127,Medium
2813,Velvet 100g (Rose),General Grocery,25,12,1800.0,156.0,72.0,2.9461803067695067,Slow
2814,Baby Cheramy Shampoo 100ml,Baby & Kids,936,553,149760.0,15200.64,160.0,6.60619991426741,Fast
2815,Baby Laundry Wash Liquid 650ml,Baby & Kids,67,38,39530.0,4945.27,590.0,3.9693319786052,Medium
2816,CBL Cheese Buttons 170g,Dairy & Chilled,70,31,15400.0,1540.0,220.0,3.9040550886326004,Medium
2817,Lemon Swiss Roll 225g,General Grocery,25,13,8125.0,1125.0,325.0,2.9795288942386815,Slow
2818,Strawberry Topping 270ml,General Grocery,36,17,16200.0,2016.36,450.0,3.286672143007598,Medium
2819,Mixedfruit Jam 1.4kg,General Grocery,33,16,26400.0,3334.98,800.0,3.2144442933641866,Medium
2820,Whole Gherkins 375g,General Grocery,40,16,12000.0,3428.8,300.0,3.3174106415126667,Medium
2821,Maliban Wafers (Chocolate) 90g,Snacks & Confectionery,167,52,13360.0,1336.0,80.0,4.604811549770248,Fast
2822,Maliban Krisco 170g,General Grocery,30,17,11400.0,900.0,380.0,3.1893602535201047,Medium
2823,Imorre Choco Delight 90g,General Grocery,33,15,5940.0,594.0,180.0,3.1871632135467904,Medium
2824,Dimo Lumin AA,General Grocery,13,7,715.0,223.21,55.0,2.3872302250443185,Slow
2825,Kurakkan Cracker 100g,Staples & Dry Groceries,274,60,27400.0,2740.0,100.0,4.939117342594605,Fast
2826,CBL Savoury Nuts 170g,General Grocery,38,21,7600.0,760.0,200.0,3.4059280093825475,Medium
2827,Turmeric 25g,Cooking Essentials,225,59,45000.0,4500.0,200.0,4.823749302599703,Fast
2828,Happy Cow Cheese 10's,Dairy & Chilled,83,46,139440.0,17876.54,1680.0,4.1695156601333485,Fast
2829,Lux Jasmine 100g,General Grocery,33,19,2640.0,264.0,80.0,3.287577811638185,Medium
2830,Glucose-D 100g,General Grocery,20,12,2000.0,400.0,100.0,2.8287145516055743,Slow
2831,P.Baby (Aloevera) 100ml,Baby & Kids,30,23,5100.0,600.0,170.0,3.318817186123406,Medium
2832,Closeup Toothpaste 120g,Personal Care,1031,606,175270.0,20620.0,170.0,6.700427626299604,Fast
2833,Signal New Formula 160g,General Grocery,18,12,2880.0,270.0,160.0,2.7736686493992337,Slow
2834,Signal New Formula 40g,General Grocery,15,8,840.0,90.0,56.0,2.5136748570331786,Slow
2837,Kumarika Shampoo 40ml,Personal Care,493,290,32045.0,2465.0,65.0,5.96439000468053,Fast
2838,Butter 100g,Dairy & Chilled,88,42,60720.0,1760.0,690.0,4.16129005541478,Fast
2839,Sunflower oil 500ml,Cooking Essentials,231,61,108570.0,11633.16,470.0,4.852916027686762,Fast
2840,Sunflower Oil 1L,Cooking Essentials,265,54,238500.0,25553.95,900.0,4.874222903184547,Fast
2841,Fortune Coconut Oil 350ml,Cooking Essentials,471,101,141300.0,12844.17,300.0,5.4675762080499775,Fast
2842,7 Oils,General Grocery,93,25,10230.0,1023.0,110.0,3.9649555723581695,Medium
2843,Maliban Cracker Thins 95g,Snacks & Confectionery,167,53,13360.0,1336.0,80.0,4.613223009625717,Fast
2844,Papaya Soap 100g,Personal Care,49,30,7350.0,1102.5,150.0,3.696906895003796,Medium
2845,Asiri Sweet Peanuts 100g,Snacks & Confectionery,1008,361,252000.0,40320.0,250.0,6.455433156516081,Fast
2846,Heavenly Crunch Cone,General Grocery,18,10,1980.0,316.8,110.0,2.6984943113008093,Slow
2847,Toilet Tissue Flora,General Grocery,124,29,36580.0,2480.0,295.0,4.186111377264236,Fast
2848,Peanuts,General Grocery,36,19,6660.0,540.0,185.0,3.3340843750536195,Medium
2849,Dessicut Nice 100g,General Grocery,21,14,1470.0,210.0,70.0,2.9186959398430687,Slow
2850,Mortein Mosquito Coils,General Grocery,91,20,13195.0,1820.0,145.0,3.8570188143525126,Medium
2851,BIC Lighter,General Grocery,21,15,2520.0,579.6,120.0,2.9477382743549754,Slow
2852,BIC Lighter (mini),General Grocery,21,11,3780.0,420.0,180.0,2.818281341751674,Slow
2853,Olive Oil 250ml,Cooking Essentials,243,60,239355.0,20655.0,985.0,4.873335762789251,Fast
2854,Lighter,General Grocery,28,15,2240.0,1120.0,80.0,3.0996776315004624,Medium
2855,Laxapana AAA,General Grocery,18,10,2250.0,450.0,125.0,2.6984943113008093,Slow
2856,Anchor Butter 227g,Dairy & Chilled,720,370,489600.0,39600.0,680.0,6.281642453680068,Fast
2857,Flora Facial Tissue,General Grocery,14,7,1260.0,140.0,90.0,2.4251763043621417,Slow
2858,Peanut Butter 325g,Dairy & Chilled,67,36,43550.0,3350.0,650.0,3.94564229853676,Medium
2860,Marvel Baby Diapers,Baby & Kids,493,290,96135.0,7395.0,195.0,5.96439000468053,Fast
2861,Coconut Milk 500ml,Dairy & Chilled,4034,928,1008500.0,100850.0,250.0,7.641867801853454,Fast
2862,Diamond Tuna,General Grocery,602,322,451500.0,60200.0,750.0,6.120998003650148,Fast
2863,Dunhill Tube,General Grocery,41,17,6970.0,302.99,170.0,3.356385581109127,Medium
2864,Mint Toilet Tissue,General Grocery,166,31,46480.0,6640.0,280.0,4.374477753089093,Fast
2865,Zero Cola 400ml,General Grocery,24,15,4800.0,432.0,200.0,3.018046628685412,Slow
2866,Marmite 100g,General Grocery,26,14,17550.0,1430.0,675.0,3.031332866798376,Slow
2868,egg,"Meat, Fish & Frozen",30,14,1350.0,150.0,45.0,3.107315552962825,Medium
2869,Bottled Drinking Water 500ml,Beverages,111,40,7770.0,2220.0,70.0,4.266281809229241,Fast
2870,Bottled Drinking Water 1000ml,Beverages,144,47,14400.0,2112.48,100.0,4.4792440132398665,Fast
2871,Bottled Drinking Water 1500ml,Beverages,133,46,17290.0,5985.0,130.0,4.426378310742527,Fast
2872,Cheddar Cheese Kotmale 250g,Dairy & Chilled,60,32,66000.0,6600.0,1100.0,3.834409027955237,Medium
2873,Fresh Milk,Dairy & Chilled,92,44,35880.0,3680.0,390.0,4.205927841630935,Fast
2874,Mister Potato Crisps 100g(Original),General Grocery,32,11,25280.0,2880.0,790.0,3.0412871512111646,Medium
2875,Rancrisp Potato Chips 100g (Hot & Spicy),Snacks & Confectionery,61,28,32940.0,6710.0,540.0,3.785207035268714,Medium
2876,Choc A Nut 170g,General Grocery,44,19,18480.0,1760.0,420.0,3.4417438924729717,Medium
2877,CBL Wafer Stix 55g strawberry,Snacks & Confectionery,822,284,98640.0,8220.0,120.0,6.2357460414932815,Fast
2878,Anchor 200g,Dairy & Chilled,57,29,31350.0,1710.0,550.0,3.7637824775485007,Medium
2879,Aluminium Foil,General Grocery,46,14,90160.0,14780.26,1960.0,3.336203771436527,Medium
2880,Black Olives 350g,General Grocery,45,18,59850.0,6801.75,1330.0,3.4307503086939004,Medium
2885,Dona Vita Macaroni 300g,General Grocery,24,13,9600.0,960.0,400.0,2.957957502004377,Slow
2886,Pedigree (puppy)370g,General Grocery,16,5,11200.0,1351.68,700.0,2.364559100383544,Slow
2887,Pedigree (Adult)370g,General Grocery,25,12,18250.0,750.0,730.0,2.9461803067695067,Slow
2888,Citronella Spray(AVANI)100g,General Grocery,36,21,13500.0,1620.0,375.0,3.376973955965566,Medium
2889,MosAway(siddhalepa)60ml,Health & Medicine,9,8,3330.0,360.0,370.0,2.2551728609480244,Slow
2890,Round Facial Cotton (Flora),General Grocery,20,11,11900.0,1780.0,595.0,2.792695333152483,Slow
2891,Food Cling Wrap (Flora),General Grocery,20,8,15900.0,2380.0,795.0,2.6632384005491816,Slow
2892,Cricket Ball (Atlas),Stationery,364,191,91000.0,9100.0,250.0,5.610816461882873,Fast
2893,CBL Super Cream Cracker 120g,Personal Care,362,217,43440.0,3620.0,120.0,5.664944337100758,Fast
2894,Gold Marie 165g,General Grocery,17,8,2890.0,289.0,170.0,2.5784555266441895,Slow
2895,Harischandra Coffee (200g),Beverages,165,55,132000.0,8250.0,800.0,4.623001544426916,Fast
2897,MD Woodapple jam 150g,General Grocery,30,18,7200.0,654.6,240.0,3.213690503091729,Medium
2898,Samahan(30pkt),Health & Medicine,12,6,21600.0,2400.0,1800.0,2.286381713678736,Slow
2899,Coca_Cola 300ml(glass bottle),Beverages,111,43,13320.0,1813.74,120.0,4.298059714475519,Fast
2900,Sprite 300ml(glass bottle),Beverages,117,39,17550.0,1579.5,150.0,4.283872297807387,Fast
2901,Fanta 300ml(glass bottle),Beverages,107,44,16050.0,1444.5,150.0,4.2881702953149645,Fast
2902,Soda 300ml(glass bottle),General Grocery,21,11,2100.0,147.0,100.0,2.818281341751674,Slow
2903,Tonic 300ml(glass bottle),General Grocery,34,12,5100.0,459.0,150.0,3.1096686446768693,Medium
2904,Prima Sunrise Top(350g 4slices more),General Grocery,30,12,6900.0,690.0,230.0,3.0429201733245224,Medium
2905,Dunhill Blue,General Grocery,27,14,4590.0,199.53,170.0,3.051335071092357,Medium
2906,Kotmale Butter 125g,Dairy & Chilled,389,194,248960.0,25285.0,640.0,5.654230507871717,Fast
2907,Back Bacon 150g,General Grocery,11,8,15290.0,1540.0,1390.0,2.3554497171846993,Slow
2908,M D Kithul Treacle 750ml,General Grocery,13,8,18200.0,2600.0,1400.0,2.4402325910896914,Slow
2909,Gold Hair Gel 25g,Personal Care,51,29,5100.0,622.2,100.0,3.7037228669677553,Medium
2911,C.Baby Soap 70g,Baby & Kids,50,34,7250.0,672.5,145.0,3.7624107256686155,Medium
2912,Big Burger Bun,"Meat, Fish & Frozen",27,11,4725.0,270.0,175.0,2.9509204730009624,Slow
2913,Watawala Tea 500g,Beverages,502,172,702800.0,63889.54,1400.0,5.740305811078858,Fast
2914,Sameera Biscuit powder,Snacks & Confectionery,160,67,30400.0,6400.0,190.0,4.693550868070703,Fast
2915,SanRemo Spaghetti,General Grocery,15,10,14850.0,1350.0,990.0,2.6039766699911464,Slow
2916,Catering Chicken Sausages 325g,"Meat, Fish & Frozen",29,15,15080.0,2030.0,520.0,3.118323484922087,Medium
2917,KALO(Vanilla flavored cream 140g),Personal Care,30,21,9000.0,900.0,300.0,3.279662066478073,Medium
2918,KALO(Chocolate Cream 140g),Personal Care,61,42,18300.0,1830.0,300.0,3.9624639638369032,Medium
2919,KALO(Strawberry Cream 140g),Personal Care,39,24,11700.0,1170.0,300.0,3.4773778209533557,Medium
2920,Rollz Chocolate Flavoured 100g,Snacks & Confectionery,122,42,36600.0,3660.0,300.0,4.339241447516932,Fast
2921,Rollz Vanilla Flavoured 100g,General Grocery,25,16,7500.0,750.0,300.0,3.0668991007371127,Medium
2922,StixRolled Wafer(Chocolate 100g),Snacks & Confectionery,147,49,32340.0,4410.0,220.0,4.508877103012929,Fast
2923,StixRolled Wafer(Strawberry 100g),Snacks & Confectionery,86,34,18920.0,2580.0,220.0,4.056156092930257,Medium
2924,StixRolled Wafer(Vanilla 100g),Snacks & Confectionery,147,51,32340.0,4410.0,220.0,4.526526423931906,Fast
2925,Mister Potato Original 40g,General Grocery,21,12,10080.0,630.0,480.0,2.8543005602047655,Slow
2926,Mister Potato Original 100g,General Grocery,17,9,14280.0,340.0,840.0,2.6258677586902115,Slow
2927,Revello Dark Chocolate 50g,Snacks & Confectionery,104,41,43680.0,2080.0,420.0,4.241629520814154,Fast
2928,Revello Dark Chocolate 100g,Snacks & Confectionery,924,313,600600.0,27720.0,650.0,6.343613399290548,Fast
2929,Revello Fantasy Almond 50g,General Grocery,36,17,10080.0,1080.0,280.0,3.286672143007598,Medium
2930,Revello Fantasy Peanut 50g,General Grocery,25,12,8750.0,1250.0,350.0,2.9461803067695067,Slow
2931,Ritsbwry White 93g,General Grocery,25,12,5750.0,750.0,230.0,2.9461803067695067,Slow
2932,Ritsbwry White 45g,General Grocery,24,13,2400.0,720.0,100.0,2.957957502004377,Slow
2933,Ritsbwry Crispy 93g,General Grocery,41,16,11070.0,1230.0,270.0,3.3306642948811502,Medium
2934,ChokyBix 43g,General Grocery,22,11,2200.0,660.0,100.0,2.8427298111656327,Slow
2936,CHOC-A-NUT 50g,General Grocery,22,9,2640.0,440.0,120.0,2.760685110608353,Slow
2937,CHOC-A-NUT 30g,General Grocery,35,21,8750.0,1750.0,250.0,3.3619045201621027,Medium
2938,CHOCO-LA Crispy 45g,General Grocery,18,11,1800.0,540.0,100.0,2.7376494309461425,Slow
2939,KSsuper,General Grocery,24,16,2400.0,720.0,100.0,3.045327708502808,Medium
2940,Kinley Soda 400ml,General Grocery,14,9,1400.0,98.0,100.0,2.525590902453536,Slow
2941,Chirpy Chips 50g,Snacks & Confectionery,109,39,21800.0,2180.0,200.0,4.245259955537101,Fast
2942,Tomato Puree 600g,General Grocery,22,12,17600.0,1100.0,800.0,2.8787490296187244,Slow
2943,My Juicee(Mix Fruit),General Grocery,35,20,4200.0,700.0,120.0,3.340970513126401,Medium
2944,Daily Banana Flavoured milk 180ml,Dairy & Chilled,613,330,79690.0,12260.0,130.0,6.141950479400607,Fast
2945,Milo Drink 125ml,Beverages,154,68,15400.0,3080.0,100.0,4.679231741374354,Fast
2946,Lakmal Jaggery 250g,General Grocery,32,16,5120.0,640.0,160.0,3.1980251636318617,Medium
2947,Chupa Chups 40g,General Grocery,20,12,800.0,400.0,40.0,2.8287145516055743,Slow
2948,Sesame Curls 10pieces,General Grocery,26,12,6500.0,520.0,250.0,2.966937487160073,Slow
2949,Prima Hot Dog Bun 100g,General Grocery,26,13,5200.0,520.0,200.0,3.0002860746292477,Slow
2950,Bun Talk Tea Bun,Beverages,133,55,9975.0,1330.0,75.0,4.505220150803819,Fast
2951,Bun Talk Sweet Bread,Snacks & Confectionery,101,37,17170.0,1010.0,170.0,4.180648819183222,Fast
2952,Bun Talk Sugar Cookies,Staples & Dry Groceries,1262,285,126200.0,25240.0,100.0,6.472881132161705,Fast
2953,Uswatte Fruity Jellies,General Grocery,29,15,4060.0,290.0,140.0,3.118323484922087,Medium
2954,Uswatte Glucorasa 70g,General Grocery,17,10,2380.0,170.0,140.0,2.6687573396021573,Slow
2955,Uswatte March Mallows 50g,General Grocery,12,8,1200.0,240.0,100.0,2.399473206405144,Slow
2956,Little Lion Fruit Cake 320g,Snacks & Confectionery,131,47,89080.0,2620.0,680.0,4.427581512331055,Fast
2957,Little Lion Coffee Sponge Cake 240g,Cleaning & Household,67,38,32160.0,1340.0,480.0,3.9693319786052,Medium
2958,Little Lion Chocolate Cake,Snacks & Confectionery,131,47,77290.0,3930.0,590.0,4.427581512331055,Fast
2959,Lion Ginger Beer 250ml,Cooking Essentials,154,43,15400.0,3080.0,100.0,4.476769149568804,Fast
2960,Fanta Orange  Flavoured 250ml,Beverages,127,49,15240.0,2540.0,120.0,4.429026997598455,Fast
2961,CocaCola Zero 1050ml,General Grocery,554,279,166200.0,11080.0,300.0,6.011087783986701,Fast
2962,Elephant House Soda 1l,General Grocery,41,16,7380.0,820.0,180.0,3.3306642948811502,Medium
2963,Lion Ginger Beer 1050ml,Cooking Essentials,171,36,42750.0,1710.0,250.0,4.4560350229373,Fast
2964,Elephant House Cream Soda 1.5L,Personal Care,42,26,16800.0,840.0,400.0,3.5517866533334077,Medium
2965,Elephant House Orange Crush 1.5L,General Grocery,23,13,9200.0,460.0,400.0,2.9355054050182368,Slow
2966,Sprite 2L,Beverages,173,62,86500.0,3460.0,500.0,4.701891041444181,Fast
2967,Coca-Cola 2L,Beverages,506,185,253000.0,10120.0,500.0,5.777267055146092,Fast
2968,Elephant House Dry Gingerale 500ml,General Grocery,29,16,5800.0,580.0,200.0,3.1456045647394832,Medium
2969,Mirinda 400ml,General Grocery,30,15,6000.0,600.0,200.0,3.136357887474732,Medium
2970,Mirinda 250ml,General Grocery,26,15,3120.0,520.0,120.0,3.0603752013102827,Medium
2971,Sting 250ml,General Grocery,30,15,3600.0,600.0,120.0,3.136357887474732,Medium
2972,Pepsi 250ml,Beverages,112,48,13440.0,2240.0,120.0,4.35138243444157,Fast
2973,7Up 250ml,General Grocery,18,8,2160.0,360.0,120.0,2.608192498342841,Slow
2974,7Up 1L,General Grocery,15,9,4500.0,300.0,300.0,2.5610870890792006,Slow
2975,Pepsi 400ml,Beverages,88,34,17600.0,1760.0,200.0,4.068656631022913,Medium
2976,Oie Cream soda 400ml,Personal Care,48,25,7200.0,960.0,150.0,3.606644606070512,Medium
2977,Oie Zingo 400ml,General Grocery,39,15,5850.0,780.0,150.0,3.276548624770567,Medium
2978,Mountan dew 400ml,General Grocery,21,10,4200.0,420.0,200.0,2.7791262221063406,Slow
2979,Pepsi 1.5L,Beverages,97,36,38800.0,1940.0,400.0,4.146645173958715,Medium
2980,Mirinda 1.5L,General Grocery,25,13,10000.0,500.0,400.0,2.9795288942386815,Slow
2981,Astra Soft 100g,General Grocery,26,14,5200.0,520.0,200.0,3.031332866798376,Slow
2982,Astra 90g,General Grocery,14,9,2450.0,210.0,175.0,2.525590902453536,Slow
2983,Astra 50g,General Grocery,16,7,2080.0,480.0,130.0,2.494016032986845,Slow
2984,RichLife Yoghurt,Dairy & Chilled,71,41,4970.0,710.0,70.0,4.034117693686347,Medium
2985,Rasath caramal Pudding,Snacks & Confectionery,120,44,14400.0,2400.0,120.0,4.350682920474852,Fast
2986,Rasath Jelly Yoghurt,Dairy & Chilled,76,42,5320.0,760.0,70.0,4.081633034081629,Medium
2987,Rasath Watalappan,General Grocery,28,16,3360.0,560.0,120.0,3.126958711317858,Medium
2988,RichLife Mixed berry Drinking Yoghurt 180ml,Dairy & Chilled,335,173,50250.0,6700.0,150.0,5.5209860226263014,Fast
2989,RL.Mango Flavoured Drinking Youghurt 180ml,General Grocery,42,21,6300.0,1260.0,150.0,3.459629167642702,Medium
2990,RL. Strawberry Drinking Yoghurt 180ml,Dairy & Chilled,73,39,10950.0,730.0,150.0,4.0272315556135645,Medium
2991,Lipton Green Tea 20Tea bag,Beverages,561,192,190740.0,5610.0,340.0,5.850536602448729,Fast
2992,Lipton Yellow Label 20Tea bag,General Grocery,27,12,9315.0,405.0,345.0,2.9869396914540536,Slow
2993,A.N Vanilla Flavoured Milk 180ml,Dairy & Chilled,111,56,14430.0,1110.0,130.0,4.414547449737849,Fast
2994,Pepsi Beverage 1L,Beverages,87,36,26100.0,1740.0,300.0,4.087448308652915,Medium
2995,P.Mirinda beverage 1L,General Grocery,274,125,82200.0,5480.0,300.0,5.265550961844779,Fast
2996,E.L EGB 1L,General Grocery,28,13,8400.0,560.0,300.0,3.0395885048194273,Slow
2997,P.Ole Ginger Beer,Cooking Essentials,146,36,21900.0,1460.0,150.0,4.369650983418206,Fast
2998,P.7Up 400ml,General Grocery,10,7,2000.0,200.0,200.0,2.25459109379503,Slow
2999,P.7Up 1.5L,General Grocery,17,7,6800.0,340.0,400.0,2.5254531605988166,Slow
3000,E.H.Necto 1.5L,General Grocery,27,11,10800.0,540.0,400.0,2.9509204730009624,Slow
3001,Spinner Beverage 250ml,General Grocery,19,11,6650.0,190.0,350.0,2.7658607428592954,Slow
3002,Sun Crush Lemon Lime 250ml,General Grocery,25,14,3750.0,250.0,150.0,3.01057568640781,Slow
3003,Sun Crush Ginger Beer 250ml,Cooking Essentials,168,46,25200.0,1680.0,150.0,4.554010713977217,Fast
3004,Sun Crush Bitter Lemon 250ml,General Grocery,32,19,4800.0,320.0,150.0,3.2711586819058605,Medium
3005,Sun Crush Appifuz Red 250ml,General Grocery,21,9,3150.0,210.0,150.0,2.7362366411943944,Slow
3006,Spinner Sugar Free 250ml,Staples & Dry Groceries,2245,532,785750.0,22450.0,350.0,7.069633015288744,Fast
3007,Sun Crush Orangena 250ml,General Grocery,36,18,5400.0,360.0,150.0,3.311002392579222,Medium
3008,Sun Crush Mangaa Fizz 250ml,General Grocery,20,10,3000.0,200.0,150.0,2.75354021350715,Slow
3009,Sun Crush Appifizz Green 250ml,General Grocery,21,12,3150.0,210.0,150.0,2.8543005602047655,Slow
3010,Sun crush Grapee Fizz 250ml,General Grocery,35,16,5250.0,350.0,150.0,3.2458814209761577,Medium
3011,Sun Crush Tonic Water 250ml,Beverages,74,31,11100.0,740.0,150.0,3.934199618704848,Medium
3013,Spinner Booster Shot 180ml,General Grocery,14,11,2800.0,280.0,200.0,2.6076356030108157,Slow
3014,Sunsilk Conditioner 180ml,Personal Care,52,34,39000.0,520.0,750.0,3.7835671801239035,Medium
3015,Dove Shampoo 180ml,Personal Care,63,39,47250.0,630.0,750.0,3.9473814501990905,Medium
3016,Clear Men Shampoo 180ml,Personal Care,58,37,44660.0,4606.36,770.0,3.8795593660250196,Medium
3018,LifeBuoy Shampoo 175ml,Personal Care,1069,603,555880.0,90095.32,520.0,6.71808604917144,Fast
3019,Vaseline Kiss of Petals 100ml,General Grocery,23,15,13800.0,1747.77,600.0,2.995594531699272,Slow
3020,Vaseline Ice cool 100ml,General Grocery,17,10,7225.0,915.11,425.0,2.6687573396021573,Slow
3021,Vaseline Pretty as a peach 100ml,General Grocery,33,16,19140.0,330.0,580.0,3.2144442933641866,Medium
3022,Sunsilk Shampoo 180ml,Personal Care,56,31,35000.0,3610.32,625.0,3.78325935356888,Medium
3023,SunSilk Soft & Smooth Shampoo 40ml,Personal Care,46,28,6900.0,712.08,150.0,3.6328643044344457,Medium
3024,SunSilk Soft & Smooth Conditioner 40ml,Personal Care,37,24,5365.0,370.0,145.0,3.449166509040203,Medium
3025,Sunsilk Black Shine Shampoo 40ml,Personal Care,74,41,11100.0,740.0,150.0,4.056569790672486,Medium
3026,Sunsilk Damage Restore Shampoo 40ml,Personal Care,69,48,10350.0,690.0,150.0,4.087991517276929,Medium
3027,Rexona Shower Fresh 72H 50ml,General Grocery,24,10,20400.0,240.0,850.0,2.849434576436777,Slow
3028,Rexona Powder Dry 72H 50ml,General Grocery,25,16,21250.0,250.0,850.0,3.0668991007371127,Medium
3029,Rexona Aloe Vera 72H 50ml,General Grocery,41,20,34850.0,410.0,850.0,3.425753387031393,Medium
3030,Rexona Men 72H 25ml,General Grocery,18,11,8460.0,180.0,470.0,2.7376494309461425,Slow
3031,Rexona Aloe Vera 72H 25ml,General Grocery,16,6,7520.0,160.0,470.0,2.43392690630581,Slow
3032,Rexona Powder Dry 72H 25ml,General Grocery,40,20,18800.0,400.0,470.0,3.4124997336629095,Medium
3033,Rexona Shower Fresh 72H 25ml,General Grocery,17,11,7990.0,170.0,470.0,2.707912459247491,Slow
3034,Pears Baby Cream 50ml,Baby & Kids,967,557,174060.0,9670.0,180.0,6.627339181073707,Fast
3035,LifeBuoy BodyWash Cool Fresh 240ml,General Grocery,27,14,14040.0,270.0,520.0,3.051335071092357,Medium
3036,LifeBuoy BodyWash Stronger Skin  240ml,General Grocery,27,16,14040.0,270.0,520.0,3.1076584854216596,Medium
3037,Comfort Morning Fresh 860ml,General Grocery,26,15,30160.0,260.0,1160.0,3.0603752013102827,Medium
3038,SurfExcel Matic 1L,General Grocery,35,18,36750.0,1750.0,1050.0,3.2959329567757587,Medium
3039,Comfort Morning Fresh 90ml,General Grocery,23,11,3450.0,230.0,150.0,2.8661375990959703,Slow
3040,Comfort Lily Fresh 90ml,General Grocery,21,11,3150.0,210.0,150.0,2.818281341751674,Slow
3041,Sanitizer 50ml,General Grocery,25,13,5500.0,250.0,220.0,2.9795288942386815,Slow
3042,Star VIm 500g,Cleaning & Household,66,40,18150.0,660.0,275.0,3.98368837068197,Medium
3043,Sunlight 2Bar,Cleaning & Household,1262,733,157750.0,18930.0,125.0,6.897013880169302,Fast
3044,Sunlight 1Bar,Cleaning & Household,54,34,8100.0,540.0,150.0,3.8039398795480954,Medium
3045,Sunlight 4Bar,Cleaning & Household,61,37,26840.0,610.0,440.0,3.9068376836516743,Medium
3046,Pears Pink Floral Cologne 50ml,Personal Care,55,32,20350.0,550.0,370.0,3.787371832564249,Medium
3047,Pears Bed Time Cologne 50ml,Personal Care,51,29,18870.0,510.0,370.0,3.7037228669677553,Medium
3048,Pears White Floral Cologne 100ml,Personal Care,43,25,25155.0,430.0,585.0,3.547447740764711,Medium
3049,Pears Pure & Gentle Cologne 100ml,Personal Care,58,33,33930.0,580.0,585.0,3.829507830225419,Medium
3050,Pears Bed Time BabySoap 70g,General Grocery,566,295,82070.0,2830.0,145.0,6.0478593714960915,Fast
3051,Pears Pure & Gentle BabySoap 70g,General Grocery,286,157,41470.0,1430.0,145.0,5.390882983529927,Fast
3052,Pears Bee's Honey BabySoap 70g,General Grocery,631,315,91495.0,3155.0,145.0,6.136973162894883,Fast
3053,Pears Kohomba BabySoap 70g,General Grocery,61,27,8845.0,305.0,145.0,3.769415941353642,Medium
3054,Pears Rathmal BabySoap 70g,General Grocery,298,151,43210.0,1490.0,145.0,5.395990199745702,Fast
3055,Signal Toothpaste 120g,Personal Care,1213,712,291120.0,12130.0,240.0,6.862188423577128,Fast
3056,Signal Toothpaste 40g,Personal Care,79,48,9875.0,1975.0,125.0,4.161433783220417,Fast
3057,Signal Toothpaste 70g,Personal Care,1374,782,274800.0,27480.0,200.0,6.9728246687512305,Fast
3058,Signal Toothpaste 160g,Personal Care,577,344,161560.0,11540.0,280.0,6.12736061543392,Fast
3059,Signal Clove & Ginger Toothpaste 120g,Personal Care,514,295,123360.0,20560.0,240.0,5.994953549810882,Fast
3060,Signal Triple Clean Adult Toothbrush,Personal Care,1081,629,118910.0,10810.0,110.0,6.7431854713970445,Fast
3061,Signal Clove & Ginger Toothpaste 40g,Personal Care,76,44,9500.0,1900.0,125.0,4.10209110241617,Medium
3062,Ayush Toothpaste 30g,Personal Care,516,319,59340.0,7740.0,115.0,6.032168029086834,Fast
3063,Ayush Toothpaste 110g,Personal Care,1059,624,301815.0,26475.0,285.0,6.728301545289742,Fast
3064,MD Mango Jam 150g,General Grocery,33,14,8580.0,330.0,260.0,3.1581208790348834,Medium
3065,MD Mango Jam 300g,General Grocery,36,16,13680.0,720.0,380.0,3.260950856779621,Medium
3066,MD WoodApple Jam 300g,General Grocery,23,16,8740.0,460.0,380.0,3.0228756115166675,Slow
3067,MD Strawberry Melon Jam 500g,General Grocery,28,17,16800.0,560.0,600.0,3.1526799975458353,Medium
3068,MD WoodApple Jam 225g,General Grocery,24,12,7680.0,480.0,320.0,2.9246089145352023,Slow
3069,Head & Shoulders Silky Black Shampoo 72ml,Personal Care,53,30,21200.0,1060.0,400.0,3.7392354676286668,Medium
3070,Head & Shoulders Cool Menthol Shampoo 72ml,Personal Care,49,31,19600.0,980.0,400.0,3.7111938092453576,Medium
3071,Head & Shoulders Lemon Fresh Shampoo 72ml,Personal Care,63,37,25200.0,1260.0,400.0,3.924299467724693,Medium
3072,Goya Pretty pink 65g,General Grocery,24,13,2160.0,240.0,90.0,2.957957502004377,Slow
3073,Goya Sandal Touch 65g,General Grocery,29,16,2610.0,290.0,90.0,3.1456045647394832,Medium
3074,Goya Misty Green 65g,General Grocery,32,15,2880.0,320.0,90.0,3.1707440838144656,Medium
3075,Goya Creamy Bliss 65g,General Grocery,28,13,2520.0,280.0,90.0,3.0395885048194273,Slow
3076,Velvet Rose Petals & Milk 70g,Dairy & Chilled,100,53,12500.0,1500.0,125.0,4.3333591052166165,Fast
3077,Velvet Sandal & Curd 70g,Dairy & Chilled,40,23,5000.0,600.0,125.0,3.472588860343945,Medium
3078,Velvet Milk & Almond 70g,Dairy & Chilled,421,203,52625.0,6315.0,125.0,5.717906919949704,Fast
3079,Velvet Orange & Honey 70g,General Grocery,20,9,2500.0,300.0,125.0,2.7106506325952036,Slow
3080,BabyCheramy Moisturizes & Cares Baby Shampoo 100ml,Baby & Kids,902,541,261580.0,9020.0,290.0,6.576017105027184,Fast
3081,BabyCheramy Honey & Milk Protein BabyShampoo 100ml,Dairy & Chilled,111,59,32190.0,1110.0,290.0,4.437629432212248,Fast
3082,Lovely Paper Serviettes 100sheets,General Grocery,31,12,9145.0,465.0,295.0,3.0603819573975413,Medium
3083,Flora Cotton Balls 100pcs,General Grocery,17,11,10115.0,255.0,595.0,2.707912459247491,Slow
3084,Flora Cotton Buds 100 paper stems,General Grocery,7,6,1575.0,105.0,225.0,2.0193524149988007,Slow
3085,Lovely 2Ply White Toillet Tissue,General Grocery,970,202,223100.0,48500.0,230.0,6.174022248129033,Fast
3086,Diva Fresh (Lavender & Lime) 1kg,Cleaning & Household,67,42,21440.0,670.0,320.0,4.013269289908962,Medium
3087,Dash Air Freshener (Cinnamon),Cooking Essentials,143,39,113685.0,17052.75,795.0,4.393393069118072,Fast
3088,Kellogg's Muesli Fruit & Nut 500g,General Grocery,20,9,58000.0,2000.0,2900.0,2.7106506325952036,Slow
3089,Kellogg's Muesli Fruit & Nut 240g,General Grocery,32,17,49600.0,5955.2,1550.0,3.2237464498598385,Medium
3090,Kellogg's Muesli Nuts Delight 500g,General Grocery,29,15,84100.0,10092.0,2900.0,3.118323484922087,Medium
3091,Kellogg's Muesli Nuts Delight 240g,General Grocery,32,16,49600.0,5955.2,1550.0,3.1980251636318617,Medium
3092,Kellogg's Oats 400g,Staples & Dry Groceries,149,41,96850.0,1490.0,650.0,4.437800739980457,Fast
3093,Delmege Soya Cuttlefish Flavour 90g,Cooking Essentials,140,35,21000.0,1400.0,150.0,4.3344014620132425,Fast
3094,Delmege Soya Chicken Flavour 90g,Cooking Essentials,128,32,19200.0,1280.0,150.0,4.246325225058836,Fast
3095,Pahanthira,General Grocery,27,13,1350.0,270.0,50.0,3.0202882789232284,Slow
3096,Candles 40pcs Sangeetha small,General Grocery,42,20,21840.0,840.0,520.0,3.4386951606069998,Medium
3097,Candles 40pcs Ruhunu small,General Grocery,17,10,12240.0,340.0,720.0,2.6687573396021573,Slow
3098,Candles 8pcs Large Sangeetha,General Grocery,17,7,8840.0,340.0,520.0,2.5254531605988166,Slow
3099,Candles 8pcs Large star,General Grocery,14,7,5600.0,280.0,400.0,2.4251763043621417,Slow
3100,Birthday candle number 4,General Grocery,18,9,2160.0,360.0,120.0,2.655604730388863,Slow
3101,Birthday candle number 5,General Grocery,22,13,2640.0,440.0,120.0,2.912097617087899,Slow
3102,Playing cards Plastic Coated,General Grocery,30,15,7500.0,1500.0,250.0,3.136357887474732,Medium
3103,Birthday Candle,General Grocery,15,10,1800.0,300.0,120.0,2.6039766699911464,Slow
3104,Janet Green Garden Deodorant 30ml,General Grocery,24,13,12720.0,720.0,530.0,2.957957502004377,Slow
3105,Janet Lilac Mist Deodorant 30ml,General Grocery,25,9,13250.0,750.0,530.0,2.828116387759136,Slow
3106,Janet Pink Petals Deodorant 30ml,General Grocery,24,13,12720.0,720.0,530.0,2.957957502004377,Slow
3107,Janet Orange Bloom Deodorant 30ml,General Grocery,27,12,14310.0,810.0,530.0,2.9869396914540536,Slow
3108,Janet Orange Bloom Body Spray 75ml,General Grocery,18,10,18000.0,360.0,1000.0,2.6984943113008093,Slow
3109,Janet Pink Petals Body Spray 75ml,General Grocery,17,8,17000.0,340.0,1000.0,2.5784555266441895,Slow
3110,Janet Green Garden Body Spray 75ml,General Grocery,16,9,16000.0,320.0,1000.0,2.5944306310782395,Slow
3111,Janet Lilac Mist Body Spray 75ml,General Grocery,22,11,22000.0,440.0,1000.0,2.8427298111656327,Slow
3112,Bag (Baby size),Baby & Kids,470,281,1410.0,470.0,3.0,5.924030133631181,Fast
3113,Bag (Chicken Size),"Meat, Fish & Frozen",12,8,36.0,12.0,3.0,2.399473206405144,Slow
3114,Bag (Medium size),General Grocery,18,12,90.0,36.0,5.0,2.7736686493992337,Slow
3115,Bag (Large size),General Grocery,18,10,180.0,36.0,10.0,2.6984943113008093,Slow
3116,Candy Sugar 80g,Staples & Dry Groceries,2509,605,326170.0,75270.0,130.0,7.188516911400398,Fast
3117,Revello Bliss Biscuits100g,General Grocery,64,36,24320.0,1280.0,380.0,3.9208260591325015,Medium
3118,Green Gram (Samuel's Product) 250g,Staples & Dry Groceries,131,30,32095.0,1965.0,245.0,4.23083529944082,Fast
3119,Rice Flakes (Samuel's Product) 200g,Staples & Dry Groceries,1541,347,231150.0,46230.0,150.0,6.670950670666315,Fast
3120,Chickpeas (Samuel's Product) 250g,General Grocery,15,8,2475.0,225.0,165.0,2.5136748570331786,Slow
3121,PoP-Corn (Samuel's Product) 150g,General Grocery,36,19,7560.0,360.0,210.0,3.3340843750536195,Medium
3122,White Kawpi (Samuel's Product) 250g,General Grocery,16,9,3680.0,480.0,230.0,2.5944306310782395,Slow
3123,Cardamon (Samuel's Product) 6g,General Grocery,21,11,3045.0,525.0,145.0,2.818281341751674,Slow
3124,Tamarind (Samuel's Product) 100g,General Grocery,48,21,6480.0,1680.0,135.0,3.531470267972087,Medium
3125,Harischandra Papadam 70g,General Grocery,33,13,4620.0,660.0,140.0,3.1270740868657554,Medium
3126,Nestle Nestomalt 28g,General Grocery,37,14,2220.0,370.0,60.0,3.219294978345507,Medium
3127,Nestea Milk Tea Mix 25g,Dairy & Chilled,96,50,6720.0,960.0,70.0,4.285412572902807,Fast
3128,Nestle Milo 15g,Beverages,133,52,6650.0,1330.0,50.0,4.480443251071456,Fast
3129,Ratthi Tea & Sugar Added Milk Mix 25g,Dairy & Chilled,1371,295,89115.0,20565.0,65.0,6.533875399003034,Fast
3130,Nestle Nespray Everyday 18g,General Grocery,41,17,2460.0,410.0,60.0,3.356385581109127,Medium
3131,Nescafe 3 in 1 18g,General Grocery,26,16,1820.0,157.82,70.0,3.0876562811276784,Medium
3132,Marvel WetWipes,General Grocery,35,17,12600.0,3535.0,360.0,3.271602707204135,Medium
3133,Marvel Tampons Heavy flow,General Grocery,24,14,21600.0,4968.0,900.0,2.989004294173505,Slow
3134,Marvel Tampons Regular Flow,General Grocery,12,7,9600.0,2208.0,800.0,2.346470840359771,Slow
3135,Marvel Panty Liners,General Grocery,17,10,5610.0,850.0,330.0,2.6687573396021573,Slow
3136,EdinBorouah Oyster Sauce 1kg,Cooking Essentials,192,44,199680.0,7680.0,1040.0,4.6074777242943314,Fast
3137,Edinborouah Mayonnaise 180g,General Grocery,22,10,15730.0,330.0,715.0,2.803574691520299,Slow
3138,Edinborouah Mayonnaise 100g,General Grocery,37,17,14800.0,740.0,400.0,3.3013396789027865,Medium
3139,Strepsils Cool 24 Lozenges,General Grocery,20,9,14400.0,400.0,720.0,2.7106506325952036,Slow
3140,Strepsils Soothing Honey & Lemon 24 Lozenges,General Grocery,21,13,15120.0,420.0,720.0,2.8876491476739403,Slow
3141,Strepsils Original 24 Lozenges,General Grocery,23,14,16560.0,460.0,720.0,2.966552197187365,Slow
3142,Ninja Refill 30Nights 25ml,General Grocery,30,17,11250.0,750.0,375.0,3.1893602535201047,Medium
3143,Ninja Refill 60Nights 42ml,General Grocery,34,14,16490.0,1190.0,485.0,3.1740640243151725,Medium
3144,GoodKnight Mosquito Coil 10Hours,General Grocery,3107,731,559260.0,93210.0,180.0,7.391055322600736,Fast
3145,Chandanalepa Kohomba Ayurveda Soap 75g,Personal Care,326,192,71720.0,6520.0,220.0,5.552688679000688,Fast
3146,Chandanalepa Cinnamon Ayurveda Soap 100g,Personal Care,546,317,180180.0,16380.0,330.0,6.06036996358317,Fast
3147,Dona Vita Spaghetti 300g,General Grocery,31,14,13640.0,620.0,440.0,3.1247773370358445,Medium
3148,Fontana Tomato Juice 1L,Beverages,148,47,220520.0,5920.0,1490.0,4.494210923178554,Fast
3149,Fontana Pineapple Juice 1L,Beverages,124,47,213280.0,2480.0,1720.0,4.397613010424817,Fast
3150,GreenLand Sweet Corn 425g,Snacks & Confectionery,924,338,729960.0,36960.0,790.0,6.378086603953037,Fast
3151,GreenLand Cream Style Corn 425g,Personal Care,44,26,37400.0,2200.0,850.0,3.576790959075624,Medium
3152,GreenLand Button Mushrooms 425g,General Grocery,26,14,23140.0,1040.0,890.0,3.031332866798376,Slow
3153,GreenLand Baby Corn 425g,Baby & Kids,43,25,42570.0,1720.0,990.0,3.547447740764711,Medium
3154,Sunlight Royal Lavender 200g,Cleaning & Household,51,29,4590.0,510.0,90.0,3.7037228669677553,Medium
3155,Sunlight 2in1 500g,Cleaning & Household,965,565,173700.0,28950.0,180.0,6.632607444008317,Fast
3156,Sunlight sakura fresh 1kg,Cleaning & Household,42,24,13440.0,840.0,320.0,3.51715418482215,Medium
3157,Sunlight Citrus fresh 500g,Cleaning & Household,42,25,7560.0,1260.0,180.0,3.5348035057411265,Medium
3158,Sunlight Rose Fresh 200g,Cleaning & Household,60,36,5400.0,600.0,90.0,3.8858936859852222,Medium
3159,Sunlight Rose Fresh 500g,Cleaning & Household,40,17,7200.0,1200.0,180.0,3.3431319277406435,Medium
3160,Sunlight 2in1 (Citrus Fresh) 1kg,Cleaning & Household,37,20,11840.0,1295.0,320.0,3.3707074848250524,Medium
3161,Sunlight 2in1 (Jasmine Fresh) 1kg,Cleaning & Household,51,31,16320.0,1785.0,320.0,3.732765201479662,Medium
3162,Sunlight 2in1 (Rose Fresh) 50g,Cleaning & Household,89,54,2225.0,890.0,25.0,4.278195252036258,Fast
3163,Sunlight 2in1 (Lemon Fresh) 50g,Cleaning & Household,44,22,1100.0,440.0,25.0,3.5046367665417932,Medium
3164,Sunlight 2in1 (sakura Fresh) 50g,Cleaning & Household,557,308,13925.0,5570.0,25.0,6.058401003913707,Fast
3165,Rin Rose 50g,Cleaning & Household,303,170,6060.0,3030.0,20.0,5.458113836199619,Fast
3166,Rin Rose 200g,Cleaning & Household,44,27,3520.0,440.0,80.0,3.5931563989525177,Medium
3167,Rin Anti-germ 500g,Cleaning & Household,48,32,8160.0,960.0,170.0,3.7139295666207612,Medium
3168,Sunlight 2In1 Rose Fresh 2kg,Cleaning & Household,52,26,29900.0,780.0,575.0,3.6667871421556155,Medium
3169,Surf Excel 1kg,General Grocery,45,21,24300.0,900.0,540.0,3.4967218720802444,Medium
3170,Surf Excel 500g,General Grocery,263,141,78900.0,5260.0,300.0,5.296894182651042,Fast
3171,Surf Excel 250g,General Grocery,32,17,4800.0,960.0,150.0,3.2237464498598385,Medium
3172,Comfort Morning Fresh 54ml,General Grocery,25,17,2000.0,250.0,80.0,3.0926203869650895,Medium
3173,Surf Excel 120g,General Grocery,43,21,4300.0,860.0,100.0,3.4722734026662856,Medium
3174,Surf Excel 30g,General Grocery,32,18,640.0,320.0,20.0,3.2480766994314623,Medium
3175,Diva 3in1 (Jasmine&Lime) 30g,Cleaning & Household,75,41,1875.0,1125.0,25.0,4.063854665384998,Medium
3176,Diva 3In1 Rose 200g,Cleaning & Household,52,30,4680.0,520.0,90.0,3.728954794471983,Medium
3177,Diva Diriya 500g,Cleaning & Household,52,33,9880.0,2080.0,190.0,3.7705227885309403,Medium
3178,HyFum French Fries 1kg,General Grocery,29,12,46400.0,5800.0,1600.0,3.0248857707718773,Slow
3179,Keells Chicken Burger Patty 6 Slices,"Meat, Fish & Frozen",29,18,15225.0,725.0,525.0,3.1956561005390838,Medium
3180,Edinborouah Dark Soya Sauce 600ml,Cooking Essentials,1178,302,848160.0,23560.0,720.0,6.461011807774771,Fast
3181,Chandanalepa Ayurveda Soap 75g,Personal Care,62,39,15500.0,3100.0,250.0,3.9387198538666146,Medium
3182,Chandanalepa Venivel Ayurveda Soap 75g,Personal Care,76,42,16720.0,1520.0,220.0,4.081633034081629,Medium
3183,Comfort Lily Fresh 210ml,General Grocery,18,14,5400.0,360.0,300.0,2.838064029037537,Slow
3184,Comfort Morning Fresh 210ml,General Grocery,27,15,8100.0,540.0,300.0,3.0803774056042634,Medium
3185,Comfort Lily Fresh 860ml,General Grocery,28,11,32480.0,1680.0,1160.0,2.970220698897161,Slow
3186,Comfort Royale 850ml,General Grocery,22,9,34100.0,1100.0,1550.0,2.760685110608353,Slow
3187,Diva Power Liquid Detergent 1L,Cleaning & Household,1238,738,928500.0,61900.0,750.0,6.889516999322719,Fast
3188,Bubble Compact Aloe Vera 120g,General Grocery,26,13,1820.0,260.0,70.0,3.0002860746292477,Slow
3189,Fortune RBD Coconut Oil 200ml,Cooking Essentials,2464,586,924000.0,36960.0,375.0,7.164232066484878,Fast
3190,Fortune Cooking Oil RBD Palm Olein 2L,Cooking Essentials,1234,304,2924580.0,86380.0,2370.0,6.489494736457479,Fast
3191,Suddhi Fresh Milk 1L,Dairy & Chilled,75,43,35250.0,1500.0,470.0,4.0847886724207,Medium
3192,Daily Faluda Flavoured Milk 1L,Dairy & Chilled,403,212,221650.0,20150.0,550.0,5.713359657447874,Fast
3193,Vim Liquid 500ml,Cleaning & Household,272,160,100640.0,5440.0,370.0,5.371841451594737,Fast
3194,Rexona Kohomba & Turmeric Soap 80g,Personal Care,1137,656,130755.0,17055.0,115.0,6.789822996395527,Fast
3195,Rexona Jasmine & olive oil Soap 80g,Personal Care,2652,624,304980.0,39780.0,115.0,7.232883737157138,Fast
3196,Pears kokum Baby Soap 70g,Baby & Kids,87,44,12615.0,1305.0,145.0,4.175533368359658,Fast
3197,Lux Black Orchild 100g,General Grocery,21,10,3570.0,210.0,170.0,2.7791262221063406,Slow
3198,Lux Rose Vitamin C & E 100g,Health & Medicine,39,19,6630.0,390.0,170.0,3.376963222861961,Medium
3199,Pears Pure & Gentle Baby Soap 2 Pack,Baby & Kids,57,32,7125.0,1425.0,125.0,3.806672058460447,Medium
3200,Pears Kokum Baby Soap 2 Pack,Baby & Kids,491,303,61375.0,12275.0,125.0,5.98182575970357,Fast
3201,Marmite Yeast Extract Spread 50g,General Grocery,29,12,11455.0,435.0,395.0,3.0248857707718773,Slow
3202,Pears Pink Floral Cologne 100ml,Personal Care,63,32,36855.0,630.0,585.0,3.8608140985077357,Medium
3203,Clear Women Ice Cool Menthol 180ml,General Grocery,25,13,19000.0,250.0,760.0,2.9795288942386815,Slow
3204,Dove Oxygen Moisture Conditioner 180ml,Personal Care,48,25,39840.0,1440.0,830.0,3.606644606070512,Medium
3205,Dove Intence repair Shampoo 80ml,Personal Care,47,30,23500.0,940.0,500.0,3.674454798017656,Medium
3206,Pears Baby Cream 100ml,Baby & Kids,995,563,368150.0,19900.0,370.0,6.647835404845656,Fast
3207,Sunsilk Soft & Smooth Conditioner 80ml,Personal Care,64,37,25600.0,1280.0,400.0,3.9328267703194744,Medium
3208,Sunsilk Damage Restore Shampoo 80ml,Personal Care,542,313,208670.0,8130.0,385.0,6.050636969622378,Fast
3209,Vaseline Healthy bright 40ml,General Grocery,18,11,3600.0,360.0,200.0,2.7376494309461425,Slow
3210,Sunsilk Stunning black Shine Shampoo 80ml,Personal Care,51,27,17340.0,2040.0,340.0,3.672676074798627,Medium
3211,Vim Liquid Lime Fresh 250ml,Cleaning & Household,76,42,21660.0,2660.0,285.0,4.081633034081629,Medium
3212,Surf Excel Comfort 1kg,General Grocery,35,19,18900.0,1400.0,540.0,3.3190149392501564,Medium
3213,Rin Refresh 1kg,Cleaning & Household,48,29,14400.0,960.0,300.0,3.671039985708815,Medium
3214,Rin Anti-Germ 1kg,Cleaning & Household,224,147,67200.0,4480.0,300.0,5.227600744406283,Fast
3215,Rin Refresh 500g,Cleaning & Household,54,29,9180.0,540.0,170.0,3.7345720736258294,Medium
3216,Nestomalt Malted Food 400g,General Grocery,22,13,17160.0,1133.44,780.0,2.912097617087899,Slow
3217,Nangrow 4/ 3-5 years children,General Grocery,25,15,47500.0,4707.25,1900.0,3.0396180209197166,Slow
3218,Lactogrow 3/ 1-3 years children,General Grocery,15,8,18000.0,938.4000000000001,1200.0,2.5136748570331786,Slow
3219,Nestomalt 400g,General Grocery,22,13,16940.0,913.44,770.0,2.912097617087899,Slow
3220,Maggi Family Meal Pack 335g,General Grocery,23,11,8050.0,764.98,350.0,2.8661375990959703,Slow
3221,Maggi Chicken Flavoured Noodels 73g,"Meat, Fish & Frozen",18,13,2070.0,179.64000000000001,115.0,2.8070172368684085,Slow
3222,Nangrow 3/ 1-3 years children,General Grocery,34,18,68000.0,6738.8,2000.0,3.280438974444076,Medium
3223,"Nestle Ceregrow Wheat,Honey & Dates 200g",General Grocery,28,16,24360.0,1270.0800000000002,870.0,3.126958711317858,Medium
3224,aei Power pocket lavender 30days,General Grocery,29,19,9280.0,580.0,320.0,3.2187380830134815,Medium
3225,aei Power pocket lemon 30days,General Grocery,37,18,11840.0,740.0,320.0,3.3256699284744107,Medium
3226,aei Power pocket jasmine 30days,General Grocery,18,14,5760.0,360.0,320.0,2.838064029037537,Slow
3227,aei Power pocket sea breeze 30days,General Grocery,24,14,7680.0,480.0,320.0,2.989004294173505,Slow
3228,aei Power pocket berry rush 30days,General Grocery,35,18,11200.0,700.0,320.0,3.2959329567757587,Medium
3229,aei Power pocket rose fresh 30days,General Grocery,23,13,7360.0,460.0,320.0,2.9355054050182368,Slow
3230,Abha Black henna natural black 10g,General Grocery,27,12,6210.0,810.0,230.0,2.9869396914540536,Slow
3231,Clorex 250ml,General Grocery,24,14,4320.0,720.0,180.0,2.989004294173505,Slow
3232,Clorex 1L,General Grocery,15,9,7800.0,300.0,520.0,2.5610870890792006,Slow
3233,Eno Orange 1 Box,General Grocery,19,12,39900.0,1900.0,2100.0,2.8018799613123866,Slow
3234,Madushani Goraka paste 500g,General Grocery,47,29,18800.0,1880.0,400.0,3.65969937774731,Medium
3235,Sandani Gingelly Rolls 10 pieces,General Grocery,32,19,8800.0,800.0,275.0,3.2711586819058605,Medium
3236,Freelan Meat Curry Powder Mixture 25g,Cooking Essentials,218,50,15260.0,2180.0,70.0,4.733310986125022,Fast
3237,Freelan Maldives Fish Sambal 10g,"Meat, Fish & Frozen",31,14,930.0,310.0,30.0,3.1247773370358445,Medium
3238,Kellogg's Corn Flakes with Real Honey 300g,General Grocery,30,14,37500.0,1500.0,1250.0,3.107315552962825,Medium
3239,Happy Cow Cheese 60 Slices,Dairy & Chilled,86,44,608880.0,6880.0,7080.0,4.169247585656665,Fast
3240,Spanish Blackn Olives 450g,General Grocery,27,14,39960.0,2160.0,1480.0,3.051335071092357,Medium
3241,San Remo Penne Pasta 250g,Staples & Dry Groceries,213,52,110760.0,8520.0,520.0,4.737918169360473,Fast
3242,San Remo Elbows Pasta 250g,Staples & Dry Groceries,169,40,87880.0,6760.0,520.0,4.4957965703945835,Fast
3243,San Remo Penne Spaghetti 250g,General Grocery,357,193,185640.0,14280.0,520.0,5.6048293140988825,Fast
3244,Nestle Milkmaid 510g,General Grocery,681,333,606090.0,61290.0,890.0,6.20377975865342,Fast
3245,NoteBook A7,Stationery,35,17,1400.0,350.0,40.0,3.271602707204135,Medium
3246,NewsPaper SundayTimes,General Grocery,19,12,3420.0,190.0,180.0,2.8018799613123866,Slow
3247,Maggi Coconut Milk Powder 300g,Dairy & Chilled,473,113,520300.0,47300.0,1100.0,5.519953328709816,Fast
3248,Edinborouah Mango Chutney 885g,General Grocery,28,17,29400.0,1400.0,1050.0,3.1526799975458353,Medium
3249,Bag black,General Grocery,22,13,440.0,110.0,20.0,2.912097617087899,Slow
3250,Rich Life milk,Dairy & Chilled,99,46,48510.0,3960.0,490.0,4.2654100230629775,Fast
3251,aer air freshener 3in1 Jasmine,General Grocery,14,8,11200.0,700.0,800.0,2.4781786704075146,Slow
3252,Lovely Toilet Paper,Cleaning & Household,122,29,28060.0,6100.0,230.0,4.177240217202799,Fast
3253,Sunquick 700ml,General Grocery,41,20,53710.0,4510.0,1310.0,3.425753387031393,Medium
3254,Sunquick Orange 700ml,General Grocery,21,10,27510.0,1260.0,1310.0,2.7791262221063406,Slow
3255,Jack Mackerel,General Grocery,25,13,14000.0,2000.0,560.0,2.9795288942386815,Slow
3256,Gram Flour 200g,Staples & Dry Groceries,194,41,29100.0,5820.0,150.0,4.582101085437577,Fast
3257,MyJuicee Mango Nectar 180ml,Beverages,454,154,54480.0,9080.0,120.0,5.635704883036684,Fast
3258,Khomba original Budget Pack,General Grocery,21,10,2625.0,525.0,125.0,2.7791262221063406,Slow
3259,Panadol 240 Tablets,Health & Medicine,16,14,13401.6,1401.6,837.6,2.776889929726914,Slow
3260,Baby Cheramy jasmine cologne 100ml,Baby & Kids,49,30,28175.0,3675.0,575.0,3.696906895003796,Medium
3261,Hit aerosol for cockroaches,General Grocery,27,13,18765.0,2565.0,695.0,3.0202882789232284,Slow
