bundle_id,product_ids,product_count,product_names,categories,movement_labels,fast_product_count,medium_product_count,slow_product_count,fp_growth_support,pair_support,avg_pair_confidence,avg_pair_lift,graph_density,connected_edges,test_exact_support,test_attachment_rate_2_plus,test_attachment_rate,test_average_overlap,test_lift,estimated_bundle_retail_price,estimated_bundle_profit,base_bundle_score,source,normal_bundle_retail_price,estimated_bundle_cost,normal_bundle_profit,suggested_discount_pct,promo_bundle_price,promo_bundle_profit,promo_profit_margin
1,"1397,1854,2019,2046,2069,2478",6,Link Paspanguwa 23g|CBL Nice Biscuits  100g|Harischandra Noodles 400g|Edinborough Tomato Sauce 375g|CocaCola 1.5L|Ritzbury Chocolate (Peanut) 45g,Cooking Essentials|General Grocery|Snacks & Confectionery|Staples & Dry Groceries,Slow|Fast|Fast|Fast|Fast|Fast,5,0,1,0.027741854357309276,0.021975591611878478,0.7136255520272787,17.12537590606319,1.0,15,0.0,0.05188679245283019,0.04929245283018868,0.3264150943396226,0.0,966.17,71.57,0.8715092416091232,adaptive_fp_growth_fast_slow,990.0,894.6,95.4,0.0241,966.17,71.57,0.0741
2,"1451,1854,2019,2046,2069,2478",6,Sustagen 400g|CBL Nice Biscuits  100g|Harischandra Noodles 400g|Edinborough Tomato Sauce 375g|CocaCola 1.5L|Ritzbury Chocolate (Peanut) 45g,Cooking Essentials|General Grocery|Snacks & Confectionery|Staples & Dry Groceries,Slow|Fast|Fast|Fast|Fast|Fast,5,0,1,0.027741854357309276,0.021963528158111666,0.7136255520272787,17.12537590606319,1.0,15,0.0,0.05188679245283019,0.04929245283018868,0.3259433962264151,0.0,4677.53,346.48,0.8715053107915132,adaptive_fp_growth_fast_slow,4790.0,4331.05,458.95,0.0235,4677.53,346.48,0.0741
3,"1275,1915,2684,3019,3043",5,Sunlight ( Lime & Orange) 115g|Sunlight 2in1 (Lemon) 1kg|Rin Detergent Powder 1kg|Vaseline Kiss of Petals 100ml|Sunlight 2Bar,Cleaning & Household|General Grocery,Fast|Fast|Fast|Slow|Fast,4,0,1,0.028989878062958985,0.02007961879486097,0.7976147876275428,21.41022956236021,1.0,10,0.0,0.045990566037735846,0.045283018867924525,0.19764150943396228,0.0,1084.91,80.36,0.8700974068233768,adaptive_fp_growth_fast_slow,1160.0,1004.55,155.45,0.0647,1084.91,80.36,0.0741
4,"1275,1915,2684,3019,3043,3187",6,Sunlight ( Lime & Orange) 115g|Sunlight 2in1 (Lemon) 1kg|Rin Detergent Powder 1kg|Vaseline Kiss of Petals 100ml|Sunlight 2Bar|Diva Power Liquid Detergent 1L,Cleaning & Household|General Grocery,Fast|Fast|Fast|Slow|Fast|Fast,5,0,1,0.028728399517052923,0.02265516617407564,0.7909532987703746,21.218571713093777,1.0,15,0.0,0.04622641509433962,0.045283018867924525,0.25141509433962267,0.0,1840.91,136.36,0.8697475545639839,adaptive_fp_growth_fast_slow,1910.0,1704.55,205.45,0.0362,1840.91,136.36,0.0741
5,"1059,1275,1915,2684,3043",5,Feeding Bottle 120ml (Rose)|Sunlight ( Lime & Orange) 115g|Sunlight 2in1 (Lemon) 1kg|Rin Detergent Powder 1kg|Sunlight 2Bar,Cleaning & Household|General Grocery,Slow|Fast|Fast|Fast|Fast,4,0,1,0.028989878062958985,0.020103745702394593,0.7976147876275428,21.41022956236021,1.0,10,0.0,0.04575471698113207,0.045283018867924525,0.1964622641509434,0.0,821.38,60.84,0.869554953993188,adaptive_fp_growth_fast_slow,855.0,760.54,94.46,0.0393,821.38,60.84,0.0741
6,"1205,1275,1915,2684,3043",5,Whisper Regular flow 20p|Sunlight ( Lime & Orange) 115g|Sunlight 2in1 (Lemon) 1kg|Rin Detergent Powder 1kg|Sunlight 2Bar,Cleaning & Household|General Grocery,Slow|Fast|Fast|Fast|Fast,4,0,1,0.028989878062958985,0.020049460160443934,0.7976147876275428,21.41022956236021,1.0,10,0.0,0.04575471698113207,0.045283018867924525,0.1964622641509434,0.0,869.98,64.44,0.869554953993188,adaptive_fp_growth_fast_slow,920.0,805.54,114.46,0.0544,869.98,64.44,0.0741
7,"1275,1915,2232,2684,3043",5,Sunlight ( Lime & Orange) 115g|Sunlight 2in1 (Lemon) 1kg|Siddhalepa Bee-Honey 90ml|Rin Detergent Powder 1kg|Sunlight 2Bar,Cleaning & Household|Health & Medicine,Fast|Fast|Slow|Fast|Fast,4,0,1,0.028989878062958985,0.02007358706797756,0.7976147876275428,21.41022956236021,1.0,10,0.0,0.04575471698113207,0.045283018867924525,0.1964622641509434,0.0,896.98,66.44,0.869554953993188,adaptive_fp_growth_fast_slow,960.0,830.54,129.46,0.0656,896.98,66.44,0.0741
8,"1122,1275,1915,2684,3043",5,Vaseline Sun+ 100ml|Sunlight ( Lime & Orange) 115g|Sunlight 2in1 (Lemon) 1kg|Rin Detergent Powder 1kg|Sunlight 2Bar,Cleaning & Household|General Grocery,Slow|Fast|Fast|Fast|Fast,4,0,1,0.028989878062958985,0.02007358706797756,0.7976147876275428,21.41022956236021,1.0,10,0.0,0.04575471698113207,0.045283018867924525,0.19622641509433963,0.0,1452.77,107.61,0.869552595502622,adaptive_fp_growth_fast_slow,1550.0,1345.16,204.84,0.0627,1452.77,107.61,0.0741
9,"1275,1381,1915,2684,3043",5,Sunlight ( Lime & Orange) 115g|Siddhalepa Balm 25g|Sunlight 2in1 (Lemon) 1kg|Rin Detergent Powder 1kg|Sunlight 2Bar,Cleaning & Household|Health & Medicine,Fast|Slow|Fast|Fast|Fast,4,0,1,0.028989878062958985,0.020061523614210746,0.7976147876275428,21.41022956236021,1.0,10,0.0,0.04575471698113207,0.045283018867924525,0.19622641509433963,0.0,737.68,54.64,0.869552595502622,adaptive_fp_growth_fast_slow,785.0,683.04,101.96,0.0603,737.68,54.64,0.0741
10,"1275,1915,2684,3043,3259",5,Sunlight ( Lime & Orange) 115g|Sunlight 2in1 (Lemon) 1kg|Rin Detergent Powder 1kg|Sunlight 2Bar|Panadol 240 Tablets,Cleaning & Household|Health & Medicine,Fast|Fast|Fast|Fast|Slow,4,0,1,0.028989878062958985,0.020061523614210753,0.7976147876275428,21.41022956236021,1.0,10,0.0,0.04575471698113207,0.045283018867924525,0.19622641509433963,0.0,1328.98,98.44,0.869552595502622,adaptive_fp_growth_fast_slow,1397.6,1230.54,167.06,0.0491,1328.98,98.44,0.0741
11,"1275,1614,1915,2684,3043",5,Sunlight ( Lime & Orange) 115g|Bic 3|Sunlight 2in1 (Lemon) 1kg|Rin Detergent Powder 1kg|Sunlight 2Bar,Cleaning & Household|General Grocery,Fast|Slow|Fast|Fast|Fast,4,0,1,0.028989878062958985,0.02005549188732734,0.7976147876275428,21.41022956236021,1.0,10,0.0002358490566037736,0.04575471698113207,0.045283018867924525,0.19599056603773585,92712.79394787831,614.02,45.48,0.869550237012056,adaptive_fp_growth_fast_slow,660.0,568.54,91.46,0.0697,614.02,45.48,0.0741
12,"1275,1915,1945,2684,3043",5,Sunlight ( Lime & Orange) 115g|Sunlight 2in1 (Lemon) 1kg|Sunquick Orange 330ml|Rin Detergent Powder 1kg|Sunlight 2Bar,Cleaning & Household|General Grocery,Fast|Fast|Slow|Fast|Fast,4,0,1,0.028989878062958985,0.02009168224862778,0.7976147876275428,21.41022956236021,1.0,10,0.0,0.04575471698113207,0.045283018867924525,0.1955188679245283,0.0,900.23,69.69,0.8695455200309239,adaptive_fp_growth_fast_slow,980.0,830.54,149.46,0.0814,900.23,69.69,0.0774
13,"1275,1915,2625,2684,3043",5,Sunlight ( Lime & Orange) 115g|Sunlight 2in1 (Lemon) 1kg|Moldivefish (Dry) 1kg|Rin Detergent Powder 1kg|Sunlight 2Bar,Cleaning & Household|General Grocery,Fast|Fast|Slow|Fast|Fast,4,0,1,0.028989878062958985,0.02009771397551119,0.7976147876275428,21.41022956236021,1.0,10,0.0,0.04575471698113207,0.045283018867924525,0.1955188679245283,0.0,2354.98,174.44,0.8695455200309239,adaptive_fp_growth_fast_slow,2460.0,2180.54,279.46,0.0427,2354.98,174.44,0.0741
14,"1275,1388,1915,2684,3187",5,Sunlight ( Lime & Orange) 115g|Iodex Balm 2.5g|Sunlight 2in1 (Lemon) 1kg|Rin Detergent Powder 1kg|Diva Power Liquid Detergent 1L,Cleaning & Household|Health & Medicine,Fast|Slow|Fast|Fast|Fast,4,0,1,0.028989003899642554,0.020043428433560526,0.7973873727177972,21.397259627236476,1.0,10,0.0,0.04575471698113207,0.045283018867924525,0.19669811320754718,0.0,1189.66,88.12,0.8695232002472922,adaptive_fp_growth_fast_slow,1220.0,1101.54,118.46,0.0249,1189.66,88.12,0.0741
15,"1275,1915,2118,2684,3187",5,Sunlight ( Lime & Orange) 115g|Sunlight 2in1 (Lemon) 1kg|Signal Deep Clean (T.B)|Rin Detergent Powder 1kg|Diva Power Liquid Detergent 1L,Cleaning & Household|General Grocery,Fast|Fast|Slow|Fast|Fast,4,0,1,0.028989003899642554,0.02007358706797756,0.7973873727177972,21.397259627236476,1.0,10,0.0,0.04575471698113207,0.045283018867924525,0.1964622641509434,0.0,1223.19,90.61,0.8695208417567262,adaptive_fp_growth_fast_slow,1258.0,1132.58,125.42,0.0277,1223.19,90.61,0.0741
16,"1059,1275,1915,2684,3043,3187",6,Feeding Bottle 120ml (Rose)|Sunlight ( Lime & Orange) 115g|Sunlight 2in1 (Lemon) 1kg|Rin Detergent Powder 1kg|Sunlight 2Bar|Diva Power Liquid Detergent 1L,Cleaning & Household|General Grocery,Slow|Fast|Fast|Fast|Fast|Fast,5,0,1,0.028728399517052923,0.022675271930353662,0.7909532987703746,21.218571713093777,1.0,15,0.0,0.045990566037735846,0.045283018867924525,0.2502358490566038,0.0,1577.38,116.84,0.8692070671426002,adaptive_fp_growth_fast_slow,1605.0,1460.54,144.46,0.0172,1577.38,116.84,0.0741
17,"1205,1275,1915,2684,3043,3187",6,Whisper Regular flow 20p|Sunlight ( Lime & Orange) 115g|Sunlight 2in1 (Lemon) 1kg|Rin Detergent Powder 1kg|Sunlight 2Bar|Diva Power Liquid Detergent 1L,Cleaning & Household|General Grocery,Slow|Fast|Fast|Fast|Fast|Fast,5,0,1,0.028728399517052923,0.022631039266542013,0.7909532987703746,21.218571713093777,1.0,15,0.0,0.045990566037735846,0.045283018867924525,0.2502358490566038,0.0,1625.98,120.44,0.8692070671426002,adaptive_fp_growth_fast_slow,1670.0,1505.54,164.46,0.0264,1625.98,120.44,0.0741
18,"1275,1388,1915,2684,3043,3187",6,Sunlight ( Lime & Orange) 115g|Iodex Balm 2.5g|Sunlight 2in1 (Lemon) 1kg|Rin Detergent Powder 1kg|Sunlight 2Bar|Diva Power Liquid Detergent 1L,Cleaning & Household|Health & Medicine,Fast|Slow|Fast|Fast|Fast|Fast,5,0,1,0.028728399517052923,0.022631039266542013,0.7909532987703746,21.218571713093777,1.0,15,0.0,0.045990566037735846,0.045283018867924525,0.2502358490566038,0.0,1308.46,96.92,0.8692070671426002,adaptive_fp_growth_fast_slow,1345.0,1211.54,133.46,0.0272,1308.46,96.92,0.0741
19,"1275,1915,2232,2684,3043,3187",6,Sunlight ( Lime & Orange) 115g|Sunlight 2in1 (Lemon) 1kg|Siddhalepa Bee-Honey 90ml|Rin Detergent Powder 1kg|Sunlight 2Bar|Diva Power Liquid Detergent 1L,Cleaning & Household|Health & Medicine,Fast|Fast|Slow|Fast|Fast|Fast,5,0,1,0.028728399517052923,0.02265114502282004,0.7909532987703746,21.218571713093777,1.0,15,0.0,0.045990566037735846,0.045283018867924525,0.2502358490566038,0.0,1652.98,122.44,0.8692070671426002,adaptive_fp_growth_fast_slow,1710.0,1530.54,179.46,0.0333,1652.98,122.44,0.0741
20,"1122,1275,1915,2684,3043,3187",6,Vaseline Sun+ 100ml|Sunlight ( Lime & Orange) 115g|Sunlight 2in1 (Lemon) 1kg|Rin Detergent Powder 1kg|Sunlight 2Bar|Diva Power Liquid Detergent 1L,Cleaning & Household|General Grocery,Slow|Fast|Fast|Fast|Fast|Fast,5,0,1,0.028728399517052923,0.02265114502282003,0.7909532987703746,21.218571713093777,1.0,15,0.0,0.045990566037735846,0.045283018867924525,0.25,0.0,2208.77,163.61,0.8692051017337952,adaptive_fp_growth_fast_slow,2300.0,2045.16,254.84,0.0397,2208.77,163.61,0.0741
21,"1275,1381,1915,2684,3043,3187",6,Sunlight ( Lime & Orange) 115g|Siddhalepa Balm 25g|Sunlight 2in1 (Lemon) 1kg|Rin Detergent Powder 1kg|Sunlight 2Bar|Diva Power Liquid Detergent 1L,Cleaning & Household|Health & Medicine,Fast|Slow|Fast|Fast|Fast|Fast,5,0,1,0.028728399517052923,0.022643102720308825,0.7909532987703746,21.218571713093777,1.0,15,0.0,0.045990566037735846,0.045283018867924525,0.25,0.0,1493.68,110.64,0.8692051017337952,adaptive_fp_growth_fast_slow,1535.0,1383.04,151.96,0.0269,1493.68,110.64,0.0741
22,"1275,1915,2118,2684,3043,3187",6,Sunlight ( Lime & Orange) 115g|Sunlight 2in1 (Lemon) 1kg|Signal Deep Clean (T.B)|Rin Detergent Powder 1kg|Sunlight 2Bar|Diva Power Liquid Detergent 1L,Cleaning & Household|General Grocery,Fast|Fast|Slow|Fast|Fast|Fast,5,0,1,0.028728399517052923,0.02265516617407564,0.7909532987703746,21.218571713093777,1.0,15,0.0,0.045990566037735846,0.045283018867924525,0.25,0.0,1341.99,99.41,0.8692051017337952,adaptive_fp_growth_fast_slow,1383.0,1242.58,140.42,0.0297,1341.99,99.41,0.0741
23,"1275,1915,2684,3043,3187,3259",6,Sunlight ( Lime & Orange) 115g|Sunlight 2in1 (Lemon) 1kg|Rin Detergent Powder 1kg|Sunlight 2Bar|Diva Power Liquid Detergent 1L|Panadol 240 Tablets,Cleaning & Household|Health & Medicine,Fast|Fast|Fast|Fast|Fast|Slow,5,0,1,0.028728399517052923,0.022639081569053216,0.7909532987703746,21.218571713093777,1.0,15,0.0,0.045990566037735846,0.045283018867924525,0.25,0.0,2084.98,154.44,0.8692051017337952,adaptive_fp_growth_fast_slow,2147.6,1930.54,217.06,0.0292,2084.98,154.44,0.0741
24,"1275,1614,1915,2684,3043,3187",6,Sunlight ( Lime & Orange) 115g|Bic 3|Sunlight 2in1 (Lemon) 1kg|Rin Detergent Powder 1kg|Sunlight 2Bar|Diva Power Liquid Detergent 1L,Cleaning & Household|General Grocery,Fast|Slow|Fast|Fast|Fast|Fast,5,0,1,0.028728399517052923,0.022635060417797614,0.7909532987703746,21.218571713093777,1.0,15,0.0002358490566037736,0.045990566037735846,0.045283018867924525,0.2497641509433962,1724132.6593815966,1370.02,101.48,0.8692031363249901,adaptive_fp_growth_fast_slow,1410.0,1268.54,141.46,0.0284,1370.02,101.48,0.0741
25,"1275,1915,1945,2684,3043,3187",6,Sunlight ( Lime & Orange) 115g|Sunlight 2in1 (Lemon) 1kg|Sunquick Orange 330ml|Rin Detergent Powder 1kg|Sunlight 2Bar|Diva Power Liquid Detergent 1L,Cleaning & Household|General Grocery,Fast|Fast|Slow|Fast|Fast|Fast,5,0,1,0.028728399517052923,0.022667229627842456,0.7909532987703746,21.218571713093777,1.0,15,0.0,0.045990566037735846,0.045283018867924525,0.24929245283018867,0.0,1652.98,122.44,0.8691992055073801,adaptive_fp_growth_fast_slow,1730.0,1530.54,199.46,0.0445,1652.98,122.44,0.0741
26,"1275,1915,2625,2684,3043,3187",6,Sunlight ( Lime & Orange) 115g|Sunlight 2in1 (Lemon) 1kg|Moldivefish (Dry) 1kg|Rin Detergent Powder 1kg|Sunlight 2Bar|Diva Power Liquid Detergent 1L,Cleaning & Household|General Grocery,Fast|Fast|Slow|Fast|Fast|Fast,5,0,1,0.028728399517052923,0.022671250779098057,0.7909532987703746,21.218571713093777,1.0,15,0.0,0.045990566037735846,0.045283018867924525,0.24929245283018867,0.0,3110.98,230.44,0.8691992055073801,adaptive_fp_growth_fast_slow,3210.0,2880.54,329.46,0.0308,3110.98,230.44,0.0741
27,"1496,1635,1921,2020,2045,2068",6,Tiara Layer Cake (Chocolate)310g|Ritzbury  Chunky-Choc (Classic)200g|Surf excel (Aloevera) 500g|Harischandra Noodles 400g (2minutes)|Edinborough Tomato Sauce 405g|CocaCola 1050ml,Cooking Essentials|General Grocery|Snacks & Confectionery|Staples & Dry Groceries,Fast|Fast|Slow|Fast|Fast|Fast,5,0,1,0.029360675686219608,0.021404588133582644,0.8090454118252196,21.72421532011666,1.0,15,0.0,0.05471698113207547,0.03018867924528302,0.2632075471698113,0.0,1324.08,98.08,0.8671351136605755,adaptive_fp_growth_fast_slow,1385.0,1226.0,159.0,0.044,1324.08,98.08,0.0741
28,"1496,1635,2020,2045,2068,2184",6,Tiara Layer Cake (Chocolate)310g|Ritzbury  Chunky-Choc (Classic)200g|Harischandra Noodles 400g (2minutes)|Edinborough Tomato Sauce 405g|CocaCola 1050ml|Wijaya Fenugreek 100g,Cooking Essentials|General Grocery|Snacks & Confectionery|Staples & Dry Groceries,Fast|Fast|Fast|Fast|Fast|Slow,5,0,1,0.029360675686219608,0.02140056698232704,0.8090454118252196,21.72421532011666,1.0,15,0.0,0.054245283018867926,0.030424528301886793,0.26297169811320753,0.0,1196.64,88.64,0.8666614501385629,adaptive_fp_growth_fast_slow,1260.0,1108.0,152.0,0.0503,1196.64,88.64,0.0741
29,"1125,1496,1635,2020,2045,2068",6,Vaseline Healthy 100ml|Tiara Layer Cake (Chocolate)310g|Ritzbury  Chunky-Choc (Classic)200g|Harischandra Noodles 400g (2minutes)|Edinborough Tomato Sauce 405g|CocaCola 1050ml,Cooking Essentials|General Grocery|Snacks & Confectionery|Staples & Dry Groceries,Slow|Fast|Fast|Fast|Fast|Fast,5,0,1,0.029360675686219608,0.021404588133582644,0.8090454118252196,21.72421532011666,1.0,15,0.0,0.0544811320754717,0.03018867924528302,0.2639150943396226,0.0,1383.48,102.48,0.8666103495096321,adaptive_fp_growth_fast_slow,1450.0,1281.0,169.0,0.0459,1383.48,102.48,0.0741
30,"1496,1635,2020,2045,2068,2416",6,Tiara Layer Cake (Chocolate)310g|Ritzbury  Chunky-Choc (Classic)200g|Harischandra Noodles 400g (2minutes)|Edinborough Tomato Sauce 405g|CocaCola 1050ml|Camellia Parfum (Purity) 22ml,Cooking Essentials|General Grocery|Snacks & Confectionery|Staples & Dry Groceries,Fast|Fast|Fast|Fast|Fast|Slow,5,0,1,0.029360675686219608,0.021428715041116268,0.8090454118252196,21.72421532011666,1.0,15,0.0,0.0544811320754717,0.03018867924528302,0.2634433962264151,0.0,1325.7,98.2,0.866606418692022,adaptive_fp_growth_fast_slow,1400.0,1227.5,172.5,0.0531,1325.7,98.2,0.0741
31,"1496,1635,2020,2045,2068,2118",6,Tiara Layer Cake (Chocolate)310g|Ritzbury  Chunky-Choc (Classic)200g|Harischandra Noodles 400g (2minutes)|Edinborough Tomato Sauce 405g|CocaCola 1050ml|Signal Deep Clean (T.B),Cooking Essentials|General Grocery|Snacks & Confectionery|Staples & Dry Groceries,Fast|Fast|Fast|Fast|Fast|Slow,5,0,1,0.029360675686219608,0.02140458813358264,0.8090454118252196,21.72421532011666,1.0,15,0.0,0.0544811320754717,0.03018867924528302,0.26297169811320753,0.0,1218.28,90.24,0.866602487874412,adaptive_fp_growth_fast_slow,1283.0,1128.04,154.96,0.0504,1218.28,90.24,0.0741
32,"1374,1496,1635,2020,2045,2068",6,Ninja Mosquito Control Liquid+Machine|Tiara Layer Cake (Chocolate)310g|Ritzbury  Chunky-Choc (Classic)200g|Harischandra Noodles 400g (2minutes)|Edinborough Tomato Sauce 405g|CocaCola 1050ml,Cooking Essentials|General Grocery|Snacks & Confectionery|Staples & Dry Groceries,Slow|Fast|Fast|Fast|Fast|Fast,5,0,1,0.029360675686219608,0.021416651587349456,0.8090454118252196,21.72421532011666,1.0,15,0.0,0.054245283018867926,0.03018867924528302,0.2634433962264151,0.0,1907.28,141.28,0.8660757583146635,adaptive_fp_growth_fast_slow,1960.0,1766.0,194.0,0.0269,1907.28,141.28,0.0741
33,"1404,1496,1635,2020,2045,2068",6,Kellogg's Chocos 110g|Tiara Layer Cake (Chocolate)310g|Ritzbury  Chunky-Choc (Classic)200g|Harischandra Noodles 400g (2minutes)|Edinborough Tomato Sauce 405g|CocaCola 1050ml,Cooking Essentials|General Grocery|Snacks & Confectionery|Staples & Dry Groceries,Slow|Fast|Fast|Fast|Fast|Fast,5,0,1,0.029360675686219608,0.021424693889860666,0.8090454118252196,21.72421532011666,1.0,15,0.0,0.054245283018867926,0.03018867924528302,0.2634433962264151,0.0,1399.68,103.68,0.8660757583146635,adaptive_fp_growth_fast_slow,1470.0,1296.0,174.0,0.0478,1399.68,103.68,0.0741
34,"1123,1496,1635,2020,2045,2068",6,Vaseline Cocoa 100ml|Tiara Layer Cake (Chocolate)310g|Ritzbury  Chunky-Choc (Classic)200g|Harischandra Noodles 400g (2minutes)|Edinborough Tomato Sauce 405g|CocaCola 1050ml,Cooking Essentials|General Grocery|Snacks & Confectionery|Staples & Dry Groceries,Slow|Fast|Fast|Fast|Fast|Fast,5,0,1,0.029360675686219608,0.02140056698232704,0.8090454118252196,21.72421532011666,1.0,15,0.0,0.054245283018867926,0.03018867924528302,0.2632075471698113,0.0,2026.08,150.08,0.8660737929058585,adaptive_fp_growth_fast_slow,2030.0,1876.0,154.0,0.0019,2026.08,150.08,0.0741
35,"1496,1635,1940,2020,2045,2068",6,Tiara Layer Cake (Chocolate)310g|Ritzbury  Chunky-Choc (Classic)200g|britol super 45g|Harischandra Noodles 400g (2minutes)|Edinborough Tomato Sauce 405g|CocaCola 1050ml,Cooking Essentials|General Grocery|Snacks & Confectionery|Staples & Dry Groceries,Fast|Fast|Slow|Fast|Fast|Fast,5,0,1,0.029360675686219608,0.021404588133582644,0.8090454118252196,21.72421532011666,1.0,15,0.0002358490566037736,0.054245283018867926,0.03018867924528302,0.26297169811320753,891600.3883274712,1161.0,86.0,0.8660718274970535,adaptive_fp_growth_fast_slow,1220.0,1075.0,145.0,0.0484,1161.0,86.0,0.0741
36,"1496,1635,2020,2045,2068,2358",6,Tiara Layer Cake (Chocolate)310g|Ritzbury  Chunky-Choc (Classic)200g|Harischandra Noodles 400g (2minutes)|Edinborough Tomato Sauce 405g|CocaCola 1050ml|Iodex Head Fast 18g,Cooking Essentials|General Grocery|Snacks & Confectionery|Staples & Dry Groceries,Fast|Fast|Fast|Fast|Fast|Slow,5,0,1,0.029360675686219608,0.02140056698232704,0.8090454118252196,21.72421532011666,1.0,15,0.0,0.054245283018867926,0.03018867924528302,0.26297169811320753,0.0,1373.07,101.71,0.8660718274970535,adaptive_fp_growth_fast_slow,1440.0,1271.36,168.64,0.0465,1373.07,101.71,0.0741
37,"1496,1635,2020,2045,2068,2638",6,Tiara Layer Cake (Chocolate)310g|Ritzbury  Chunky-Choc (Classic)200g|Harischandra Noodles 400g (2minutes)|Edinborough Tomato Sauce 405g|CocaCola 1050ml|Champion (Cool Mint) 90g,Cooking Essentials|General Grocery|Snacks & Confectionery|Staples & Dry Groceries,Fast|Fast|Fast|Fast|Fast|Slow,5,0,1,0.029360675686219608,0.02142067273860506,0.8090454118252196,21.72421532011666,1.0,15,0.0,0.054245283018867926,0.03018867924528302,0.26297169811320753,0.0,1207.31,89.43,0.8660718274970535,adaptive_fp_growth_fast_slow,1265.0,1117.88,147.12,0.0456,1207.31,89.43,0.0741
38,"1496,1635,2020,2045,2068,2866",6,Tiara Layer Cake (Chocolate)310g|Ritzbury  Chunky-Choc (Classic)200g|Harischandra Noodles 400g (2minutes)|Edinborough Tomato Sauce 405g|CocaCola 1050ml|Marmite 100g,Cooking Essentials|General Grocery|Snacks & Confectionery|Staples & Dry Groceries,Fast|Fast|Fast|Fast|Fast|Slow,5,0,1,0.029360675686219608,0.02140056698232704,0.8090454118252196,21.72421532011666,1.0,15,0.0,0.054245283018867926,0.03018867924528302,0.26297169811320753,0.0,1820.88,134.88,0.8660718274970535,adaptive_fp_growth_fast_slow,1885.0,1686.0,199.0,0.034,1820.88,134.88,0.0741
39,"1473,1496,1635,2020,2045,2068",6,Nescafe Classic 50g|Tiara Layer Cake (Chocolate)310g|Ritzbury  Chunky-Choc (Classic)200g|Harischandra Noodles 400g (2minutes)|Edinborough Tomato Sauce 405g|CocaCola 1050ml,Cooking Essentials|General Grocery|Snacks & Confectionery|Staples & Dry Groceries,Slow|Fast|Fast|Fast|Fast|Fast,5,0,1,0.029360675686219608,0.021404588133582644,0.8090454118252196,21.72421532011666,1.0,15,0.0,0.054245283018867926,0.03018867924528302,0.2627358490566038,0.0,2015.28,149.28,0.8660698620882484,adaptive_fp_growth_fast_slow,2050.0,1866.0,184.0,0.0169,2015.28,149.28,0.0741
40,"1496,1635,1770,2020,2045,2068",6,Tiara Layer Cake (Chocolate)310g|Ritzbury  Chunky-Choc (Classic)200g|Keells Chicken Bockwurst 400g|Harischandra Noodles 400g (2minutes)|Edinborough Tomato Sauce 405g|CocaCola 1050ml,"Cooking Essentials|General Grocery|Meat, Fish & Frozen|Snacks & Confectionery|Staples & Dry Groceries",Fast|Fast|Slow|Fast|Fast|Fast,5,0,1,0.029360675686219608,0.021416651587349456,0.8090454118252196,21.72421532011666,1.0,15,0.0002358490566037736,0.054245283018867926,0.03018867924528302,0.2627358490566038,1337400.5824912067,1642.68,121.68,0.8660698620882484,adaptive_fp_growth_fast_slow,1709.0,1521.0,188.0,0.0388,1642.68,121.68,0.0741
41,"1496,1635,2020,2045,2068,3002",6,Tiara Layer Cake (Chocolate)310g|Ritzbury  Chunky-Choc (Classic)200g|Harischandra Noodles 400g (2minutes)|Edinborough Tomato Sauce 405g|CocaCola 1050ml|Sun Crush Lemon Lime 250ml,Cooking Essentials|General Grocery|Snacks & Confectionery|Staples & Dry Groceries,Fast|Fast|Fast|Fast|Fast|Slow,5,0,1,0.029360675686219608,0.02140458813358264,0.8090454118252196,21.72421532011666,1.0,15,0.0,0.054245283018867926,0.03018867924528302,0.2627358490566038,0.0,1302.48,96.48,0.8660698620882484,adaptive_fp_growth_fast_slow,1360.0,1206.0,154.0,0.0423,1302.48,96.48,0.0741
42,"1275,1915,2684,3043,3066,3187",6,Sunlight ( Lime & Orange) 115g|Sunlight 2in1 (Lemon) 1kg|Rin Detergent Powder 1kg|Sunlight 2Bar|MD WoodApple Jam 300g|Diva Power Liquid Detergent 1L,Cleaning & Household|General Grocery,Fast|Fast|Fast|Fast|Slow|Fast,5,0,1,0.028728399517052923,0.024247542071295012,0.7909532987703746,21.218571713093777,0.9333333333333333,14,0.0,0.045990566037735846,0.045283018867924525,0.2502358490566038,0.0,1663.78,123.24,0.8592070671426002,adaptive_fp_growth_fast_slow,1690.0,1540.54,149.46,0.0155,1663.78,123.24,0.0741
43,"1275,1915,2684,3043,3066",5,Sunlight ( Lime & Orange) 115g|Sunlight 2in1 (Lemon) 1kg|Rin Detergent Powder 1kg|Sunlight 2Bar|MD WoodApple Jam 300g,Cleaning & Household|General Grocery,Fast|Fast|Fast|Fast|Slow,4,0,1,0.028989878062958985,0.02227717795604882,0.7976147876275428,21.41022956236021,0.9,9,0.0,0.04575471698113207,0.045283018867924525,0.1964622641509434,0.0,907.78,67.24,0.854554953993188,adaptive_fp_growth_fast_slow,940.0,840.54,99.46,0.0343,907.78,67.24,0.0741
44,"1397,2019,2046,2069,2478",5,Link Paspanguwa 23g|Harischandra Noodles 400g|Edinborough Tomato Sauce 375g|CocaCola 1.5L|Ritzbury Chocolate (Peanut) 45g,Cooking Essentials|General Grocery|Snacks & Confectionery|Staples & Dry Groceries,Slow|Fast|Fast|Fast|Fast,4,0,1,0.0289998117370094,0.01925327221183425,0.7545811749612383,18.835979278381867,1.0,10,0.0,0.05,0.03160377358490566,0.20731132075471698,0.0,899.64,66.64,0.851769723413997,adaptive_fp_growth_fast_slow,920.0,833.0,87.0,0.0221,899.64,66.64,0.0741
45,"1451,2019,2046,2069,2478",5,Sustagen 400g|Harischandra Noodles 400g|Edinborough Tomato Sauce 375g|CocaCola 1.5L|Ritzbury Chocolate (Peanut) 45g,Cooking Essentials|General Grocery|Snacks & Confectionery|Staples & Dry Groceries,Slow|Fast|Fast|Fast|Fast,4,0,1,0.0289998117370094,0.019235177031184027,0.7545811749612383,18.835979278381867,1.0,10,0.0,0.05,0.03160377358490566,0.20683962264150943,0.0,4611.01,341.56,0.8517650064328649,adaptive_fp_growth_fast_slow,4720.0,4269.45,450.55,0.0231,4611.01,341.56,0.0741
46,"1449,1478,1854,2056,2378,3019",6,Milo Drink 180ml|White Sugar 1kg (Pkt)|CBL Nice Biscuits  100g|Maggi Coconut Milk Powder 125g|Zesta Tea (BOPF) 390g|Vaseline Kiss of Petals 100ml,Beverages|Dairy & Chilled|General Grocery|Snacks & Confectionery|Staples & Dry Groceries,Fast|Fast|Fast|Fast|Fast|Slow,5,0,1,0.029290265141753057,0.023821300038200936,0.6546473770909531,12.722579070180304,1.0,15,0.0002358490566037736,0.05165094339622642,0.03514150943396226,0.35400943396226414,97323.24564300693,1748.0,129.48,0.8502155814064103,adaptive_fp_growth_fast_slow,1800.0,1618.52,181.48,0.0289,1748.0,129.48,0.0741
47,"1449,1478,1854,2056,2378,2380",6,Milo Drink 180ml|White Sugar 1kg (Pkt)|CBL Nice Biscuits  100g|Maggi Coconut Milk Powder 125g|Zesta Tea (BOPF) 390g|Red Bull 355ml,Beverages|Dairy & Chilled|General Grocery|Snacks & Confectionery|Staples & Dry Groceries,Fast|Fast|Fast|Fast|Fast|Slow,5,0,1,0.029290265141753057,0.02385346924824577,0.6546473770909531,12.722579070180304,1.0,15,0.0002358490566037736,0.05165094339622642,0.03514150943396226,0.3535377358490566,125129.8872552946,1635.81,128.24,0.8502116505888002,adaptive_fp_growth_fast_slow,1750.0,1507.57,242.43,0.0653,1635.81,128.24,0.0784
48,"1449,1478,1854,2056,2118,2378",6,Milo Drink 180ml|White Sugar 1kg (Pkt)|CBL Nice Biscuits  100g|Maggi Coconut Milk Powder 125g|Signal Deep Clean (T.B)|Zesta Tea (BOPF) 390g,Beverages|Dairy & Chilled|General Grocery|Snacks & Confectionery|Staples & Dry Groceries,Fast|Fast|Fast|Fast|Slow|Fast,5,0,1,0.029290265141753057,0.023825321189456537,0.6546473770909531,12.722579070180304,1.0,15,0.0,0.05165094339622642,0.03514150943396226,0.35259433962264153,0.0,1249.07,92.52,0.8502037889535801,adaptive_fp_growth_fast_slow,1273.0,1156.55,116.45,0.0188,1249.07,92.52,0.0741
49,"1123,1449,1478,1854,2056,2378",6,Vaseline Cocoa 100ml|Milo Drink 180ml|White Sugar 1kg (Pkt)|CBL Nice Biscuits  100g|Maggi Coconut Milk Powder 125g|Zesta Tea (BOPF) 390g,Beverages|Dairy & Chilled|General Grocery|Snacks & Confectionery|Staples & Dry Groceries,Slow|Fast|Fast|Fast|Fast|Fast,5,0,1,0.029290265141753057,0.023841405794478958,0.6546473770909531,12.722579070180304,1.0,15,0.0,0.051415094339622644,0.03514150943396226,0.35283018867924526,0.0,2020.0,115.49,0.8496750939850266,adaptive_fp_growth_fast_slow,2020.0,1904.51,115.49,0.0,2020.0,115.49,0.0572
50,"1449,1478,1854,2056,2378,2865",6,Milo Drink 180ml|White Sugar 1kg (Pkt)|CBL Nice Biscuits  100g|Maggi Coconut Milk Powder 125g|Zesta Tea (BOPF) 390g|Zero Cola 400ml,Beverages|Dairy & Chilled|General Grocery|Snacks & Confectionery|Staples & Dry Groceries,Fast|Fast|Fast|Fast|Fast|Slow,5,0,1,0.029290265141753057,0.023857490399501375,0.6546473770909531,12.722579070180304,1.0,15,0.0,0.05117924528301887,0.03514150943396226,0.35306603773584905,0.0,1378.63,102.12,0.8491463990164732,adaptive_fp_growth_fast_slow,1400.0,1276.51,123.49,0.0153,1378.63,102.12,0.0741
51,"1122,1449,1478,1854,2056,2378",6,Vaseline Sun+ 100ml|Milo Drink 180ml|White Sugar 1kg (Pkt)|CBL Nice Biscuits  100g|Maggi Coconut Milk Powder 125g|Zesta Tea (BOPF) 390g,Beverages|Dairy & Chilled|General Grocery|Snacks & Confectionery|Staples & Dry Groceries,Slow|Fast|Fast|Fast|Fast|Fast,5,0,1,0.029290265141753057,0.023837384643223356,0.6546473770909531,12.722579070180304,1.0,15,0.0002358490566037736,0.05117924528301887,0.03514150943396226,0.35259433962264153,291969.7369290208,2115.86,156.73,0.8491424681988631,adaptive_fp_growth_fast_slow,2190.0,1959.13,230.87,0.0339,2115.86,156.73,0.0741
52,"1449,1478,1614,1854,2056,2378",6,Milo Drink 180ml|White Sugar 1kg (Pkt)|Bic 3|CBL Nice Biscuits  100g|Maggi Coconut Milk Powder 125g|Zesta Tea (BOPF) 390g,Beverages|Dairy & Chilled|General Grocery|Snacks & Confectionery|Staples & Dry Groceries,Fast|Fast|Slow|Fast|Fast|Fast,5,0,1,0.029290265141753057,0.02384140579447896,0.6546473770909531,12.722579070180304,1.0,15,0.0,0.05117924528301887,0.03514150943396226,0.35235849056603774,0.0,1277.11,94.6,0.849140502790058,adaptive_fp_growth_fast_slow,1300.0,1182.51,117.49,0.0176,1277.11,94.6,0.0741
53,"1449,1478,1854,2378,2865",5,Milo Drink 180ml|White Sugar 1kg (Pkt)|CBL Nice Biscuits  100g|Zesta Tea (BOPF) 390g|Zero Cola 400ml,Beverages|General Grocery|Snacks & Confectionery|Staples & Dry Groceries,Fast|Fast|Fast|Fast|Slow,4,0,1,0.030397281002420562,0.021364376621026603,0.6817017391423871,13.492725020606613,1.0,10,0.0,0.049528301886792456,0.03490566037735849,0.2775943396226415,0.0,1165.87,86.36,0.8487340344562638,adaptive_fp_growth_fast_slow,1190.0,1079.51,110.49,0.0203,1165.87,86.36,0.0741
54,"1496,1626,1854,1940,2069,2478",6,Tiara Layer Cake (Chocolate)310g|Ritzbury Milk Chocolate 45g|CBL Nice Biscuits  100g|britol super 45g|CocaCola 1.5L|Ritzbury Chocolate (Peanut) 45g,Dairy & Chilled|General Grocery|Snacks & Confectionery,Fast|Fast|Fast|Slow|Fast|Fast,5,0,1,0.013125651094247265,0.010611818163540223,0.5177880254807543,16.0213527222907,1.0,15,0.0,0.05306603773584906,0.04929245283018868,0.325,0.0,922.97,68.37,0.8447751220611068,adaptive_fp_growth_fast_slow,960.0,854.6,105.4,0.0386,922.97,68.37,0.0741
55,"1059,1275,1915,2684",4,Feeding Bottle 120ml (Rose)|Sunlight ( Lime & Orange) 115g|Sunlight 2in1 (Lemon) 1kg|Rin Detergent Powder 1kg,Cleaning & Household|General Grocery,Slow|Fast|Fast|Fast,3,0,1,0.029454932947302816,0.016325874097754187,0.8088767717568207,21.71810896859025,1.0,6,0.0,0.0455188679245283,0.02830188679245283,0.1429245283018868,0.0,702.58,52.04,0.8412902421786176,adaptive_fp_growth_fast_slow,730.0,650.54,79.46,0.0376,702.58,52.04,0.0741
56,"1205,1275,1915,2684",4,Whisper Regular flow 20p|Sunlight ( Lime & Orange) 115g|Sunlight 2in1 (Lemon) 1kg|Rin Detergent Powder 1kg,Cleaning & Household|General Grocery,Slow|Fast|Fast|Fast,3,0,1,0.029454932947302816,0.016255503950781108,0.8088767717568207,21.71810896859025,1.0,6,0.0,0.0455188679245283,0.02830188679245283,0.1429245283018868,0.0,751.18,55.64,0.8412902421786176,adaptive_fp_growth_fast_slow,795.0,695.54,99.46,0.0551,751.18,55.64,0.0741
57,"1275,1915,2232,2684",4,Sunlight ( Lime & Orange) 115g|Sunlight 2in1 (Lemon) 1kg|Siddhalepa Bee-Honey 90ml|Rin Detergent Powder 1kg,Cleaning & Household|Health & Medicine,Fast|Fast|Slow|Fast,3,0,1,0.029454932947302816,0.016285662585198143,0.8088767717568207,21.71810896859025,1.0,6,0.0,0.0455188679245283,0.02830188679245283,0.1429245283018868,0.0,778.18,57.64,0.8412902421786176,adaptive_fp_growth_fast_slow,835.0,720.54,114.46,0.068,778.18,57.64,0.0741
58,"1122,1275,1915,2684",4,Vaseline Sun+ 100ml|Sunlight ( Lime & Orange) 115g|Sunlight 2in1 (Lemon) 1kg|Rin Detergent Powder 1kg,Cleaning & Household|General Grocery,Slow|Fast|Fast|Fast,3,0,1,0.029454932947302816,0.016285662585198143,0.8088767717568207,21.71810896859025,1.0,6,0.0,0.0455188679245283,0.02830188679245283,0.14268867924528303,0.0,1333.97,98.81,0.84128729406541,adaptive_fp_growth_fast_slow,1425.0,1235.16,189.84,0.0639,1333.97,98.81,0.0741
59,"1275,1381,1915,2684",4,Sunlight ( Lime & Orange) 115g|Siddhalepa Balm 25g|Sunlight 2in1 (Lemon) 1kg|Rin Detergent Powder 1kg,Cleaning & Household|Health & Medicine,Fast|Slow|Fast|Fast,3,0,1,0.029454932947302816,0.01626555682892012,0.8088767717568207,21.71810896859025,1.0,6,0.0,0.0455188679245283,0.02830188679245283,0.14268867924528303,0.0,618.88,45.84,0.84128729406541,adaptive_fp_growth_fast_slow,660.0,573.04,86.96,0.0623,618.88,45.84,0.0741
60,"1275,1915,2684,3259",4,Sunlight ( Lime & Orange) 115g|Sunlight 2in1 (Lemon) 1kg|Rin Detergent Powder 1kg|Panadol 240 Tablets,Cleaning & Household|Health & Medicine,Fast|Fast|Fast|Slow,3,0,1,0.029454932947302816,0.016275609707059133,0.8088767717568207,21.71810896859025,1.0,6,0.0,0.0455188679245283,0.02830188679245283,0.14268867924528303,0.0,1210.18,89.64,0.84128729406541,adaptive_fp_growth_fast_slow,1272.6,1120.54,152.06,0.049,1210.18,89.64,0.0741
61,"1275,1614,1915,2684",4,Sunlight ( Lime & Orange) 115g|Bic 3|Sunlight 2in1 (Lemon) 1kg|Rin Detergent Powder 1kg,Cleaning & Household|General Grocery,Fast|Slow|Fast|Fast,3,0,1,0.029454932947302816,0.01626555682892012,0.8088767717568207,21.71810896859025,1.0,6,0.0002358490566037736,0.0455188679245283,0.02830188679245283,0.14245283018867924,4963.633072209523,495.22,36.68,0.8412843459522025,adaptive_fp_growth_fast_slow,535.0,458.54,76.46,0.0743,495.22,36.68,0.0741
62,"1275,1915,1945,2684",4,Sunlight ( Lime & Orange) 115g|Sunlight 2in1 (Lemon) 1kg|Sunquick Orange 330ml|Rin Detergent Powder 1kg,Cleaning & Household|General Grocery,Fast|Fast|Slow|Fast,3,0,1,0.029454932947302816,0.01630576834147616,0.8088767717568207,21.71810896859025,1.0,6,0.0,0.0455188679245283,0.02830188679245283,0.1419811320754717,0.0,784.7,64.16,0.8412784497257874,adaptive_fp_growth_fast_slow,855.0,720.54,134.46,0.0822,784.7,64.16,0.0818
63,"1275,1915,2625,2684",4,Sunlight ( Lime & Orange) 115g|Sunlight 2in1 (Lemon) 1kg|Moldivefish (Dry) 1kg|Rin Detergent Powder 1kg,Cleaning & Household|General Grocery,Fast|Fast|Slow|Fast,3,0,1,0.029454932947302816,0.016315821219615174,0.8088767717568207,21.71810896859025,1.0,6,0.0,0.0455188679245283,0.02830188679245283,0.1419811320754717,0.0,2236.18,165.64,0.8412784497257874,adaptive_fp_growth_fast_slow,2335.0,2070.54,264.46,0.0423,2236.18,165.64,0.0741
64,"1275,2684,3019,3043",4,Sunlight ( Lime & Orange) 115g|Rin Detergent Powder 1kg|Vaseline Kiss of Petals 100ml|Sunlight 2Bar,Cleaning & Household|General Grocery,Fast|Fast|Slow|Fast,3,0,1,0.029462244131403914,0.016335926975893197,0.8075152386606168,21.639415712476055,1.0,6,0.0,0.0455188679245283,0.02830188679245283,0.14457547169811322,0.0,901.31,66.76,0.8411066490066398,adaptive_fp_growth_fast_slow,945.0,834.55,110.45,0.0462,901.31,66.76,0.0741
65,"1275,1388,2684,3187",4,Sunlight ( Lime & Orange) 115g|Iodex Balm 2.5g|Rin Detergent Powder 1kg|Diva Power Liquid Detergent 1L,Cleaning & Household|Health & Medicine,Fast|Slow|Fast|Fast,3,0,1,0.02945858853935336,0.016275609707059133,0.8072258784619297,21.62435411068376,1.0,6,0.0,0.0455188679245283,0.02830188679245283,0.14363207547169812,0.0,1005.0,73.46,0.8410514525240066,adaptive_fp_growth_fast_slow,1005.0,931.54,73.46,0.0,1005.0,73.46,0.0731
66,"1275,1915,2684,2731,3043,3187",6,Sunlight ( Lime & Orange) 115g|Sunlight 2in1 (Lemon) 1kg|Rin Detergent Powder 1kg|Royal Mixed Nut 50g|Sunlight 2Bar|Diva Power Liquid Detergent 1L,Cleaning & Household|General Grocery,Fast|Fast|Fast|Slow|Fast|Fast,5,0,1,0.028728399517052923,0.028273719765969,0.7909532987703746,21.218571713093777,0.8,12,0.0,0.045990566037735846,0.045283018867924525,0.2497641509433962,0.0,1577.38,116.84,0.8392031363249901,adaptive_fp_growth_fast_slow,1710.0,1460.54,249.46,0.0776,1577.38,116.84,0.0741
67,"1275,1915,3019,3043,3055,3187",6,Sunlight ( Lime & Orange) 115g|Sunlight 2in1 (Lemon) 1kg|Vaseline Kiss of Petals 100ml|Sunlight 2Bar|Signal Toothpaste 120g|Diva Power Liquid Detergent 1L,Cleaning & Household|General Grocery|Personal Care,Fast|Fast|Slow|Fast|Fast|Fast,5,0,1,0.020355544741612063,0.01728520589730554,0.6384095987461641,18.569847728711704,0.9333333333333333,14,0.0,0.04716981132075472,0.0455188679245283,0.2695754716981132,0.0,1922.41,142.4,0.8391399775477737,adaptive_fp_growth_fast_slow,1980.0,1780.01,199.99,0.0291,1922.41,142.4,0.0741
68,"1059,1275,1915,3043,3055,3187",6,Feeding Bottle 120ml (Rose)|Sunlight ( Lime & Orange) 115g|Sunlight 2in1 (Lemon) 1kg|Sunlight 2Bar|Signal Toothpaste 120g|Diva Power Liquid Detergent 1L,Cleaning & Household|General Grocery|Personal Care,Slow|Fast|Fast|Fast|Fast|Fast,5,0,1,0.020355544741612063,0.017302439402686703,0.6384095987461641,18.569847728711704,0.9333333333333333,14,0.0,0.04693396226415095,0.0455188679245283,0.26839622641509436,0.0,1658.88,122.88,0.83859949012639,adaptive_fp_growth_fast_slow,1675.0,1536.0,139.0,0.0096,1658.88,122.88,0.0741
69,"1122,1275,1915,3043,3055,3187",6,Vaseline Sun+ 100ml|Sunlight ( Lime & Orange) 115g|Sunlight 2in1 (Lemon) 1kg|Sunlight 2Bar|Signal Toothpaste 120g|Diva Power Liquid Detergent 1L,Cleaning & Household|General Grocery|Personal Care,Slow|Fast|Fast|Fast|Fast|Fast,5,0,1,0.020355544741612063,0.017280897520960247,0.6384095987461641,18.569847728711704,0.9333333333333333,14,0.0,0.04693396226415095,0.0455188679245283,0.2681603773584906,0.0,2290.27,169.65,0.838597524717585,adaptive_fp_growth_fast_slow,2370.0,2120.62,249.38,0.0336,2290.27,169.65,0.0741
70,"1275,1915,2981,3043,3055,3187",6,Sunlight ( Lime & Orange) 115g|Sunlight 2in1 (Lemon) 1kg|Astra Soft 100g|Sunlight 2Bar|Signal Toothpaste 120g|Diva Power Liquid Detergent 1L,Cleaning & Household|General Grocery|Personal Care,Fast|Fast|Slow|Fast|Fast|Fast,5,0,1,0.020355544741612063,0.017267972391924378,0.6384095987461641,18.569847728711704,0.9333333333333333,14,0.0,0.04693396226415095,0.0455188679245283,0.2681603773584906,0.0,1550.88,114.88,0.838597524717585,adaptive_fp_growth_fast_slow,1580.0,1436.0,144.0,0.0184,1550.88,114.88,0.0741
71,"1275,1770,1915,3043,3055,3187",6,Sunlight ( Lime & Orange) 115g|Keells Chicken Bockwurst 400g|Sunlight 2in1 (Lemon) 1kg|Sunlight 2Bar|Signal Toothpaste 120g|Diva Power Liquid Detergent 1L,"Cleaning & Household|Meat, Fish & Frozen|Personal Care",Fast|Slow|Fast|Fast|Fast|Fast,5,0,1,0.020355544741612063,0.017267972391924378,0.6384095987461641,18.569847728711704,0.9333333333333333,14,0.0,0.04693396226415095,0.0455188679245283,0.2679245283018868,0.0,1847.88,136.88,0.83859555930878,adaptive_fp_growth_fast_slow,1879.0,1711.0,168.0,0.0166,1847.88,136.88,0.0741
72,"1275,1781,1915,3043,3055,3187",6,Sunlight ( Lime & Orange) 115g|MDK Chinese Rolls (Fish) 5pcs|Sunlight 2in1 (Lemon) 1kg|Sunlight 2Bar|Signal Toothpaste 120g|Diva Power Liquid Detergent 1L,"Cleaning & Household|Meat, Fish & Frozen|Personal Care",Fast|Slow|Fast|Fast|Fast|Fast,5,0,1,0.020355544741612063,0.017267972391924378,0.6384095987461641,18.569847728711704,0.9333333333333333,14,0.0,0.04693396226415095,0.0455188679245283,0.2679245283018868,0.0,1594.08,118.08,0.83859555930878,adaptive_fp_growth_fast_slow,1640.0,1476.0,164.0,0.028,1594.08,118.08,0.0741
73,"1275,1915,1945,3043,3055,3187",6,Sunlight ( Lime & Orange) 115g|Sunlight 2in1 (Lemon) 1kg|Sunquick Orange 330ml|Sunlight 2Bar|Signal Toothpaste 120g|Diva Power Liquid Detergent 1L,Cleaning & Household|General Grocery|Personal Care,Fast|Fast|Slow|Fast|Fast|Fast,5,0,1,0.020355544741612063,0.017293822649996123,0.6384095987461641,18.569847728711704,0.9333333333333333,14,0.0,0.04693396226415095,0.0455188679245283,0.26745283018867927,0.0,1734.48,128.48,0.83859162849117,adaptive_fp_growth_fast_slow,1800.0,1606.0,194.0,0.0364,1734.48,128.48,0.0741
74,"1275,1915,2625,3043,3055,3187",6,Sunlight ( Lime & Orange) 115g|Sunlight 2in1 (Lemon) 1kg|Moldivefish (Dry) 1kg|Sunlight 2Bar|Signal Toothpaste 120g|Diva Power Liquid Detergent 1L,Cleaning & Household|General Grocery|Personal Care,Fast|Fast|Slow|Fast|Fast|Fast,5,0,1,0.020355544741612063,0.017298131026341413,0.6384095987461641,18.569847728711704,0.9333333333333333,14,0.0,0.04693396226415095,0.0455188679245283,0.26745283018867927,0.0,3192.48,236.48,0.83859162849117,adaptive_fp_growth_fast_slow,3280.0,2956.0,324.0,0.0267,3192.48,236.48,0.0741
75,"1478,2056,2114,2172,2280,2344",6,White Sugar 1kg (Pkt)|Maggi Coconut Milk Powder 125g|Kandos Choconuts 70g|Wijaya Curry Powder 250g|Araliya Premium Nadu Rice 1kg|Coconut Oil 750ml (loose),Cooking Essentials|Dairy & Chilled|General Grocery|Staples & Dry Groceries,Fast|Fast|Slow|Fast|Fast|Fast,5,0,1,0.01810088633781257,0.01867979417891958,0.5166282143141184,11.994636998508588,0.8666666666666667,13,0.0,0.07004716981132075,0.03349056603773585,0.27264150943396226,0.0,1821.96,134.96,0.8384926598200738,adaptive_fp_growth_fast_slow,1830.0,1687.0,143.0,0.0044,1821.96,134.96,0.0741
76,"1388,1626,1854,2019,2069,2478",6,Iodex Balm 2.5g|Ritzbury Milk Chocolate 45g|CBL Nice Biscuits  100g|Harischandra Noodles 400g|CocaCola 1.5L|Ritzbury Chocolate (Peanut) 45g,Dairy & Chilled|General Grocery|Health & Medicine|Snacks & Confectionery|Staples & Dry Groceries,Slow|Fast|Fast|Fast|Fast|Fast,5,0,1,0.02057321511148642,0.017273937836094783,0.615540771283015,16.359050925524084,0.8666666666666667,13,0.0,0.05188679245283019,0.04929245283018868,0.3169811320754717,0.0,840.89,62.29,0.8367179081452824,adaptive_fp_growth_fast_slow,875.0,778.6,96.4,0.039,840.89,62.29,0.0741
77,"1496,1635,2020,2045,2068,3217",6,Tiara Layer Cake (Chocolate)310g|Ritzbury  Chunky-Choc (Classic)200g|Harischandra Noodles 400g (2minutes)|Edinborough Tomato Sauce 405g|CocaCola 1050ml|Nangrow 4/ 3-5 years children,Cooking Essentials|General Grocery|Snacks & Confectionery|Staples & Dry Groceries,Fast|Fast|Fast|Fast|Fast|Slow,5,0,1,0.029360675686219608,0.02673562941070028,0.8090454118252196,21.72421532011666,0.8,12,0.0,0.054245283018867926,0.03018867924528302,0.2627358490566038,0.0,2999.93,222.22,0.8360698620882484,adaptive_fp_growth_fast_slow,3110.0,2777.71,332.29,0.0354,2999.93,222.22,0.0741
78,"1496,1626,1854,2069,2210,2478",6,Tiara Layer Cake (Chocolate)310g|Ritzbury Milk Chocolate 45g|CBL Nice Biscuits  100g|CocaCola 1.5L|Amritha Incense Sticks (4in1)|Ritzbury Chocolate (Peanut) 45g,Dairy & Chilled|General Grocery|Snacks & Confectionery,Fast|Fast|Fast|Fast|Slow|Fast,5,0,1,0.013125651094247265,0.011356880046185795,0.5177880254807543,16.0213527222907,0.9333333333333333,14,0.0,0.05306603773584906,0.04929245283018868,0.325,0.0,1048.25,77.65,0.8347751220611068,adaptive_fp_growth_fast_slow,1100.0,970.6,129.4,0.047,1048.25,77.65,0.0741
79,"1496,1626,1854,2069,2416,2478",6,Tiara Layer Cake (Chocolate)310g|Ritzbury Milk Chocolate 45g|CBL Nice Biscuits  100g|CocaCola 1.5L|Camellia Parfum (Purity) 22ml|Ritzbury Chocolate (Peanut) 45g,Dairy & Chilled|General Grocery|Snacks & Confectionery,Fast|Fast|Fast|Fast|Slow|Fast,5,0,1,0.013125651094247265,0.011352571669840505,0.5177880254807543,16.0213527222907,0.9333333333333333,14,0.0,0.052830188679245285,0.04929245283018868,0.32547169811320753,0.0,1087.67,80.57,0.8342483925013584,adaptive_fp_growth_fast_slow,1140.0,1007.1,132.9,0.0459,1087.67,80.57,0.0741
80,"1496,1626,1854,2069,2478,3183",6,Tiara Layer Cake (Chocolate)310g|Ritzbury Milk Chocolate 45g|CBL Nice Biscuits  100g|CocaCola 1.5L|Ritzbury Chocolate (Peanut) 45g|Comfort Lily Fresh 210ml,Dairy & Chilled|General Grocery|Snacks & Confectionery,Fast|Fast|Fast|Fast|Fast|Slow,5,0,1,0.013125651094247265,0.01136549679887638,0.5177880254807543,16.0213527222907,0.9333333333333333,14,0.0,0.052830188679245285,0.04929245283018868,0.32452830188679244,0.0,1215.65,90.05,0.8342405308661383,adaptive_fp_growth_fast_slow,1250.0,1125.6,124.4,0.0275,1215.65,90.05,0.0741
81,"1416,1479,1564,1836,1853,3152",6,Highland  Vanilla Milk 180ml|White Sugar 1kg|Watawala Tea 100g|Maliban Ginger Biscuit 370g|CBL Ginger Biscuits 400g|GreenLand Button Mushrooms 425g,Beverages|Cooking Essentials|Dairy & Chilled|General Grocery|Staples & Dry Groceries,Fast|Fast|Fast|Fast|Fast|Slow,5,0,1,0.032202781124125744,0.02365643283672115,0.756268736807968,16.702566482033365,1.0,15,0.0,0.04316037735849056,0.03018867924528302,0.24528301886792453,0.0,1943.33,143.95,0.8330668828482392,adaptive_fp_growth_fast_slow,1955.0,1799.38,155.62,0.006,1943.33,143.95,0.0741
82,"1416,1479,1564,1836,1853,2658",6,Highland  Vanilla Milk 180ml|White Sugar 1kg|Watawala Tea 100g|Maliban Ginger Biscuit 370g|CBL Ginger Biscuits 400g|Dettol Hand Sanitiser 50ml,Beverages|Cooking Essentials|Dairy & Chilled|General Grocery|Staples & Dry Groceries,Fast|Fast|Fast|Fast|Fast|Slow,5,0,1,0.032202781124125744,0.02365643283672115,0.756268736807968,16.702566482033365,1.0,15,0.0,0.04339622641509434,0.029952830188679246,0.24599056603773584,0.0,1260.96,93.4,0.8330138168105033,adaptive_fp_growth_fast_slow,1305.0,1167.56,137.44,0.0337,1260.96,93.4,0.0741
83,"1381,1416,1479,1564,1836,1853",6,Siddhalepa Balm 25g|Highland  Vanilla Milk 180ml|White Sugar 1kg|Watawala Tea 100g|Maliban Ginger Biscuit 370g|CBL Ginger Biscuits 400g,Beverages|Cooking Essentials|Dairy & Chilled|Health & Medicine|Staples & Dry Groceries,Slow|Fast|Fast|Fast|Fast|Fast,5,0,1,0.032202781124125744,0.02364436938295434,0.756268736807968,16.702566482033365,1.0,15,0.0,0.04339622641509434,0.029952830188679246,0.24504716981132074,0.0,1244.03,92.15,0.8330059551752832,adaptive_fp_growth_fast_slow,1290.0,1151.88,138.12,0.0356,1244.03,92.15,0.0741
84,"1125,1416,1479,1564,1836,1853",6,Vaseline Healthy 100ml|Highland  Vanilla Milk 180ml|White Sugar 1kg|Watawala Tea 100g|Maliban Ginger Biscuit 370g|CBL Ginger Biscuits 400g,Beverages|Cooking Essentials|Dairy & Chilled|General Grocery|Staples & Dry Groceries,Slow|Fast|Fast|Fast|Fast|Fast,5,0,1,0.032202781124125744,0.023648390534209942,0.756268736807968,16.702566482033365,1.0,15,0.0,0.04316037735849056,0.029952830188679246,0.24599056603773584,0.0,1257.53,93.15,0.8324831564331449,adaptive_fp_growth_fast_slow,1305.0,1164.38,140.62,0.0364,1257.53,93.15,0.0741
85,"1416,1479,1564,1836,1853,2416",6,Highland  Vanilla Milk 180ml|White Sugar 1kg|Watawala Tea 100g|Maliban Ginger Biscuit 370g|CBL Ginger Biscuits 400g|Camellia Parfum (Purity) 22ml,Beverages|Cooking Essentials|Dairy & Chilled|General Grocery|Staples & Dry Groceries,Fast|Fast|Fast|Fast|Fast|Slow,5,0,1,0.032202781124125744,0.023660453987976757,0.756268736807968,16.702566482033365,1.0,15,0.0,0.04316037735849056,0.029952830188679246,0.2455188679245283,0.0,1199.75,88.87,0.8324792256155348,adaptive_fp_growth_fast_slow,1255.0,1110.88,144.12,0.044,1199.75,88.87,0.0741
86,"1416,1479,1564,1836,1853,2770",6,Highland  Vanilla Milk 180ml|White Sugar 1kg|Watawala Tea 100g|Maliban Ginger Biscuit 370g|CBL Ginger Biscuits 400g|Lifebuoy Kohomba 100g,Beverages|Cooking Essentials|Dairy & Chilled|General Grocery|Staples & Dry Groceries,Fast|Fast|Fast|Fast|Fast|Slow,5,0,1,0.032202781124125744,0.023700665500532802,0.756268736807968,16.702566482033365,1.0,15,0.0,0.04316037735849056,0.029952830188679246,0.24528301886792453,0.0,1086.57,80.49,0.8324772602067297,adaptive_fp_growth_fast_slow,1128.0,1006.08,121.92,0.0367,1086.57,80.49,0.0741
87,"1416,1479,1564,1677,1836,1853",6,Highland  Vanilla Milk 180ml|White Sugar 1kg|Watawala Tea 100g|Marshmelos 24pcs|Maliban Ginger Biscuit 370g|CBL Ginger Biscuits 400g,Beverages|Cooking Essentials|Dairy & Chilled|General Grocery|Staples & Dry Groceries,Fast|Fast|Fast|Slow|Fast|Fast,5,0,1,0.032202781124125744,0.023652411685465547,0.756268736807968,16.702566482033365,1.0,15,0.0,0.04316037735849056,0.029952830188679246,0.24504716981132074,0.0,1241.33,91.95,0.8324752947979247,adaptive_fp_growth_fast_slow,1295.0,1149.38,145.62,0.0414,1241.33,91.95,0.0741
88,"1416,1479,1564,1836,1853,1901",6,Highland  Vanilla Milk 180ml|White Sugar 1kg|Watawala Tea 100g|Maliban Ginger Biscuit 370g|CBL Ginger Biscuits 400g|Surf Excel Matic (Liquid)500ml,Beverages|Cooking Essentials|Dairy & Chilled|General Grocery|Staples & Dry Groceries,Fast|Fast|Fast|Fast|Fast|Slow,5,0,1,0.032202781124125744,0.023652411685465547,0.756268736807968,16.702566482033365,1.0,15,0.0,0.04316037735849056,0.029952830188679246,0.24504716981132074,0.0,1365.53,101.15,0.8324752947979247,adaptive_fp_growth_fast_slow,1410.0,1264.38,145.62,0.0315,1365.53,101.15,0.0741
89,"1416,1479,1564,1836,1853,2851",6,Highland  Vanilla Milk 180ml|White Sugar 1kg|Watawala Tea 100g|Maliban Ginger Biscuit 370g|CBL Ginger Biscuits 400g|BIC Lighter,Beverages|Cooking Essentials|Dairy & Chilled|General Grocery|Staples & Dry Groceries,Fast|Fast|Fast|Fast|Fast|Slow,5,0,1,0.032202781124125744,0.023668496290487964,0.756268736807968,16.702566482033365,1.0,15,0.0,0.04316037735849056,0.029952830188679246,0.24504716981132074,0.0,1125.12,83.34,0.8324752947979247,adaptive_fp_growth_fast_slow,1185.0,1041.78,143.22,0.0505,1125.12,83.34,0.0741
90,"1181,1416,1479,1564,1836,1853",6,Smart Pants (Softlove) 4pcs / M|Highland  Vanilla Milk 180ml|White Sugar 1kg|Watawala Tea 100g|Maliban Ginger Biscuit 370g|CBL Ginger Biscuits 400g,Beverages|Cooking Essentials|Dairy & Chilled|General Grocery|Staples & Dry Groceries,Slow|Fast|Fast|Fast|Fast|Fast,5,0,1,0.032202781124125744,0.023668496290487964,0.756268736807968,16.702566482033365,1.0,15,0.0,0.04316037735849056,0.029952830188679246,0.24481132075471698,0.0,1230.53,91.15,0.8324733293891197,adaptive_fp_growth_fast_slow,1325.0,1139.38,185.62,0.0713,1230.53,91.15,0.0741
91,"1416,1479,1564,1631,1836,1853",6,Highland  Vanilla Milk 180ml|White Sugar 1kg|Watawala Tea 100g|Ritzbury Rave 26g|Maliban Ginger Biscuit 370g|CBL Ginger Biscuits 400g,Beverages|Cooking Essentials|Dairy & Chilled|General Grocery|Staples & Dry Groceries,Fast|Fast|Fast|Slow|Fast|Fast,5,0,1,0.032202781124125744,0.02368055974425478,0.756268736807968,16.702566482033365,1.0,15,0.0,0.04316037735849056,0.029952830188679246,0.24481132075471698,0.0,1064.21,78.83,0.8324733293891197,adaptive_fp_growth_fast_slow,1105.0,985.38,119.62,0.0369,1064.21,78.83,0.0741
92,"1416,1479,1564,1836,1853,3231",6,Highland  Vanilla Milk 180ml|White Sugar 1kg|Watawala Tea 100g|Maliban Ginger Biscuit 370g|CBL Ginger Biscuits 400g|Clorex 250ml,Beverages|Cooking Essentials|Dairy & Chilled|General Grocery|Staples & Dry Groceries,Fast|Fast|Fast|Fast|Fast|Slow,5,0,1,0.032202781124125744,0.023680559744254776,0.756268736807968,16.702566482033365,1.0,15,0.0,0.04316037735849056,0.029952830188679246,0.24481132075471698,0.0,1187.33,87.95,0.8324733293891197,adaptive_fp_growth_fast_slow,1245.0,1099.38,145.62,0.0463,1187.33,87.95,0.0741
93,"1416,1479,1564,1836,1853,1957",6,Highland  Vanilla Milk 180ml|White Sugar 1kg|Watawala Tea 100g|Maliban Ginger Biscuit 370g|CBL Ginger Biscuits 400g|MD Mango Chutney 460g,Beverages|Cooking Essentials|Dairy & Chilled|General Grocery|Staples & Dry Groceries,Fast|Fast|Fast|Fast|Fast|Slow,5,0,1,0.032202781124125744,0.023644369382954333,0.756268736807968,16.702566482033365,1.0,15,0.0002358490566037736,0.04316037735849056,0.029952830188679246,0.2445754716981132,3862148.43602869,1349.33,99.95,0.8324713639803146,adaptive_fp_growth_fast_slow,1395.0,1249.38,145.62,0.0327,1349.33,99.95,0.0741
94,"1416,1479,1564,1836,1853,2949",6,Highland  Vanilla Milk 180ml|White Sugar 1kg|Watawala Tea 100g|Maliban Ginger Biscuit 370g|CBL Ginger Biscuits 400g|Prima Hot Dog Bun 100g,Beverages|Cooking Essentials|Dairy & Chilled|General Grocery|Staples & Dry Groceries,Fast|Fast|Fast|Fast|Fast|Slow,5,0,1,0.032202781124125744,0.023684580895510385,0.756268736807968,16.702566482033365,1.0,15,0.0,0.04316037735849056,0.029952830188679246,0.24433962264150944,0.0,1219.73,90.35,0.8324693985715096,adaptive_fp_growth_fast_slow,1265.0,1129.38,135.62,0.0358,1219.73,90.35,0.0741
95,"1626,1854,2069,2210,2478",5,Ritzbury Milk Chocolate 45g|CBL Nice Biscuits  100g|CocaCola 1.5L|Amritha Incense Sticks (4in1)|Ritzbury Chocolate (Peanut) 45g,Dairy & Chilled|General Grocery|Snacks & Confectionery,Fast|Fast|Fast|Slow|Fast,4,0,1,0.016623593950332596,0.014610182895362941,0.5602635202688984,15.805702596491342,0.9,9,0.0,0.05047169811320755,0.04929245283018868,0.26933962264150946,0.0,809.57,59.97,0.8302942450214669,adaptive_fp_growth_fast_slow,840.0,749.6,90.4,0.0362,809.57,59.97,0.0741
96,"1388,1626,1854,2069,2478",5,Iodex Balm 2.5g|Ritzbury Milk Chocolate 45g|CBL Nice Biscuits  100g|CocaCola 1.5L|Ritzbury Chocolate (Peanut) 45g,Dairy & Chilled|General Grocery|Health & Medicine|Snacks & Confectionery,Slow|Fast|Fast|Fast|Fast,4,0,1,0.016623593950332596,0.01458337522032558,0.5602635202688984,15.805702596491342,0.9,9,0.0,0.050235849056603776,0.04929245283018868,0.2695754716981132,0.0,708.05,52.45,0.8297659431346744,adaptive_fp_growth_fast_slow,725.0,655.6,69.4,0.0234,708.05,52.45,0.0741
97,"1626,1854,2069,2478,3183",5,Ritzbury Milk Chocolate 45g|CBL Nice Biscuits  100g|CocaCola 1.5L|Ritzbury Chocolate (Peanut) 45g|Comfort Lily Fresh 210ml,Dairy & Chilled|General Grocery|Snacks & Confectionery,Fast|Fast|Fast|Fast|Slow,4,0,1,0.016623593950332596,0.014623586732881626,0.5602635202688984,15.805702596491342,0.9,9,0.0,0.050235849056603776,0.04929245283018868,0.2688679245283019,0.0,976.97,72.37,0.8297588676629764,adaptive_fp_growth_fast_slow,990.0,904.6,85.4,0.0132,976.97,72.37,0.0741
98,"1125,1449,1478,1854,2056,2378",6,Vaseline Healthy 100ml|Milo Drink 180ml|White Sugar 1kg (Pkt)|CBL Nice Biscuits  100g|Maggi Coconut Milk Powder 125g|Zesta Tea (BOPF) 390g,Beverages|Dairy & Chilled|General Grocery|Snacks & Confectionery|Staples & Dry Groceries,Slow|Fast|Fast|Fast|Fast|Fast,5,0,1,0.029290265141753057,0.02746755626905214,0.6546473770909531,12.722579070180304,0.8666666666666667,13,0.0,0.051415094339622644,0.03514150943396226,0.3535377358490566,0.0,1414.27,104.76,0.8296809902114417,adaptive_fp_growth_fast_slow,1440.0,1309.51,130.49,0.0179,1414.27,104.76,0.0741
99,"1449,1478,1854,2056,2378,3066",6,Milo Drink 180ml|White Sugar 1kg (Pkt)|CBL Nice Biscuits  100g|Maggi Coconut Milk Powder 125g|Zesta Tea (BOPF) 390g|MD WoodApple Jam 300g,Beverages|Dairy & Chilled|General Grocery|Snacks & Confectionery|Staples & Dry Groceries,Fast|Fast|Fast|Fast|Fast|Slow,5,0,1,0.029290265141753057,0.027481475638783073,0.6546473770909531,12.722579070180304,0.8666666666666667,13,0.0002358490566037736,0.05117924528301887,0.03514150943396226,0.35283018867924526,218977.30269676558,1570.87,116.36,0.8291444336076681,adaptive_fp_growth_fast_slow,1580.0,1454.51,125.49,0.0058,1570.87,116.36,0.0741
100,"1449,1854,2056,2118,2378",5,Milo Drink 180ml|CBL Nice Biscuits  100g|Maggi Coconut Milk Powder 125g|Signal Deep Clean (T.B)|Zesta Tea (BOPF) 390g,Beverages|Dairy & Chilled|General Grocery|Snacks & Confectionery,Fast|Fast|Fast|Slow|Fast,4,0,1,0.032851800470474694,0.02007961879486097,0.7150988600393362,14.24053789155454,1.0,10,0.0,0.038679245283018866,0.034669811320754716,0.2775943396226415,0.0,1000.67,74.12,0.8287436025908063,adaptive_fp_growth_fast_slow,1023.0,926.55,96.45,0.0218,1000.67,74.12,0.0741
101,"1449,1854,2056,2378,3019",5,Milo Drink 180ml|CBL Nice Biscuits  100g|Maggi Coconut Milk Powder 125g|Zesta Tea (BOPF) 390g|Vaseline Kiss of Petals 100ml,Beverages|Dairy & Chilled|General Grocery|Snacks & Confectionery,Fast|Fast|Fast|Fast|Slow,4,0,1,0.032851800470474694,0.020073587067977565,0.7150988600393362,14.24053789155454,1.0,10,0.0002358490566037736,0.03844339622641509,0.034669811320754716,0.27900943396226413,7299.243423225519,1499.6,111.08,0.828227093156844,adaptive_fp_growth_fast_slow,1550.0,1388.52,161.48,0.0325,1499.6,111.08,0.0741
102,"1449,1854,2056,2378,2380",5,Milo Drink 180ml|CBL Nice Biscuits  100g|Maggi Coconut Milk Powder 125g|Zesta Tea (BOPF) 390g|Red Bull 355ml,Beverages|Dairy & Chilled|General Grocery|Snacks & Confectionery,Fast|Fast|Fast|Fast|Slow,4,0,1,0.032851800470474694,0.020109777429278004,0.7150988600393362,14.24053789155454,1.0,10,0.0002358490566037736,0.03844339622641509,0.034669811320754716,0.2785377358490566,9384.741544147095,1395.76,118.19,0.8282223761757119,adaptive_fp_growth_fast_slow,1500.0,1277.57,222.43,0.0695,1395.76,118.19,0.0847
103,"1123,1449,1854,2056,2378",5,Vaseline Cocoa 100ml|Milo Drink 180ml|CBL Nice Biscuits  100g|Maggi Coconut Milk Powder 125g|Zesta Tea (BOPF) 390g,Beverages|Dairy & Chilled|General Grocery|Snacks & Confectionery,Slow|Fast|Fast|Fast|Fast,4,0,1,0.032851800470474694,0.02009771397551119,0.7150988600393362,14.24053789155454,1.0,10,0.0,0.03844339622641509,0.034669811320754716,0.2778301886792453,0.0,1770.0,95.49,0.8282153007040137,adaptive_fp_growth_fast_slow,1770.0,1674.51,95.49,0.0,1770.0,95.49,0.0539
104,"1449,1854,2378,2865",4,Milo Drink 180ml|CBL Nice Biscuits  100g|Zesta Tea (BOPF) 390g|Zero Cola 400ml,Beverages|General Grocery|Snacks & Confectionery,Fast|Fast|Fast|Slow,3,0,1,0.032848784607032985,0.016808412248426725,0.7352558547265997,15.131548822597084,1.0,6,0.0,0.03702830188679245,0.034669811320754716,0.2025943396226415,0.0,917.47,67.96,0.8278090150014429,adaptive_fp_growth_fast_slow,940.0,849.51,90.49,0.024,917.47,67.96,0.0741
105,"1449,1854,2118,2378",4,Milo Drink 180ml|CBL Nice Biscuits  100g|Signal Deep Clean (T.B)|Zesta Tea (BOPF) 390g,Beverages|General Grocery|Snacks & Confectionery,Fast|Fast|Slow|Fast,3,0,1,0.032848784607032985,0.016778253614009694,0.7352558547265997,15.131548822597084,1.0,6,0.0,0.03702830188679245,0.034669811320754716,0.20212264150943396,0.0,787.91,58.36,0.8278031187750278,adaptive_fp_growth_fast_slow,813.0,729.55,83.45,0.0309,787.91,58.36,0.0741
106,"1449,1614,1854,2378",4,Milo Drink 180ml|Bic 3|CBL Nice Biscuits  100g|Zesta Tea (BOPF) 390g,Beverages|General Grocery|Snacks & Confectionery,Fast|Slow|Fast|Fast,3,0,1,0.032848784607032985,0.016798359370287716,0.7352558547265997,15.131548822597084,1.0,6,0.0,0.03702830188679245,0.034669811320754716,0.2018867924528302,0.0,815.95,60.44,0.8278001706618202,adaptive_fp_growth_fast_slow,840.0,755.51,84.49,0.0286,815.95,60.44,0.0741
107,"1449,1614,1854,2056,2378",5,Milo Drink 180ml|Bic 3|CBL Nice Biscuits  100g|Maggi Coconut Milk Powder 125g|Zesta Tea (BOPF) 390g,Beverages|Dairy & Chilled|General Grocery|Snacks & Confectionery,Fast|Slow|Fast|Fast|Fast,4,0,1,0.032851800470474694,0.02009771397551119,0.7150988600393362,14.24053789155454,1.0,10,0.0,0.03820754716981132,0.034669811320754716,0.27735849056603773,0.0,1028.71,76.2,0.8276799233455232,adaptive_fp_growth_fast_slow,1050.0,952.51,97.49,0.0203,1028.71,76.2,0.0741
108,"1275,1915,3019,3043,3055",5,Sunlight ( Lime & Orange) 115g|Sunlight 2in1 (Lemon) 1kg|Vaseline Kiss of Petals 100ml|Sunlight 2Bar|Signal Toothpaste 120g,Cleaning & Household|General Grocery|Personal Care,Fast|Fast|Slow|Fast|Fast,4,0,1,0.01824728506727998,0.014127644744690407,0.6022017636954017,18.02957491391058,0.9,9,0.0,0.046698113207547166,0.045283018867924525,0.21580188679245282,0.0,1166.41,86.4,0.8275590381392159,adaptive_fp_growth_fast_slow,1230.0,1080.01,149.99,0.0517,1166.41,86.4,0.0741
109,"1059,1275,1915,3055,3187",5,Feeding Bottle 120ml (Rose)|Sunlight ( Lime & Orange) 115g|Sunlight 2in1 (Lemon) 1kg|Signal Toothpaste 120g|Diva Power Liquid Detergent 1L,Cleaning & Household|General Grocery|Personal Care,Slow|Fast|Fast|Fast|Fast,4,0,1,0.018248159230596417,0.014154452419727768,0.6018951194910654,18.011131476039214,0.9,9,0.0,0.046698113207547166,0.0455188679245283,0.21485849056603773,0.0,1540.08,114.08,0.8275036075463014,adaptive_fp_growth_fast_slow,1550.0,1426.0,124.0,0.0064,1540.08,114.08,0.0741
110,"1275,1915,1945,3055,3187",5,Sunlight ( Lime & Orange) 115g|Sunlight 2in1 (Lemon) 1kg|Sunquick Orange 330ml|Signal Toothpaste 120g|Diva Power Liquid Detergent 1L,Cleaning & Household|General Grocery|Personal Care,Fast|Fast|Slow|Fast|Fast,4,0,1,0.018248159230596417,0.014141048582209085,0.6018951194910654,18.011131476039214,0.9,9,0.0,0.046698113207547166,0.0455188679245283,0.21391509433962264,0.0,1615.68,119.68,0.8274941735840372,adaptive_fp_growth_fast_slow,1675.0,1496.0,179.0,0.0354,1615.68,119.68,0.0741
111,"1275,1915,2625,3055,3187",5,Sunlight ( Lime & Orange) 115g|Sunlight 2in1 (Lemon) 1kg|Moldivefish (Dry) 1kg|Signal Toothpaste 120g|Diva Power Liquid Detergent 1L,Cleaning & Household|General Grocery|Personal Care,Fast|Fast|Slow|Fast|Fast,4,0,1,0.018248159230596417,0.014147750500968427,0.6018951194910654,18.011131476039214,0.9,9,0.0,0.046698113207547166,0.0455188679245283,0.21391509433962264,0.0,3073.68,227.68,0.8274941735840372,adaptive_fp_growth_fast_slow,3155.0,2846.0,309.0,0.0258,3073.68,227.68,0.0741
112,"1275,3019,3043,3055,3187",5,Sunlight ( Lime & Orange) 115g|Vaseline Kiss of Petals 100ml|Sunlight 2Bar|Signal Toothpaste 120g|Diva Power Liquid Detergent 1L,Cleaning & Household|General Grocery|Personal Care,Fast|Slow|Fast|Fast|Fast,4,0,1,0.018253404210495032,0.01417455817600579,0.6002783774530436,17.922854907888766,0.9,9,0.0,0.046698113207547166,0.0455188679245283,0.21650943396226416,0.0,1738.81,128.8,0.8272776056745603,adaptive_fp_growth_fast_slow,1765.0,1610.01,154.99,0.0148,1738.81,128.8,0.0741
113,"1275,1770,3043,3055,3187",5,Sunlight ( Lime & Orange) 115g|Keells Chicken Bockwurst 400g|Sunlight 2Bar|Signal Toothpaste 120g|Diva Power Liquid Detergent 1L,"Cleaning & Household|Meat, Fish & Frozen|Personal Care",Fast|Slow|Fast|Fast|Fast,4,0,1,0.018253404210495032,0.014154452419727768,0.6002783774530436,17.922854907888766,0.9,9,0.0,0.046698113207547166,0.0455188679245283,0.21485849056603773,0.0,1664.0,123.0,0.8272610962405981,adaptive_fp_growth_fast_slow,1664.0,1541.0,123.0,0.0,1664.0,123.0,0.0739
114,"1416,1479,1564,1853,2770",5,Highland  Vanilla Milk 180ml|White Sugar 1kg|Watawala Tea 100g|CBL Ginger Biscuits 400g|Lifebuoy Kohomba 100g,Beverages|Cooking Essentials|Dairy & Chilled|General Grocery|Staples & Dry Groceries,Fast|Fast|Fast|Fast|Slow,4,0,1,0.03130553668819731,0.021877073406116172,0.7354077106608283,16.035759099816367,1.0,10,0.0,0.04221698113207547,0.029952830188679246,0.2009433962264151,0.0,892.17,66.09,0.8271908735802564,adaptive_fp_growth_fast_slow,928.0,826.08,101.92,0.0386,892.17,66.09,0.0741
115,"1416,1479,1564,1631,1853",5,Highland  Vanilla Milk 180ml|White Sugar 1kg|Watawala Tea 100g|Ritzbury Rave 26g|CBL Ginger Biscuits 400g,Beverages|Cooking Essentials|Dairy & Chilled|General Grocery|Staples & Dry Groceries,Fast|Fast|Fast|Slow|Fast,4,0,1,0.03130553668819731,0.021852946498582545,0.7354077106608283,16.035759099816367,1.0,10,0.0,0.04221698113207547,0.029952830188679246,0.20047169811320756,0.0,869.81,64.43,0.8271861565991243,adaptive_fp_growth_fast_slow,905.0,805.38,99.62,0.0389,869.81,64.43,0.0741
116,"1059,1275,1915,3043,3055",5,Feeding Bottle 120ml (Rose)|Sunlight ( Lime & Orange) 115g|Sunlight 2in1 (Lemon) 1kg|Sunlight 2Bar|Signal Toothpaste 120g,Cleaning & Household|General Grocery|Personal Care,Slow|Fast|Fast|Fast|Fast,4,0,1,0.01824728506727998,0.014147750500968427,0.6022017636954017,18.02957491391058,0.9,9,0.0,0.04646226415094339,0.045283018867924525,0.21462264150943397,0.0,902.88,66.88,0.8270165853090272,adaptive_fp_growth_fast_slow,925.0,836.0,89.0,0.0239,902.88,66.88,0.0741
117,"1122,1275,1915,3043,3055",5,Vaseline Sun+ 100ml|Sunlight ( Lime & Orange) 115g|Sunlight 2in1 (Lemon) 1kg|Sunlight 2Bar|Signal Toothpaste 120g,Cleaning & Household|General Grocery|Personal Care,Slow|Fast|Fast|Fast|Fast,4,0,1,0.01824728506727998,0.014120942825931064,0.6022017636954017,18.02957491391058,0.9,9,0.0,0.04646226415094339,0.045283018867924525,0.21438679245283018,0.0,1534.27,113.65,0.8270142268184612,adaptive_fp_growth_fast_slow,1620.0,1420.62,199.38,0.0529,1534.27,113.65,0.0741
118,"1275,1915,2981,3043,3055",5,Sunlight ( Lime & Orange) 115g|Sunlight 2in1 (Lemon) 1kg|Astra Soft 100g|Sunlight 2Bar|Signal Toothpaste 120g,Cleaning & Household|General Grocery|Personal Care,Fast|Fast|Slow|Fast|Fast,4,0,1,0.01824728506727998,0.014107538988412383,0.6022017636954017,18.02957491391058,0.9,9,0.0,0.04646226415094339,0.045283018867924525,0.21438679245283018,0.0,794.88,58.88,0.8270142268184612,adaptive_fp_growth_fast_slow,830.0,736.0,94.0,0.0423,794.88,58.88,0.0741
119,"1275,1781,1915,3043,3055",5,Sunlight ( Lime & Orange) 115g|MDK Chinese Rolls (Fish) 5pcs|Sunlight 2in1 (Lemon) 1kg|Sunlight 2Bar|Signal Toothpaste 120g,"Cleaning & Household|Meat, Fish & Frozen|Personal Care",Fast|Slow|Fast|Fast|Fast,4,0,1,0.01824728506727998,0.014107538988412383,0.6022017636954017,18.02957491391058,0.9,9,0.0,0.04646226415094339,0.045283018867924525,0.21415094339622642,0.0,838.08,62.08,0.8270118683278952,adaptive_fp_growth_fast_slow,890.0,776.0,114.0,0.0583,838.08,62.08,0.0741
120,"1275,1915,1945,3043,3055",5,Sunlight ( Lime & Orange) 115g|Sunlight 2in1 (Lemon) 1kg|Sunquick Orange 330ml|Sunlight 2Bar|Signal Toothpaste 120g,Cleaning & Household|General Grocery|Personal Care,Fast|Fast|Slow|Fast|Fast,4,0,1,0.01824728506727998,0.014134346663449747,0.6022017636954017,18.02957491391058,0.9,9,0.0,0.04646226415094339,0.045283018867924525,0.21367924528301888,0.0,978.48,72.48,0.8270071513467631,adaptive_fp_growth_fast_slow,1050.0,906.0,144.0,0.0681,978.48,72.48,0.0741
121,"1275,1915,2625,3043,3055",5,Sunlight ( Lime & Orange) 115g|Sunlight 2in1 (Lemon) 1kg|Moldivefish (Dry) 1kg|Sunlight 2Bar|Signal Toothpaste 120g,Cleaning & Household|General Grocery|Personal Care,Fast|Fast|Slow|Fast|Fast,4,0,1,0.01824728506727998,0.014141048582209085,0.6022017636954017,18.02957491391058,0.9,9,0.0,0.04646226415094339,0.045283018867924525,0.21367924528301888,0.0,2436.48,180.48,0.8270071513467631,adaptive_fp_growth_fast_slow,2530.0,2256.0,274.0,0.037,2436.48,180.48,0.0741
122,"1449,2056,2378,2380",4,Milo Drink 180ml|Maggi Coconut Milk Powder 125g|Zesta Tea (BOPF) 390g|Red Bull 355ml,Beverages|Dairy & Chilled|General Grocery,Fast|Fast|Fast|Slow,3,0,1,0.032802541367593537,0.0166073546856465,0.740833807711985,15.426607333760883,1.0,6,0.0002358490566037736,0.035849056603773584,0.034669811320754716,0.15943396226415094,1117.7581320269535,1327.12,111.15,0.8254529013454771,adaptive_fp_growth_fast_slow,1430.0,1215.97,214.03,0.0719,1327.12,111.15,0.0838
123,"1123,1449,2056,2378",4,Vaseline Cocoa 100ml|Milo Drink 180ml|Maggi Coconut Milk Powder 125g|Zesta Tea (BOPF) 390g,Beverages|Dairy & Chilled|General Grocery,Slow|Fast|Fast|Fast,3,0,1,0.032802541367593537,0.01659730180750749,0.740833807711985,15.426607333760883,1.0,6,0.0,0.035849056603773584,0.034669811320754716,0.15872641509433963,0.0,1700.0,87.09,0.8254440570058544,adaptive_fp_growth_fast_slow,1700.0,1612.91,87.09,0.0,1700.0,87.09,0.0512
124,"1275,2684,2731,3043,3187",5,Sunlight ( Lime & Orange) 115g|Rin Detergent Powder 1kg|Royal Mixed Nut 50g|Sunlight 2Bar|Diva Power Liquid Detergent 1L,Cleaning & Household|General Grocery,Fast|Fast|Slow|Fast|Fast,4,0,1,0.028991626389591855,0.028633469190800752,0.7962100097006364,21.332991921326677,0.7,7,0.0,0.04575471698113207,0.045283018867924525,0.19669811320754718,0.0,1393.78,103.24,0.8243465957947181,adaptive_fp_growth_fast_slow,1495.0,1290.54,204.46,0.0677,1393.78,103.24,0.0741
125,"1496,1626,1854,2069,2285,2478",6,Tiara Layer Cake (Chocolate)310g|Ritzbury Milk Chocolate 45g|CBL Nice Biscuits  100g|CocaCola 1.5L|ProMate (CR120#)|Ritzbury Chocolate (Peanut) 45g,Dairy & Chilled|General Grocery|Snacks & Confectionery,Fast|Fast|Fast|Fast|Slow|Fast,5,0,1,0.013125651094247265,0.012221206623764079,0.5177880254807543,16.0213527222907,0.8666666666666667,13,0.0,0.052830188679245285,0.04929245283018868,0.325,0.0,1073.09,79.49,0.8242444616837483,adaptive_fp_growth_fast_slow,1135.0,993.6,141.4,0.0545,1073.09,79.49,0.0741
126,"1496,1626,1854,2069,2478,2638",6,Tiara Layer Cake (Chocolate)310g|Ritzbury Milk Chocolate 45g|CBL Nice Biscuits  100g|CocaCola 1.5L|Ritzbury Chocolate (Peanut) 45g|Champion (Cool Mint) 90g,Dairy & Chilled|General Grocery|Snacks & Confectionery,Fast|Fast|Fast|Fast|Fast|Slow,5,0,1,0.013125651094247265,0.012202647464122826,0.5177880254807543,16.0213527222907,0.8666666666666667,13,0.0,0.052830188679245285,0.04929245283018868,0.325,0.0,969.28,71.8,0.8242444616837483,adaptive_fp_growth_fast_slow,1005.0,897.48,107.52,0.0355,969.28,71.8,0.0741
127,"1122,2003,2008,2170",4,Vaseline Sun+ 100ml|Ocean Star Canned Fish 155g|Marina Coconut Oil 350ml|Wijaya Curry Powder 50g,"Cooking Essentials|General Grocery|Meat, Fish & Frozen",Slow|Fast|Fast|Fast,3,0,1,0.03137302209622615,0.015813177312664618,0.8250335944294811,20.988861262720402,1.0,6,0.0,0.032547169811320754,0.03207547169811321,0.1313679245283019,0.0,1506.19,111.57,0.8238169495417808,adaptive_fp_growth_fast_slow,1562.0,1394.62,167.38,0.0357,1506.19,111.57,0.0741
128,"1122,1449,1478,2378",4,Vaseline Sun+ 100ml|Milo Drink 180ml|White Sugar 1kg (Pkt)|Zesta Tea (BOPF) 390g,Beverages|General Grocery|Staples & Dry Groceries,Slow|Fast|Fast|Fast,3,0,1,0.032856826909544196,0.016697830588897598,0.7334578423077253,15.095271228545768,1.0,6,0.0002358490566037736,0.03537735849056604,0.034669811320754716,0.1580188679245283,2624.505467233099,1836.57,136.04,0.8232674971008759,adaptive_fp_growth_fast_slow,1910.0,1700.53,209.47,0.0384,1836.57,136.04,0.0741
129,"1396,2003,2008,2170,2279",5,Link Samahan 10pkt|Ocean Star Canned Fish 155g|Marina Coconut Oil 350ml|Wijaya Curry Powder 50g|Araliya Premium Samba Rice 1kg,"Cooking Essentials|Health & Medicine|Meat, Fish & Frozen|Staples & Dry Groceries",Slow|Fast|Fast|Fast|Fast,4,0,1,0.03138005911092346,0.018975812775197543,0.8168864729074266,20.52775877081377,1.0,10,0.0,0.03278301886792453,0.03207547169811321,0.1705188679245283,0.0,966.6,71.6,0.8231886313134726,adaptive_fp_growth_fast_slow,1022.0,895.0,127.0,0.0542,966.6,71.6,0.0741
130,"1449,1854,2056,3019",4,Milo Drink 180ml|CBL Nice Biscuits  100g|Maggi Coconut Milk Powder 125g|Vaseline Kiss of Petals 100ml,Beverages|Dairy & Chilled|General Grocery|Snacks & Confectionery,Fast|Fast|Fast|Slow,3,0,1,0.03289502784647245,0.016848623760982773,0.6980834711821835,13.444268844672633,1.0,6,0.0002358490566037736,0.03702830188679245,0.034669811320754716,0.23726415094339623,304.7089825261597,969.42,71.81,0.8226665301112898,adaptive_fp_growth_fast_slow,1010.0,897.61,112.39,0.0402,969.42,71.81,0.0741
131,"1122,2003,2008,2170,2279",5,Vaseline Sun+ 100ml|Ocean Star Canned Fish 155g|Marina Coconut Oil 350ml|Wijaya Curry Powder 50g|Araliya Premium Samba Rice 1kg,"Cooking Essentials|General Grocery|Meat, Fish & Frozen|Staples & Dry Groceries",Slow|Fast|Fast|Fast|Fast,4,0,1,0.03138005911092346,0.018975812775197543,0.8168864729074266,20.52775877081377,1.0,10,0.0,0.032547169811320754,0.03207547169811321,0.1705188679245283,0.0,1657.39,122.77,0.8226579709361141,adaptive_fp_growth_fast_slow,1712.0,1534.62,177.38,0.0319,1657.39,122.77,0.0741
132,"1200,2003,2008,2170,2279",5,Eva Dritex Wings 20p|Ocean Star Canned Fish 155g|Marina Coconut Oil 350ml|Wijaya Curry Powder 50g|Araliya Premium Samba Rice 1kg,"Cooking Essentials|General Grocery|Meat, Fish & Frozen|Staples & Dry Groceries",Slow|Fast|Fast|Fast|Fast,4,0,1,0.03138005911092346,0.0189396224138971,0.8168864729074266,20.52775877081377,1.0,10,0.0,0.032547169811320754,0.03207547169811321,0.17028301886792452,0.0,1016.4,75.29,0.8226556124455481,adaptive_fp_growth_fast_slow,1027.0,941.11,85.89,0.0103,1016.4,75.29,0.0741
133,"1123,2003,2008,2056,2170,2279",6,Vaseline Cocoa 100ml|Ocean Star Canned Fish 155g|Marina Coconut Oil 350ml|Maggi Coconut Milk Powder 125g|Wijaya Curry Powder 50g|Araliya Premium Samba Rice 1kg,"Cooking Essentials|Dairy & Chilled|General Grocery|Meat, Fish & Frozen|Staples & Dry Groceries",Slow|Fast|Fast|Fast|Fast|Fast,5,0,1,0.03139936063695036,0.02119146711703561,0.794680764780198,19.262274462253544,1.0,15,0.0,0.03372641509433962,0.03207547169811321,0.24622641509433962,0.0,1752.0,75.0,0.8223271147170298,adaptive_fp_growth_fast_slow,1752.0,1677.0,75.0,0.0,1752.0,75.0,0.0428
134,"1122,2003,2008,2056,2170,2279",6,Vaseline Sun+ 100ml|Ocean Star Canned Fish 155g|Marina Coconut Oil 350ml|Maggi Coconut Milk Powder 125g|Wijaya Curry Powder 50g|Araliya Premium Samba Rice 1kg,"Cooking Essentials|Dairy & Chilled|General Grocery|Meat, Fish & Frozen|Staples & Dry Groceries",Slow|Fast|Fast|Fast|Fast|Fast,5,0,1,0.03139936063695036,0.021195488268291214,0.794680764780198,19.262274462253544,1.0,15,0.0,0.03372641509433962,0.03207547169811321,0.24599056603773584,0.0,1870.15,138.53,0.8223251493082248,adaptive_fp_growth_fast_slow,1922.0,1731.62,190.38,0.027,1870.15,138.53,0.0741
135,"1396,2003,2008,2056,2170,2279",6,Link Samahan 10pkt|Ocean Star Canned Fish 155g|Marina Coconut Oil 350ml|Maggi Coconut Milk Powder 125g|Wijaya Curry Powder 50g|Araliya Premium Samba Rice 1kg,"Cooking Essentials|Dairy & Chilled|Health & Medicine|Meat, Fish & Frozen|Staples & Dry Groceries",Slow|Fast|Fast|Fast|Fast|Fast,5,0,1,0.03139936063695036,0.021195488268291214,0.794680764780198,19.262274462253544,1.0,15,0.0,0.03372641509433962,0.03207547169811321,0.24599056603773584,0.0,1179.36,87.36,0.8223251493082248,adaptive_fp_growth_fast_slow,1232.0,1092.0,140.0,0.0427,1179.36,87.36,0.0741
136,"1200,2003,2008,2056,2170,2279",6,Eva Dritex Wings 20p|Ocean Star Canned Fish 155g|Marina Coconut Oil 350ml|Maggi Coconut Milk Powder 125g|Wijaya Curry Powder 50g|Araliya Premium Samba Rice 1kg,"Cooking Essentials|Dairy & Chilled|General Grocery|Meat, Fish & Frozen|Staples & Dry Groceries",Slow|Fast|Fast|Fast|Fast|Fast,5,0,1,0.03139936063695036,0.021163319058246376,0.794680764780198,19.262274462253544,1.0,15,0.0,0.03349056603773585,0.03207547169811321,0.24575471698113208,0.0,1229.16,91.05,0.8217925235220612,adaptive_fp_growth_fast_slow,1237.0,1138.11,98.89,0.0063,1229.16,91.05,0.0741
137,"1479,1564,1853,2770",4,White Sugar 1kg|Watawala Tea 100g|CBL Ginger Biscuits 400g|Lifebuoy Kohomba 100g,Beverages|Cooking Essentials|General Grocery|Staples & Dry Groceries,Fast|Fast|Fast|Slow,3,0,1,0.02947658530021761,0.019502583589681724,0.6948761308241601,14.827765434624654,1.0,6,0.0,0.04221698113207547,0.029952830188679246,0.1643867924528302,0.0,805.77,59.69,0.8211565375481523,adaptive_fp_growth_fast_slow,828.0,746.08,81.92,0.0269,805.77,59.69,0.0741
138,"1479,1564,1631,1853",4,White Sugar 1kg|Watawala Tea 100g|Ritzbury Rave 26g|CBL Ginger Biscuits 400g,Beverages|Cooking Essentials|General Grocery|Staples & Dry Groceries,Fast|Fast|Slow|Fast,3,0,1,0.02947658530021761,0.019472424955264692,0.6948761308241601,14.827765434624654,1.0,6,0.0,0.04221698113207547,0.029952830188679246,0.16391509433962265,0.0,783.41,58.03,0.8211506413217372,adaptive_fp_growth_fast_slow,805.0,725.38,79.62,0.0268,783.41,58.03,0.0741
139,"1396,2003,2008,2279",4,Link Samahan 10pkt|Ocean Star Canned Fish 155g|Marina Coconut Oil 350ml|Araliya Premium Samba Rice 1kg,"Cooking Essentials|Health & Medicine|Meat, Fish & Frozen|Staples & Dry Groceries",Slow|Fast|Fast|Fast,3,0,1,0.03138307497436517,0.01586344170335967,0.8097462337296494,20.112455842416697,1.0,6,0.0,0.03231132075471698,0.03207547169811321,0.13183962264150945,0.0,918.0,68.0,0.8209990812858626,adaptive_fp_growth_fast_slow,972.0,850.0,122.0,0.0556,918.0,68.0,0.0741
140,"1123,2003,2056,2170",4,Vaseline Cocoa 100ml|Ocean Star Canned Fish 155g|Maggi Coconut Milk Powder 125g|Wijaya Curry Powder 50g,"Cooking Essentials|Dairy & Chilled|General Grocery|Meat, Fish & Frozen",Slow|Fast|Fast|Fast,3,0,1,0.03140318073064319,0.015963970484749786,0.7995566004562112,19.467683783779087,1.0,6,0.0,0.03278301886792453,0.03207547169811321,0.15235849056603773,0.0,1280.0,38.0,0.8207884428986204,adaptive_fp_growth_fast_slow,1280.0,1242.0,38.0,0.0,1280.0,38.0,0.0297
141,"1123,2003,2056,2170,2279",5,Vaseline Cocoa 100ml|Ocean Star Canned Fish 155g|Maggi Coconut Milk Powder 125g|Wijaya Curry Powder 50g|Araliya Premium Samba Rice 1kg,"Cooking Essentials|Dairy & Chilled|General Grocery|Meat, Fish & Frozen|Staples & Dry Groceries",Slow|Fast|Fast|Fast|Fast,4,0,1,0.03139513842813198,0.01906628867844864,0.7977288382188015,19.413836707109166,1.0,10,0.0,0.03278301886792453,0.03207547169811321,0.19150943396226416,0.0,1430.0,48.0,0.8205248917705562,adaptive_fp_growth_fast_slow,1430.0,1382.0,48.0,0.0,1430.0,48.0,0.0336
142,"1200,2003,2008,2279",4,Eva Dritex Wings 20p|Ocean Star Canned Fish 155g|Marina Coconut Oil 350ml|Araliya Premium Samba Rice 1kg,"Cooking Essentials|General Grocery|Meat, Fish & Frozen|Staples & Dry Groceries",Slow|Fast|Fast|Fast,3,0,1,0.03138307497436517,0.015813177312664618,0.8097462337296494,20.112455842416697,1.0,6,0.0,0.03207547169811321,0.03207547169811321,0.13160377358490566,0.0,967.8,71.69,0.8204654727952966,adaptive_fp_growth_fast_slow,977.0,896.11,80.89,0.0094,967.8,71.69,0.0741
143,"1496,1770,1854,2046,2069,2478",6,Tiara Layer Cake (Chocolate)310g|Keells Chicken Bockwurst 400g|CBL Nice Biscuits  100g|Edinborough Tomato Sauce 375g|CocaCola 1.5L|Ritzbury Chocolate (Peanut) 45g,"Cooking Essentials|General Grocery|Meat, Fish & Frozen|Snacks & Confectionery",Fast|Slow|Fast|Fast|Fast|Fast,5,0,1,0.020657547589208125,0.02064495610547845,0.6110469680606281,16.124170264208782,0.7333333333333333,11,0.0,0.05377358490566038,0.04929245283018868,0.33419811320754716,0.0,1471.61,109.01,0.8204325955235596,adaptive_fp_growth_fast_slow,1499.0,1362.6,136.4,0.0183,1471.61,109.01,0.0741
144,"1449,1478,1854,1993,2056,2378",6,Milo Drink 180ml|White Sugar 1kg (Pkt)|CBL Nice Biscuits  100g|Edinborough Lime Seasoning200ml|Maggi Coconut Milk Powder 125g|Zesta Tea (BOPF) 390g,Beverages|Dairy & Chilled|General Grocery|Snacks & Confectionery|Staples & Dry Groceries,Fast|Fast|Fast|Slow|Fast|Fast,5,0,1,0.029290265141753057,0.02975149285240364,0.6546473770909531,12.722579070180304,0.8,12,0.0,0.05165094339622642,0.03514150943396226,0.35283018867924526,0.0,1419.67,105.16,0.8202057543623851,adaptive_fp_growth_fast_slow,1470.0,1314.51,155.49,0.0342,1419.67,105.16,0.0741
145,"1125,1496,1635,2020,2045",5,Vaseline Healthy 100ml|Tiara Layer Cake (Chocolate)310g|Ritzbury  Chunky-Choc (Classic)200g|Harischandra Noodles 400g (2minutes)|Edinborough Tomato Sauce 405g,Cooking Essentials|General Grocery|Snacks & Confectionery|Staples & Dry Groceries,Slow|Fast|Fast|Fast|Fast,4,0,1,0.03139011198906247,0.01893359068701369,0.8389605570541416,21.94805126366924,1.0,10,0.0,0.03207547169811321,0.029952830188679246,0.2054245283018868,0.0,1081.08,80.08,0.819950215633593,adaptive_fp_growth_fast_slow,1150.0,1001.0,149.0,0.0599,1081.08,80.08,0.0741
146,"1496,1635,2020,2045,2416",5,Tiara Layer Cake (Chocolate)310g|Ritzbury  Chunky-Choc (Classic)200g|Harischandra Noodles 400g (2minutes)|Edinborough Tomato Sauce 405g|Camellia Parfum (Purity) 22ml,Cooking Essentials|General Grocery|Snacks & Confectionery|Staples & Dry Groceries,Fast|Fast|Fast|Fast|Slow,4,0,1,0.03139011198906247,0.018963749321430728,0.8389605570541416,21.94805126366924,1.0,10,0.0,0.03207547169811321,0.029952830188679246,0.20495283018867924,0.0,1023.3,75.8,0.8199454986524609,adaptive_fp_growth_fast_slow,1100.0,947.5,152.5,0.0697,1023.3,75.8,0.0741
147,"1496,1635,1921,2020,2045",5,Tiara Layer Cake (Chocolate)310g|Ritzbury  Chunky-Choc (Classic)200g|Surf excel (Aloevera) 500g|Harischandra Noodles 400g (2minutes)|Edinborough Tomato Sauce 405g,Cooking Essentials|General Grocery|Snacks & Confectionery|Staples & Dry Groceries,Fast|Fast|Slow|Fast|Fast,4,0,1,0.03139011198906247,0.018933590687013693,0.8389605570541416,21.94805126366924,1.0,10,0.0,0.03207547169811321,0.029952830188679246,0.20471698113207548,0.0,1021.68,75.68,0.819943140161895,adaptive_fp_growth_fast_slow,1085.0,946.0,139.0,0.0584,1021.68,75.68,0.0741
148,"1496,1635,2020,2045,2184",5,Tiara Layer Cake (Chocolate)310g|Ritzbury  Chunky-Choc (Classic)200g|Harischandra Noodles 400g (2minutes)|Edinborough Tomato Sauce 405g|Wijaya Fenugreek 100g,Cooking Essentials|General Grocery|Snacks & Confectionery|Staples & Dry Groceries,Fast|Fast|Fast|Fast|Slow,4,0,1,0.03139011198906247,0.018927558960130285,0.8389605570541416,21.94805126366924,1.0,10,0.0,0.03207547169811321,0.029952830188679246,0.2044811320754717,0.0,894.24,66.24,0.8199407816713289,adaptive_fp_growth_fast_slow,960.0,828.0,132.0,0.0685,894.24,66.24,0.0741
149,"1496,2020,2045,2068,2118",5,Tiara Layer Cake (Chocolate)310g|Harischandra Noodles 400g (2minutes)|Edinborough Tomato Sauce 405g|CocaCola 1050ml|Signal Deep Clean (T.B),Cooking Essentials|General Grocery|Snacks & Confectionery|Staples & Dry Groceries,Fast|Fast|Fast|Fast|Slow,4,0,1,0.03139312785250417,0.018945654140780508,0.8388371543688805,21.94059794145933,1.0,10,0.0,0.03207547169811321,0.029952830188679246,0.20424528301886793,0.0,1004.44,74.4,0.8199199127779737,adaptive_fp_growth_fast_slow,1063.0,930.04,132.96,0.0551,1004.44,74.4,0.0741
150,"1374,1496,1635,2020,2045",5,Ninja Mosquito Control Liquid+Machine|Tiara Layer Cake (Chocolate)310g|Ritzbury  Chunky-Choc (Classic)200g|Harischandra Noodles 400g (2minutes)|Edinborough Tomato Sauce 405g,Cooking Essentials|General Grocery|Snacks & Confectionery|Staples & Dry Groceries,Slow|Fast|Fast|Fast|Fast,4,0,1,0.03139011198906247,0.018945654140780505,0.8389605570541416,21.94805126366924,1.0,10,0.0,0.031839622641509434,0.029952830188679246,0.20495283018867924,0.0,1604.88,118.88,0.8194148382751024,adaptive_fp_growth_fast_slow,1660.0,1486.0,174.0,0.0332,1604.88,118.88,0.0741
151,"1404,1496,1635,2020,2045",5,Kellogg's Chocos 110g|Tiara Layer Cake (Chocolate)310g|Ritzbury  Chunky-Choc (Classic)200g|Harischandra Noodles 400g (2minutes)|Edinborough Tomato Sauce 405g,Cooking Essentials|General Grocery|Snacks & Confectionery|Staples & Dry Groceries,Slow|Fast|Fast|Fast|Fast,4,0,1,0.03139011198906247,0.018951685867663916,0.8389605570541416,21.94805126366924,1.0,10,0.0,0.031839622641509434,0.029952830188679246,0.20495283018867924,0.0,1097.28,81.28,0.8194148382751024,adaptive_fp_growth_fast_slow,1170.0,1016.0,154.0,0.0622,1097.28,81.28,0.0741
152,"1123,1496,1635,2020,2045",5,Vaseline Cocoa 100ml|Tiara Layer Cake (Chocolate)310g|Ritzbury  Chunky-Choc (Classic)200g|Harischandra Noodles 400g (2minutes)|Edinborough Tomato Sauce 405g,Cooking Essentials|General Grocery|Snacks & Confectionery|Staples & Dry Groceries,Slow|Fast|Fast|Fast|Fast,4,0,1,0.03139011198906247,0.018927558960130285,0.8389605570541416,21.94805126366924,1.0,10,0.0,0.031839622641509434,0.029952830188679246,0.20471698113207548,0.0,1723.68,127.68,0.8194124797845365,adaptive_fp_growth_fast_slow,1730.0,1596.0,134.0,0.0037,1723.68,127.68,0.0741
153,"1496,1635,1940,2020,2045",5,Tiara Layer Cake (Chocolate)310g|Ritzbury  Chunky-Choc (Classic)200g|britol super 45g|Harischandra Noodles 400g (2minutes)|Edinborough Tomato Sauce 405g,Cooking Essentials|General Grocery|Snacks & Confectionery|Staples & Dry Groceries,Fast|Fast|Slow|Fast|Fast,4,0,1,0.03139011198906247,0.018933590687013693,0.8389605570541416,21.94805126366924,1.0,10,0.0002358490566037736,0.031839622641509434,0.029952830188679246,0.2044811320754717,52150.211392738885,858.6,63.6,0.8194101212939704,adaptive_fp_growth_fast_slow,920.0,795.0,125.0,0.0667,858.6,63.6,0.0741
154,"1496,1635,2020,2045,2358",5,Tiara Layer Cake (Chocolate)310g|Ritzbury  Chunky-Choc (Classic)200g|Harischandra Noodles 400g (2minutes)|Edinborough Tomato Sauce 405g|Iodex Head Fast 18g,Cooking Essentials|General Grocery|Snacks & Confectionery|Staples & Dry Groceries,Fast|Fast|Fast|Fast|Slow,4,0,1,0.03139011198906247,0.018927558960130285,0.8389605570541416,21.94805126366924,1.0,10,0.0,0.031839622641509434,0.029952830188679246,0.2044811320754717,0.0,1070.67,79.31,0.8194101212939704,adaptive_fp_growth_fast_slow,1140.0,991.36,148.64,0.0608,1070.67,79.31,0.0741
155,"1496,1635,2020,2045,2638",5,Tiara Layer Cake (Chocolate)310g|Ritzbury  Chunky-Choc (Classic)200g|Harischandra Noodles 400g (2minutes)|Edinborough Tomato Sauce 405g|Champion (Cool Mint) 90g,Cooking Essentials|General Grocery|Snacks & Confectionery|Staples & Dry Groceries,Fast|Fast|Fast|Fast|Slow,4,0,1,0.03139011198906247,0.018951685867663916,0.8389605570541416,21.94805126366924,1.0,10,0.0,0.031839622641509434,0.029952830188679246,0.2044811320754717,0.0,904.91,67.03,0.8194101212939704,adaptive_fp_growth_fast_slow,965.0,837.88,127.12,0.0623,904.91,67.03,0.0741
156,"1496,1635,2020,2045,2866",5,Tiara Layer Cake (Chocolate)310g|Ritzbury  Chunky-Choc (Classic)200g|Harischandra Noodles 400g (2minutes)|Edinborough Tomato Sauce 405g|Marmite 100g,Cooking Essentials|General Grocery|Snacks & Confectionery|Staples & Dry Groceries,Fast|Fast|Fast|Fast|Slow,4,0,1,0.03139011198906247,0.018927558960130285,0.8389605570541416,21.94805126366924,1.0,10,0.0,0.031839622641509434,0.029952830188679246,0.2044811320754717,0.0,1518.48,112.48,0.8194101212939704,adaptive_fp_growth_fast_slow,1585.0,1406.0,179.0,0.042,1518.48,112.48,0.0741
157,"1473,1496,1635,2020,2045",5,Nescafe Classic 50g|Tiara Layer Cake (Chocolate)310g|Ritzbury  Chunky-Choc (Classic)200g|Harischandra Noodles 400g (2minutes)|Edinborough Tomato Sauce 405g,Cooking Essentials|General Grocery|Snacks & Confectionery|Staples & Dry Groceries,Slow|Fast|Fast|Fast|Fast,4,0,1,0.03139011198906247,0.01893359068701369,0.8389605570541416,21.94805126366924,1.0,10,0.0,0.031839622641509434,0.029952830188679246,0.20424528301886793,0.0,1712.88,126.88,0.8194077628034043,adaptive_fp_growth_fast_slow,1750.0,1586.0,164.0,0.0212,1712.88,126.88,0.0741
158,"1496,1635,1770,2020,2045",5,Tiara Layer Cake (Chocolate)310g|Ritzbury  Chunky-Choc (Classic)200g|Keells Chicken Bockwurst 400g|Harischandra Noodles 400g (2minutes)|Edinborough Tomato Sauce 405g,"Cooking Essentials|General Grocery|Meat, Fish & Frozen|Snacks & Confectionery|Staples & Dry Groceries",Fast|Fast|Slow|Fast|Fast,4,0,1,0.03139011198906247,0.018945654140780505,0.8389605570541416,21.94805126366924,1.0,10,0.0002358490566037736,0.031839622641509434,0.029952830188679246,0.20424528301886793,78225.31708910833,1340.28,99.28,0.8194077628034043,adaptive_fp_growth_fast_slow,1409.0,1241.0,168.0,0.0488,1340.28,99.28,0.0741
159,"1496,1635,2020,2045,3002",5,Tiara Layer Cake (Chocolate)310g|Ritzbury  Chunky-Choc (Classic)200g|Harischandra Noodles 400g (2minutes)|Edinborough Tomato Sauce 405g|Sun Crush Lemon Lime 250ml,Cooking Essentials|General Grocery|Snacks & Confectionery|Staples & Dry Groceries,Fast|Fast|Fast|Fast|Slow,4,0,1,0.03139011198906247,0.018927558960130285,0.8389605570541416,21.94805126366924,1.0,10,0.0,0.031839622641509434,0.029952830188679246,0.20424528301886793,0.0,1000.08,74.08,0.8194077628034043,adaptive_fp_growth_fast_slow,1060.0,926.0,134.0,0.0565,1000.08,74.08,0.0741
160,"1404,1496,2020,2045,2068",5,Kellogg's Chocos 110g|Tiara Layer Cake (Chocolate)310g|Harischandra Noodles 400g (2minutes)|Edinborough Tomato Sauce 405g|CocaCola 1050ml,Cooking Essentials|General Grocery|Snacks & Confectionery|Staples & Dry Groceries,Slow|Fast|Fast|Fast|Fast,4,0,1,0.03139312785250417,0.018969781048314132,0.8388371543688805,21.94059794145933,1.0,10,0.0,0.031839622641509434,0.029952830188679246,0.20471698113207548,0.0,1185.84,87.84,0.8193939693817474,adaptive_fp_growth_fast_slow,1250.0,1098.0,152.0,0.0513,1185.84,87.84,0.0741
161,"1496,2020,2045,2068,3002",5,Tiara Layer Cake (Chocolate)310g|Harischandra Noodles 400g (2minutes)|Edinborough Tomato Sauce 405g|CocaCola 1050ml|Sun Crush Lemon Lime 250ml,Cooking Essentials|General Grocery|Snacks & Confectionery|Staples & Dry Groceries,Fast|Fast|Fast|Fast|Slow,4,0,1,0.03139312785250417,0.018945654140780508,0.8388371543688805,21.94059794145933,1.0,10,0.0,0.031839622641509434,0.029952830188679246,0.20400943396226415,0.0,1088.64,80.64,0.8193868939100492,adaptive_fp_growth_fast_slow,1140.0,1008.0,132.0,0.0451,1088.64,80.64,0.0741
162,"1125,1496,2020,2045",4,Vaseline Healthy 100ml|Tiara Layer Cake (Chocolate)310g|Harischandra Noodles 400g (2minutes)|Edinborough Tomato Sauce 405g,Cooking Essentials|General Grocery|Snacks & Confectionery|Staples & Dry Groceries,Slow|Fast|Fast|Fast,3,0,1,0.03138307497436517,0.01582323019080363,0.8399723066820174,21.9628312653581,1.0,6,0.0,0.03160377358490566,0.029952830188679246,0.14669811320754716,0.0,867.24,64.24,0.8188201384551329,adaptive_fp_growth_fast_slow,930.0,803.0,127.0,0.0675,867.24,64.24,0.0741
163,"1496,2020,2045,2416",4,Tiara Layer Cake (Chocolate)310g|Harischandra Noodles 400g (2minutes)|Edinborough Tomato Sauce 405g|Camellia Parfum (Purity) 22ml,Cooking Essentials|General Grocery|Snacks & Confectionery|Staples & Dry Groceries,Fast|Fast|Fast|Slow,3,0,1,0.03138307497436517,0.015863441703359668,0.8399723066820174,21.9628312653581,1.0,6,0.0,0.03160377358490566,0.029952830188679246,0.14622641509433962,0.0,809.46,59.96,0.8188142422287178,adaptive_fp_growth_fast_slow,880.0,749.5,130.5,0.0802,809.46,59.96,0.0741
164,"1496,1921,2020,2045",4,Tiara Layer Cake (Chocolate)310g|Surf excel (Aloevera) 500g|Harischandra Noodles 400g (2minutes)|Edinborough Tomato Sauce 405g,Cooking Essentials|General Grocery|Snacks & Confectionery|Staples & Dry Groceries,Fast|Slow|Fast|Fast,3,0,1,0.03138307497436517,0.015823230190803627,0.8399723066820174,21.9628312653581,1.0,6,0.0,0.03160377358490566,0.029952830188679246,0.14599056603773586,0.0,807.84,59.84,0.8188112941155102,adaptive_fp_growth_fast_slow,865.0,748.0,117.0,0.0661,807.84,59.84,0.0741
165,"1449,1478,1854,2378,3066",5,Milo Drink 180ml|White Sugar 1kg (Pkt)|CBL Nice Biscuits  100g|Zesta Tea (BOPF) 390g|MD WoodApple Jam 300g,Beverages|General Grocery|Snacks & Confectionery|Staples & Dry Groceries,Fast|Fast|Fast|Fast|Slow,4,0,1,0.030397281002420562,0.02664515350744918,0.6817017391423871,13.492725020606613,0.8,8,0.0002358490566037736,0.049528301886792456,0.03490566037735849,0.27735849056603773,16526.58888277476,1358.11,100.6,0.8187316759656977,adaptive_fp_growth_fast_slow,1370.0,1257.51,112.49,0.0087,1358.11,100.6,0.0741
166,"1188,2501,2512,2622,3034,3080",6,Baby Diaper (Softlove) 4pcs /L|Magic Fantastick 75ml|Pears Baby Soap (Aloevera) 95g|Baby Cheramy Baby Cologne 50ml|Pears Baby Cream 50ml|BabyCheramy Moisturizes & Cares Baby Shampoo 100ml,Baby & Kids|General Grocery,Fast|Slow|Fast|Fast|Fast|Fast,5,0,1,0.02472011957206835,0.018083117196453346,0.7927473752429686,24.344518611092706,1.0,15,0.0,0.038679245283018866,0.026415094339622643,0.19882075471698113,0.0,980.37,72.62,0.8186349836449359,adaptive_fp_growth_fast_slow,990.0,907.75,82.25,0.0097,980.37,72.62,0.0741
167,"1023,1188,2512,2622,3034,3080",6,Sensodyne 40g|Baby Diaper (Softlove) 4pcs /L|Pears Baby Soap (Aloevera) 95g|Baby Cheramy Baby Cologne 50ml|Pears Baby Cream 50ml|BabyCheramy Moisturizes & Cares Baby Shampoo 100ml,Baby & Kids|General Grocery,Slow|Fast|Fast|Fast|Fast|Fast,5,0,1,0.02472011957206835,0.01807105374268653,0.7927473752429686,24.344518611092706,1.0,15,0.0,0.038679245283018866,0.026415094339622643,0.19811320754716982,0.0,1125.0,82.25,0.8186290874185208,adaptive_fp_growth_fast_slow,1125.0,1042.75,82.25,0.0,1125.0,82.25,0.0731
168,"1188,2225,2512,2622,3034,3080",6,Baby Diaper (Softlove) 4pcs /L|Royal Candles (large)|Pears Baby Soap (Aloevera) 95g|Baby Cheramy Baby Cologne 50ml|Pears Baby Cream 50ml|BabyCheramy Moisturizes & Cares Baby Shampoo 100ml,Baby & Kids|General Grocery,Fast|Slow|Fast|Fast|Fast|Fast,5,0,1,0.02472011957206835,0.018103222952731368,0.7927473752429686,24.344518611092706,1.0,15,0.0,0.038679245283018866,0.026415094339622643,0.19787735849056604,0.0,1130.37,87.62,0.8186271220097158,adaptive_fp_growth_fast_slow,1235.0,1042.75,192.25,0.0847,1130.37,87.62,0.0775
169,"1188,2512,2622,3034,3080,3133",6,Baby Diaper (Softlove) 4pcs /L|Pears Baby Soap (Aloevera) 95g|Baby Cheramy Baby Cologne 50ml|Pears Baby Cream 50ml|BabyCheramy Moisturizes & Cares Baby Shampoo 100ml|Marvel Tampons Heavy flow,Baby & Kids|General Grocery,Fast|Fast|Fast|Fast|Fast|Slow,5,0,1,0.02472011957206835,0.018071053742686527,0.7927473752429686,24.344518611092706,1.0,15,0.0,0.038679245283018866,0.026415094339622643,0.19787735849056604,0.0,1661.23,125.48,0.8186271220097158,adaptive_fp_growth_fast_slow,1815.0,1535.75,279.25,0.0847,1661.23,125.48,0.0755
170,"1122,2003,2008,2056,2279",5,Vaseline Sun+ 100ml|Ocean Star Canned Fish 155g|Marina Coconut Oil 350ml|Maggi Coconut Milk Powder 125g|Araliya Premium Samba Rice 1kg,"Cooking Essentials|Dairy & Chilled|General Grocery|Meat, Fish & Frozen|Staples & Dry Groceries",Slow|Fast|Fast|Fast|Fast,4,0,1,0.03140519130627099,0.019132637674166113,0.7837597768131548,18.650682039387036,1.0,10,0.0,0.03278301886792453,0.03207547169811321,0.20731132075471698,0.0,1821.55,134.93,0.8185875514276337,adaptive_fp_growth_fast_slow,1872.0,1686.62,185.38,0.0269,1821.55,134.93,0.0741
171,"1374,1496,2020,2045",4,Ninja Mosquito Control Liquid+Machine|Tiara Layer Cake (Chocolate)310g|Harischandra Noodles 400g (2minutes)|Edinborough Tomato Sauce 405g,Cooking Essentials|General Grocery|Snacks & Confectionery|Staples & Dry Groceries,Slow|Fast|Fast|Fast,3,0,1,0.03138307497436517,0.015833283068942636,0.8399723066820174,21.9628312653581,1.0,6,0.0,0.03136792452830189,0.029952830188679246,0.14622641509433962,0.0,1391.04,103.04,0.8182835818513593,adaptive_fp_growth_fast_slow,1440.0,1288.0,152.0,0.034,1391.04,103.04,0.0741
172,"1123,1496,2020,2045",4,Vaseline Cocoa 100ml|Tiara Layer Cake (Chocolate)310g|Harischandra Noodles 400g (2minutes)|Edinborough Tomato Sauce 405g,Cooking Essentials|General Grocery|Snacks & Confectionery|Staples & Dry Groceries,Slow|Fast|Fast|Fast,3,0,1,0.03138307497436517,0.015813177312664618,0.8399723066820174,21.9628312653581,1.0,6,0.0,0.03136792452830189,0.029952830188679246,0.14599056603773586,0.0,1509.84,111.84,0.8182806337381517,adaptive_fp_growth_fast_slow,1510.0,1398.0,112.0,0.0001,1509.84,111.84,0.0741
173,"1496,1940,2020,2045",4,Tiara Layer Cake (Chocolate)310g|britol super 45g|Harischandra Noodles 400g (2minutes)|Edinborough Tomato Sauce 405g,Cooking Essentials|General Grocery|Snacks & Confectionery|Staples & Dry Groceries,Fast|Slow|Fast|Fast,3,0,1,0.03138307497436517,0.01582323019080363,0.8399723066820174,21.9628312653581,1.0,6,0.0002358490566037736,0.03136792452830189,0.029952830188679246,0.14575471698113207,3062.5949615075424,644.76,47.76,0.8182776856249442,adaptive_fp_growth_fast_slow,700.0,597.0,103.0,0.0789,644.76,47.76,0.0741
174,"1496,2020,2045,2184",4,Tiara Layer Cake (Chocolate)310g|Harischandra Noodles 400g (2minutes)|Edinborough Tomato Sauce 405g|Wijaya Fenugreek 100g,Cooking Essentials|General Grocery|Snacks & Confectionery|Staples & Dry Groceries,Fast|Fast|Fast|Slow,3,0,1,0.03138307497436517,0.015813177312664618,0.8399723066820174,21.9628312653581,1.0,6,0.0,0.03136792452830189,0.029952830188679246,0.14575471698113207,0.0,680.4,50.4,0.8182776856249442,adaptive_fp_growth_fast_slow,740.0,630.0,110.0,0.0805,680.4,50.4,0.0741
175,"1496,2020,2045,2358",4,Tiara Layer Cake (Chocolate)310g|Harischandra Noodles 400g (2minutes)|Edinborough Tomato Sauce 405g|Iodex Head Fast 18g,Cooking Essentials|General Grocery|Snacks & Confectionery|Staples & Dry Groceries,Fast|Fast|Fast|Slow,3,0,1,0.03138307497436517,0.015813177312664618,0.8399723066820174,21.9628312653581,1.0,6,0.0,0.03136792452830189,0.029952830188679246,0.14575471698113207,0.0,856.83,63.47,0.8182776856249442,adaptive_fp_growth_fast_slow,920.0,793.36,126.64,0.0687,856.83,63.47,0.0741
176,"1496,2020,2045,2638",4,Tiara Layer Cake (Chocolate)310g|Harischandra Noodles 400g (2minutes)|Edinborough Tomato Sauce 405g|Champion (Cool Mint) 90g,Cooking Essentials|General Grocery|Snacks & Confectionery|Staples & Dry Groceries,Fast|Fast|Fast|Slow,3,0,1,0.03138307497436517,0.015843335947081653,0.8399723066820174,21.9628312653581,1.0,6,0.0,0.03136792452830189,0.029952830188679246,0.14575471698113207,0.0,691.07,51.19,0.8182776856249442,adaptive_fp_growth_fast_slow,745.0,639.88,105.12,0.0724,691.07,51.19,0.0741
177,"1496,2020,2045,2866",4,Tiara Layer Cake (Chocolate)310g|Harischandra Noodles 400g (2minutes)|Edinborough Tomato Sauce 405g|Marmite 100g,Cooking Essentials|General Grocery|Snacks & Confectionery|Staples & Dry Groceries,Fast|Fast|Fast|Slow,3,0,1,0.03138307497436517,0.015813177312664618,0.8399723066820174,21.9628312653581,1.0,6,0.0,0.03136792452830189,0.029952830188679246,0.14575471698113207,0.0,1304.64,96.64,0.8182776856249442,adaptive_fp_growth_fast_slow,1365.0,1208.0,157.0,0.0442,1304.64,96.64,0.0741
178,"1473,1496,2020,2045",4,Nescafe Classic 50g|Tiara Layer Cake (Chocolate)310g|Harischandra Noodles 400g (2minutes)|Edinborough Tomato Sauce 405g,Cooking Essentials|General Grocery|Snacks & Confectionery|Staples & Dry Groceries,Slow|Fast|Fast|Fast,3,0,1,0.03138307497436517,0.01582323019080363,0.8399723066820174,21.9628312653581,1.0,6,0.0,0.03136792452830189,0.029952830188679246,0.1455188679245283,0.0,1499.04,111.04,0.8182747375117366,adaptive_fp_growth_fast_slow,1530.0,1388.0,142.0,0.0202,1499.04,111.04,0.0741
179,"1496,2020,2068,2118",4,Tiara Layer Cake (Chocolate)310g|Harischandra Noodles 400g (2minutes)|CocaCola 1050ml|Signal Deep Clean (T.B),General Grocery|Snacks & Confectionery|Staples & Dry Groceries,Fast|Fast|Fast|Slow,3,0,1,0.031379053823109564,0.015762912921969564,0.8458917042270713,22.359270095340335,1.0,6,0.0,0.03089622641509434,0.029952830188679246,0.15306603773584906,0.0,743.08,55.04,0.8181956660114192,adaptive_fp_growth_fast_slow,783.0,688.04,94.96,0.051,743.08,55.04,0.0741
180,"1122,2003,2008,2056",4,Vaseline Sun+ 100ml|Ocean Star Canned Fish 155g|Marina Coconut Oil 350ml|Maggi Coconut Milk Powder 125g,"Cooking Essentials|Dairy & Chilled|General Grocery|Meat, Fish & Frozen",Slow|Fast|Fast|Fast,3,0,1,0.03140921245752659,0.016004181997305827,0.7808748758401404,18.454856982088447,1.0,6,0.0,0.03278301886792453,0.03207547169811321,0.16816037735849057,0.0,1670.35,123.73,0.8181837077911156,adaptive_fp_growth_fast_slow,1722.0,1546.62,175.38,0.03,1670.35,123.73,0.0741
181,"1188,1374,2512,2622,3034,3080",6,Baby Diaper (Softlove) 4pcs /L|Ninja Mosquito Control Liquid+Machine|Pears Baby Soap (Aloevera) 95g|Baby Cheramy Baby Cologne 50ml|Pears Baby Cream 50ml|BabyCheramy Moisturizes & Cares Baby Shampoo 100ml,Baby & Kids|General Grocery,Fast|Slow|Fast|Fast|Fast|Fast,5,0,1,0.02472011957206835,0.018083117196453346,0.7927473752429686,24.344518611092706,1.0,15,0.0,0.03844339622641509,0.026415094339622643,0.19858490566037737,0.0,1665.0,122.25,0.8181023578587724,adaptive_fp_growth_fast_slow,1665.0,1542.75,122.25,0.0,1665.0,122.25,0.0734
182,"1188,1394,2512,2622,3034,3080",6,Baby Diaper (Softlove) 4pcs /L|S P Balm 3g|Pears Baby Soap (Aloevera) 95g|Baby Cheramy Baby Cologne 50ml|Pears Baby Cream 50ml|BabyCheramy Moisturizes & Cares Baby Shampoo 100ml,Baby & Kids|Health & Medicine,Fast|Slow|Fast|Fast|Fast|Fast,5,0,1,0.02472011957206835,0.01806703259143093,0.7927473752429686,24.344518611092706,1.0,15,0.0002358490566037736,0.03844339622641509,0.026415094339622643,0.19858490566037737,2295085.2355279606,937.17,69.42,0.8181023578587724,adaptive_fp_growth_fast_slow,945.0,867.75,77.25,0.0083,937.17,69.42,0.0741
183,"1188,2458,2512,2622,3034,3080",6,Baby Diaper (Softlove) 4pcs /L|Rathna Stapler pins|Pears Baby Soap (Aloevera) 95g|Baby Cheramy Baby Cologne 50ml|Pears Baby Cream 50ml|BabyCheramy Moisturizes & Cares Baby Shampoo 100ml,Baby & Kids|General Grocery,Fast|Slow|Fast|Fast|Fast|Fast,5,0,1,0.02472011957206835,0.01807105374268653,0.7927473752429686,24.344518611092706,1.0,15,0.0,0.03844339622641509,0.026415094339622643,0.19834905660377358,0.0,939.33,69.58,0.8181003924499674,adaptive_fp_growth_fast_slow,950.0,869.75,80.25,0.0112,939.33,69.58,0.0741
184,"1122,1188,2512,2622,3034,3080",6,Vaseline Sun+ 100ml|Baby Diaper (Softlove) 4pcs /L|Pears Baby Soap (Aloevera) 95g|Baby Cheramy Baby Cologne 50ml|Pears Baby Cream 50ml|BabyCheramy Moisturizes & Cares Baby Shampoo 100ml,Baby & Kids|General Grocery,Slow|Fast|Fast|Fast|Fast|Fast,5,0,1,0.02472011957206835,0.01806703259143093,0.7927473752429686,24.344518611092706,1.0,15,0.0,0.03844339622641509,0.026415094339622643,0.19811320754716982,0.0,1843.96,136.59,0.8180984270411623,adaptive_fp_growth_fast_slow,1905.0,1707.37,197.63,0.032,1843.96,136.59,0.0741
185,"1188,1614,2512,2622,3034,3080",6,Baby Diaper (Softlove) 4pcs /L|Bic 3|Pears Baby Soap (Aloevera) 95g|Baby Cheramy Baby Cologne 50ml|Pears Baby Cream 50ml|BabyCheramy Moisturizes & Cares Baby Shampoo 100ml,Baby & Kids|General Grocery,Fast|Slow|Fast|Fast|Fast|Fast,5,0,1,0.02472011957206835,0.01806703259143093,0.7927473752429686,24.344518611092706,1.0,15,0.0,0.03844339622641509,0.026415094339622643,0.19787735849056604,0.0,1005.21,74.46,0.8180964616323573,adaptive_fp_growth_fast_slow,1015.0,930.75,84.25,0.0096,1005.21,74.46,0.0741
186,"1188,2124,2512,2622,3034,3080",6,Baby Diaper (Softlove) 4pcs /L|Vaseline Healthy Bright 100ml|Pears Baby Soap (Aloevera) 95g|Baby Cheramy Baby Cologne 50ml|Pears Baby Cream 50ml|BabyCheramy Moisturizes & Cares Baby Shampoo 100ml,Baby & Kids|General Grocery,Fast|Slow|Fast|Fast|Fast|Fast,5,0,1,0.02472011957206835,0.01806703259143093,0.7927473752429686,24.344518611092706,1.0,15,0.0,0.03844339622641509,0.026415094339622643,0.19787735849056604,0.0,1145.98,84.89,0.8180964616323573,adaptive_fp_growth_fast_slow,1175.0,1061.09,113.91,0.0247,1145.98,84.89,0.0741
187,"1188,2418,2512,2622,3034,3080",6,Baby Diaper (Softlove) 4pcs /L|Yardley Body Spray (Original)|Pears Baby Soap (Aloevera) 95g|Baby Cheramy Baby Cologne 50ml|Pears Baby Cream 50ml|BabyCheramy Moisturizes & Cares Baby Shampoo 100ml,Baby & Kids|General Grocery,Fast|Slow|Fast|Fast|Fast|Fast,5,0,1,0.02472011957206835,0.01807909604519774,0.7927473752429686,24.344518611092706,1.0,15,0.0,0.03844339622641509,0.026415094339622643,0.19787735849056604,0.0,1589.49,117.74,0.8180964616323573,adaptive_fp_growth_fast_slow,1655.0,1471.75,183.25,0.0396,1589.49,117.74,0.0741
188,"1188,2512,2622,3034,3080,3217",6,Baby Diaper (Softlove) 4pcs /L|Pears Baby Soap (Aloevera) 95g|Baby Cheramy Baby Cologne 50ml|Pears Baby Cream 50ml|BabyCheramy Moisturizes & Cares Baby Shampoo 100ml|Nangrow 4/ 3-5 years children,Baby & Kids|General Grocery,Fast|Fast|Fast|Fast|Fast|Slow,5,0,1,0.02472011957206835,0.018067032591430925,0.7927473752429686,24.344518611092706,1.0,15,0.0,0.03844339622641509,0.026415094339622643,0.19787735849056604,0.0,2758.82,204.36,0.8180964616323573,adaptive_fp_growth_fast_slow,2815.0,2554.46,260.54,0.02,2758.82,204.36,0.0741
189,"1188,1307,2512,2622,3034,3080",6,Baby Diaper (Softlove) 4pcs /L|BIO Clean (Floral) 200ml|Pears Baby Soap (Aloevera) 95g|Baby Cheramy Baby Cologne 50ml|Pears Baby Cream 50ml|BabyCheramy Moisturizes & Cares Baby Shampoo 100ml,Baby & Kids|General Grocery,Fast|Slow|Fast|Fast|Fast|Fast,5,0,1,0.02472011957206835,0.018091159498964553,0.7927473752429686,24.344518611092706,1.0,15,0.0,0.03844339622641509,0.026415094339622643,0.19764150943396228,0.0,1023.07,75.78,0.8180944962235522,adaptive_fp_growth_fast_slow,1030.0,947.29,82.71,0.0067,1023.07,75.78,0.0741
190,"1188,1642,2512,2622,3034,3080",6,Baby Diaper (Softlove) 4pcs /L|Jelo Cocoa Powder 50g|Pears Baby Soap (Aloevera) 95g|Baby Cheramy Baby Cologne 50ml|Pears Baby Cream 50ml|BabyCheramy Moisturizes & Cares Baby Shampoo 100ml,Baby & Kids|General Grocery,Fast|Slow|Fast|Fast|Fast|Fast,5,0,1,0.02472011957206835,0.018075074893942132,0.7927473752429686,24.344518611092706,1.0,15,0.0,0.03844339622641509,0.026415094339622643,0.19764150943396228,0.0,1028.97,76.22,0.8180944962235522,adaptive_fp_growth_fast_slow,1040.0,952.75,87.25,0.0106,1028.97,76.22,0.0741
191,"1188,1957,2512,2622,3034,3080",6,Baby Diaper (Softlove) 4pcs /L|MD Mango Chutney 460g|Pears Baby Soap (Aloevera) 95g|Baby Cheramy Baby Cologne 50ml|Pears Baby Cream 50ml|BabyCheramy Moisturizes & Cares Baby Shampoo 100ml,Baby & Kids|General Grocery,Fast|Slow|Fast|Fast|Fast|Fast,5,0,1,0.02472011957206835,0.01806703259143093,0.7927473752429686,24.344518611092706,1.0,15,0.0,0.03844339622641509,0.026415094339622643,0.19764150943396228,0.0,1234.17,91.42,0.8180944962235522,adaptive_fp_growth_fast_slow,1245.0,1142.75,102.25,0.0087,1234.17,91.42,0.0741
192,"1404,1496,2020,2068",4,Kellogg's Chocos 110g|Tiara Layer Cake (Chocolate)310g|Harischandra Noodles 400g (2minutes)|CocaCola 1050ml,General Grocery|Snacks & Confectionery|Staples & Dry Groceries,Slow|Fast|Fast|Fast,3,0,1,0.031379053823109564,0.015793071556386595,0.8458917042270713,22.359270095340335,1.0,6,0.0,0.030660377358490566,0.029952830188679246,0.1535377358490566,0.0,924.48,68.48,0.8176709018604759,adaptive_fp_growth_fast_slow,970.0,856.0,114.0,0.0469,924.48,68.48,0.0741
193,"1496,2020,2068,3002",4,Tiara Layer Cake (Chocolate)310g|Harischandra Noodles 400g (2minutes)|CocaCola 1050ml|Sun Crush Lemon Lime 250ml,General Grocery|Snacks & Confectionery|Staples & Dry Groceries,Fast|Fast|Fast|Slow,3,0,1,0.031379053823109564,0.015762912921969564,0.8458917042270713,22.359270095340335,1.0,6,0.0,0.030660377358490566,0.029952830188679246,0.15283018867924528,0.0,827.28,61.28,0.8176620575208532,adaptive_fp_growth_fast_slow,860.0,766.0,94.0,0.038,827.28,61.28,0.0741
194,"1404,1496,1635,2020",4,Kellogg's Chocos 110g|Tiara Layer Cake (Chocolate)310g|Ritzbury  Chunky-Choc (Classic)200g|Harischandra Noodles 400g (2minutes),General Grocery|Snacks & Confectionery|Staples & Dry Groceries,Slow|Fast|Fast|Fast,3,0,1,0.031377043247481765,0.015783018678247582,0.8460682194961928,22.368812578858297,1.0,6,0.0,0.030424528301886793,0.029952830188679246,0.15377358490566037,0.0,835.92,61.92,0.8171696668866931,adaptive_fp_growth_fast_slow,890.0,774.0,116.0,0.0608,835.92,61.92,0.0741
195,"1496,1635,1770,2020",4,Tiara Layer Cake (Chocolate)310g|Ritzbury  Chunky-Choc (Classic)200g|Keells Chicken Bockwurst 400g|Harischandra Noodles 400g (2minutes),"General Grocery|Meat, Fish & Frozen|Snacks & Confectionery|Staples & Dry Groceries",Fast|Fast|Slow|Fast,3,0,1,0.031377043247481765,0.015772965800108573,0.8460682194961928,22.368812578858297,1.0,6,0.0002358490566037736,0.030424528301886793,0.029952830188679246,0.15306603773584906,4003.5126906454025,1078.92,79.92,0.8171608225470705,adaptive_fp_growth_fast_slow,1129.0,999.0,130.0,0.0444,1078.92,79.92,0.0741
196,"1496,1635,2020,3002",4,Tiara Layer Cake (Chocolate)310g|Ritzbury  Chunky-Choc (Classic)200g|Harischandra Noodles 400g (2minutes)|Sun Crush Lemon Lime 250ml,General Grocery|Snacks & Confectionery|Staples & Dry Groceries,Fast|Fast|Fast|Slow,3,0,1,0.031377043247481765,0.01575286004383055,0.8460682194961928,22.368812578858297,1.0,6,0.0,0.030424528301886793,0.029952830188679246,0.15306603773584906,0.0,738.72,54.72,0.8171608225470705,adaptive_fp_growth_fast_slow,780.0,684.0,96.0,0.0529,738.72,54.72,0.0741
197,"1416,1487,1655,1822,1836,1853",6,Highland  Vanilla Milk 180ml|Lactogen 1|Motha Icing Sugar 250g|CBL Sun Cracker 95g|Maliban Ginger Biscuit 370g|CBL Ginger Biscuits 400g,Cooking Essentials|Dairy & Chilled|General Grocery|Snacks & Confectionery|Staples & Dry Groceries,Fast|Slow|Fast|Fast|Fast|Fast,5,0,1,0.024800450368940637,0.008129906163563199,0.6787622607050067,19.29874769442543,0.9333333333333333,14,0.0,0.038679245283018866,0.036556603773584904,0.18254716981132074,0.0,1419.34,105.14,0.8167553768416,adaptive_fp_growth_fast_slow,1440.0,1314.2,125.8,0.0143,1419.34,105.14,0.0741
198,"1416,1655,1822,1836,1853,2949",6,Highland  Vanilla Milk 180ml|Motha Icing Sugar 250g|CBL Sun Cracker 95g|Maliban Ginger Biscuit 370g|CBL Ginger Biscuits 400g|Prima Hot Dog Bun 100g,Cooking Essentials|Dairy & Chilled|General Grocery|Snacks & Confectionery|Staples & Dry Groceries,Fast|Fast|Fast|Fast|Fast|Slow,5,0,1,0.024800450368940637,0.008142831292599071,0.6787622607050067,19.29874769442543,0.9333333333333333,14,0.0,0.03844339622641509,0.036556603773584904,0.18231132075471698,0.0,1008.94,74.74,0.8162227510554365,adaptive_fp_growth_fast_slow,1050.0,934.2,115.8,0.0391,1008.94,74.74,0.0741
199,"1122,1449,1478,2056,2378",5,Vaseline Sun+ 100ml|Milo Drink 180ml|White Sugar 1kg (Pkt)|Maggi Coconut Milk Powder 125g|Zesta Tea (BOPF) 390g,Beverages|Dairy & Chilled|General Grocery|Staples & Dry Groceries,Slow|Fast|Fast|Fast|Fast,4,0,1,0.029210312912586873,0.021044695096206042,0.6627819453849021,13.15195414846382,1.0,10,0.0002358490566037736,0.03679245283018868,0.034669811320754716,0.23349056603773585,34774.69744083856,2049.33,151.8,0.8162097446379241,adaptive_fp_growth_fast_slow,2120.0,1897.53,222.47,0.0333,2049.33,151.8,0.0741
200,"1166,2658,3018,3055,3060,3195",6,Dove Shampoo (Intense) 180ml|Dettol Hand Sanitiser 50ml|LifeBuoy Shampoo 175ml|Signal Toothpaste 120g|Signal Triple Clean Adult Toothbrush|Rexona Jasmine & olive oil Soap 80g,General Grocery|Personal Care,Fast|Slow|Fast|Fast|Fast|Fast,5,0,1,0.029569334700524762,0.0198363391438969,0.8724729879069725,25.397797321691847,1.0,15,0.0002358490566037736,0.030660377358490566,0.027358490566037737,0.19693396226415094,1713778.5248413333,1473.01,109.11,0.8148941400099453,adaptive_fp_growth_fast_slow,1540.0,1363.9,176.1,0.0435,1473.01,109.11,0.0741
201,"1166,1371,3018,3055,3060,3195",6,Dove Shampoo (Intense) 180ml|Mortein Mosquito Control Liquid+Machine|LifeBuoy Shampoo 175ml|Signal Toothpaste 120g|Signal Triple Clean Adult Toothbrush|Rexona Jasmine & olive oil Soap 80g,General Grocery|Personal Care,Fast|Slow|Fast|Fast|Fast|Fast,5,0,1,0.029569334700524762,0.01985644490017492,0.8724729879069725,25.397797321691847,1.0,15,0.0,0.030424528301886793,0.027358490566037737,0.19669811320754718,0.0,2047.38,151.66,0.8143615142237818,adaptive_fp_growth_fast_slow,2130.0,1895.72,234.28,0.0388,2047.38,151.66,0.0741
202,"1166,1200,3018,3055,3060,3195",6,Dove Shampoo (Intense) 180ml|Eva Dritex Wings 20p|LifeBuoy Shampoo 175ml|Signal Toothpaste 120g|Signal Triple Clean Adult Toothbrush|Rexona Jasmine & olive oil Soap 80g,General Grocery|Personal Care,Fast|Slow|Fast|Fast|Fast|Fast,5,0,1,0.029569334700524762,0.019820254538874482,0.8724729879069725,25.397797321691847,1.0,15,0.0,0.030424528301886793,0.027358490566037737,0.1957547169811321,0.0,1530.18,113.35,0.8143536525885617,adaptive_fp_growth_fast_slow,1605.0,1416.83,188.17,0.0466,1530.18,113.35,0.0741
203,"1125,1496,1626,1854,2069,2478",6,Vaseline Healthy 100ml|Tiara Layer Cake (Chocolate)310g|Ritzbury Milk Chocolate 45g|CBL Nice Biscuits  100g|CocaCola 1.5L|Ritzbury Chocolate (Peanut) 45g,Dairy & Chilled|General Grocery|Snacks & Confectionery,Slow|Fast|Fast|Fast|Fast|Fast,5,0,1,0.013125651094247265,0.013214508313730222,0.5177880254807543,16.0213527222907,0.8,12,0.0,0.052830188679245285,0.04929245283018868,0.3259433962264151,0.0,1145.45,84.85,0.8142523233189685,adaptive_fp_growth_fast_slow,1190.0,1060.6,129.4,0.0374,1145.45,84.85,0.0741
204,"1496,1626,1854,2069,2478,2851",6,Tiara Layer Cake (Chocolate)310g|Ritzbury Milk Chocolate 45g|CBL Nice Biscuits  100g|CocaCola 1.5L|Ritzbury Chocolate (Peanut) 45g|BIC Lighter,Dairy & Chilled|General Grocery|Snacks & Confectionery,Fast|Fast|Fast|Fast|Fast|Slow,5,0,1,0.013125651094247265,0.013214508313730222,0.5177880254807543,16.0213527222907,0.8,12,0.0,0.052830188679245285,0.04929245283018868,0.325,0.0,1013.04,75.04,0.8142444616837483,adaptive_fp_growth_fast_slow,1070.0,938.0,132.0,0.0532,1013.04,75.04,0.0741
205,"1123,1166,3018,3055,3060,3195",6,Vaseline Cocoa 100ml|Dove Shampoo (Intense) 180ml|LifeBuoy Shampoo 175ml|Signal Toothpaste 120g|Signal Triple Clean Adult Toothbrush|Rexona Jasmine & olive oil Soap 80g,General Grocery|Personal Care,Slow|Fast|Fast|Fast|Fast|Fast,5,0,1,0.029569334700524762,0.019824275690130084,0.8724729879069725,25.397797321691847,1.0,15,0.0,0.03018867924528302,0.027358490566037737,0.19622641509433963,0.0,2112.18,156.46,0.8138269230288133,adaptive_fp_growth_fast_slow,2120.0,1955.72,164.28,0.0037,2112.18,156.46,0.0741
206,"1166,1397,3018,3055,3060,3195",6,Dove Shampoo (Intense) 180ml|Link Paspanguwa 23g|LifeBuoy Shampoo 175ml|Signal Toothpaste 120g|Signal Triple Clean Adult Toothbrush|Rexona Jasmine & olive oil Soap 80g,General Grocery|Personal Care,Fast|Slow|Fast|Fast|Fast|Fast,5,0,1,0.029569334700524762,0.019820254538874482,0.8724729879069725,25.397797321691847,1.0,15,0.0,0.03018867924528302,0.027358490566037737,0.19622641509433963,0.0,1329.18,98.46,0.8138269230288133,adaptive_fp_growth_fast_slow,1400.0,1230.72,169.28,0.0506,1329.18,98.46,0.0741
207,"1166,1921,3018,3055,3060,3195",6,Dove Shampoo (Intense) 180ml|Surf excel (Aloevera) 500g|LifeBuoy Shampoo 175ml|Signal Toothpaste 120g|Signal Triple Clean Adult Toothbrush|Rexona Jasmine & olive oil Soap 80g,General Grocery|Personal Care,Fast|Slow|Fast|Fast|Fast|Fast,5,0,1,0.029569334700524762,0.019824275690130084,0.8724729879069725,25.397797321691847,1.0,15,0.0,0.03018867924528302,0.027358490566037737,0.19622641509433963,0.0,1410.18,104.46,0.8138269230288133,adaptive_fp_growth_fast_slow,1475.0,1305.72,169.28,0.0439,1410.18,104.46,0.0741
208,"1166,2216,3018,3055,3060,3195",6,Dove Shampoo (Intense) 180ml|Amaa Incense Sticks|LifeBuoy Shampoo 175ml|Signal Toothpaste 120g|Signal Triple Clean Adult Toothbrush|Rexona Jasmine & olive oil Soap 80g,General Grocery|Personal Care,Fast|Slow|Fast|Fast|Fast|Fast,5,0,1,0.029569334700524762,0.019820254538874482,0.8724729879069725,25.397797321691847,1.0,15,0.0002358490566037736,0.03018867924528302,0.027358490566037737,0.19622641509433963,2999112.418472333,1282.74,95.02,0.8138269230288133,adaptive_fp_growth_fast_slow,1350.0,1187.72,162.28,0.0498,1282.74,95.02,0.0741
209,"1166,1396,3018,3055,3060,3195",6,Dove Shampoo (Intense) 180ml|Link Samahan 10pkt|LifeBuoy Shampoo 175ml|Signal Toothpaste 120g|Signal Triple Clean Adult Toothbrush|Rexona Jasmine & olive oil Soap 80g,Health & Medicine|Personal Care,Fast|Slow|Fast|Fast|Fast|Fast,5,0,1,0.029569334700524762,0.019824275690130084,0.8724729879069725,25.397797321691847,1.0,15,0.0,0.03018867924528302,0.027358490566037737,0.19599056603773585,0.0,1480.38,109.66,0.8138249576200083,adaptive_fp_growth_fast_slow,1600.0,1370.72,229.28,0.0748,1480.38,109.66,0.0741
210,"1166,2118,3018,3055,3060,3195",6,Dove Shampoo (Intense) 180ml|Signal Deep Clean (T.B)|LifeBuoy Shampoo 175ml|Signal Toothpaste 120g|Signal Triple Clean Adult Toothbrush|Rexona Jasmine & olive oil Soap 80g,General Grocery|Personal Care,Fast|Slow|Fast|Fast|Fast|Fast,5,0,1,0.029569334700524762,0.019828296841385692,0.8724729879069725,25.397797321691847,1.0,15,0.0,0.03018867924528302,0.027358490566037737,0.19599056603773585,0.0,1304.38,96.62,0.8138249576200083,adaptive_fp_growth_fast_slow,1373.0,1207.76,165.24,0.05,1304.38,96.62,0.0741
211,"1131,1166,3018,3055,3060,3195",6,Ponds BB+ 18g|Dove Shampoo (Intense) 180ml|LifeBuoy Shampoo 175ml|Signal Toothpaste 120g|Signal Triple Clean Adult Toothbrush|Rexona Jasmine & olive oil Soap 80g,General Grocery|Personal Care,Slow|Fast|Fast|Fast|Fast|Fast,5,0,1,0.029569334700524762,0.0198363391438969,0.8724729879069725,25.397797321691847,1.0,15,0.0,0.03018867924528302,0.027358490566037737,0.1957547169811321,0.0,1690.98,125.26,0.8138229922112032,adaptive_fp_growth_fast_slow,1760.0,1565.72,194.28,0.0392,1690.98,125.26,0.0741
212,"1166,1473,3018,3055,3060,3195",6,Dove Shampoo (Intense) 180ml|Nescafe Classic 50g|LifeBuoy Shampoo 175ml|Signal Toothpaste 120g|Signal Triple Clean Adult Toothbrush|Rexona Jasmine & olive oil Soap 80g,General Grocery|Personal Care,Fast|Slow|Fast|Fast|Fast|Fast,5,0,1,0.029569334700524762,0.019820254538874482,0.8724729879069725,25.397797321691847,1.0,15,0.0,0.03018867924528302,0.027358490566037737,0.1957547169811321,0.0,2101.38,155.66,0.8138229922112032,adaptive_fp_growth_fast_slow,2140.0,1945.72,194.28,0.018,2101.38,155.66,0.0741
213,"1166,1611,3018,3055,3060,3195",6,Dove Shampoo (Intense) 180ml|Gillette Blue3 Comfort|LifeBuoy Shampoo 175ml|Signal Toothpaste 120g|Signal Triple Clean Adult Toothbrush|Rexona Jasmine & olive oil Soap 80g,General Grocery|Personal Care,Fast|Slow|Fast|Fast|Fast|Fast,5,0,1,0.029569334700524762,0.019840360295152504,0.8724729879069725,25.397797321691847,1.0,15,0.0,0.03018867924528302,0.027358490566037737,0.1957547169811321,0.0,1373.46,101.74,0.8138229922112032,adaptive_fp_growth_fast_slow,1450.0,1271.72,178.28,0.0528,1373.46,101.74,0.0741
214,"1166,2124,3018,3055,3060,3195",6,Dove Shampoo (Intense) 180ml|Vaseline Healthy Bright 100ml|LifeBuoy Shampoo 175ml|Signal Toothpaste 120g|Signal Triple Clean Adult Toothbrush|Rexona Jasmine & olive oil Soap 80g,General Grocery|Personal Care,Fast|Slow|Fast|Fast|Fast|Fast,5,0,1,0.029569334700524762,0.019824275690130084,0.8724729879069725,25.397797321691847,1.0,15,0.0,0.03018867924528302,0.027358490566037737,0.1957547169811321,0.0,1473.18,109.12,0.8138229922112032,adaptive_fp_growth_fast_slow,1560.0,1364.06,195.94,0.0557,1473.18,109.12,0.0741
215,"1166,2731,3018,3055,3060,3195",6,Dove Shampoo (Intense) 180ml|Royal Mixed Nut 50g|LifeBuoy Shampoo 175ml|Signal Toothpaste 120g|Signal Triple Clean Adult Toothbrush|Rexona Jasmine & olive oil Soap 80g,General Grocery|Personal Care,Fast|Slow|Fast|Fast|Fast|Fast,5,0,1,0.029569334700524762,0.019820254538874482,0.8724729879069725,25.397797321691847,1.0,15,0.0,0.03018867924528302,0.027358490566037737,0.1957547169811321,0.0,1548.4,122.68,0.8138229922112032,adaptive_fp_growth_fast_slow,1700.0,1425.72,274.28,0.0892,1548.4,122.68,0.0792
216,"1166,3002,3018,3055,3060,3195",6,Dove Shampoo (Intense) 180ml|Sun Crush Lemon Lime 250ml|LifeBuoy Shampoo 175ml|Signal Toothpaste 120g|Signal Triple Clean Adult Toothbrush|Rexona Jasmine & olive oil Soap 80g,General Grocery|Personal Care,Fast|Slow|Fast|Fast|Fast|Fast,5,0,1,0.029569334700524762,0.019840360295152504,0.8724729879069725,25.397797321691847,1.0,15,0.0,0.03018867924528302,0.027358490566037737,0.1957547169811321,0.0,1388.58,102.86,0.8138229922112032,adaptive_fp_growth_fast_slow,1450.0,1285.72,164.28,0.0424,1388.58,102.86,0.0741
217,"1166,1409,3018,3055,3060,3195",6,Dove Shampoo (Intense) 180ml|Prima Burger Bun 130g|LifeBuoy Shampoo 175ml|Signal Toothpaste 120g|Signal Triple Clean Adult Toothbrush|Rexona Jasmine & olive oil Soap 80g,"Meat, Fish & Frozen|Personal Care",Fast|Slow|Fast|Fast|Fast|Fast,5,0,1,0.029569334700524762,0.019824275690130084,0.8724729879069725,25.397797321691847,1.0,15,0.0,0.03018867924528302,0.027358490566037737,0.1955188679245283,0.0,1440.42,106.7,0.8138210268023982,adaptive_fp_growth_fast_slow,1500.0,1333.72,166.28,0.0397,1440.42,106.7,0.0741
218,"1416,1479,1655,1822,1836,3231",6,Highland  Vanilla Milk 180ml|White Sugar 1kg|Motha Icing Sugar 250g|CBL Sun Cracker 95g|Maliban Ginger Biscuit 370g|Clorex 250ml,Cooking Essentials|Dairy & Chilled|General Grocery|Snacks & Confectionery|Staples & Dry Groceries,Fast|Fast|Fast|Fast|Fast|Slow,5,0,1,0.024834917379702955,0.00829362446468424,0.6588490758545712,18.211805578675374,0.9333333333333333,14,0.0,0.03844339622641509,0.036556603773584904,0.1929245283018868,0.0,975.24,72.24,0.8133242167240976,adaptive_fp_growth_fast_slow,1020.0,903.0,117.0,0.0439,975.24,72.24,0.0741
219,"1479,1564,1655,1822,1836,2770",6,White Sugar 1kg|Watawala Tea 100g|Motha Icing Sugar 250g|CBL Sun Cracker 95g|Maliban Ginger Biscuit 370g|Lifebuoy Kohomba 100g,Beverages|Cooking Essentials|General Grocery|Snacks & Confectionery|Staples & Dry Groceries,Fast|Fast|Fast|Fast|Fast|Slow,5,0,1,0.0248607676377747,0.008366866862554178,0.6467554392557497,17.64370470188094,0.9333333333333333,14,0.0,0.03915094339622641,0.036556603773584904,0.20731132075471698,0.0,1077.71,79.83,0.8132220423034568,adaptive_fp_growth_fast_slow,1098.0,997.88,100.12,0.0185,1077.71,79.83,0.0741
220,"1611,3018,3055,3060,3195",5,Gillette Blue3 Comfort|LifeBuoy Shampoo 175ml|Signal Toothpaste 120g|Signal Triple Clean Adult Toothbrush|Rexona Jasmine & olive oil Soap 80g,General Grocery|Personal Care,Slow|Fast|Fast|Fast|Fast,4,0,1,0.02956551460683194,0.017847879848000483,0.8712951858604313,25.32457746348623,1.0,10,0.0,0.029716981132075472,0.027358490566037737,0.1625,0.0,1071.06,79.34,0.8125787118413289,adaptive_fp_growth_fast_slow,1135.0,991.72,143.28,0.0563,1071.06,79.34,0.0741
221,"1397,2019,2046,2478",4,Link Paspanguwa 23g|Harischandra Noodles 400g|Edinborough Tomato Sauce 375g|Ritzbury Chocolate (Peanut) 45g,Cooking Essentials|General Grocery|Snacks & Confectionery|Staples & Dry Groceries,Slow|Fast|Fast|Fast,3,0,1,0.030868367613647793,0.01559201399360637,0.7814906856190564,18.94917865008672,1.0,6,0.0,0.03160377358490566,0.03089622641509434,0.15306603773584906,0.0,467.64,34.64,0.8124859849183302,adaptive_fp_growth_fast_slow,500.0,433.0,67.0,0.0647,467.64,34.64,0.0741
222,"1451,2019,2046,2478",4,Sustagen 400g|Harischandra Noodles 400g|Edinborough Tomato Sauce 375g|Ritzbury Chocolate (Peanut) 45g,Cooking Essentials|General Grocery|Snacks & Confectionery|Staples & Dry Groceries,Slow|Fast|Fast|Fast,3,0,1,0.030868367613647793,0.015561855359189336,0.7814906856190564,18.94917865008672,1.0,6,0.0,0.03160377358490566,0.03089622641509434,0.15259433962264152,0.0,4179.01,309.56,0.8124800886919151,adaptive_fp_growth_fast_slow,4300.0,3869.45,430.55,0.0281,4179.01,309.56,0.0741
223,"1416,1479,1564,1679,1836,1853",6,Highland  Vanilla Milk 180ml|White Sugar 1kg|Watawala Tea 100g|Marshmelos 50pcs|Maliban Ginger Biscuit 370g|CBL Ginger Biscuits 400g,Beverages|Cooking Essentials|Dairy & Chilled|General Grocery|Staples & Dry Groceries,Fast|Fast|Fast|Slow|Fast|Fast,5,0,1,0.032202781124125744,0.02727732488272931,0.756268736807968,16.702566482033365,0.8666666666666667,13,0.0002358490566037736,0.04316037735849056,0.029952830188679246,0.24504716981132074,1287382.8120095637,1414.13,104.75,0.8124752947979247,adaptive_fp_growth_fast_slow,1465.0,1309.38,155.62,0.0347,1414.13,104.75,0.0741
224,"1166,2658,3018,3055,3195",5,Dove Shampoo (Intense) 180ml|Dettol Hand Sanitiser 50ml|LifeBuoy Shampoo 175ml|Signal Toothpaste 120g|Rexona Jasmine & olive oil Soap 80g,General Grocery|Personal Care,Fast|Slow|Fast|Fast|Fast,4,0,1,0.029568530470273642,0.017859943301767295,0.8719242761473971,25.362802434231632,1.0,10,0.0002358490566037736,0.0294811320754717,0.027358490566037737,0.15825471698113208,66287.65992310816,1365.01,101.11,0.8120999621768266,adaptive_fp_growth_fast_slow,1430.0,1263.9,166.1,0.0454,1365.01,101.11,0.0741
225,"1166,2658,3018,3060,3195",5,Dove Shampoo (Intense) 180ml|Dettol Hand Sanitiser 50ml|LifeBuoy Shampoo 175ml|Signal Triple Clean Adult Toothbrush|Rexona Jasmine & olive oil Soap 80g,General Grocery|Personal Care,Fast|Slow|Fast|Fast|Fast,4,0,1,0.02956953575808755,0.017865975028650703,0.8786336058680627,25.784123458848224,1.0,10,0.0002358490566037736,0.02900943396226415,0.027358490566037737,0.14316037735849058,92156.01501505282,1224.61,90.71,0.811894097483983,adaptive_fp_growth_fast_slow,1300.0,1133.9,166.1,0.058,1224.61,90.71,0.0741
226,"1416,1564,1836,1853,1901",5,Highland  Vanilla Milk 180ml|Watawala Tea 100g|Maliban Ginger Biscuit 370g|CBL Ginger Biscuits 400g|Surf Excel Matic (Liquid)500ml,Beverages|Cooking Essentials|Dairy & Chilled|General Grocery,Fast|Fast|Fast|Fast|Slow,4,0,1,0.03369925809759334,0.020375173412147903,0.8002675510339553,18.30576572454819,1.0,10,0.0,0.031132075471698113,0.029952830188679246,0.18349056603773584,0.0,1138.73,84.35,0.8118042835984896,adaptive_fp_growth_fast_slow,1180.0,1054.38,125.62,0.035,1138.73,84.35,0.0741
227,"1416,1564,1836,1853,3152",5,Highland  Vanilla Milk 180ml|Watawala Tea 100g|Maliban Ginger Biscuit 370g|CBL Ginger Biscuits 400g|GreenLand Button Mushrooms 425g,Beverages|Cooking Essentials|Dairy & Chilled|General Grocery,Fast|Fast|Fast|Fast|Slow,4,0,1,0.03369925809759334,0.02038723686591471,0.8002675510339553,18.30576572454819,1.0,10,0.0,0.03136792452830189,0.029716981132075472,0.18372641509433962,0.0,1716.53,127.15,0.8117476798249047,adaptive_fp_growth_fast_slow,1725.0,1589.38,135.62,0.0049,1716.53,127.15,0.0741
228,"1381,1416,1564,1836,1853",5,Siddhalepa Balm 25g|Highland  Vanilla Milk 180ml|Watawala Tea 100g|Maliban Ginger Biscuit 370g|CBL Ginger Biscuits 400g,Beverages|Cooking Essentials|Dairy & Chilled|Health & Medicine,Slow|Fast|Fast|Fast|Fast,4,0,1,0.03369925809759334,0.020369141685264488,0.8002675510339553,18.30576572454819,1.0,10,0.0,0.03136792452830189,0.029716981132075472,0.18349056603773584,0.0,1017.23,75.35,0.8117453213343386,adaptive_fp_growth_fast_slow,1060.0,941.88,118.12,0.0403,1017.23,75.35,0.0741
229,"1131,1166,3018,3055,3195",5,Ponds BB+ 18g|Dove Shampoo (Intense) 180ml|LifeBuoy Shampoo 175ml|Signal Toothpaste 120g|Rexona Jasmine & olive oil Soap 80g,General Grocery|Personal Care,Slow|Fast|Fast|Fast|Fast,4,0,1,0.029568530470273642,0.017859943301767295,0.8719242761473971,25.362802434231632,1.0,10,0.0,0.029245283018867925,0.027358490566037737,0.1570754716981132,0.0,1582.98,117.26,0.8115575093466378,adaptive_fp_growth_fast_slow,1650.0,1465.72,184.28,0.0406,1582.98,117.26,0.0741
230,"1166,1611,3018,3055,3195",5,Dove Shampoo (Intense) 180ml|Gillette Blue3 Comfort|LifeBuoy Shampoo 175ml|Signal Toothpaste 120g|Rexona Jasmine & olive oil Soap 80g,General Grocery|Personal Care,Fast|Slow|Fast|Fast|Fast,4,0,1,0.029568530470273642,0.017865975028650706,0.8719242761473971,25.362802434231632,1.0,10,0.0,0.029245283018867925,0.027358490566037737,0.1570754716981132,0.0,1265.46,93.74,0.8115575093466378,adaptive_fp_growth_fast_slow,1340.0,1171.72,168.28,0.0556,1265.46,93.74,0.0741
231,"1166,1371,3018,3060,3195",5,Dove Shampoo (Intense) 180ml|Mortein Mosquito Control Liquid+Machine|LifeBuoy Shampoo 175ml|Signal Triple Clean Adult Toothbrush|Rexona Jasmine & olive oil Soap 80g,General Grocery|Personal Care,Fast|Slow|Fast|Fast|Fast,4,0,1,0.02956953575808755,0.01789010193618433,0.8786336058680627,25.784123458848224,1.0,10,0.0,0.028773584905660378,0.027358490566037737,0.1429245283018868,0.0,1798.98,133.26,0.8113610786160586,adaptive_fp_growth_fast_slow,1890.0,1665.72,224.28,0.0482,1798.98,133.26,0.0741
232,"1166,1200,3018,3060,3195",5,Dove Shampoo (Intense) 180ml|Eva Dritex Wings 20p|LifeBuoy Shampoo 175ml|Signal Triple Clean Adult Toothbrush|Rexona Jasmine & olive oil Soap 80g,General Grocery|Personal Care,Fast|Slow|Fast|Fast|Fast,4,0,1,0.02956953575808755,0.017847879848000483,0.8786336058680627,25.784123458848224,1.0,10,0.0,0.028773584905660378,0.027358490566037737,0.1419811320754717,0.0,1281.78,94.95,0.8113516446537944,adaptive_fp_growth_fast_slow,1365.0,1186.83,178.17,0.061,1281.78,94.95,0.0741
233,"1125,1416,1564,1836,1853",5,Vaseline Healthy 100ml|Highland  Vanilla Milk 180ml|Watawala Tea 100g|Maliban Ginger Biscuit 370g|CBL Ginger Biscuits 400g,Beverages|Cooking Essentials|Dairy & Chilled|General Grocery,Slow|Fast|Fast|Fast|Fast,4,0,1,0.03369925809759334,0.020375173412147896,0.8002675510339553,18.30576572454819,1.0,10,0.0,0.031132075471698113,0.029716981132075472,0.18443396226415093,0.0,1030.73,76.35,0.8112240949192443,adaptive_fp_growth_fast_slow,1075.0,954.38,120.62,0.0412,1030.73,76.35,0.0741
234,"1416,1564,1836,1853,2416",5,Highland  Vanilla Milk 180ml|Watawala Tea 100g|Maliban Ginger Biscuit 370g|CBL Ginger Biscuits 400g|Camellia Parfum (Purity) 22ml,Beverages|Cooking Essentials|Dairy & Chilled|General Grocery,Fast|Fast|Fast|Fast|Slow,4,0,1,0.03369925809759334,0.020387236865914714,0.8002675510339553,18.30576572454819,1.0,10,0.0,0.031132075471698113,0.029716981132075472,0.18396226415094338,0.0,972.95,72.07,0.8112193779381122,adaptive_fp_growth_fast_slow,1025.0,900.88,124.12,0.0508,972.95,72.07,0.0741
235,"1181,1416,1564,1836,1853",5,Smart Pants (Softlove) 4pcs / M|Highland  Vanilla Milk 180ml|Watawala Tea 100g|Maliban Ginger Biscuit 370g|CBL Ginger Biscuits 400g,Beverages|Cooking Essentials|Dairy & Chilled|General Grocery,Slow|Fast|Fast|Fast|Fast,4,0,1,0.03369925809759334,0.020393268592798115,0.8002675510339553,18.30576572454819,1.0,10,0.0,0.031132075471698113,0.029716981132075472,0.18325471698113208,0.0,1009.83,80.45,0.8112123024664141,adaptive_fp_growth_fast_slow,1095.0,929.38,165.62,0.0778,1009.83,80.45,0.0797
236,"1416,1564,1836,1853,1957",5,Highland  Vanilla Milk 180ml|Watawala Tea 100g|Maliban Ginger Biscuit 370g|CBL Ginger Biscuits 400g|MD Mango Chutney 460g,Beverages|Cooking Essentials|Dairy & Chilled|General Grocery,Fast|Fast|Fast|Fast|Slow,4,0,1,0.03369925809759334,0.02036914168526449,0.8002675510339553,18.30576572454819,1.0,10,0.0002358490566037736,0.031132075471698113,0.029716981132075472,0.1830188679245283,237740.74099138874,1122.53,83.15,0.8112099439758481,adaptive_fp_growth_fast_slow,1165.0,1039.38,125.62,0.0365,1122.53,83.15,0.0741
237,"1416,1564,1836,1853,2949",5,Highland  Vanilla Milk 180ml|Watawala Tea 100g|Maliban Ginger Biscuit 370g|CBL Ginger Biscuits 400g|Prima Hot Dog Bun 100g,Beverages|Cooking Essentials|Dairy & Chilled|General Grocery,Fast|Fast|Fast|Fast|Slow,4,0,1,0.03369925809759334,0.020417395500331746,0.8002675510339553,18.30576572454819,1.0,10,0.0,0.031132075471698113,0.029716981132075472,0.18278301886792453,0.0,992.93,73.55,0.811207585485282,adaptive_fp_growth_fast_slow,1035.0,919.38,115.62,0.0406,992.93,73.55,0.0741
238,"1381,1416,1564,1836",4,Siddhalepa Balm 25g|Highland  Vanilla Milk 180ml|Watawala Tea 100g|Maliban Ginger Biscuit 370g,Beverages|Cooking Essentials|Dairy & Chilled|Health & Medicine,Slow|Fast|Fast|Fast,3,0,1,0.033699258097593346,0.01701952268934596,0.8136725232458105,18.943050527031424,1.0,6,0.0,0.03018867924528302,0.029716981132075472,0.1320754716981132,0.0,789.13,58.45,0.8109188030151735,adaptive_fp_growth_fast_slow,820.0,730.68,89.32,0.0376,789.13,58.45,0.0741
239,"1416,1564,1677,1836",4,Highland  Vanilla Milk 180ml|Watawala Tea 100g|Marshmelos 24pcs|Maliban Ginger Biscuit 370g,Beverages|Cooking Essentials|Dairy & Chilled|General Grocery,Fast|Fast|Slow|Fast,3,0,1,0.033699258097593346,0.017029575567484977,0.8136725232458105,18.943050527031424,1.0,6,0.0,0.03018867924528302,0.029716981132075472,0.1320754716981132,0.0,786.43,58.25,0.8109188030151735,adaptive_fp_growth_fast_slow,825.0,728.18,96.82,0.0467,786.43,58.25,0.0741
240,"1416,1564,1836,2851",4,Highland  Vanilla Milk 180ml|Watawala Tea 100g|Maliban Ginger Biscuit 370g|BIC Lighter,Beverages|Cooking Essentials|Dairy & Chilled|General Grocery,Fast|Fast|Fast|Slow,3,0,1,0.033699258097593346,0.017049681323762996,0.8136725232458105,18.943050527031424,1.0,6,0.0,0.03018867924528302,0.029716981132075472,0.1320754716981132,0.0,670.23,49.65,0.8109188030151735,adaptive_fp_growth_fast_slow,715.0,620.58,94.42,0.0626,670.23,49.65,0.0741
241,"1416,1564,1836,1957",4,Highland  Vanilla Milk 180ml|Watawala Tea 100g|Maliban Ginger Biscuit 370g|MD Mango Chutney 460g,Beverages|Cooking Essentials|Dairy & Chilled|General Grocery,Fast|Fast|Fast|Slow,3,0,1,0.033699258097593346,0.017019522689345964,0.8136725232458105,18.943050527031424,1.0,6,0.0002358490566037736,0.03018867924528302,0.029716981132075472,0.13160377358490566,12223.462626444045,894.43,66.25,0.8109129067887584,adaptive_fp_growth_fast_slow,925.0,828.18,96.82,0.033,894.43,66.25,0.0741
242,"1416,1564,1836,2949",4,Highland  Vanilla Milk 180ml|Watawala Tea 100g|Maliban Ginger Biscuit 370g|Prima Hot Dog Bun 100g,Beverages|Cooking Essentials|Dairy & Chilled|General Grocery,Fast|Fast|Fast|Slow,3,0,1,0.033699258097593346,0.017079839958180024,0.8136725232458105,18.943050527031424,1.0,6,0.0,0.03018867924528302,0.029716981132075472,0.1313679245283019,0.0,764.83,56.65,0.8109099586755508,adaptive_fp_growth_fast_slow,795.0,708.18,86.82,0.0379,764.83,56.65,0.0741
243,"1123,1166,3018,3060,3195",5,Vaseline Cocoa 100ml|Dove Shampoo (Intense) 180ml|LifeBuoy Shampoo 175ml|Signal Triple Clean Adult Toothbrush|Rexona Jasmine & olive oil Soap 80g,General Grocery|Personal Care,Slow|Fast|Fast|Fast|Fast,4,0,1,0.02956953575808755,0.017853911574883887,0.8786336058680627,25.784123458848224,1.0,10,0.0,0.028537735849056604,0.027358490566037737,0.14245283018867924,0.0,1863.78,138.06,0.8108257012575679,adaptive_fp_growth_fast_slow,1880.0,1725.72,154.28,0.0086,1863.78,138.06,0.0741
244,"1166,1397,3018,3060,3195",5,Dove Shampoo (Intense) 180ml|Link Paspanguwa 23g|LifeBuoy Shampoo 175ml|Signal Triple Clean Adult Toothbrush|Rexona Jasmine & olive oil Soap 80g,General Grocery|Personal Care,Fast|Slow|Fast|Fast|Fast,4,0,1,0.02956953575808755,0.017847879848000483,0.8786336058680627,25.784123458848224,1.0,10,0.0,0.028537735849056604,0.027358490566037737,0.14245283018867924,0.0,1080.78,80.06,0.8108257012575679,adaptive_fp_growth_fast_slow,1160.0,1000.72,159.28,0.0683,1080.78,80.06,0.0741
245,"1166,1921,3018,3060,3195",5,Dove Shampoo (Intense) 180ml|Surf excel (Aloevera) 500g|LifeBuoy Shampoo 175ml|Signal Triple Clean Adult Toothbrush|Rexona Jasmine & olive oil Soap 80g,General Grocery|Personal Care,Fast|Slow|Fast|Fast|Fast,4,0,1,0.02956953575808755,0.017853911574883887,0.8786336058680627,25.784123458848224,1.0,10,0.0,0.028537735849056604,0.027358490566037737,0.14245283018867924,0.0,1161.78,86.06,0.8108257012575679,adaptive_fp_growth_fast_slow,1235.0,1075.72,159.28,0.0593,1161.78,86.06,0.0741
246,"1166,2216,3018,3060,3195",5,Dove Shampoo (Intense) 180ml|Amaa Incense Sticks|LifeBuoy Shampoo 175ml|Signal Triple Clean Adult Toothbrush|Rexona Jasmine & olive oil Soap 80g,General Grocery|Personal Care,Fast|Slow|Fast|Fast|Fast,4,0,1,0.02956953575808755,0.017847879848000483,0.8786336058680627,25.784123458848224,1.0,10,0.0002358490566037736,0.028537735849056604,0.027358490566037737,0.14245283018867924,161273.02627634243,1034.34,76.62,0.8108257012575679,adaptive_fp_growth_fast_slow,1110.0,957.72,152.28,0.0682,1034.34,76.62,0.0741
247,"1166,1396,3018,3060,3195",5,Dove Shampoo (Intense) 180ml|Link Samahan 10pkt|LifeBuoy Shampoo 175ml|Signal Triple Clean Adult Toothbrush|Rexona Jasmine & olive oil Soap 80g,Health & Medicine|Personal Care,Fast|Slow|Fast|Fast|Fast,4,0,1,0.02956953575808755,0.017853911574883887,0.8786336058680627,25.784123458848224,1.0,10,0.0,0.028537735849056604,0.027358490566037737,0.14221698113207548,0.0,1237.75,97.03,0.8108233427670019,adaptive_fp_growth_fast_slow,1360.0,1140.72,219.28,0.0899,1237.75,97.03,0.0784
248,"1166,2118,3018,3060,3195",5,Dove Shampoo (Intense) 180ml|Signal Deep Clean (T.B)|LifeBuoy Shampoo 175ml|Signal Triple Clean Adult Toothbrush|Rexona Jasmine & olive oil Soap 80g,General Grocery|Personal Care,Fast|Slow|Fast|Fast|Fast,4,0,1,0.02956953575808755,0.017859943301767295,0.8786336058680627,25.784123458848224,1.0,10,0.0,0.028537735849056604,0.027358490566037737,0.14221698113207548,0.0,1055.98,78.22,0.8108233427670019,adaptive_fp_growth_fast_slow,1133.0,977.76,155.24,0.068,1055.98,78.22,0.0741
249,"1166,1473,3018,3060,3195",5,Dove Shampoo (Intense) 180ml|Nescafe Classic 50g|LifeBuoy Shampoo 175ml|Signal Triple Clean Adult Toothbrush|Rexona Jasmine & olive oil Soap 80g,General Grocery|Personal Care,Fast|Slow|Fast|Fast|Fast,4,0,1,0.02956953575808755,0.017847879848000483,0.8786336058680627,25.784123458848224,1.0,10,0.0,0.028537735849056604,0.027358490566037737,0.1419811320754717,0.0,1852.98,137.26,0.8108209842764359,adaptive_fp_growth_fast_slow,1900.0,1715.72,184.28,0.0247,1852.98,137.26,0.0741
250,"1166,2124,3018,3060,3195",5,Dove Shampoo (Intense) 180ml|Vaseline Healthy Bright 100ml|LifeBuoy Shampoo 175ml|Signal Triple Clean Adult Toothbrush|Rexona Jasmine & olive oil Soap 80g,General Grocery|Personal Care,Fast|Slow|Fast|Fast|Fast,4,0,1,0.02956953575808755,0.017853911574883887,0.8786336058680627,25.784123458848224,1.0,10,0.0,0.028537735849056604,0.027358490566037737,0.1419811320754717,0.0,1224.78,90.72,0.8108209842764359,adaptive_fp_growth_fast_slow,1320.0,1134.06,185.94,0.0721,1224.78,90.72,0.0741
251,"1166,2731,3018,3060,3195",5,Dove Shampoo (Intense) 180ml|Royal Mixed Nut 50g|LifeBuoy Shampoo 175ml|Signal Triple Clean Adult Toothbrush|Rexona Jasmine & olive oil Soap 80g,General Grocery|Personal Care,Fast|Slow|Fast|Fast|Fast,4,0,1,0.02956953575808755,0.017847879848000483,0.8786336058680627,25.784123458848224,1.0,10,0.0,0.028537735849056604,0.027358490566037737,0.1419811320754717,0.0,1328.77,133.05,0.8108209842764359,adaptive_fp_growth_fast_slow,1460.0,1195.72,264.28,0.0899,1328.77,133.05,0.1001
252,"1166,3002,3018,3060,3195",5,Dove Shampoo (Intense) 180ml|Sun Crush Lemon Lime 250ml|LifeBuoy Shampoo 175ml|Signal Triple Clean Adult Toothbrush|Rexona Jasmine & olive oil Soap 80g,General Grocery|Personal Care,Fast|Slow|Fast|Fast|Fast,4,0,1,0.02956953575808755,0.01787200675553411,0.8786336058680627,25.784123458848224,1.0,10,0.0,0.028537735849056604,0.027358490566037737,0.1419811320754717,0.0,1140.18,84.46,0.8108209842764359,adaptive_fp_growth_fast_slow,1210.0,1055.72,154.28,0.0577,1140.18,84.46,0.0741
253,"1166,1409,3018,3060,3195",5,Dove Shampoo (Intense) 180ml|Prima Burger Bun 130g|LifeBuoy Shampoo 175ml|Signal Triple Clean Adult Toothbrush|Rexona Jasmine & olive oil Soap 80g,"Meat, Fish & Frozen|Personal Care",Fast|Slow|Fast|Fast|Fast,4,0,1,0.02956953575808755,0.017853911574883887,0.8786336058680627,25.784123458848224,1.0,10,0.0,0.028537735849056604,0.027358490566037737,0.14174528301886793,0.0,1192.02,88.3,0.8108186257858698,adaptive_fp_growth_fast_slow,1260.0,1103.72,156.28,0.054,1192.02,88.3,0.0741
254,"1166,2658,3018,3195",4,Dove Shampoo (Intense) 180ml|Dettol Hand Sanitiser 50ml|LifeBuoy Shampoo 175ml|Rexona Jasmine & olive oil Soap 80g,General Grocery|Personal Care,Fast|Slow|Fast|Fast,3,0,1,0.029567525182459732,0.014898365402014597,0.8799463805014572,25.867602740237043,1.0,6,0.0002358490566037736,0.02830188679245283,0.027358490566037737,0.1044811320754717,3564.5251090727975,1116.61,82.71,0.8103734429242753,adaptive_fp_growth_fast_slow,1190.0,1033.9,156.1,0.0617,1116.61,82.71,0.0741
255,"1166,1371,3018,3195",4,Dove Shampoo (Intense) 180ml|Mortein Mosquito Control Liquid+Machine|LifeBuoy Shampoo 175ml|Rexona Jasmine & olive oil Soap 80g,General Grocery|Personal Care,Fast|Slow|Fast|Fast,3,0,1,0.029567525182459732,0.014928524036431632,0.8799463805014572,25.867602740237043,1.0,6,0.0,0.02830188679245283,0.027358490566037737,0.10424528301886793,0.0,1690.98,125.26,0.8103704948110677,adaptive_fp_growth_fast_slow,1780.0,1565.72,214.28,0.05,1690.98,125.26,0.0741
256,"1371,3018,3060,3195",4,Mortein Mosquito Control Liquid+Machine|LifeBuoy Shampoo 175ml|Signal Triple Clean Adult Toothbrush|Rexona Jasmine & olive oil Soap 80g,General Grocery|Personal Care,Slow|Fast|Fast|Fast,3,0,1,0.02956551460683193,0.01491847115829262,0.8791228738563748,25.815200458903544,1.0,6,0.0,0.02830188679245283,0.027358490566037737,0.10966981132075472,0.0,1496.58,110.86,0.810314775418079,adaptive_fp_growth_fast_slow,1575.0,1385.72,189.28,0.0498,1496.58,110.86,0.0741
257,"1131,3018,3055,3195",4,Ponds BB+ 18g|LifeBuoy Shampoo 175ml|Signal Toothpaste 120g|Rexona Jasmine & olive oil Soap 80g,General Grocery|Personal Care,Slow|Fast|Fast|Fast,3,0,1,0.029567525182459732,0.014898365402014597,0.8702159394786706,25.252630695162562,1.0,6,0.0,0.028773584905660378,0.027358490566037737,0.12382075471698113,0.0,1280.58,94.86,0.810216942808593,adaptive_fp_growth_fast_slow,1335.0,1185.72,149.28,0.0408,1280.58,94.86,0.0741
258,"1611,3018,3055,3195",4,Gillette Blue3 Comfort|LifeBuoy Shampoo 175ml|Signal Toothpaste 120g|Rexona Jasmine & olive oil Soap 80g,General Grocery|Personal Care,Slow|Fast|Fast|Fast,3,0,1,0.029567525182459732,0.014908418280153608,0.8702159394786706,25.252630695162562,1.0,6,0.0,0.028773584905660378,0.027358490566037737,0.12382075471698113,0.0,963.06,71.34,0.810216942808593,adaptive_fp_growth_fast_slow,1025.0,891.72,133.28,0.0604,963.06,71.34,0.0741
259,"1593,2002,2172,2344",4,My Doc Hand Sanitizer 150ml|Ocean Star Canned Fish 425g|Wijaya Curry Powder 250g|Coconut Oil 750ml (loose),"Cooking Essentials|General Grocery|Meat, Fish & Frozen",Slow|Fast|Fast|Fast,3,0,1,0.031197431824731423,0.018336449725556425,0.7262675377815907,16.146752274232917,1.0,6,0.0,0.03278301886792453,0.03231132075471698,0.1332547169811321,0.0,1798.2,133.2,0.8101459089691255,adaptive_fp_growth_fast_slow,1830.0,1665.0,165.0,0.0174,1798.2,133.2,0.0741
260,"1122,1900,2603,3155",4,Vaseline Sun+ 100ml|Sunlight Care Liquid (naturals)1L|Rin Detergent Powder 500g|Sunlight 2in1 500g,Cleaning & Household|General Grocery,Slow|Fast|Fast|Fast,3,0,1,0.027446367895128384,0.013772443050445343,0.8886197406943138,28.471191693664583,1.0,6,0.0,0.027830188679245284,0.027122641509433963,0.10283018867924529,0.0,1508.14,111.71,0.8100028667645245,adaptive_fp_growth_fast_slow,1585.0,1396.43,188.57,0.0485,1508.14,111.71,0.0741
261,"1122,1900,2517,2603,3155",5,Vaseline Sun+ 100ml|Sunlight Care Liquid (naturals)1L|Sunlight Care Liquid 1L|Rin Detergent Powder 500g|Sunlight 2in1 500g,Cleaning & Household|General Grocery,Slow|Fast|Fast|Fast|Fast,4,0,1,0.02744938375857008,0.01652693166053441,0.8879885197061462,28.42749381001028,1.0,10,0.0,0.027830188679245284,0.027122641509433963,0.13514150943396228,0.0,1802.68,133.53,0.8099742213521485,adaptive_fp_growth_fast_slow,1885.0,1669.15,215.85,0.0437,1802.68,133.53,0.0741
262,"1123,1900,1926,2517,2603,3155",6,Vaseline Cocoa 100ml|Sunlight Care Liquid (naturals)1L|Bubble Detergent Powder 500g|Sunlight Care Liquid 1L|Rin Detergent Powder 500g|Sunlight 2in1 500g,Cleaning & Household|General Grocery,Slow|Fast|Fast|Fast|Fast|Fast,5,0,1,0.0274491827010073,0.01835655548183445,0.8872247156652926,28.37579042280659,1.0,15,0.0,0.027830188679245284,0.027122641509433963,0.16863207547169812,0.0,1855.0,120.47,0.8099135029472783,adaptive_fp_growth_fast_slow,1855.0,1734.53,120.47,0.0,1855.0,120.47,0.0649
263,"1123,1900,1926,2603,3155",5,Vaseline Cocoa 100ml|Sunlight Care Liquid (naturals)1L|Bubble Detergent Powder 500g|Rin Detergent Powder 500g|Sunlight 2in1 500g,Cleaning & Household|General Grocery,Slow|Fast|Fast|Fast|Fast,4,0,1,0.027446367895128373,0.016514868206767598,0.8875021171807492,28.395747717569627,1.0,10,0.0,0.027830188679245284,0.027122641509433963,0.13632075471698113,0.0,1555.0,93.19,0.809913053426169,adaptive_fp_growth_fast_slow,1555.0,1461.81,93.19,0.0,1555.0,93.19,0.0599
264,"1122,1900,1926,2517,2603,3155",6,Vaseline Sun+ 100ml|Sunlight Care Liquid (naturals)1L|Bubble Detergent Powder 500g|Sunlight Care Liquid 1L|Rin Detergent Powder 500g|Sunlight 2in1 500g,Cleaning & Household|General Grocery,Slow|Fast|Fast|Fast|Fast|Fast,5,0,1,0.0274491827010073,0.018352534330578842,0.8872247156652926,28.37579042280659,1.0,15,0.0,0.027830188679245284,0.027122641509433963,0.16839622641509433,0.0,1932.28,143.13,0.8099115375384732,adaptive_fp_growth_fast_slow,2025.0,1789.15,235.85,0.0458,1932.28,143.13,0.0741
265,"1123,1166,3018,3195",4,Vaseline Cocoa 100ml|Dove Shampoo (Intense) 180ml|LifeBuoy Shampoo 175ml|Rexona Jasmine & olive oil Soap 80g,General Grocery|Personal Care,Slow|Fast|Fast|Fast,3,0,1,0.029567525182459732,0.014888312523875588,0.8799463805014572,25.867602740237043,1.0,6,0.0,0.028066037735849057,0.027358490566037737,0.10377358490566038,0.0,1755.78,130.06,0.8098339382072941,adaptive_fp_growth_fast_slow,1770.0,1625.72,144.28,0.008,1755.78,130.06,0.0741
266,"1166,1397,3018,3195",4,Dove Shampoo (Intense) 180ml|Link Paspanguwa 23g|LifeBuoy Shampoo 175ml|Rexona Jasmine & olive oil Soap 80g,General Grocery|Personal Care,Fast|Slow|Fast|Fast,3,0,1,0.029567525182459732,0.014878259645736575,0.8799463805014572,25.867602740237043,1.0,6,0.0,0.028066037735849057,0.027358490566037737,0.10377358490566038,0.0,972.78,72.06,0.8098339382072941,adaptive_fp_growth_fast_slow,1050.0,900.72,149.28,0.0735,972.78,72.06,0.0741
267,"1166,1396,3018,3195",4,Dove Shampoo (Intense) 180ml|Link Samahan 10pkt|LifeBuoy Shampoo 175ml|Rexona Jasmine & olive oil Soap 80g,Health & Medicine|Personal Care,Fast|Slow|Fast|Fast,3,0,1,0.029567525182459732,0.014888312523875588,0.8799463805014572,25.867602740237043,1.0,6,0.0,0.028066037735849057,0.027358490566037737,0.10353773584905661,0.0,1137.45,96.73,0.8098309900940865,adaptive_fp_growth_fast_slow,1250.0,1040.72,209.28,0.09,1137.45,96.73,0.085
268,"1166,1200,3018,3195",4,Dove Shampoo (Intense) 180ml|Eva Dritex Wings 20p|LifeBuoy Shampoo 175ml|Rexona Jasmine & olive oil Soap 80g,General Grocery|Personal Care,Fast|Slow|Fast|Fast,3,0,1,0.029567525182459732,0.014878259645736575,0.8799463805014572,25.867602740237043,1.0,6,0.0,0.028066037735849057,0.027358490566037737,0.10330188679245284,0.0,1173.78,86.95,0.809828041980879,adaptive_fp_growth_fast_slow,1255.0,1086.83,168.17,0.0647,1173.78,86.95,0.0741
269,"1166,1473,3018,3195",4,Dove Shampoo (Intense) 180ml|Nescafe Classic 50g|LifeBuoy Shampoo 175ml|Rexona Jasmine & olive oil Soap 80g,General Grocery|Personal Care,Fast|Slow|Fast|Fast,3,0,1,0.029567525182459732,0.014878259645736575,0.8799463805014572,25.867602740237043,1.0,6,0.0,0.028066037735849057,0.027358490566037737,0.10330188679245284,0.0,1744.98,129.26,0.809828041980879,adaptive_fp_growth_fast_slow,1790.0,1615.72,174.28,0.0252,1744.98,129.26,0.0741
270,"1166,2124,3018,3195",4,Dove Shampoo (Intense) 180ml|Vaseline Healthy Bright 100ml|LifeBuoy Shampoo 175ml|Rexona Jasmine & olive oil Soap 80g,General Grocery|Personal Care,Fast|Slow|Fast|Fast,3,0,1,0.029567525182459732,0.014888312523875588,0.8799463805014572,25.867602740237043,1.0,6,0.0,0.028066037735849057,0.027358490566037737,0.10330188679245284,0.0,1116.78,82.72,0.809828041980879,adaptive_fp_growth_fast_slow,1210.0,1034.06,175.94,0.077,1116.78,82.72,0.0741
271,"1166,2731,3018,3195",4,Dove Shampoo (Intense) 180ml|Royal Mixed Nut 50g|LifeBuoy Shampoo 175ml|Rexona Jasmine & olive oil Soap 80g,General Grocery|Personal Care,Fast|Slow|Fast|Fast,3,0,1,0.029567525182459732,0.014878259645736575,0.8799463805014572,25.867602740237043,1.0,6,0.0,0.028066037735849057,0.027358490566037737,0.10330188679245284,0.0,1228.45,132.73,0.809828041980879,adaptive_fp_growth_fast_slow,1350.0,1095.72,254.28,0.09,1228.45,132.73,0.108
272,"1166,3002,3018,3195",4,Dove Shampoo (Intense) 180ml|Sun Crush Lemon Lime 250ml|LifeBuoy Shampoo 175ml|Rexona Jasmine & olive oil Soap 80g,General Grocery|Personal Care,Fast|Slow|Fast|Fast,3,0,1,0.029567525182459732,0.014908418280153608,0.8799463805014572,25.867602740237043,1.0,6,0.0,0.028066037735849057,0.027358490566037737,0.10330188679245284,0.0,1032.18,76.46,0.809828041980879,adaptive_fp_growth_fast_slow,1100.0,955.72,144.28,0.0617,1032.18,76.46,0.0741
273,"1166,1409,3018,3195",4,Dove Shampoo (Intense) 180ml|Prima Burger Bun 130g|LifeBuoy Shampoo 175ml|Rexona Jasmine & olive oil Soap 80g,"Meat, Fish & Frozen|Personal Care",Fast|Slow|Fast|Fast,3,0,1,0.029567525182459732,0.014888312523875588,0.8799463805014572,25.867602740237043,1.0,6,0.0,0.028066037735849057,0.027358490566037737,0.10306603773584906,0.0,1084.02,80.3,0.8098250938676714,adaptive_fp_growth_fast_slow,1150.0,1003.72,146.28,0.0574,1084.02,80.3,0.0741
274,"1593,2002,2172,2280,2344,2861",6,My Doc Hand Sanitizer 150ml|Ocean Star Canned Fish 425g|Wijaya Curry Powder 250g|Araliya Premium Nadu Rice 1kg|Coconut Oil 750ml (loose)|Coconut Milk 500ml,"Cooking Essentials|Dairy & Chilled|General Grocery|Meat, Fish & Frozen|Staples & Dry Groceries",Slow|Fast|Fast|Fast|Fast|Fast,5,0,1,0.03024290118966943,0.026330498421698136,0.7087480684735165,15.760962067178973,1.0,15,0.0,0.03372641509433962,0.03231132075471698,0.21556603773584906,0.0,2166.48,160.48,0.809771329767883,adaptive_fp_growth_fast_slow,2200.0,2006.0,194.0,0.0152,2166.48,160.48,0.0741
275,"1593,2002,2172,2280,2344",5,My Doc Hand Sanitizer 150ml|Ocean Star Canned Fish 425g|Wijaya Curry Powder 250g|Araliya Premium Nadu Rice 1kg|Coconut Oil 750ml (loose),"Cooking Essentials|General Grocery|Meat, Fish & Frozen|Staples & Dry Groceries",Slow|Fast|Fast|Fast|Fast,4,0,1,0.03057621550896176,0.0230713553290307,0.7150070367978314,15.904194342819437,1.0,10,0.0,0.033254716981132075,0.03231132075471698,0.17382075471698114,0.0,1923.48,142.48,0.8095906781611842,adaptive_fp_growth_fast_slow,1950.0,1781.0,169.0,0.0136,1923.48,142.48,0.0741
276,"1374,1900,2517,3155",4,Ninja Mosquito Control Liquid+Machine|Sunlight Care Liquid (naturals)1L|Sunlight Care Liquid 1L|Sunlight 2in1 500g,Cleaning & Household|General Grocery,Slow|Fast|Fast|Fast,3,0,1,0.027450389046383986,0.013792548806723365,0.8891961809876539,28.509375033993333,1.0,6,0.0002358490566037736,0.02759433962264151,0.027122641509433963,0.10283018867924529,5150.539564881744,1536.54,113.82,0.809558672431167,adaptive_fp_growth_fast_slow,1555.0,1422.72,132.28,0.0119,1536.54,113.82,0.0741
277,"1059,1900,2517,3155",4,Feeding Bottle 120ml (Rose)|Sunlight Care Liquid (naturals)1L|Sunlight Care Liquid 1L|Sunlight 2in1 500g,Cleaning & Household|General Grocery,Slow|Fast|Fast|Fast,3,0,1,0.027450389046383986,0.01381265456300139,0.8891961809876539,28.509375033993333,1.0,6,0.0,0.02759433962264151,0.027122641509433963,0.10259433962264151,0.0,1082.94,80.22,0.8095557243179594,adaptive_fp_growth_fast_slow,1100.0,1002.72,97.28,0.0155,1082.94,80.22,0.0741
278,"1059,1900,2603,3155",4,Feeding Bottle 120ml (Rose)|Sunlight Care Liquid (naturals)1L|Rin Detergent Powder 500g|Sunlight 2in1 500g,Cleaning & Household|General Grocery,Slow|Fast|Fast|Fast,3,0,1,0.027446367895128384,0.013792548806723365,0.8886197406943138,28.471191693664583,1.0,6,0.0,0.02759433962264151,0.027122641509433963,0.10306603773584906,0.0,876.75,64.94,0.8094751545003736,adaptive_fp_growth_fast_slow,890.0,811.81,78.19,0.0149,876.75,64.94,0.0741
279,"1205,1900,2603,3155",4,Whisper Regular flow 20p|Sunlight Care Liquid (naturals)1L|Rin Detergent Powder 500g|Sunlight 2in1 500g,Cleaning & Household|General Grocery,Slow|Fast|Fast|Fast,3,0,1,0.027446367895128384,0.013802601684862378,0.8886197406943138,28.471191693664583,1.0,6,0.0,0.02759433962264151,0.027122641509433963,0.10306603773584906,0.0,925.35,68.54,0.8094751545003736,adaptive_fp_growth_fast_slow,955.0,856.81,98.19,0.031,925.35,68.54,0.0741
280,"1372,1900,2603,3155",4,Mortein Rat Kill 25g|Sunlight Care Liquid (naturals)1L|Rin Detergent Powder 500g|Sunlight 2in1 500g,Cleaning & Household|General Grocery,Slow|Fast|Fast|Fast,3,0,1,0.027446367895128384,0.013772443050445343,0.8886197406943138,28.471191693664583,1.0,6,0.0,0.02759433962264151,0.027122641509433963,0.10283018867924529,0.0,682.35,50.54,0.809472206387166,adaptive_fp_growth_fast_slow,725.0,631.81,93.19,0.0588,682.35,50.54,0.0741
281,"1381,1900,2603,3155",4,Siddhalepa Balm 25g|Sunlight Care Liquid (naturals)1L|Rin Detergent Powder 500g|Sunlight 2in1 500g,Cleaning & Household|Health & Medicine,Slow|Fast|Fast|Fast,3,0,1,0.027446367895128384,0.013772443050445343,0.8886197406943138,28.471191693664583,1.0,6,0.0,0.02759433962264151,0.027122641509433963,0.10283018867924529,0.0,793.05,58.74,0.809472206387166,adaptive_fp_growth_fast_slow,820.0,734.31,85.69,0.0329,793.05,58.74,0.0741
282,"1059,1900,1926,3155",4,Feeding Bottle 120ml (Rose)|Sunlight Care Liquid (naturals)1L|Bubble Detergent Powder 500g|Sunlight 2in1 500g,Cleaning & Household|General Grocery,Slow|Fast|Fast|Fast,3,0,1,0.027446367895128384,0.013792548806723365,0.8885469611890227,28.466909102828005,1.0,6,0.0,0.02759433962264151,0.027122641509433963,0.10353773584905661,0.0,918.0,68.0,0.809470133800995,adaptive_fp_growth_fast_slow,940.0,850.0,90.0,0.0234,918.0,68.0,0.0741
283,"1200,1900,2603,3155",4,Eva Dritex Wings 20p|Sunlight Care Liquid (naturals)1L|Rin Detergent Powder 500g|Sunlight 2in1 500g,Cleaning & Household|General Grocery,Slow|Fast|Fast|Fast,3,0,1,0.027446367895128384,0.013772443050445343,0.8886197406943138,28.471191693664583,1.0,6,0.0,0.02759433962264151,0.027122641509433963,0.10259433962264151,0.0,867.15,64.23,0.8094692582739584,adaptive_fp_growth_fast_slow,900.0,802.92,97.08,0.0365,867.15,64.23,0.0741
284,"1374,1900,2517,2603,3155",5,Ninja Mosquito Control Liquid+Machine|Sunlight Care Liquid (naturals)1L|Sunlight Care Liquid 1L|Rin Detergent Powder 500g|Sunlight 2in1 500g,Cleaning & Household|General Grocery,Slow|Fast|Fast|Fast|Fast,4,0,1,0.02744938375857008,0.01652693166053441,0.8879885197061462,28.42749381001028,1.0,10,0.0002358490566037736,0.02759433962264151,0.027122641509433963,0.13561320754716982,157109.98384963017,1624.89,120.36,0.809448277955922,adaptive_fp_growth_fast_slow,1645.0,1504.53,140.47,0.0122,1624.89,120.36,0.0741
285,"1059,1900,2517,2603,3155",5,Feeding Bottle 120ml (Rose)|Sunlight Care Liquid (naturals)1L|Sunlight Care Liquid 1L|Rin Detergent Powder 500g|Sunlight 2in1 500g,Cleaning & Household|General Grocery,Slow|Fast|Fast|Fast|Fast,4,0,1,0.02744938375857008,0.016545026841184633,0.8879885197061462,28.42749381001028,1.0,10,0.0,0.02759433962264151,0.027122641509433963,0.13537735849056604,0.0,1171.29,86.76,0.8094459194653559,adaptive_fp_growth_fast_slow,1190.0,1084.53,105.47,0.0157,1171.29,86.76,0.0741
286,"1205,1900,2517,2603,3155",5,Whisper Regular flow 20p|Sunlight Care Liquid (naturals)1L|Sunlight Care Liquid 1L|Rin Detergent Powder 500g|Sunlight 2in1 500g,Cleaning & Household|General Grocery,Slow|Fast|Fast|Fast|Fast,4,0,1,0.02744938375857008,0.016551058568068037,0.8879885197061462,28.42749381001028,1.0,10,0.0,0.02759433962264151,0.027122641509433963,0.13537735849056604,0.0,1219.89,90.36,0.8094459194653559,adaptive_fp_growth_fast_slow,1255.0,1129.53,125.47,0.028,1219.89,90.36,0.0741
287,"1372,1900,2517,2603,3155",5,Mortein Rat Kill 25g|Sunlight Care Liquid (naturals)1L|Sunlight Care Liquid 1L|Rin Detergent Powder 500g|Sunlight 2in1 500g,Cleaning & Household|General Grocery,Slow|Fast|Fast|Fast|Fast,4,0,1,0.02744938375857008,0.01652693166053441,0.8879885197061462,28.42749381001028,1.0,10,0.0,0.02759433962264151,0.027122641509433963,0.13514150943396228,0.0,976.89,72.36,0.80944356097479,adaptive_fp_growth_fast_slow,1025.0,904.53,120.47,0.0469,976.89,72.36,0.0741
288,"1381,1900,2517,2603,3155",5,Siddhalepa Balm 25g|Sunlight Care Liquid (naturals)1L|Sunlight Care Liquid 1L|Rin Detergent Powder 500g|Sunlight 2in1 500g,Cleaning & Household|Health & Medicine,Slow|Fast|Fast|Fast|Fast,4,0,1,0.02744938375857008,0.01652693166053441,0.8879885197061462,28.42749381001028,1.0,10,0.0,0.02759433962264151,0.027122641509433963,0.13514150943396228,0.0,1087.59,80.56,0.80944356097479,adaptive_fp_growth_fast_slow,1120.0,1007.03,112.97,0.0289,1087.59,80.56,0.0741
289,"1200,1900,2517,2603,3155",5,Eva Dritex Wings 20p|Sunlight Care Liquid (naturals)1L|Sunlight Care Liquid 1L|Rin Detergent Powder 500g|Sunlight 2in1 500g,Cleaning & Household|General Grocery,Slow|Fast|Fast|Fast|Fast,4,0,1,0.02744938375857008,0.01652693166053441,0.8879885197061462,28.42749381001028,1.0,10,0.0,0.02759433962264151,0.027122641509433963,0.1349056603773585,0.0,1161.69,86.05,0.8094412024842239,adaptive_fp_growth_fast_slow,1200.0,1075.64,124.36,0.0319,1161.69,86.05,0.0741
290,"1374,1900,1926,2517,2603,3155",6,Ninja Mosquito Control Liquid+Machine|Sunlight Care Liquid (naturals)1L|Bubble Detergent Powder 500g|Sunlight Care Liquid 1L|Rin Detergent Powder 500g|Sunlight 2in1 500g,Cleaning & Household|General Grocery,Slow|Fast|Fast|Fast|Fast|Fast,5,0,1,0.0274491827010073,0.018352534330578842,0.8872247156652926,28.37579042280659,1.0,15,0.0002358490566037736,0.02759433962264151,0.027122641509433963,0.16886792452830188,4724442.067534979,1754.49,129.96,0.8093848079787247,adaptive_fp_growth_fast_slow,1785.0,1624.53,160.47,0.0171,1754.49,129.96,0.0741
291,"1059,1900,1926,2517,2603,3155",6,Feeding Bottle 120ml (Rose)|Sunlight Care Liquid (naturals)1L|Bubble Detergent Powder 500g|Sunlight Care Liquid 1L|Rin Detergent Powder 500g|Sunlight 2in1 500g,Cleaning & Household|General Grocery,Slow|Fast|Fast|Fast|Fast|Fast,5,0,1,0.0274491827010073,0.018368618935601263,0.8872247156652926,28.37579042280659,1.0,15,0.0,0.02759433962264151,0.027122641509433963,0.16863207547169812,0.0,1300.89,96.36,0.8093828425699198,adaptive_fp_growth_fast_slow,1330.0,1204.53,125.47,0.0219,1300.89,96.36,0.0741
292,"1205,1900,1926,2517,2603,3155",6,Whisper Regular flow 20p|Sunlight Care Liquid (naturals)1L|Bubble Detergent Powder 500g|Sunlight Care Liquid 1L|Rin Detergent Powder 500g|Sunlight 2in1 500g,Cleaning & Household|General Grocery,Slow|Fast|Fast|Fast|Fast|Fast,5,0,1,0.0274491827010073,0.018372640086856868,0.8872247156652926,28.37579042280659,1.0,15,0.0,0.02759433962264151,0.027122641509433963,0.16863207547169812,0.0,1349.49,99.96,0.8093828425699198,adaptive_fp_growth_fast_slow,1395.0,1249.53,145.47,0.0326,1349.49,99.96,0.0741
293,"1059,1900,1926,2603,3155",5,Feeding Bottle 120ml (Rose)|Sunlight Care Liquid (naturals)1L|Bubble Detergent Powder 500g|Rin Detergent Powder 500g|Sunlight 2in1 500g,Cleaning & Household|General Grocery,Slow|Fast|Fast|Fast|Fast,4,0,1,0.027446367895128373,0.01652693166053441,0.8875021171807492,28.395747717569627,1.0,10,0.0,0.02759433962264151,0.027122641509433963,0.13632075471698113,0.0,1006.35,74.54,0.8093823930488105,adaptive_fp_growth_fast_slow,1030.0,931.81,98.19,0.023,1006.35,74.54,0.0741
294,"1205,1900,1926,2603,3155",5,Whisper Regular flow 20p|Sunlight Care Liquid (naturals)1L|Bubble Detergent Powder 500g|Rin Detergent Powder 500g|Sunlight 2in1 500g,Cleaning & Household|General Grocery,Slow|Fast|Fast|Fast|Fast,4,0,1,0.027446367895128373,0.016532963387417818,0.8875021171807492,28.395747717569627,1.0,10,0.0,0.02759433962264151,0.027122641509433963,0.13632075471698113,0.0,1054.95,78.14,0.8093823930488105,adaptive_fp_growth_fast_slow,1095.0,976.81,118.19,0.0366,1054.95,78.14,0.0741
295,"1372,1900,1926,2517,2603,3155",6,Mortein Rat Kill 25g|Sunlight Care Liquid (naturals)1L|Bubble Detergent Powder 500g|Sunlight Care Liquid 1L|Rin Detergent Powder 500g|Sunlight 2in1 500g,Cleaning & Household|General Grocery,Slow|Fast|Fast|Fast|Fast|Fast,5,0,1,0.0274491827010073,0.018352534330578842,0.8872247156652926,28.37579042280659,1.0,15,0.0,0.02759433962264151,0.027122641509433963,0.16839622641509433,0.0,1106.49,81.96,0.8093808771611147,adaptive_fp_growth_fast_slow,1165.0,1024.53,140.47,0.0502,1106.49,81.96,0.0741
296,"1381,1900,1926,2517,2603,3155",6,Siddhalepa Balm 25g|Sunlight Care Liquid (naturals)1L|Bubble Detergent Powder 500g|Sunlight Care Liquid 1L|Rin Detergent Powder 500g|Sunlight 2in1 500g,Cleaning & Household|Health & Medicine,Slow|Fast|Fast|Fast|Fast|Fast,5,0,1,0.0274491827010073,0.018352534330578842,0.8872247156652926,28.37579042280659,1.0,15,0.0,0.02759433962264151,0.027122641509433963,0.16839622641509433,0.0,1217.19,90.16,0.8093808771611147,adaptive_fp_growth_fast_slow,1260.0,1127.03,132.97,0.034,1217.19,90.16,0.0741
297,"1200,1900,1926,2517,2603,3155",6,Eva Dritex Wings 20p|Sunlight Care Liquid (naturals)1L|Bubble Detergent Powder 500g|Sunlight Care Liquid 1L|Rin Detergent Powder 500g|Sunlight 2in1 500g,Cleaning & Household|General Grocery,Slow|Fast|Fast|Fast|Fast|Fast,5,0,1,0.0274491827010073,0.018352534330578842,0.8872247156652926,28.37579042280659,1.0,15,0.0,0.02759433962264151,0.027122641509433963,0.16816037735849057,0.0,1291.29,95.65,0.8093789117523097,adaptive_fp_growth_fast_slow,1340.0,1195.64,144.36,0.0363,1291.29,95.65,0.0741
298,"1416,1564,1853,1901",4,Highland  Vanilla Milk 180ml|Watawala Tea 100g|CBL Ginger Biscuits 400g|Surf Excel Matic (Liquid)500ml,Beverages|Cooking Essentials|Dairy & Chilled|General Grocery,Fast|Fast|Fast|Slow,3,0,1,0.03367513119005972,0.01693909966423387,0.7937039778940699,17.99097607510636,1.0,6,0.0,0.030424528301886793,0.029952830188679246,0.1391509433962264,0.0,944.33,69.95,0.8091322476275067,adaptive_fp_growth_fast_slow,980.0,874.38,105.62,0.0364,944.33,69.95,0.0741
299,"1275,1915,3043,3055,3187,3261",6,Sunlight ( Lime & Orange) 115g|Sunlight 2in1 (Lemon) 1kg|Sunlight 2Bar|Signal Toothpaste 120g|Diva Power Liquid Detergent 1L|Hit aerosol for cockroaches,Cleaning & Household|General Grocery|Personal Care,Fast|Fast|Fast|Fast|Fast|Slow,5,0,1,0.020355544741612063,0.021955485855600455,0.6384095987461641,18.569847728711704,0.7333333333333333,11,0.0,0.04716981132075472,0.0455188679245283,0.2686320754716981,0.0,2004.48,148.48,0.8091321159125535,adaptive_fp_growth_fast_slow,2075.0,1856.0,219.0,0.034,2004.48,148.48,0.0741
300,"1416,1564,1853,3152",4,Highland  Vanilla Milk 180ml|Watawala Tea 100g|CBL Ginger Biscuits 400g|GreenLand Button Mushrooms 425g,Beverages|Cooking Essentials|Dairy & Chilled|General Grocery,Fast|Fast|Fast|Slow,3,0,1,0.03367513119005972,0.01695920542051189,0.7937039778940699,17.99097607510636,1.0,6,0.0,0.030660377358490566,0.029716981132075472,0.1393867924528302,0.0,1522.13,112.75,0.8090762334765633,adaptive_fp_growth_fast_slow,1525.0,1409.38,115.62,0.0019,1522.13,112.75,0.0741
301,"1166,2118,3018,3060",4,Dove Shampoo (Intense) 180ml|Signal Deep Clean (T.B)|LifeBuoy Shampoo 175ml|Signal Triple Clean Adult Toothbrush,General Grocery|Personal Care,Fast|Slow|Fast|Fast,3,0,1,0.029571546333715334,0.014918471158292618,0.8791590921349628,25.816553324693576,1.0,6,0.0,0.02759433962264151,0.027358490566037737,0.10518867924528302,0.0,947.98,70.22,0.8086722128768482,adaptive_fp_growth_fast_slow,1018.0,877.76,140.24,0.0688,947.98,70.22,0.0741
302,"1166,3002,3018,3060",4,Dove Shampoo (Intense) 180ml|Sun Crush Lemon Lime 250ml|LifeBuoy Shampoo 175ml|Signal Triple Clean Adult Toothbrush,General Grocery|Personal Care,Fast|Slow|Fast|Fast,3,0,1,0.029571546333715334,0.014928524036431629,0.8791590921349628,25.816553324693576,1.0,6,0.0,0.02759433962264151,0.027358490566037737,0.10495283018867925,0.0,1032.18,76.46,0.8086692647636406,adaptive_fp_growth_fast_slow,1095.0,955.72,139.28,0.0574,1032.18,76.46,0.0741
303,"1123,1900,1926,2603",4,Vaseline Cocoa 100ml|Sunlight Care Liquid (naturals)1L|Bubble Detergent Powder 500g|Rin Detergent Powder 500g,Cleaning & Household|General Grocery,Slow|Fast|Fast|Fast,3,0,1,0.027448378470756186,0.013792548806723365,0.8866937861757556,28.33862240307268,1.0,6,0.0,0.027358490566037737,0.027122641509433963,0.10212264150943397,0.0,1375.0,63.19,0.808643808492401,adaptive_fp_growth_fast_slow,1375.0,1311.81,63.19,0.0,1375.0,63.19,0.046
304,"1275,1371,1915,3043,3055,3187",6,Sunlight ( Lime & Orange) 115g|Mortein Mosquito Control Liquid+Machine|Sunlight 2in1 (Lemon) 1kg|Sunlight 2Bar|Signal Toothpaste 120g|Diva Power Liquid Detergent 1L,Cleaning & Household|General Grocery|Personal Care,Fast|Slow|Fast|Fast|Fast|Fast,5,0,1,0.020355544741612063,0.02196096924367628,0.6384095987461641,18.569847728711704,0.7333333333333333,11,0.0,0.04693396226415095,0.0455188679245283,0.2688679245283019,0.0,2166.48,160.48,0.8086034209440001,adaptive_fp_growth_fast_slow,2210.0,2006.0,204.0,0.0197,2166.48,160.48,0.0741
305,"1275,1611,1915,3043,3055,3187",6,Sunlight ( Lime & Orange) 115g|Gillette Blue3 Comfort|Sunlight 2in1 (Lemon) 1kg|Sunlight 2Bar|Signal Toothpaste 120g|Diva Power Liquid Detergent 1L,Cleaning & Household|General Grocery|Personal Care,Fast|Slow|Fast|Fast|Fast|Fast,5,0,1,0.020355544741612063,0.02196096924367628,0.6384095987461641,18.569847728711704,0.7333333333333333,11,0.0,0.04693396226415095,0.0455188679245283,0.2679245283018868,0.0,1492.56,110.56,0.80859555930878,adaptive_fp_growth_fast_slow,1530.0,1382.0,148.0,0.0245,1492.56,110.56,0.0741
306,"1275,1691,1915,3043,3055,3187",6,Sunlight ( Lime & Orange) 115g|Dandex (nourished)80ml|Sunlight 2in1 (Lemon) 1kg|Sunlight 2Bar|Signal Toothpaste 120g|Diva Power Liquid Detergent 1L,Cleaning & Household|General Grocery|Personal Care,Fast|Slow|Fast|Fast|Fast|Fast,5,0,1,0.020355544741612063,0.021955485855600455,0.6384095987461641,18.569847728711704,0.7333333333333333,11,0.0,0.04693396226415095,0.0455188679245283,0.2679245283018868,0.0,1482.4,109.81,0.80859555930878,adaptive_fp_growth_fast_slow,1510.0,1372.59,137.41,0.0183,1482.4,109.81,0.0741
307,"1275,1915,3002,3043,3055,3187",6,Sunlight ( Lime & Orange) 115g|Sunlight 2in1 (Lemon) 1kg|Sun Crush Lemon Lime 250ml|Sunlight 2Bar|Signal Toothpaste 120g|Diva Power Liquid Detergent 1L,Cleaning & Household|General Grocery|Personal Care,Fast|Fast|Slow|Fast|Fast|Fast,5,0,1,0.020355544741612063,0.021955485855600455,0.6384095987461641,18.569847728711704,0.7333333333333333,11,0.0,0.04693396226415095,0.0455188679245283,0.2679245283018868,0.0,1507.68,111.68,0.80859555930878,adaptive_fp_growth_fast_slow,1530.0,1396.0,134.0,0.0146,1507.68,111.68,0.0741
308,"1125,1416,1564,1853",4,Vaseline Healthy 100ml|Highland  Vanilla Milk 180ml|Watawala Tea 100g|CBL Ginger Biscuits 400g,Beverages|Cooking Essentials|Dairy & Chilled|General Grocery,Slow|Fast|Fast|Fast,3,0,1,0.03367513119005972,0.016939099664233872,0.7937039778940699,17.99097607510636,1.0,6,0.0,0.030424528301886793,0.029716981132075472,0.1400943396226415,0.0,836.33,61.95,0.8085544174388275,adaptive_fp_growth_fast_slow,875.0,774.38,100.62,0.0442,836.33,61.95,0.0741
309,"1416,1564,1853,2416",4,Highland  Vanilla Milk 180ml|Watawala Tea 100g|CBL Ginger Biscuits 400g|Camellia Parfum (Purity) 22ml,Beverages|Cooking Essentials|Dairy & Chilled|General Grocery,Fast|Fast|Fast|Slow,3,0,1,0.03367513119005972,0.01695920542051189,0.7937039778940699,17.99097607510636,1.0,6,0.0,0.030424528301886793,0.029716981132075472,0.13962264150943396,0.0,778.55,57.67,0.8085485212124124,adaptive_fp_growth_fast_slow,825.0,720.88,104.12,0.0563,778.55,57.67,0.0741
310,"1181,1416,1564,1853",4,Smart Pants (Softlove) 4pcs / M|Highland  Vanilla Milk 180ml|Watawala Tea 100g|CBL Ginger Biscuits 400g,Beverages|Cooking Essentials|Dairy & Chilled|General Grocery,Slow|Fast|Fast|Fast,3,0,1,0.03367513119005972,0.01695920542051189,0.7937039778940699,17.99097607510636,1.0,6,0.0,0.030424528301886793,0.029716981132075472,0.13891509433962265,0.0,825.96,76.58,0.8085396768727898,adaptive_fp_growth_fast_slow,895.0,749.38,145.62,0.0771,825.96,76.58,0.0927
311,"1205,1900,2517,2603",4,Whisper Regular flow 20p|Sunlight Care Liquid (naturals)1L|Sunlight Care Liquid 1L|Rin Detergent Powder 500g,Cleaning & Household|General Grocery,Slow|Fast|Fast|Fast,3,0,1,0.027448378470756186,0.013812654563001387,0.8872977429025835,28.38164927763754,1.0,6,0.0,0.027122641509433963,0.027122641509433963,0.10117924528301887,0.0,1057.89,78.36,0.8081919491712367,adaptive_fp_growth_fast_slow,1075.0,979.53,95.47,0.0159,1057.89,78.36,0.0741
312,"1416,1479,1564,1836,2658",5,Highland  Vanilla Milk 180ml|White Sugar 1kg|Watawala Tea 100g|Maliban Ginger Biscuit 370g|Dettol Hand Sanitiser 50ml,Beverages|Cooking Essentials|Dairy & Chilled|General Grocery|Staples & Dry Groceries,Fast|Fast|Fast|Fast|Slow,4,0,1,0.03374047489796328,0.020562156945533507,0.7793081477007162,17.179716896690376,1.0,10,0.0,0.031132075471698113,0.029716981132075472,0.1945754716981132,0.0,1032.87,76.51,0.808181599513598,adaptive_fp_growth_fast_slow,1065.0,956.36,108.64,0.0302,1032.87,76.51,0.0741
313,"1205,1900,1926,2603",4,Whisper Regular flow 20p|Sunlight Care Liquid (naturals)1L|Bubble Detergent Powder 500g|Rin Detergent Powder 500g,Cleaning & Household|General Grocery,Slow|Fast|Fast|Fast,3,0,1,0.027448378470756186,0.01381265456300139,0.8866937861757556,28.33862240307268,1.0,6,0.0,0.027122641509433963,0.027122641509433963,0.10212264150943397,0.0,892.95,66.14,0.8081131481150426,adaptive_fp_growth_fast_slow,915.0,826.81,88.19,0.0241,892.95,66.14,0.0741
314,"1611,3018,3055,3060",4,Gillette Blue3 Comfort|LifeBuoy Shampoo 175ml|Signal Toothpaste 120g|Signal Triple Clean Adult Toothbrush,General Grocery|Personal Care,Slow|Fast|Fast|Fast,3,0,1,0.029563504031204127,0.014888312523875584,0.8693457739961167,25.203135200079284,1.0,6,0.0,0.027830188679245284,0.027358490566037737,0.12547169811320755,0.0,963.06,71.34,0.8079844132692289,adaptive_fp_growth_fast_slow,1020.0,891.72,128.28,0.0558,963.06,71.34,0.0741
315,"1416,1479,1564,1836,2770",5,Highland  Vanilla Milk 180ml|White Sugar 1kg|Watawala Tea 100g|Maliban Ginger Biscuit 370g|Lifebuoy Kohomba 100g,Beverages|Cooking Essentials|Dairy & Chilled|General Grocery|Staples & Dry Groceries,Fast|Fast|Fast|Fast|Slow,4,0,1,0.03374047489796328,0.02061041076060076,0.7793081477007162,17.179716896690376,1.0,10,0.0,0.03089622641509434,0.029716981132075472,0.1938679245283019,0.0,858.47,63.59,0.8076438636645414,adaptive_fp_growth_fast_slow,888.0,794.88,93.12,0.0333,858.47,63.59,0.0741
316,"1416,1479,1564,1677,1836",5,Highland  Vanilla Milk 180ml|White Sugar 1kg|Watawala Tea 100g|Marshmelos 24pcs|Maliban Ginger Biscuit 370g,Beverages|Cooking Essentials|Dairy & Chilled|General Grocery|Staples & Dry Groceries,Fast|Fast|Fast|Slow|Fast,4,0,1,0.03374047489796328,0.0205561252186501,0.7793081477007162,17.179716896690376,1.0,10,0.0,0.03089622641509434,0.029716981132075472,0.1936320754716981,0.0,1013.23,75.05,0.8076415051739754,adaptive_fp_growth_fast_slow,1055.0,938.18,116.82,0.0396,1013.23,75.05,0.0741
317,"1416,1479,1564,1836,2851",5,Highland  Vanilla Milk 180ml|White Sugar 1kg|Watawala Tea 100g|Maliban Ginger Biscuit 370g|BIC Lighter,Beverages|Cooking Essentials|Dairy & Chilled|General Grocery|Staples & Dry Groceries,Fast|Fast|Fast|Fast|Slow,4,0,1,0.03374047489796328,0.020574220399300323,0.7793081477007162,17.179716896690376,1.0,10,0.0,0.03089622641509434,0.029716981132075472,0.1936320754716981,0.0,897.03,66.45,0.8076415051739754,adaptive_fp_growth_fast_slow,945.0,830.58,114.42,0.0508,897.03,66.45,0.0741
318,"1416,1479,1564,1836,3231",5,Highland  Vanilla Milk 180ml|White Sugar 1kg|Watawala Tea 100g|Maliban Ginger Biscuit 370g|Clorex 250ml,Beverages|Cooking Essentials|Dairy & Chilled|General Grocery|Staples & Dry Groceries,Fast|Fast|Fast|Fast|Slow,4,0,1,0.03374047489796328,0.020592315579950542,0.7793081477007162,17.179716896690376,1.0,10,0.0,0.03089622641509434,0.029716981132075472,0.19339622641509435,0.0,959.23,71.05,0.8076391466834094,adaptive_fp_growth_fast_slow,1005.0,888.18,116.82,0.0455,959.23,71.05,0.0741
319,"1416,1655,1762,1822,1836,1853",6,Highland  Vanilla Milk 180ml|Motha Icing Sugar 250g|Keells Chicken Sausages 150g|CBL Sun Cracker 95g|Maliban Ginger Biscuit 370g|CBL Ginger Biscuits 400g,"Cooking Essentials|Dairy & Chilled|Meat, Fish & Frozen|Snacks & Confectionery|Staples & Dry Groceries",Fast|Fast|Slow|Fast|Fast|Fast,5,0,1,0.024800450368940637,0.008736724401119118,0.6787622607050067,19.29874769442543,0.8666666666666667,13,0.0,0.03891509433962264,0.036556603773584904,0.18396226415094338,0.0,1003.54,74.34,0.8072978296717888,adaptive_fp_growth_fast_slow,1049.0,929.2,119.8,0.0433,1003.54,74.34,0.0741
320,"1416,1564,1655,1822,1836,2851",6,Highland  Vanilla Milk 180ml|Watawala Tea 100g|Motha Icing Sugar 250g|CBL Sun Cracker 95g|Maliban Ginger Biscuit 370g|BIC Lighter,Beverages|Cooking Essentials|Dairy & Chilled|General Grocery|Snacks & Confectionery|Staples & Dry Groceries,Fast|Fast|Fast|Fast|Fast|Slow,5,0,1,0.0247990142434922,0.008755283560760368,0.6847499941949516,19.571147965573864,0.8666666666666667,13,0.0,0.03820754716981132,0.036556603773584904,0.1820754716981132,0.0,975.87,72.29,0.8065882852927647,adaptive_fp_growth_fast_slow,1025.0,903.58,121.42,0.0479,975.87,72.29,0.0741
321,"1449,1478,1661,2134,2378,3019",6,Milo Drink 180ml|White Sugar 1kg (Pkt)|Motha Jelly (Strawberry) 200g|Asoka Red Rice Flour 900g|Zesta Tea (BOPF) 390g|Vaseline Kiss of Petals 100ml,Beverages|General Grocery|Snacks & Confectionery|Staples & Dry Groceries,Fast|Fast|Fast|Fast|Fast|Slow,5,0,1,0.02476311110728145,0.008328091475446563,0.6629115831072345,21.208842861967746,0.9333333333333333,14,0.0,0.037264150943396225,0.034669811320754716,0.18349056603773584,0.0,1826.19,135.27,0.806484693440928,adaptive_fp_growth_fast_slow,1875.0,1690.92,184.08,0.026,1826.19,135.27,0.0741
322,"1449,1478,1661,1921,2134,2378",6,Milo Drink 180ml|White Sugar 1kg (Pkt)|Motha Jelly (Strawberry) 200g|Surf excel (Aloevera) 500g|Asoka Red Rice Flour 900g|Zesta Tea (BOPF) 390g,Beverages|General Grocery|Snacks & Confectionery|Staples & Dry Groceries,Fast|Fast|Fast|Slow|Fast|Fast,5,0,1,0.02476311110728145,0.008323783099101274,0.6629115831072345,21.208842861967746,0.9333333333333333,14,0.0,0.037264150943396225,0.034669811320754716,0.18231132075471698,0.0,1433.06,106.15,0.8064748663969028,adaptive_fp_growth_fast_slow,1450.0,1326.91,123.09,0.0117,1433.06,106.15,0.0741
323,"1416,1479,1836,2658",4,Highland  Vanilla Milk 180ml|White Sugar 1kg|Maliban Ginger Biscuit 370g|Dettol Hand Sanitiser 50ml,Cooking Essentials|Dairy & Chilled|General Grocery|Staples & Dry Groceries,Fast|Fast|Fast|Slow,3,0,1,0.0337495224882884,0.017150210105153104,0.777411237569278,17.039971185373545,1.0,6,0.0,0.03018867924528302,0.029716981132075472,0.14410377358490567,0.0,743.23,55.05,0.8056299639372786,adaptive_fp_growth_fast_slow,770.0,688.18,81.82,0.0348,743.23,55.05,0.0741
324,"1416,1479,1836,3231",4,Highland  Vanilla Milk 180ml|White Sugar 1kg|Maliban Ginger Biscuit 370g|Clorex 250ml,Cooking Essentials|Dairy & Chilled|General Grocery|Staples & Dry Groceries,Fast|Fast|Fast|Slow,3,0,1,0.0337495224882884,0.01718036873957014,0.777411237569278,17.039971185373545,1.0,6,0.0,0.029952830188679246,0.029716981132075472,0.1429245283018868,0.0,669.6,49.6,0.8050845629938823,adaptive_fp_growth_fast_slow,710.0,620.0,90.0,0.0569,669.6,49.6,0.0741
325,"1479,1564,1836,3231",4,White Sugar 1kg|Watawala Tea 100g|Maliban Ginger Biscuit 370g|Clorex 250ml,Beverages|Cooking Essentials|General Grocery|Staples & Dry Groceries,Fast|Fast|Fast|Slow,3,0,1,0.03378571284958884,0.017341214789794317,0.760480146330928,16.24462995786133,1.0,6,0.0,0.03089622641509434,0.029716981132075472,0.15683962264150944,0.0,872.83,64.65,0.8048414794968092,adaptive_fp_growth_fast_slow,905.0,808.18,96.82,0.0355,872.83,64.65,0.0741
326,"1449,1478,1854,1993,2378",5,Milo Drink 180ml|White Sugar 1kg (Pkt)|CBL Nice Biscuits  100g|Edinborough Lime Seasoning200ml|Zesta Tea (BOPF) 390g,Beverages|General Grocery|Snacks & Confectionery|Staples & Dry Groceries,Fast|Fast|Fast|Slow|Fast,4,0,1,0.030397281002420562,0.03041713699775103,0.6817017391423871,13.492725020606613,0.7,7,0.0,0.05,0.03490566037735849,0.27735849056603773,0.0,1206.91,89.4,0.8047929967204146,adaptive_fp_growth_fast_slow,1260.0,1117.51,142.49,0.0421,1206.91,89.4,0.0741
327,"1416,1479,1564,2770",4,Highland  Vanilla Milk 180ml|White Sugar 1kg|Watawala Tea 100g|Lifebuoy Kohomba 100g,Beverages|Dairy & Chilled|General Grocery|Staples & Dry Groceries,Fast|Fast|Fast|Slow,3,0,1,0.03372740615638257,0.017220580252126184,0.7656686836568484,16.491215916495193,1.0,6,0.0,0.03018867924528302,0.029716981132075472,0.14952830188679245,0.0,664.07,49.19,0.8039363874541877,adaptive_fp_growth_fast_slow,688.0,614.88,73.12,0.0348,664.07,49.19,0.0741
328,"1496,1770,1854,2069,2478",5,Tiara Layer Cake (Chocolate)310g|Keells Chicken Bockwurst 400g|CBL Nice Biscuits  100g|CocaCola 1.5L|Ritzbury Chocolate (Peanut) 45g,"General Grocery|Meat, Fish & Frozen|Snacks & Confectionery",Fast|Slow|Fast|Fast|Fast,4,0,1,0.01671484315190208,0.018965472671968846,0.5535372357209839,15.466600530014883,0.7,7,0.0,0.05235849056603774,0.04929245283018868,0.28514150943396227,0.0,1296.65,96.05,0.8036886042260721,adaptive_fp_growth_fast_slow,1319.0,1200.6,118.4,0.0169,1296.65,96.05,0.0741
329,"1374,2622,3034,3080",4,Ninja Mosquito Control Liquid+Machine|Baby Cheramy Baby Cologne 50ml|Pears Baby Cream 50ml|BabyCheramy Moisturizes & Cares Baby Shampoo 100ml,Baby & Kids|General Grocery,Slow|Fast|Fast|Fast,3,0,1,0.025884150632326037,0.013038582946297525,0.8535788869871853,27.54994669702178,1.0,6,0.0,0.027122641509433963,0.02617924528301887,0.1009433962264151,0.0,1385.0,90.88,0.8007726821046817,adaptive_fp_growth_fast_slow,1385.0,1294.12,90.88,0.0,1385.0,90.88,0.0656
330,"1394,2622,3034,3080",4,S P Balm 3g|Baby Cheramy Baby Cologne 50ml|Pears Baby Cream 50ml|BabyCheramy Moisturizes & Cares Baby Shampoo 100ml,Baby & Kids|Health & Medicine,Slow|Fast|Fast|Fast,3,0,1,0.025884150632326037,0.013018477190019502,0.8535788869871853,27.54994669702178,1.0,6,0.0002358490566037736,0.027122641509433963,0.02617924528301887,0.1009433962264151,5445.2357684548615,665.0,45.88,0.8007726821046817,adaptive_fp_growth_fast_slow,665.0,619.12,45.88,0.0,665.0,45.88,0.069
331,"1122,2622,3034,3080",4,Vaseline Sun+ 100ml|Baby Cheramy Baby Cologne 50ml|Pears Baby Cream 50ml|BabyCheramy Moisturizes & Cares Baby Shampoo 100ml,Baby & Kids|General Grocery,Slow|Fast|Fast|Fast,3,0,1,0.025884150632326037,0.013018477190019502,0.8535788869871853,27.54994669702178,1.0,6,0.0,0.027122641509433963,0.02617924528301887,0.10047169811320755,0.0,1575.44,116.7,0.8007667858782666,adaptive_fp_growth_fast_slow,1625.0,1458.74,166.26,0.0305,1575.44,116.7,0.0741
332,"1614,2622,3034,3080",4,Bic 3|Baby Cheramy Baby Cologne 50ml|Pears Baby Cream 50ml|BabyCheramy Moisturizes & Cares Baby Shampoo 100ml,Baby & Kids|General Grocery,Slow|Fast|Fast|Fast,3,0,1,0.025884150632326037,0.013018477190019502,0.8535788869871853,27.54994669702178,1.0,6,0.0,0.027122641509433963,0.02617924528301887,0.10023584905660378,0.0,735.0,52.88,0.800763837765059,adaptive_fp_growth_fast_slow,735.0,682.12,52.88,0.0,735.0,52.88,0.0719
333,"1023,2512,2622,3034,3080",5,Sensodyne 40g|Pears Baby Soap (Aloevera) 95g|Baby Cheramy Baby Cologne 50ml|Pears Baby Cream 50ml|BabyCheramy Moisturizes & Cares Baby Shampoo 100ml,Baby & Kids|General Grocery,Slow|Fast|Fast|Fast|Fast,4,0,1,0.02590526167641797,0.015646299535557028,0.8341331815984622,26.217784103213685,1.0,10,0.0,0.028066037735849057,0.02617924528301887,0.14599056603773586,0.0,915.0,57.25,0.8001765810133542,adaptive_fp_growth_fast_slow,915.0,857.75,57.25,0.0,915.0,57.25,0.0626
334,"1360,2002,2172,2280,2344,2861",6,aer Pocket (berry) 10g|Ocean Star Canned Fish 425g|Wijaya Curry Powder 250g|Araliya Premium Nadu Rice 1kg|Coconut Oil 750ml (loose)|Coconut Milk 500ml,"Cooking Essentials|Dairy & Chilled|General Grocery|Meat, Fish & Frozen|Staples & Dry Groceries",Slow|Fast|Fast|Fast|Fast|Fast,5,0,1,0.03024290118966943,0.028194014803581125,0.7087480684735165,15.760962067178973,0.9333333333333333,14,0.0,0.03372641509433962,0.03231132075471698,0.21650943396226416,0.0,2036.88,150.88,0.799779191403103,adaptive_fp_growth_fast_slow,2050.0,1886.0,164.0,0.0064,2036.88,150.88,0.0741
335,"1307,2002,2172,2280,2344,2861",6,BIO Clean (Floral) 200ml|Ocean Star Canned Fish 425g|Wijaya Curry Powder 250g|Araliya Premium Nadu Rice 1kg|Coconut Oil 750ml (loose)|Coconut Milk 500ml,"Cooking Essentials|Dairy & Chilled|General Grocery|Meat, Fish & Frozen|Staples & Dry Groceries",Slow|Fast|Fast|Fast|Fast|Fast,5,0,1,0.03024290118966943,0.02818539805089054,0.7087480684735165,15.760962067178973,0.9333333333333333,14,0.0,0.03372641509433962,0.03231132075471698,0.21556603773584906,0.0,1998.58,148.04,0.799771329767883,adaptive_fp_growth_fast_slow,2015.0,1850.54,164.46,0.0081,1998.58,148.04,0.0741
336,"1374,2512,2622,3034,3080",5,Ninja Mosquito Control Liquid+Machine|Pears Baby Soap (Aloevera) 95g|Baby Cheramy Baby Cologne 50ml|Pears Baby Cream 50ml|BabyCheramy Moisturizes & Cares Baby Shampoo 100ml,Baby & Kids|General Grocery,Slow|Fast|Fast|Fast|Fast,4,0,1,0.02590526167641797,0.015658362989323844,0.8341331815984622,26.217784103213685,1.0,10,0.0,0.027830188679245284,0.02617924528301887,0.1464622641509434,0.0,1455.0,97.25,0.7996506376171278,adaptive_fp_growth_fast_slow,1455.0,1357.75,97.25,0.0,1455.0,97.25,0.0668
337,"1394,2512,2622,3034,3080",5,S P Balm 3g|Pears Baby Soap (Aloevera) 95g|Baby Cheramy Baby Cologne 50ml|Pears Baby Cream 50ml|BabyCheramy Moisturizes & Cares Baby Shampoo 100ml,Baby & Kids|Health & Medicine,Slow|Fast|Fast|Fast|Fast,4,0,1,0.02590526167641797,0.01564026780867362,0.8341331815984622,26.217784103213685,1.0,10,0.0002358490566037736,0.027830188679245284,0.02617924528301887,0.1464622641509434,119625.90496501874,735.0,52.25,0.7996506376171278,adaptive_fp_growth_fast_slow,735.0,682.75,52.25,0.0,735.0,52.25,0.0711
338,"1122,2512,2622,3034,3080",5,Vaseline Sun+ 100ml|Pears Baby Soap (Aloevera) 95g|Baby Cheramy Baby Cologne 50ml|Pears Baby Cream 50ml|BabyCheramy Moisturizes & Cares Baby Shampoo 100ml,Baby & Kids|General Grocery,Slow|Fast|Fast|Fast|Fast,4,0,1,0.02590526167641797,0.01564026780867362,0.8341331815984622,26.217784103213685,1.0,10,0.0,0.027830188679245284,0.02617924528301887,0.14599056603773586,0.0,1644.16,121.79,0.7996459206359957,adaptive_fp_growth_fast_slow,1695.0,1522.37,172.63,0.03,1644.16,121.79,0.0741
339,"1614,2512,2622,3034,3080",5,Bic 3|Pears Baby Soap (Aloevera) 95g|Baby Cheramy Baby Cologne 50ml|Pears Baby Cream 50ml|BabyCheramy Moisturizes & Cares Baby Shampoo 100ml,Baby & Kids|General Grocery,Slow|Fast|Fast|Fast|Fast,4,0,1,0.02590526167641797,0.01564026780867362,0.8341331815984622,26.217784103213685,1.0,10,0.0,0.027830188679245284,0.02617924528301887,0.14575471698113207,0.0,805.0,59.25,0.7996435621454296,adaptive_fp_growth_fast_slow,805.0,745.75,59.25,0.0,805.0,59.25,0.0736
340,"1307,2512,2622,3034,3080",5,BIO Clean (Floral) 200ml|Pears Baby Soap (Aloevera) 95g|Baby Cheramy Baby Cologne 50ml|Pears Baby Cream 50ml|BabyCheramy Moisturizes & Cares Baby Shampoo 100ml,Baby & Kids|General Grocery,Slow|Fast|Fast|Fast|Fast,4,0,1,0.02590526167641797,0.01566439471620725,0.8341331815984622,26.217784103213685,1.0,10,0.0,0.027830188679245284,0.02617924528301887,0.1455188679245283,0.0,820.0,57.71,0.7996412036548637,adaptive_fp_growth_fast_slow,820.0,762.29,57.71,0.0,820.0,57.71,0.0704
341,"1125,1449,1854,2056,2378",5,Vaseline Healthy 100ml|Milo Drink 180ml|CBL Nice Biscuits  100g|Maggi Coconut Milk Powder 125g|Zesta Tea (BOPF) 390g,Beverages|Dairy & Chilled|General Grocery|Snacks & Confectionery,Slow|Fast|Fast|Fast|Fast,4,0,1,0.032851800470474694,0.02506182520055492,0.7150988600393362,14.24053789155454,0.8,8,0.0,0.03844339622641509,0.034669811320754716,0.2785377358490566,0.0,1165.87,86.36,0.7982223761757119,adaptive_fp_growth_fast_slow,1190.0,1079.51,110.49,0.0203,1165.87,86.36,0.0741
342,"1188,1642,2622,3034,3080",5,Baby Diaper (Softlove) 4pcs /L|Jelo Cocoa Powder 50g|Baby Cheramy Baby Cologne 50ml|Pears Baby Cream 50ml|BabyCheramy Moisturizes & Cares Baby Shampoo 100ml,Baby & Kids|General Grocery,Fast|Slow|Fast|Fast|Fast,4,0,1,0.02590827753985967,0.015670426443090656,0.8236936169119409,25.47066054978442,1.0,10,0.0,0.027830188679245284,0.02617924528301887,0.15212264150943397,0.0,960.25,71.13,0.7981413066877345,adaptive_fp_growth_fast_slow,970.0,889.12,80.88,0.0101,960.25,71.13,0.0741
343,"1188,2232,2512,2622,3034,3080",6,Baby Diaper (Softlove) 4pcs /L|Siddhalepa Bee-Honey 90ml|Pears Baby Soap (Aloevera) 95g|Baby Cheramy Baby Cologne 50ml|Pears Baby Cream 50ml|BabyCheramy Moisturizes & Cares Baby Shampoo 100ml,Baby & Kids|Health & Medicine,Fast|Slow|Fast|Fast|Fast|Fast,5,0,1,0.02472011957206835,0.020837296487215058,0.7927473752429686,24.344518611092706,0.8666666666666667,13,0.0,0.03844339622641509,0.026415094339622643,0.19834905660377358,0.0,1288.17,95.42,0.7981003924499673,adaptive_fp_growth_fast_slow,1315.0,1192.75,122.25,0.0204,1288.17,95.42,0.0741
344,"1188,1901,2512,2622,3034,3080",6,Baby Diaper (Softlove) 4pcs /L|Surf Excel Matic (Liquid)500ml|Pears Baby Soap (Aloevera) 95g|Baby Cheramy Baby Cologne 50ml|Pears Baby Cream 50ml|BabyCheramy Moisturizes & Cares Baby Shampoo 100ml,Baby & Kids|General Grocery,Fast|Slow|Fast|Fast|Fast|Fast,5,0,1,0.02472011957206835,0.020837296487215058,0.7927473752429686,24.344518611092706,0.8666666666666667,13,0.0,0.03844339622641509,0.026415094339622643,0.19811320754716982,0.0,1250.37,92.62,0.7980984270411623,adaptive_fp_growth_fast_slow,1260.0,1157.75,102.25,0.0076,1250.37,92.62,0.0741
345,"1151,2458,2832,3057,3063,3194",6,Sunsilk Shampoo (Black)180ml|Rathna Stapler pins|Closeup Toothpaste 120g|Signal Toothpaste 70g|Ayush Toothpaste 110g|Rexona Kohomba & Turmeric Soap 80g,General Grocery|Personal Care,Fast|Slow|Fast|Fast|Fast|Fast,5,0,1,0.028609686953374756,0.019221103001789412,0.8505759445686237,24.80122970340962,1.0,15,0.0,0.026650943396226416,0.02547169811320755,0.19174528301886792,0.0,992.29,73.5,0.7978281369683126,adaptive_fp_growth_fast_slow,1070.0,918.79,151.21,0.0726,992.29,73.5,0.0741
346,"1275,1915,3043,3055,3261",5,Sunlight ( Lime & Orange) 115g|Sunlight 2in1 (Lemon) 1kg|Sunlight 2Bar|Signal Toothpaste 120g|Hit aerosol for cockroaches,Cleaning & Household|General Grocery|Personal Care,Fast|Fast|Fast|Fast|Slow,4,0,1,0.01824728506727998,0.01811241415560132,0.6022017636954017,18.02957491391058,0.7,7,0.0,0.046698113207547166,0.045283018867924525,0.21485849056603773,0.0,1248.48,92.48,0.7975496041769518,adaptive_fp_growth_fast_slow,1325.0,1156.0,169.0,0.0578,1248.48,92.48,0.0741
347,"1151,2577,2832,3063",4,Sunsilk Shampoo (Black)180ml|Sun Thread  200m|Closeup Toothpaste 120g|Ayush Toothpaste 110g,General Grocery|Personal Care,Fast|Slow|Fast|Fast,3,0,1,0.02860244888111467,0.014415827251342059,0.8642284571441402,25.681096589573617,1.0,6,0.0,0.025943396226415096,0.025235849056603775,0.10165094339622642,0.0,703.93,52.14,0.7973671695150174,adaptive_fp_growth_fast_slow,770.0,651.79,118.21,0.0858,703.93,52.14,0.0741
348,"1478,1661,1955,2056,2134,2378",6,White Sugar 1kg (Pkt)|Motha Jelly (Strawberry) 200g|MD Pineapple Jam 225g|Maggi Coconut Milk Powder 125g|Asoka Red Rice Flour 900g|Zesta Tea (BOPF) 390g,Beverages|Dairy & Chilled|General Grocery|Snacks & Confectionery|Staples & Dry Groceries,Fast|Fast|Slow|Fast|Fast|Fast,5,0,1,0.02169746198336584,0.00913375785201589,0.5789337216778476,17.03741564558036,0.9333333333333333,14,0.0,0.038679245283018866,0.034669811320754716,0.21674528301886792,0.0,1672.82,123.91,0.7973490991321803,adaptive_fp_growth_fast_slow,1675.0,1548.91,126.09,0.0013,1672.82,123.91,0.0741
349,"1151,2458,2832,3057,3063",5,Sunsilk Shampoo (Black)180ml|Rathna Stapler pins|Closeup Toothpaste 120g|Signal Toothpaste 70g|Ayush Toothpaste 110g,General Grocery|Personal Care,Fast|Slow|Fast|Fast|Fast,4,0,1,0.028613507047067586,0.01733518306291091,0.8509378722562211,24.82015088672157,1.0,10,0.0,0.026415094339622643,0.02547169811320755,0.14858490566037735,0.0,884.29,65.5,0.7972397374422068,adaptive_fp_growth_fast_slow,955.0,818.79,136.21,0.074,884.29,65.5,0.0741
350,"1023,1151,2832,3057,3063,3194",6,Sensodyne 40g|Sunsilk Shampoo (Black)180ml|Closeup Toothpaste 120g|Signal Toothpaste 70g|Ayush Toothpaste 110g|Rexona Kohomba & Turmeric Soap 80g,General Grocery|Personal Care,Slow|Fast|Fast|Fast|Fast|Fast,5,0,1,0.028609686953374756,0.01924522990932304,0.8505759445686237,24.80122970340962,1.0,15,0.0,0.026650943396226416,0.025235849056603775,0.19150943396226416,0.0,1179.13,87.34,0.7972365489179981,adaptive_fp_growth_fast_slow,1245.0,1091.79,153.21,0.0529,1179.13,87.34,0.0741
351,"1151,1381,2832,3057,3063,3194",6,Sunsilk Shampoo (Black)180ml|Siddhalepa Balm 25g|Closeup Toothpaste 120g|Signal Toothpaste 70g|Ayush Toothpaste 110g|Rexona Kohomba & Turmeric Soap 80g,Health & Medicine|Personal Care,Fast|Slow|Fast|Fast|Fast|Fast,5,0,1,0.028609686953374756,0.01921708185053381,0.8505759445686237,24.80122970340962,1.0,15,0.0002358490566037736,0.026650943396226416,0.025235849056603775,0.19150943396226416,4350413.4606987005,1181.83,87.54,0.7972365489179981,adaptive_fp_growth_fast_slow,1260.0,1094.29,165.71,0.062,1181.83,87.54,0.0741
352,"1151,2577,2832,3057,3063,3194",6,Sunsilk Shampoo (Black)180ml|Sun Thread  200m|Closeup Toothpaste 120g|Signal Toothpaste 70g|Ayush Toothpaste 110g|Rexona Kohomba & Turmeric Soap 80g,General Grocery|Personal Care,Fast|Slow|Fast|Fast|Fast|Fast,5,0,1,0.028609686953374756,0.019229145304300622,0.8505759445686237,24.80122970340962,1.0,15,0.0,0.026650943396226416,0.025235849056603775,0.19150943396226416,0.0,1006.33,74.54,0.7972365489179981,adaptive_fp_growth_fast_slow,1085.0,931.79,153.21,0.0725,1006.33,74.54,0.0741
353,"1151,1955,2832,3057,3063,3194",6,Sunsilk Shampoo (Black)180ml|MD Pineapple Jam 225g|Closeup Toothpaste 120g|Signal Toothpaste 70g|Ayush Toothpaste 110g|Rexona Kohomba & Turmeric Soap 80g,General Grocery|Personal Care,Fast|Slow|Fast|Fast|Fast|Fast,5,0,1,0.028609686953374756,0.01921708185053381,0.8505759445686237,24.80122970340962,1.0,15,0.0,0.026650943396226416,0.025235849056603775,0.19127358490566038,0.0,1287.13,95.34,0.7972345835091931,adaptive_fp_growth_fast_slow,1355.0,1191.79,163.21,0.0501,1287.13,95.34,0.0741
354,"1307,2512,2622,3080",4,BIO Clean (Floral) 200ml|Pears Baby Soap (Aloevera) 95g|Baby Cheramy Baby Cologne 50ml|BabyCheramy Moisturizes & Cares Baby Shampoo 100ml,Baby & Kids|General Grocery,Slow|Fast|Fast|Fast,3,0,1,0.02590425638860406,0.01308884733699258,0.8286833521222554,25.84937540043642,1.0,6,0.0,0.027122641509433963,0.02617924528301887,0.11108490566037736,0.0,639.67,47.38,0.7971651207428667,adaptive_fp_growth_fast_slow,640.0,592.29,47.71,0.0005,639.67,47.38,0.0741
355,"1275,1371,1915,3043,3055",5,Sunlight ( Lime & Orange) 115g|Mortein Mosquito Control Liquid+Machine|Sunlight 2in1 (Lemon) 1kg|Sunlight 2Bar|Signal Toothpaste 120g,Cleaning & Household|General Grocery|Personal Care,Fast|Slow|Fast|Fast|Fast,4,0,1,0.01824728506727998,0.0181210309082919,0.6022017636954017,18.02957491391058,0.7,7,0.0,0.04646226415094339,0.045283018867924525,0.21509433962264152,0.0,1410.48,104.48,0.7970213022901593,adaptive_fp_growth_fast_slow,1460.0,1306.0,154.0,0.0339,1410.48,104.48,0.0741
356,"1275,1611,1915,3043,3055",5,Sunlight ( Lime & Orange) 115g|Gillette Blue3 Comfort|Sunlight 2in1 (Lemon) 1kg|Sunlight 2Bar|Signal Toothpaste 120g,Cleaning & Household|General Grocery|Personal Care,Fast|Slow|Fast|Fast|Fast,4,0,1,0.01824728506727998,0.0181210309082919,0.6022017636954017,18.02957491391058,0.7,7,0.0,0.04646226415094339,0.045283018867924525,0.21415094339622642,0.0,736.56,54.56,0.7970118683278952,adaptive_fp_growth_fast_slow,780.0,682.0,98.0,0.0557,736.56,54.56,0.0741
357,"1275,1691,1915,3043,3055",5,Sunlight ( Lime & Orange) 115g|Dandex (nourished)80ml|Sunlight 2in1 (Lemon) 1kg|Sunlight 2Bar|Signal Toothpaste 120g,Cleaning & Household|General Grocery|Personal Care,Fast|Slow|Fast|Fast|Fast,4,0,1,0.01824728506727998,0.01811241415560132,0.6022017636954017,18.02957491391058,0.7,7,0.0,0.04646226415094339,0.045283018867924525,0.21415094339622642,0.0,726.4,53.81,0.7970118683278952,adaptive_fp_growth_fast_slow,760.0,672.59,87.41,0.0442,726.4,53.81,0.0741
358,"1275,1915,3002,3043,3055",5,Sunlight ( Lime & Orange) 115g|Sunlight 2in1 (Lemon) 1kg|Sun Crush Lemon Lime 250ml|Sunlight 2Bar|Signal Toothpaste 120g,Cleaning & Household|General Grocery|Personal Care,Fast|Fast|Slow|Fast|Fast,4,0,1,0.01824728506727998,0.01811241415560132,0.6022017636954017,18.02957491391058,0.7,7,0.0,0.04646226415094339,0.045283018867924525,0.21415094339622642,0.0,751.68,55.68,0.7970118683278952,adaptive_fp_growth_fast_slow,780.0,696.0,84.0,0.0363,751.68,55.68,0.0741
359,"1151,2577,2832,3063,3194",5,Sunsilk Shampoo (Black)180ml|Sun Thread  200m|Closeup Toothpaste 120g|Ayush Toothpaste 110g|Rexona Kohomba & Turmeric Soap 80g,General Grocery|Personal Care,Fast|Slow|Fast|Fast|Fast,4,0,1,0.02860043830548687,0.01726280234031003,0.860454046789338,25.43826781047369,1.0,10,0.0,0.025943396226415096,0.025235849056603775,0.14481132075471698,0.0,811.93,60.14,0.7969784843768913,adaptive_fp_growth_fast_slow,885.0,751.79,133.21,0.0826,811.93,60.14,0.0741
360,"1151,1955,2832,3063,3194",5,Sunsilk Shampoo (Black)180ml|MD Pineapple Jam 225g|Closeup Toothpaste 120g|Ayush Toothpaste 110g|Rexona Kohomba & Turmeric Soap 80g,General Grocery|Personal Care,Fast|Slow|Fast|Fast|Fast,4,0,1,0.02860043830548687,0.01725073888654322,0.860454046789338,25.43826781047369,1.0,10,0.0,0.025943396226415096,0.025235849056603775,0.14457547169811322,0.0,1092.73,80.94,0.7969761258863254,adaptive_fp_growth_fast_slow,1155.0,1011.79,143.21,0.0539,1092.73,80.94,0.0741
361,"1151,1725,2832,3063",4,Sunsilk Shampoo (Black)180ml|LankaSoy (chicken)90g|Closeup Toothpaste 120g|Ayush Toothpaste 110g,"Meat, Fish & Frozen|Personal Care",Fast|Slow|Fast|Fast,3,0,1,0.02860244888111467,0.014415827251342059,0.8642284571441402,25.681096589573617,1.0,6,0.0,0.025707547169811322,0.025235849056603775,0.10235849056603774,0.0,741.73,54.94,0.7968453534772815,adaptive_fp_growth_fast_slow,805.0,686.79,118.21,0.0786,741.73,54.94,0.0741
362,"1151,1324,2832,3063",4,Sunsilk Shampoo (Black)180ml|Lysol Jasmine 500ml|Closeup Toothpaste 120g|Ayush Toothpaste 110g,General Grocery|Personal Care,Fast|Slow|Fast|Fast,3,0,1,0.02860244888111467,0.014395721495064039,0.8642284571441402,25.681096589573617,1.0,6,0.0,0.025707547169811322,0.025235849056603775,0.10212264150943397,0.0,876.73,64.94,0.7968424053640739,adaptive_fp_growth_fast_slow,950.0,811.79,138.21,0.0771,876.73,64.94,0.0741
363,"1151,2832,3063,3095",4,Sunsilk Shampoo (Black)180ml|Closeup Toothpaste 120g|Ayush Toothpaste 110g|Pahanthira,General Grocery|Personal Care,Fast|Fast|Fast|Slow,3,0,1,0.02860244888111467,0.01440577437320305,0.8642284571441402,25.681096589573617,1.0,6,0.0,0.025707547169811322,0.025235849056603775,0.10212264150943397,0.0,703.93,52.14,0.7968424053640739,adaptive_fp_growth_fast_slow,770.0,651.79,118.21,0.0858,703.93,52.14,0.0741
364,"1151,2216,2832,3063",4,Sunsilk Shampoo (Black)180ml|Amaa Incense Sticks|Closeup Toothpaste 120g|Ayush Toothpaste 110g,General Grocery|Personal Care,Fast|Slow|Fast|Fast,3,0,1,0.02860244888111467,0.014425880129481072,0.8642284571441402,25.681096589573617,1.0,6,0.0,0.025707547169811322,0.025235849056603775,0.1018867924528302,0.0,706.09,52.3,0.7968394572508665,adaptive_fp_growth_fast_slow,770.0,653.79,116.21,0.083,706.09,52.3,0.0741
365,"1151,2677,2832,3063",4,Sunsilk Shampoo (Black)180ml|Laxapana Battery (AA)|Closeup Toothpaste 120g|Ayush Toothpaste 110g,General Grocery|Personal Care,Fast|Slow|Fast|Fast,3,0,1,0.02860244888111467,0.014415827251342059,0.8642284571441402,25.681096589573617,1.0,6,0.0,0.025707547169811322,0.025235849056603775,0.10165094339622642,0.0,769.64,57.85,0.7968365091376589,adaptive_fp_growth_fast_slow,845.0,711.79,133.21,0.0892,769.64,57.85,0.0752
366,"1151,1955,2832,3063",4,Sunsilk Shampoo (Black)180ml|MD Pineapple Jam 225g|Closeup Toothpaste 120g|Ayush Toothpaste 110g,General Grocery|Personal Care,Fast|Slow|Fast|Fast,3,0,1,0.02860244888111467,0.014405774373203048,0.8642284571441402,25.681096589573617,1.0,6,0.0,0.025707547169811322,0.025235849056603775,0.10141509433962265,0.0,984.73,72.94,0.7968335610244514,adaptive_fp_growth_fast_slow,1040.0,911.79,128.21,0.0531,984.73,72.94,0.0741
367,"1151,2832,3063,3226",4,Sunsilk Shampoo (Black)180ml|Closeup Toothpaste 120g|Ayush Toothpaste 110g|aei Power pocket jasmine 30days,General Grocery|Personal Care,Fast|Fast|Fast|Slow,3,0,1,0.02860244888111467,0.014395721495064039,0.8642284571441402,25.681096589573617,1.0,6,0.0,0.025707547169811322,0.025235849056603775,0.10141509433962265,0.0,984.73,72.94,0.7968335610244514,adaptive_fp_growth_fast_slow,1040.0,911.79,128.21,0.0531,984.73,72.94,0.0741
368,"1151,2832,3063,3231",4,Sunsilk Shampoo (Black)180ml|Closeup Toothpaste 120g|Ayush Toothpaste 110g|Clorex 250ml,General Grocery|Personal Care,Fast|Fast|Fast|Slow,3,0,1,0.02860244888111467,0.014405774373203048,0.8642284571441402,25.681096589573617,1.0,6,0.0,0.025707547169811322,0.025235849056603775,0.10141509433962265,0.0,822.73,60.94,0.7968335610244514,adaptive_fp_growth_fast_slow,900.0,761.79,138.21,0.0859,822.73,60.94,0.0741
369,"1416,1655,1783,1822,1836,1853",6,Highland  Vanilla Milk 180ml|Motha Icing Sugar 250g|MDK Patties (Fish) 5pcs|CBL Sun Cracker 95g|Maliban Ginger Biscuit 370g|CBL Ginger Biscuits 400g,"Cooking Essentials|Dairy & Chilled|Meat, Fish & Frozen|Snacks & Confectionery|Staples & Dry Groceries",Fast|Fast|Slow|Fast|Fast|Fast,5,0,1,0.024800450368940637,0.009459758328809539,0.6787622607050067,19.29874769442543,0.8,12,0.0,0.038679245283018866,0.036556603773584904,0.18278301886792453,0.0,935.5,69.3,0.7967573422504051,adaptive_fp_growth_fast_slow,979.5,866.2,113.3,0.0449,935.5,69.3,0.0741
370,"1151,1725,2832,3057,3063,3194",6,Sunsilk Shampoo (Black)180ml|LankaSoy (chicken)90g|Closeup Toothpaste 120g|Signal Toothpaste 70g|Ayush Toothpaste 110g|Rexona Kohomba & Turmeric Soap 80g,"Meat, Fish & Frozen|Personal Care",Fast|Slow|Fast|Fast|Fast|Fast,5,0,1,0.028609686953374756,0.019221103001789412,0.8505759445686237,24.80122970340962,1.0,15,0.0,0.026415094339622643,0.025235849056603775,0.19221698113207547,0.0,1044.13,77.34,0.7967117847670547,adaptive_fp_growth_fast_slow,1120.0,966.79,153.21,0.0677,1044.13,77.34,0.0741
371,"1151,1324,2832,3057,3063,3194",6,Sunsilk Shampoo (Black)180ml|Lysol Jasmine 500ml|Closeup Toothpaste 120g|Signal Toothpaste 70g|Ayush Toothpaste 110g|Rexona Kohomba & Turmeric Soap 80g,General Grocery|Personal Care,Fast|Slow|Fast|Fast|Fast|Fast,5,0,1,0.028609686953374756,0.019213060699278202,0.8505759445686237,24.80122970340962,1.0,15,0.0,0.026415094339622643,0.025235849056603775,0.1919811320754717,0.0,1179.13,87.34,0.7967098193582497,adaptive_fp_growth_fast_slow,1265.0,1091.79,173.21,0.0679,1179.13,87.34,0.0741
372,"1151,2832,3057,3063,3095,3194",6,Sunsilk Shampoo (Black)180ml|Closeup Toothpaste 120g|Signal Toothpaste 70g|Ayush Toothpaste 110g|Pahanthira|Rexona Kohomba & Turmeric Soap 80g,General Grocery|Personal Care,Fast|Fast|Fast|Fast|Slow|Fast,5,0,1,0.028609686953374756,0.019217081850533804,0.8505759445686237,24.80122970340962,1.0,15,0.0,0.026415094339622643,0.025235849056603775,0.1919811320754717,0.0,1006.33,74.54,0.7967098193582497,adaptive_fp_growth_fast_slow,1085.0,931.79,153.21,0.0725,1006.33,74.54,0.0741
373,"1123,1151,2832,3057,3063,3194",6,Vaseline Cocoa 100ml|Sunsilk Shampoo (Black)180ml|Closeup Toothpaste 120g|Signal Toothpaste 70g|Ayush Toothpaste 110g|Rexona Kohomba & Turmeric Soap 80g,General Grocery|Personal Care,Slow|Fast|Fast|Fast|Fast|Fast,5,0,1,0.028609686953374756,0.019213060699278202,0.8505759445686237,24.80122970340962,1.0,15,0.0,0.026415094339622643,0.025235849056603775,0.19174528301886792,0.0,1837.93,136.14,0.7967078539494447,adaptive_fp_growth_fast_slow,1855.0,1701.79,153.21,0.0092,1837.93,136.14,0.0741
374,"1151,1993,2832,3057,3063,3194",6,Sunsilk Shampoo (Black)180ml|Edinborough Lime Seasoning200ml|Closeup Toothpaste 120g|Signal Toothpaste 70g|Ayush Toothpaste 110g|Rexona Kohomba & Turmeric Soap 80g,General Grocery|Personal Care,Fast|Slow|Fast|Fast|Fast|Fast,5,0,1,0.028609686953374756,0.019213060699278202,0.8505759445686237,24.80122970340962,1.0,15,0.0,0.026415094339622643,0.025235849056603775,0.19174528301886792,0.0,1200.73,88.94,0.7967078539494447,adaptive_fp_growth_fast_slow,1305.0,1111.79,193.21,0.0799,1200.73,88.94,0.0741
375,"1151,2216,2832,3057,3063,3194",6,Sunsilk Shampoo (Black)180ml|Amaa Incense Sticks|Closeup Toothpaste 120g|Signal Toothpaste 70g|Ayush Toothpaste 110g|Rexona Kohomba & Turmeric Soap 80g,General Grocery|Personal Care,Fast|Slow|Fast|Fast|Fast|Fast,5,0,1,0.028609686953374756,0.019233166455556224,0.8505759445686237,24.80122970340962,1.0,15,0.0,0.026415094339622643,0.025235849056603775,0.19174528301886792,0.0,1008.49,74.7,0.7967078539494447,adaptive_fp_growth_fast_slow,1085.0,933.79,151.21,0.0705,1008.49,74.7,0.0741
376,"1151,2832,3057,3063,3066,3194",6,Sunsilk Shampoo (Black)180ml|Closeup Toothpaste 120g|Signal Toothpaste 70g|Ayush Toothpaste 110g|MD WoodApple Jam 300g|Rexona Kohomba & Turmeric Soap 80g,General Grocery|Personal Care,Fast|Fast|Fast|Fast|Slow|Fast,5,0,1,0.028609686953374756,0.019221103001789412,0.8505759445686237,24.80122970340962,1.0,15,0.0002358490566037736,0.026415094339622643,0.025235849056603775,0.19174528301886792,3262810.0955240247,1351.93,100.14,0.7967078539494447,adaptive_fp_growth_fast_slow,1415.0,1251.79,163.21,0.0446,1351.93,100.14,0.0741
377,"1151,2677,2832,3057,3063,3194",6,Sunsilk Shampoo (Black)180ml|Laxapana Battery (AA)|Closeup Toothpaste 120g|Signal Toothpaste 70g|Ayush Toothpaste 110g|Rexona Kohomba & Turmeric Soap 80g,General Grocery|Personal Care,Fast|Slow|Fast|Fast|Fast|Fast,5,0,1,0.028609686953374756,0.019229145304300622,0.8505759445686237,24.80122970340962,1.0,15,0.0,0.026415094339622643,0.025235849056603775,0.19150943396226416,0.0,1071.13,79.34,0.7967058885406396,adaptive_fp_growth_fast_slow,1160.0,991.79,168.21,0.0766,1071.13,79.34,0.0741
378,"1151,2805,2832,3057,3063,3194",6,Sunsilk Shampoo (Black)180ml|Rich Life Set Kiri 120g|Closeup Toothpaste 120g|Signal Toothpaste 70g|Ayush Toothpaste 110g|Rexona Kohomba & Turmeric Soap 80g,General Grocery|Personal Care,Fast|Slow|Fast|Fast|Fast|Fast,5,0,1,0.028609686953374756,0.01921708185053381,0.8505759445686237,24.80122970340962,1.0,15,0.0,0.026415094339622643,0.025235849056603775,0.19150943396226416,0.0,1060.33,78.54,0.7967058885406396,adaptive_fp_growth_fast_slow,1145.0,981.79,163.21,0.0739,1060.33,78.54,0.0741
379,"1131,1151,2832,3057,3063,3194",6,Ponds BB+ 18g|Sunsilk Shampoo (Black)180ml|Closeup Toothpaste 120g|Signal Toothpaste 70g|Ayush Toothpaste 110g|Rexona Kohomba & Turmeric Soap 80g,General Grocery|Personal Care,Slow|Fast|Fast|Fast|Fast|Fast,5,0,1,0.028609686953374756,0.01923718760681183,0.8505759445686237,24.80122970340962,1.0,15,0.0,0.026415094339622643,0.025235849056603775,0.19127358490566038,0.0,1416.73,104.94,0.7967039231318346,adaptive_fp_growth_fast_slow,1495.0,1311.79,183.21,0.0524,1416.73,104.94,0.0741
380,"1151,1473,2832,3057,3063,3194",6,Sunsilk Shampoo (Black)180ml|Nescafe Classic 50g|Closeup Toothpaste 120g|Signal Toothpaste 70g|Ayush Toothpaste 110g|Rexona Kohomba & Turmeric Soap 80g,General Grocery|Personal Care,Fast|Slow|Fast|Fast|Fast|Fast,5,0,1,0.028609686953374756,0.01921708185053381,0.8505759445686237,24.80122970340962,1.0,15,0.0,0.026415094339622643,0.025235849056603775,0.19127358490566038,0.0,1827.13,135.34,0.7967039231318346,adaptive_fp_growth_fast_slow,1875.0,1691.79,183.21,0.0255,1827.13,135.34,0.0741
381,"1151,2120,2832,3057,3063,3194",6,Sunsilk Shampoo (Black)180ml|Rexona Passion 25ml|Closeup Toothpaste 120g|Signal Toothpaste 70g|Ayush Toothpaste 110g|Rexona Kohomba & Turmeric Soap 80g,General Grocery|Personal Care,Fast|Slow|Fast|Fast|Fast|Fast,5,0,1,0.028609686953374756,0.019221103001789412,0.8505759445686237,24.80122970340962,1.0,15,0.0,0.026415094339622643,0.025235849056603775,0.19127358490566038,0.0,1189.26,88.09,0.7967039231318346,adaptive_fp_growth_fast_slow,1285.0,1101.17,183.83,0.0745,1189.26,88.09,0.0741
382,"1151,2832,3057,3063,3194,3226",6,Sunsilk Shampoo (Black)180ml|Closeup Toothpaste 120g|Signal Toothpaste 70g|Ayush Toothpaste 110g|Rexona Kohomba & Turmeric Soap 80g|aei Power pocket jasmine 30days,General Grocery|Personal Care,Fast|Fast|Fast|Fast|Fast|Slow,5,0,1,0.028609686953374756,0.019213060699278202,0.8505759445686237,24.80122970340962,1.0,15,0.0,0.026415094339622643,0.025235849056603775,0.19127358490566038,0.0,1287.13,95.34,0.7967039231318346,adaptive_fp_growth_fast_slow,1355.0,1191.79,163.21,0.0501,1287.13,95.34,0.0741
383,"1151,2832,3057,3063,3194,3231",6,Sunsilk Shampoo (Black)180ml|Closeup Toothpaste 120g|Signal Toothpaste 70g|Ayush Toothpaste 110g|Rexona Kohomba & Turmeric Soap 80g|Clorex 250ml,General Grocery|Personal Care,Fast|Fast|Fast|Fast|Fast|Slow,5,0,1,0.028609686953374756,0.019217081850533804,0.8505759445686237,24.80122970340962,1.0,15,0.0,0.026415094339622643,0.025235849056603775,0.19127358490566038,0.0,1125.13,83.34,0.7967039231318346,adaptive_fp_growth_fast_slow,1215.0,1041.79,173.21,0.074,1125.13,83.34,0.0741
384,"1151,2832,3057,3063,3183,3194",6,Sunsilk Shampoo (Black)180ml|Closeup Toothpaste 120g|Signal Toothpaste 70g|Ayush Toothpaste 110g|Comfort Lily Fresh 210ml|Rexona Kohomba & Turmeric Soap 80g,General Grocery|Personal Care,Fast|Fast|Fast|Fast|Slow|Fast,5,0,1,0.028609686953374756,0.019213060699278202,0.8505759445686237,24.80122970340962,1.0,15,0.0,0.026415094339622643,0.025235849056603775,0.19103773584905662,0.0,1265.53,93.74,0.7967019577230295,adaptive_fp_growth_fast_slow,1335.0,1171.79,163.21,0.052,1265.53,93.74,0.0741
385,"1151,1381,2832,3057,3063",5,Sunsilk Shampoo (Black)180ml|Siddhalepa Balm 25g|Closeup Toothpaste 120g|Signal Toothpaste 70g|Ayush Toothpaste 110g,Health & Medicine|Personal Care,Fast|Slow|Fast|Fast|Fast,4,0,1,0.028613507047067586,0.017329151336027505,0.8509378722562211,24.82015088672157,1.0,10,0.0002358490566037736,0.026415094339622643,0.025235849056603775,0.1483490566037736,187765.48662921274,1073.83,79.54,0.7966477563101313,adaptive_fp_growth_fast_slow,1145.0,994.29,150.71,0.0622,1073.83,79.54,0.0741
386,"1023,2512,3034,3080",4,Sensodyne 40g|Pears Baby Soap (Aloevera) 95g|Pears Baby Cream 50ml|BabyCheramy Moisturizes & Cares Baby Shampoo 100ml,Baby & Kids|General Grocery,Slow|Fast|Fast|Fast,3,0,1,0.02590425638860406,0.013038582946297525,0.8277569898697303,25.784349742139696,1.0,6,0.0,0.02688679245283019,0.02617924528301887,0.11391509433962264,0.0,750.0,36.37,0.7965308833861201,adaptive_fp_growth_fast_slow,750.0,713.63,36.37,0.0,750.0,36.37,0.0485
387,"1151,1725,2832,3063,3194",5,Sunsilk Shampoo (Black)180ml|LankaSoy (chicken)90g|Closeup Toothpaste 120g|Ayush Toothpaste 110g|Rexona Kohomba & Turmeric Soap 80g,"Meat, Fish & Frozen|Personal Care",Fast|Slow|Fast|Fast|Fast,4,0,1,0.02860043830548687,0.017256770613426627,0.860454046789338,25.43826781047369,1.0,10,0.0,0.025707547169811322,0.025235849056603775,0.1455188679245283,0.0,849.73,62.94,0.796454899471231,adaptive_fp_growth_fast_slow,920.0,786.79,133.21,0.0764,849.73,62.94,0.0741
388,"1151,1324,2832,3063,3194",5,Sunsilk Shampoo (Black)180ml|Lysol Jasmine 500ml|Closeup Toothpaste 120g|Ayush Toothpaste 110g|Rexona Kohomba & Turmeric Soap 80g,General Grocery|Personal Care,Fast|Slow|Fast|Fast|Fast,4,0,1,0.02860043830548687,0.01724470715965981,0.860454046789338,25.43826781047369,1.0,10,0.0,0.025707547169811322,0.025235849056603775,0.14528301886792452,0.0,984.73,72.94,0.796452540980665,adaptive_fp_growth_fast_slow,1065.0,911.79,153.21,0.0754,984.73,72.94,0.0741
389,"1151,2832,3063,3095,3194",5,Sunsilk Shampoo (Black)180ml|Closeup Toothpaste 120g|Ayush Toothpaste 110g|Pahanthira|Rexona Kohomba & Turmeric Soap 80g,General Grocery|Personal Care,Fast|Fast|Fast|Slow|Fast,4,0,1,0.02860043830548687,0.01725073888654322,0.860454046789338,25.43826781047369,1.0,10,0.0,0.025707547169811322,0.025235849056603775,0.14528301886792452,0.0,811.93,60.14,0.796452540980665,adaptive_fp_growth_fast_slow,885.0,751.79,133.21,0.0826,811.93,60.14,0.0741
390,"1123,1151,2832,3063,3194",5,Vaseline Cocoa 100ml|Sunsilk Shampoo (Black)180ml|Closeup Toothpaste 120g|Ayush Toothpaste 110g|Rexona Kohomba & Turmeric Soap 80g,General Grocery|Personal Care,Slow|Fast|Fast|Fast|Fast,4,0,1,0.02860043830548687,0.01724470715965981,0.860454046789338,25.43826781047369,1.0,10,0.0,0.025707547169811322,0.025235849056603775,0.14504716981132076,0.0,1643.53,121.74,0.7964501824900989,adaptive_fp_growth_fast_slow,1655.0,1521.79,133.21,0.0069,1643.53,121.74,0.0741
391,"1151,1993,2832,3063,3194",5,Sunsilk Shampoo (Black)180ml|Edinborough Lime Seasoning200ml|Closeup Toothpaste 120g|Ayush Toothpaste 110g|Rexona Kohomba & Turmeric Soap 80g,General Grocery|Personal Care,Fast|Slow|Fast|Fast|Fast,4,0,1,0.02860043830548687,0.01724470715965981,0.860454046789338,25.43826781047369,1.0,10,0.0,0.025707547169811322,0.025235849056603775,0.14504716981132076,0.0,1006.94,75.15,0.7964501824900989,adaptive_fp_growth_fast_slow,1105.0,931.79,173.21,0.0887,1006.94,75.15,0.0746
392,"1151,2216,2832,3063,3194",5,Sunsilk Shampoo (Black)180ml|Amaa Incense Sticks|Closeup Toothpaste 120g|Ayush Toothpaste 110g|Rexona Kohomba & Turmeric Soap 80g,General Grocery|Personal Care,Fast|Slow|Fast|Fast|Fast,4,0,1,0.02860043830548687,0.017268834067193435,0.860454046789338,25.43826781047369,1.0,10,0.0,0.025707547169811322,0.025235849056603775,0.14504716981132076,0.0,814.09,60.3,0.7964501824900989,adaptive_fp_growth_fast_slow,885.0,753.79,131.21,0.0801,814.09,60.3,0.0741
393,"1151,2832,3063,3066,3194",5,Sunsilk Shampoo (Black)180ml|Closeup Toothpaste 120g|Ayush Toothpaste 110g|MD WoodApple Jam 300g|Rexona Kohomba & Turmeric Soap 80g,General Grocery|Personal Care,Fast|Fast|Fast|Slow|Fast,4,0,1,0.02860043830548687,0.017256770613426627,0.860454046789338,25.43826781047369,1.0,10,0.0002358490566037736,0.025707547169811322,0.025235849056603775,0.14504716981132076,152367.0752155087,1157.53,85.74,0.7964501824900989,adaptive_fp_growth_fast_slow,1215.0,1071.79,143.21,0.0473,1157.53,85.74,0.0741
394,"1151,2677,2832,3063,3194",5,Sunsilk Shampoo (Black)180ml|Laxapana Battery (AA)|Closeup Toothpaste 120g|Ayush Toothpaste 110g|Rexona Kohomba & Turmeric Soap 80g,General Grocery|Personal Care,Fast|Slow|Fast|Fast|Fast,4,0,1,0.02860043830548687,0.01726280234031003,0.860454046789338,25.43826781047369,1.0,10,0.0,0.025707547169811322,0.025235849056603775,0.14481132075471698,0.0,876.73,64.94,0.7964478239995328,adaptive_fp_growth_fast_slow,960.0,811.79,148.21,0.0867,876.73,64.94,0.0741
395,"1151,2120,2832,3063,3194",5,Sunsilk Shampoo (Black)180ml|Rexona Passion 25ml|Closeup Toothpaste 120g|Ayush Toothpaste 110g|Rexona Kohomba & Turmeric Soap 80g,General Grocery|Personal Care,Fast|Slow|Fast|Fast|Fast,4,0,1,0.02860043830548687,0.017256770613426627,0.860454046789338,25.43826781047369,1.0,10,0.0,0.025707547169811322,0.025235849056603775,0.14457547169811322,0.0,994.86,73.69,0.7964454655089669,adaptive_fp_growth_fast_slow,1085.0,921.17,163.83,0.0831,994.86,73.69,0.0741
396,"1151,2832,3063,3194,3226",5,Sunsilk Shampoo (Black)180ml|Closeup Toothpaste 120g|Ayush Toothpaste 110g|Rexona Kohomba & Turmeric Soap 80g|aei Power pocket jasmine 30days,General Grocery|Personal Care,Fast|Fast|Fast|Fast|Slow,4,0,1,0.02860043830548687,0.01724470715965981,0.860454046789338,25.43826781047369,1.0,10,0.0,0.025707547169811322,0.025235849056603775,0.14457547169811322,0.0,1092.73,80.94,0.7964454655089669,adaptive_fp_growth_fast_slow,1155.0,1011.79,143.21,0.0539,1092.73,80.94,0.0741
397,"1151,2832,3063,3194,3231",5,Sunsilk Shampoo (Black)180ml|Closeup Toothpaste 120g|Ayush Toothpaste 110g|Rexona Kohomba & Turmeric Soap 80g|Clorex 250ml,General Grocery|Personal Care,Fast|Fast|Fast|Fast|Slow,4,0,1,0.02860043830548687,0.01725073888654322,0.860454046789338,25.43826781047369,1.0,10,0.0,0.025707547169811322,0.025235849056603775,0.14457547169811322,0.0,930.73,68.94,0.7964454655089669,adaptive_fp_growth_fast_slow,1015.0,861.79,153.21,0.083,930.73,68.94,0.0741
398,"1151,2832,3063,3183,3194",5,Sunsilk Shampoo (Black)180ml|Closeup Toothpaste 120g|Ayush Toothpaste 110g|Comfort Lily Fresh 210ml|Rexona Kohomba & Turmeric Soap 80g,General Grocery|Personal Care,Fast|Fast|Fast|Slow|Fast,4,0,1,0.02860043830548687,0.01724470715965981,0.860454046789338,25.43826781047369,1.0,10,0.0,0.025707547169811322,0.025235849056603775,0.14433962264150943,0.0,1071.13,79.34,0.7964431070184008,adaptive_fp_growth_fast_slow,1135.0,991.79,143.21,0.0563,1071.13,79.34,0.0741
399,"1151,2805,2832,3057,3063",5,Sunsilk Shampoo (Black)180ml|Rich Life Set Kiri 120g|Closeup Toothpaste 120g|Signal Toothpaste 70g|Ayush Toothpaste 110g,General Grocery|Personal Care,Fast|Slow|Fast|Fast|Fast,4,0,1,0.028613507047067586,0.017329151336027505,0.8509378722562211,24.82015088672157,1.0,10,0.0,0.02617924528301887,0.025235849056603775,0.1483490566037736,0.0,952.33,70.54,0.7961170959327728,adaptive_fp_growth_fast_slow,1030.0,881.79,148.21,0.0754,952.33,70.54,0.0741
400,"1131,1151,2832,3057,3063",5,Ponds BB+ 18g|Sunsilk Shampoo (Black)180ml|Closeup Toothpaste 120g|Signal Toothpaste 70g|Ayush Toothpaste 110g,General Grocery|Personal Care,Slow|Fast|Fast|Fast|Fast,4,0,1,0.028613507047067586,0.017353278243561133,0.8509378722562211,24.82015088672157,1.0,10,0.0,0.02617924528301887,0.025235849056603775,0.1481132075471698,0.0,1308.73,96.94,0.7961147374422068,adaptive_fp_growth_fast_slow,1380.0,1211.79,168.21,0.0516,1308.73,96.94,0.0741
401,"1151,1473,2832,3057,3063",5,Sunsilk Shampoo (Black)180ml|Nescafe Classic 50g|Closeup Toothpaste 120g|Signal Toothpaste 70g|Ayush Toothpaste 110g,General Grocery|Personal Care,Fast|Slow|Fast|Fast|Fast,4,0,1,0.028613507047067586,0.017329151336027505,0.8509378722562211,24.82015088672157,1.0,10,0.0,0.02617924528301887,0.025235849056603775,0.1481132075471698,0.0,1719.13,127.34,0.7961147374422068,adaptive_fp_growth_fast_slow,1760.0,1591.79,168.21,0.0232,1719.13,127.34,0.0741
402,"1023,2832,3063,3194",4,Sensodyne 40g|Closeup Toothpaste 120g|Ayush Toothpaste 110g|Rexona Kohomba & Turmeric Soap 80g,General Grocery|Personal Care,Slow|Fast|Fast|Fast,3,0,1,0.02859440657860346,0.014405774373203048,0.8583401838797745,25.303531513789952,1.0,6,0.0,0.025707547169811322,0.025235849056603775,0.11273584905660378,0.0,766.8,56.8,0.7960918294687587,adaptive_fp_growth_fast_slow,780.0,710.0,70.0,0.0169,766.8,56.8,0.0741
403,"1307,2512,3034,3080",4,BIO Clean (Floral) 200ml|Pears Baby Soap (Aloevera) 95g|Pears Baby Cream 50ml|BabyCheramy Moisturizes & Cares Baby Shampoo 100ml,Baby & Kids|General Grocery,Slow|Fast|Fast|Fast,3,0,1,0.02590425638860406,0.013058688702575547,0.8277569898697303,25.784349742139696,1.0,6,0.0,0.026650943396226416,0.02617924528301887,0.1134433962264151,0.0,655.0,36.83,0.7959943267823465,adaptive_fp_growth_fast_slow,655.0,618.17,36.83,0.0,655.0,36.83,0.0562
404,"1449,1478,1661,2134,2378,3217",6,Milo Drink 180ml|White Sugar 1kg (Pkt)|Motha Jelly (Strawberry) 200g|Asoka Red Rice Flour 900g|Zesta Tea (BOPF) 390g|Nangrow 4/ 3-5 years children,Beverages|General Grocery|Snacks & Confectionery|Staples & Dry Groceries,Fast|Fast|Fast|Fast|Fast|Slow,5,0,1,0.02476311110728145,0.008959434316814134,0.6629115831072345,21.208842861967746,0.8666666666666667,13,0.0,0.03702830188679245,0.034669811320754716,0.18183962264150944,0.0,3108.91,230.29,0.7959402752019342,adaptive_fp_growth_fast_slow,3175.0,2878.62,296.38,0.0208,3108.91,230.29,0.0741
405,"1123,1151,2832,3194",4,Vaseline Cocoa 100ml|Sunsilk Shampoo (Black)180ml|Closeup Toothpaste 120g|Rexona Kohomba & Turmeric Soap 80g,General Grocery|Personal Care,Slow|Fast|Fast|Fast,3,0,1,0.02860647003237027,0.014415827251342059,0.8608882478710401,25.463268096705814,1.0,6,0.0,0.02547169811320755,0.025235849056603775,0.1099056603773585,0.0,1362.73,100.94,0.7959080013315994,adaptive_fp_growth_fast_slow,1370.0,1261.79,108.21,0.0053,1362.73,100.94,0.0741
406,"1151,1993,2832,3194",4,Sunsilk Shampoo (Black)180ml|Edinborough Lime Seasoning200ml|Closeup Toothpaste 120g|Rexona Kohomba & Turmeric Soap 80g,General Grocery|Personal Care,Fast|Slow|Fast|Fast,3,0,1,0.02860647003237027,0.014415827251342059,0.8608882478710401,25.463268096705814,1.0,6,0.0,0.02547169811320755,0.025235849056603775,0.1099056603773585,0.0,747.19,75.4,0.7959080013315994,adaptive_fp_growth_fast_slow,820.0,671.79,148.21,0.0888,747.19,75.4,0.1009
407,"1151,2216,2832,3194",4,Sunsilk Shampoo (Black)180ml|Amaa Incense Sticks|Closeup Toothpaste 120g|Rexona Kohomba & Turmeric Soap 80g,General Grocery|Personal Care,Fast|Slow|Fast|Fast,3,0,1,0.02860647003237027,0.014445985885759093,0.8608882478710401,25.463268096705814,1.0,6,0.0,0.02547169811320755,0.025235849056603775,0.1099056603773585,0.0,546.73,52.94,0.7959080013315994,adaptive_fp_growth_fast_slow,600.0,493.79,106.21,0.0888,546.73,52.94,0.0968
408,"1151,2577,2832,3194",4,Sunsilk Shampoo (Black)180ml|Sun Thread  200m|Closeup Toothpaste 120g|Rexona Kohomba & Turmeric Soap 80g,General Grocery|Personal Care,Fast|Slow|Fast|Fast,3,0,1,0.02860647003237027,0.014435933007620081,0.8608882478710401,25.463268096705814,1.0,6,0.0,0.02547169811320755,0.025235849056603775,0.10966981132075472,0.0,546.73,54.94,0.795905053218392,adaptive_fp_growth_fast_slow,600.0,491.79,108.21,0.0888,546.73,54.94,0.1005
409,"1151,2120,2832,3194",4,Sunsilk Shampoo (Black)180ml|Rexona Passion 25ml|Closeup Toothpaste 120g|Rexona Kohomba & Turmeric Soap 80g,General Grocery|Personal Care,Fast|Slow|Fast|Fast,3,0,1,0.02860647003237027,0.014435933007620083,0.8608882478710401,25.463268096705814,1.0,6,0.0,0.02547169811320755,0.025235849056603775,0.10943396226415095,0.0,728.97,67.8,0.7959021051051844,adaptive_fp_growth_fast_slow,800.0,661.17,138.83,0.0888,728.97,67.8,0.093
410,"1151,2832,3183,3194",4,Sunsilk Shampoo (Black)180ml|Closeup Toothpaste 120g|Comfort Lily Fresh 210ml|Rexona Kohomba & Turmeric Soap 80g,General Grocery|Personal Care,Fast|Fast|Slow|Fast,3,0,1,0.02860647003237027,0.014415827251342059,0.8608882478710401,25.463268096705814,1.0,6,0.0,0.02547169811320755,0.025235849056603775,0.10919811320754717,0.0,790.33,58.54,0.7958991569919769,adaptive_fp_growth_fast_slow,850.0,731.79,118.21,0.0702,790.33,58.54,0.0741
411,"1023,2832,3057,3063,3194",5,Sensodyne 40g|Closeup Toothpaste 120g|Signal Toothpaste 70g|Ayush Toothpaste 110g|Rexona Kohomba & Turmeric Soap 80g,General Grocery|Personal Care,Slow|Fast|Fast|Fast|Fast,4,0,1,0.028608480607998078,0.01733518306291091,0.8465302482260365,24.542723883223584,1.0,10,0.0,0.02617924528301887,0.025235849056603775,0.15943396226415094,0.0,961.2,71.2,0.795566801384849,adaptive_fp_growth_fast_slow,980.0,890.0,90.0,0.0192,961.2,71.2,0.0741
412,"1023,1151,3057,3063,3194",5,Sensodyne 40g|Sunsilk Shampoo (Black)180ml|Signal Toothpaste 70g|Ayush Toothpaste 110g|Rexona Kohomba & Turmeric Soap 80g,General Grocery|Personal Care,Slow|Fast|Fast|Fast|Fast,4,0,1,0.028612501759253686,0.017359309970444537,0.8465504641428107,24.543594702166722,1.0,10,0.0,0.02617924528301887,0.025235849056603775,0.15778301886792453,0.0,1017.13,75.34,0.7955533243384029,adaptive_fp_growth_fast_slow,1075.0,941.79,133.21,0.0538,1017.13,75.34,0.0741
413,"1023,1151,3063,3194",4,Sensodyne 40g|Sunsilk Shampoo (Black)180ml|Ayush Toothpaste 110g|Rexona Kohomba & Turmeric Soap 80g,General Grocery|Personal Care,Slow|Fast|Fast|Fast,3,0,1,0.02859842772985906,0.014425880129481072,0.8583592982623964,25.30517504182537,1.0,6,0.0,0.02547169811320755,0.025235849056603775,0.11108490566037736,0.0,822.73,60.94,0.7955433994563407,adaptive_fp_growth_fast_slow,875.0,761.79,113.21,0.0597,822.73,60.94,0.0741
414,"1151,1381,2832,3057",4,Sunsilk Shampoo (Black)180ml|Siddhalepa Balm 25g|Closeup Toothpaste 120g|Signal Toothpaste 70g,Health & Medicine|Personal Care,Fast|Slow|Fast|Fast,3,0,1,0.028620544061764886,0.014496250276454148,0.8481780080139215,24.638652607069258,1.0,6,0.0002358490566037736,0.025943396226415096,0.025235849056603775,0.11320754716981132,6598.362619752995,793.03,58.74,0.7951040596926543,adaptive_fp_growth_fast_slow,860.0,734.29,125.71,0.0779,793.03,58.74,0.0741
415,"1151,2805,2832,3057",4,Sunsilk Shampoo (Black)180ml|Rich Life Set Kiri 120g|Closeup Toothpaste 120g|Signal Toothpaste 70g,General Grocery|Personal Care,Fast|Slow|Fast|Fast,3,0,1,0.028620544061764886,0.014496250276454148,0.8481780080139215,24.638652607069258,1.0,6,0.0,0.025707547169811322,0.025235849056603775,0.11320754716981132,0.0,679.97,58.18,0.7945733993152958,adaptive_fp_growth_fast_slow,745.0,621.79,123.21,0.0873,679.97,58.18,0.0856
416,"1151,1473,2832,3057",4,Sunsilk Shampoo (Black)180ml|Nescafe Classic 50g|Closeup Toothpaste 120g|Signal Toothpaste 70g,General Grocery|Personal Care,Fast|Slow|Fast|Fast,3,0,1,0.028620544061764886,0.014496250276454148,0.8481780080139215,24.638652607069258,1.0,6,0.0,0.025707547169811322,0.025235849056603775,0.11297169811320755,0.0,1438.33,106.54,0.7945704512020882,adaptive_fp_growth_fast_slow,1475.0,1331.79,143.21,0.0249,1438.33,106.54,0.0741
417,"1188,1642,3034,3080",4,Baby Diaper (Softlove) 4pcs /L|Jelo Cocoa Powder 50g|Pears Baby Cream 50ml|BabyCheramy Moisturizes & Cares Baby Shampoo 100ml,Baby & Kids|General Grocery,Fast|Slow|Fast|Fast,3,0,1,0.025914309266743075,0.013098900215131591,0.8138836555653023,24.785335839601963,1.0,6,0.0,0.02688679245283019,0.02617924528301887,0.12004716981132076,0.0,804.6,59.6,0.794526534183852,adaptive_fp_growth_fast_slow,805.0,745.0,60.0,0.0005,804.6,59.6,0.0741
418,"1131,2832,3057,3063",4,Ponds BB+ 18g|Closeup Toothpaste 120g|Signal Toothpaste 70g|Ayush Toothpaste 110g,General Grocery|Personal Care,Slow|Fast|Fast|Fast,3,0,1,0.02861451233488148,0.014496250276454148,0.8456755795761101,24.479921290701956,1.0,6,0.0,0.025707547169811322,0.025235849056603775,0.1160377358490566,0.0,1090.8,80.8,0.7942334124081147,adaptive_fp_growth_fast_slow,1115.0,1010.0,105.0,0.0217,1090.8,80.8,0.0741
419,"1023,3057,3063,3194",4,Sensodyne 40g|Signal Toothpaste 70g|Ayush Toothpaste 110g|Rexona Kohomba & Turmeric Soap 80g,General Grocery|Personal Care,Slow|Fast|Fast|Fast,3,0,1,0.028616522910509288,0.014526408910871182,0.8398581168182545,24.115994600813718,1.0,6,0.0,0.025943396226415096,0.025235849056603775,0.12570754716981133,0.0,799.2,59.2,0.7940123260133044,adaptive_fp_growth_fast_slow,810.0,740.0,70.0,0.0133,799.2,59.2,0.0741
420,"1360,2002,2280,2344,2861",5,aer Pocket (berry) 10g|Ocean Star Canned Fish 425g|Araliya Premium Nadu Rice 1kg|Coconut Oil 750ml (loose)|Coconut Milk 500ml,"Cooking Essentials|Dairy & Chilled|General Grocery|Meat, Fish & Frozen|Staples & Dry Groceries",Slow|Fast|Fast|Fast|Fast,4,0,1,0.03057698880728014,0.025621435416959874,0.710944544359567,15.661905225512305,0.9,9,0.0,0.033254716981132075,0.03231132075471698,0.17617924528301887,0.0,1600.0,114.0,0.7940048892011049,adaptive_fp_growth_fast_slow,1600.0,1486.0,114.0,0.0,1600.0,114.0,0.0712
421,"1307,2002,2280,2344,2861",5,BIO Clean (Floral) 200ml|Ocean Star Canned Fish 425g|Araliya Premium Nadu Rice 1kg|Coconut Oil 750ml (loose)|Coconut Milk 500ml,"Cooking Essentials|Dairy & Chilled|General Grocery|Meat, Fish & Frozen|Staples & Dry Groceries",Slow|Fast|Fast|Fast|Fast,4,0,1,0.03057698880728014,0.025608031579441196,0.710944544359567,15.661905225512305,0.9,9,0.0,0.033254716981132075,0.03231132075471698,0.17523584905660378,0.0,1565.0,114.46,0.7939954552388407,adaptive_fp_growth_fast_slow,1565.0,1450.54,114.46,0.0,1565.0,114.46,0.0731
422,"1416,1479,1564,1836,1853,2232",6,Highland  Vanilla Milk 180ml|White Sugar 1kg|Watawala Tea 100g|Maliban Ginger Biscuit 370g|CBL Ginger Biscuits 400g|Siddhalepa Bee-Honey 90ml,Beverages|Cooking Essentials|Dairy & Chilled|Health & Medicine|Staples & Dry Groceries,Fast|Fast|Fast|Fast|Fast|Slow,5,0,1,0.032202781124125744,0.03222587172161935,0.756268736807968,16.702566482033365,0.7333333333333333,11,0.0,0.04339622641509434,0.029952830188679246,0.24528301886792453,0.0,1403.33,103.95,0.7930079205840882,adaptive_fp_growth_fast_slow,1465.0,1299.38,165.62,0.0421,1403.33,103.95,0.0741
423,"1404,2003,2008,2056,2170,2279",6,Kellogg's Chocos 110g|Ocean Star Canned Fish 155g|Marina Coconut Oil 350ml|Maggi Coconut Milk Powder 125g|Wijaya Curry Powder 50g|Araliya Premium Samba Rice 1kg,"Cooking Essentials|Dairy & Chilled|General Grocery|Meat, Fish & Frozen|Staples & Dry Groceries",Slow|Fast|Fast|Fast|Fast|Fast,5,0,1,0.03139936063695036,0.02644409594466896,0.794680764780198,19.262274462253544,0.8,12,0.0002358490566037736,0.03372641509433962,0.03207547169811321,0.24646226415094338,858246.9967380569,1184.76,87.76,0.7923290801258348,adaptive_fp_growth_fast_slow,1192.0,1097.0,95.0,0.0061,1184.76,87.76,0.0741
424,"1023,2003,2008,2056,2170,2279",6,Sensodyne 40g|Ocean Star Canned Fish 155g|Marina Coconut Oil 350ml|Maggi Coconut Milk Powder 125g|Wijaya Curry Powder 50g|Araliya Premium Samba Rice 1kg,"Cooking Essentials|Dairy & Chilled|General Grocery|Meat, Fish & Frozen|Staples & Dry Groceries",Slow|Fast|Fast|Fast|Fast|Fast,5,0,1,0.03139936063695036,0.026439069505599457,0.794680764780198,19.262274462253544,0.8,12,0.0,0.03349056603773585,0.03207547169811321,0.24599056603773584,0.0,1142.0,75.0,0.7917944889308662,adaptive_fp_growth_fast_slow,1142.0,1067.0,75.0,0.0,1142.0,75.0,0.0657
425,"1275,2684,2731,3187",4,Sunlight ( Lime & Orange) 115g|Rin Detergent Powder 1kg|Royal Mixed Nut 50g|Diva Power Liquid Detergent 1L,Cleaning & Household|General Grocery,Fast|Fast|Slow|Fast,3,0,1,0.02945858853935336,0.024383255926171663,0.8072258784619297,21.62435411068376,0.6666666666666666,4,0.0,0.0455188679245283,0.02830188679245283,0.14316037735849058,0.0,1274.98,94.44,0.7910455562975914,adaptive_fp_growth_fast_slow,1370.0,1180.54,189.46,0.0694,1274.98,94.44,0.0741
426,"1200,2002,2172,2280,2344,2861",6,Eva Dritex Wings 20p|Ocean Star Canned Fish 425g|Wijaya Curry Powder 250g|Araliya Premium Nadu Rice 1kg|Coconut Oil 750ml (loose)|Coconut Milk 500ml,"Cooking Essentials|Dairy & Chilled|General Grocery|Meat, Fish & Frozen|Staples & Dry Groceries",Slow|Fast|Fast|Fast|Fast|Fast,5,0,1,0.03024290118966943,0.030348865803356422,0.7087480684735165,15.760962067178973,0.8666666666666667,13,0.0,0.033962264150943396,0.03231132075471698,0.21580188679245282,0.0,2178.48,161.37,0.7903039555540465,adaptive_fp_growth_fast_slow,2205.0,2017.11,187.89,0.012,2178.48,161.37,0.0741
427,"1187,1383,2513,2514,2814,3206",6,Baby Diaper (Softlove) 4pcs /M|Siddhalepa Inhaler|Pears Baby Soap (Venivel) 95g|Pears Baby Oil (Olive Oil) 100ml|Baby Cheramy Shampoo 100ml|Pears Baby Cream 100ml,Baby & Kids|Health & Medicine,Fast|Slow|Fast|Fast|Fast|Fast,5,0,1,0.02631039266542011,0.01763676940708125,0.8618470776633214,27.765878592312582,1.0,15,0.0,0.025,0.02311320754716981,0.16485849056603774,0.0,1006.19,74.53,0.7896839012721398,adaptive_fp_growth_fast_slow,1025.0,931.66,93.34,0.0183,1006.19,74.53,0.0741
428,"1187,2513,2514,2814,3206,3261",6,Baby Diaper (Softlove) 4pcs /M|Pears Baby Soap (Venivel) 95g|Pears Baby Oil (Olive Oil) 100ml|Baby Cheramy Shampoo 100ml|Pears Baby Cream 100ml|Hit aerosol for cockroaches,Baby & Kids|General Grocery,Fast|Fast|Fast|Fast|Fast|Slow,5,0,1,0.02631039266542011,0.017652854012103668,0.8618470776633214,27.765878592312582,1.0,15,0.0,0.025,0.02311320754716981,0.16462264150943395,0.0,1581.83,117.17,0.7896819358633349,adaptive_fp_growth_fast_slow,1645.0,1464.66,180.34,0.0384,1581.83,117.17,0.0741
429,"1187,1921,2513,2514,2814,3206",6,Baby Diaper (Softlove) 4pcs /M|Surf excel (Aloevera) 500g|Pears Baby Soap (Venivel) 95g|Pears Baby Oil (Olive Oil) 100ml|Baby Cheramy Shampoo 100ml|Pears Baby Cream 100ml,Baby & Kids|General Grocery,Fast|Slow|Fast|Fast|Fast|Fast,5,0,1,0.02631039266542011,0.01763676940708125,0.8618470776633214,27.765878592312582,1.0,15,0.0,0.025,0.02311320754716981,0.1643867924528302,0.0,1106.63,81.97,0.7896799704545299,adaptive_fp_growth_fast_slow,1125.0,1024.66,100.34,0.0163,1106.63,81.97,0.0741
430,"1187,1372,2513,2514,2814,3206",6,Baby Diaper (Softlove) 4pcs /M|Mortein Rat Kill 25g|Pears Baby Soap (Venivel) 95g|Pears Baby Oil (Olive Oil) 100ml|Baby Cheramy Shampoo 100ml|Pears Baby Cream 100ml,Baby & Kids|General Grocery,Fast|Slow|Fast|Fast|Fast|Fast,5,0,1,0.02631039266542011,0.017640790558336852,0.8618470776633214,27.765878592312582,1.0,15,0.0,0.025,0.02311320754716981,0.1641509433962264,0.0,1041.83,77.17,0.7896780050457248,adaptive_fp_growth_fast_slow,1080.0,964.66,115.34,0.0353,1041.83,77.17,0.0741
431,"1187,2513,2514,2814,3206,3231",6,Baby Diaper (Softlove) 4pcs /M|Pears Baby Soap (Venivel) 95g|Pears Baby Oil (Olive Oil) 100ml|Baby Cheramy Shampoo 100ml|Pears Baby Cream 100ml|Clorex 250ml,Baby & Kids|General Grocery,Fast|Fast|Fast|Fast|Fast|Slow,5,0,1,0.02631039266542011,0.017636769407081247,0.8618470776633214,27.765878592312582,1.0,15,0.0,0.025,0.02311320754716981,0.16391509433962265,0.0,1095.83,81.17,0.7896760396369198,adaptive_fp_growth_fast_slow,1130.0,1014.66,115.34,0.0302,1095.83,81.17,0.0741
432,"1156,1187,2513,2514,2814,3206",6,Lifebuoy(Strong&long) 180ml|Baby Diaper (Softlove) 4pcs /M|Pears Baby Soap (Venivel) 95g|Pears Baby Oil (Olive Oil) 100ml|Baby Cheramy Shampoo 100ml|Pears Baby Cream 100ml,Baby & Kids|General Grocery,Slow|Fast|Fast|Fast|Fast|Fast,5,0,1,0.02631039266542011,0.01763676940708125,0.8618470776633214,27.765878592312582,1.0,15,0.0,0.024764150943396228,0.02311320754716981,0.16485849056603774,0.0,1470.0,95.34,0.7891532408947813,adaptive_fp_growth_fast_slow,1470.0,1374.66,95.34,0.0,1470.0,95.34,0.0649
433,"1187,1324,2513,2514,2814,3206",6,Baby Diaper (Softlove) 4pcs /M|Lysol Jasmine 500ml|Pears Baby Soap (Venivel) 95g|Pears Baby Oil (Olive Oil) 100ml|Baby Cheramy Shampoo 100ml|Pears Baby Cream 100ml,Baby & Kids|General Grocery,Fast|Slow|Fast|Fast|Fast|Fast,5,0,1,0.02631039266542011,0.01763676940708125,0.8618470776633214,27.765878592312582,1.0,15,0.0002358490566037736,0.024764150943396228,0.02311320754716981,0.16462264150943395,5545344.75763099,1149.83,85.17,0.7891512754859764,adaptive_fp_growth_fast_slow,1180.0,1064.66,115.34,0.0256,1149.83,85.17,0.0741
434,"1187,2513,2514,2814,3152,3206",6,Baby Diaper (Softlove) 4pcs /M|Pears Baby Soap (Venivel) 95g|Pears Baby Oil (Olive Oil) 100ml|Baby Cheramy Shampoo 100ml|GreenLand Button Mushrooms 425g|Pears Baby Cream 100ml,Baby & Kids|General Grocery,Fast|Fast|Fast|Fast|Slow|Fast,5,0,1,0.02631039266542011,0.017636769407081247,0.8618470776633214,27.765878592312582,1.0,15,0.0002358490566037736,0.024764150943396228,0.02311320754716981,0.1643867924528302,6931680.947038736,1840.0,125.34,0.7891493100771714,adaptive_fp_growth_fast_slow,1840.0,1714.66,125.34,0.0,1840.0,125.34,0.0681
435,"1187,1613,2513,2514,2814,3206",6,Baby Diaper (Softlove) 4pcs /M|Bic Easy 2|Pears Baby Soap (Venivel) 95g|Pears Baby Oil (Olive Oil) 100ml|Baby Cheramy Shampoo 100ml|Pears Baby Cream 100ml,Baby & Kids|General Grocery,Fast|Slow|Fast|Fast|Fast|Fast,5,0,1,0.02631039266542011,0.01763676940708125,0.8618470776633214,27.765878592312582,1.0,15,0.0,0.024764150943396228,0.02311320754716981,0.1641509433962264,0.0,1074.23,79.57,0.7891473446683663,adaptive_fp_growth_fast_slow,1100.0,994.66,105.34,0.0234,1074.23,79.57,0.0741
436,"1187,1637,2513,2514,2814,3206",6,Baby Diaper (Softlove) 4pcs /M|Ritzbury  Choco-Mo (Moments)220g|Pears Baby Soap (Venivel) 95g|Pears Baby Oil (Olive Oil) 100ml|Baby Cheramy Shampoo 100ml|Pears Baby Cream 100ml,Baby & Kids|General Grocery,Fast|Slow|Fast|Fast|Fast|Fast,5,0,1,0.02631039266542011,0.01764481170959246,0.8618470776633214,27.765878592312582,1.0,15,0.0,0.024764150943396228,0.02311320754716981,0.1641509433962264,0.0,1167.11,86.45,0.7891473446683663,adaptive_fp_growth_fast_slow,1190.0,1080.66,109.34,0.0192,1167.11,86.45,0.0741
437,"1187,1831,2513,2514,2814,3206",6,Baby Diaper (Softlove) 4pcs /M|Maliban Gold Marie 75g|Pears Baby Soap (Venivel) 95g|Pears Baby Oil (Olive Oil) 100ml|Baby Cheramy Shampoo 100ml|Pears Baby Cream 100ml,Baby & Kids|General Grocery,Fast|Slow|Fast|Fast|Fast|Fast,5,0,1,0.02631039266542011,0.017656875163359273,0.8618470776633214,27.765878592312582,1.0,15,0.0,0.024764150943396228,0.02311320754716981,0.1641509433962264,0.0,977.57,72.41,0.7891473446683663,adaptive_fp_growth_fast_slow,1000.0,905.16,94.84,0.0224,977.57,72.41,0.0741
438,"1187,2513,2514,2577,2814,3206",6,Baby Diaper (Softlove) 4pcs /M|Pears Baby Soap (Venivel) 95g|Pears Baby Oil (Olive Oil) 100ml|Sun Thread  200m|Baby Cheramy Shampoo 100ml|Pears Baby Cream 100ml,Baby & Kids|General Grocery,Fast|Fast|Fast|Slow|Fast|Fast,5,0,1,0.02631039266542011,0.01763676940708125,0.8618470776633214,27.765878592312582,1.0,15,0.0,0.024764150943396228,0.02311320754716981,0.1641509433962264,0.0,977.03,72.37,0.7891473446683663,adaptive_fp_growth_fast_slow,1000.0,904.66,95.34,0.023,977.03,72.37,0.0741
439,"1187,2513,2514,2695,2814,3206",6,Baby Diaper (Softlove) 4pcs /M|Pears Baby Soap (Venivel) 95g|Pears Baby Oil (Olive Oil) 100ml|Bagrry's Choco + 375g|Baby Cheramy Shampoo 100ml|Pears Baby Cream 100ml,Baby & Kids|General Grocery,Fast|Fast|Fast|Slow|Fast|Fast,5,0,1,0.02631039266542011,0.01763676940708125,0.8618470776633214,27.765878592312582,1.0,15,0.0,0.024764150943396228,0.02311320754716981,0.1641509433962264,0.0,1682.35,124.62,0.7891473446683663,adaptive_fp_growth_fast_slow,1745.0,1557.73,187.27,0.0359,1682.35,124.62,0.0741
440,"1187,2513,2514,2814,2996,3206",6,Baby Diaper (Softlove) 4pcs /M|Pears Baby Soap (Venivel) 95g|Pears Baby Oil (Olive Oil) 100ml|Baby Cheramy Shampoo 100ml|E.L EGB 1L|Pears Baby Cream 100ml,Baby & Kids|General Grocery,Fast|Fast|Fast|Fast|Slow|Fast,5,0,1,0.02631039266542011,0.017636769407081247,0.8618470776633214,27.765878592312582,1.0,15,0.0,0.024764150943396228,0.02311320754716981,0.1641509433962264,0.0,1236.23,91.57,0.7891473446683663,adaptive_fp_growth_fast_slow,1250.0,1144.66,105.34,0.011,1236.23,91.57,0.0741
441,"1187,2513,2514,2814,3206,3259",6,Baby Diaper (Softlove) 4pcs /M|Pears Baby Soap (Venivel) 95g|Pears Baby Oil (Olive Oil) 100ml|Baby Cheramy Shampoo 100ml|Pears Baby Cream 100ml|Panadol 240 Tablets,Baby & Kids|Health & Medicine,Fast|Fast|Fast|Fast|Fast|Slow,5,0,1,0.02631039266542011,0.01766491746587048,0.8618470776633214,27.765878592312582,1.0,15,0.0,0.024764150943396228,0.02311320754716981,0.1641509433962264,0.0,1743.83,129.17,0.7891473446683663,adaptive_fp_growth_fast_slow,1787.6,1614.66,172.94,0.0245,1743.83,129.17,0.0741
442,"1187,1191,2513,2514,2814,3206",6,Baby Diaper (Softlove) 4pcs /M|Pampers Pants 4/S|Pears Baby Soap (Venivel) 95g|Pears Baby Oil (Olive Oil) 100ml|Baby Cheramy Shampoo 100ml|Pears Baby Cream 100ml,Baby & Kids|General Grocery,Fast|Slow|Fast|Fast|Fast|Fast,5,0,1,0.02631039266542011,0.01763676940708125,0.8618470776633214,27.765878592312582,1.0,15,0.0,0.024764150943396228,0.02311320754716981,0.16391509433962265,0.0,1149.83,85.17,0.7891453792595613,adaptive_fp_growth_fast_slow,1170.0,1064.66,105.34,0.0172,1149.83,85.17,0.0741
443,"1187,1373,2513,2514,2814,3206",6,Baby Diaper (Softlove) 4pcs /M|Ninja Mosquito Control Liquid 30Nights 35ml|Pears Baby Soap (Venivel) 95g|Pears Baby Oil (Olive Oil) 100ml|Baby Cheramy Shampoo 100ml|Pears Baby Cream 100ml,Baby & Kids|General Grocery,Fast|Slow|Fast|Fast|Fast|Fast,5,0,1,0.02631039266542011,0.017656875163359273,0.8618470776633214,27.765878592312582,1.0,15,0.0,0.024764150943396228,0.02311320754716981,0.16391509433962265,0.0,1338.83,99.17,0.7891453792595613,adaptive_fp_growth_fast_slow,1375.0,1239.66,135.34,0.0263,1338.83,99.17,0.0741
444,"1187,1593,2513,2514,2814,3206",6,Baby Diaper (Softlove) 4pcs /M|My Doc Hand Sanitizer 150ml|Pears Baby Soap (Venivel) 95g|Pears Baby Oil (Olive Oil) 100ml|Baby Cheramy Shampoo 100ml|Pears Baby Cream 100ml,Baby & Kids|General Grocery,Fast|Slow|Fast|Fast|Fast|Fast,5,0,1,0.02631039266542011,0.017640790558336852,0.8618470776633214,27.765878592312582,1.0,15,0.0,0.024764150943396228,0.02311320754716981,0.16367924528301886,0.0,1214.63,89.97,0.7891434138507563,adaptive_fp_growth_fast_slow,1250.0,1124.66,125.34,0.0283,1214.63,89.97,0.0741
445,"1187,2513,2514,2546,2814,3206",6,Baby Diaper (Softlove) 4pcs /M|Pears Baby Soap (Venivel) 95g|Pears Baby Oil (Olive Oil) 100ml|Morison Gripe Mixture 100ml|Baby Cheramy Shampoo 100ml|Pears Baby Cream 100ml,Baby & Kids|General Grocery,Fast|Fast|Fast|Slow|Fast|Fast,5,0,1,0.02631039266542011,0.017640790558336852,0.8618470776633214,27.765878592312582,1.0,15,0.0,0.024764150943396228,0.02311320754716981,0.16367924528301886,0.0,1071.53,79.37,0.7891434138507563,adaptive_fp_growth_fast_slow,1100.0,992.16,107.84,0.0259,1071.53,79.37,0.0741
446,"1187,1945,2513,2514,2814,3206",6,Baby Diaper (Softlove) 4pcs /M|Sunquick Orange 330ml|Pears Baby Soap (Venivel) 95g|Pears Baby Oil (Olive Oil) 100ml|Baby Cheramy Shampoo 100ml|Pears Baby Cream 100ml,Baby & Kids|General Grocery,Fast|Slow|Fast|Fast|Fast|Fast,5,0,1,0.02631039266542011,0.01763676940708125,0.8618470776633214,27.765878592312582,1.0,15,0.0,0.024764150943396228,0.02311320754716981,0.1634433962264151,0.0,1311.83,97.17,0.7891414484419512,adaptive_fp_growth_fast_slow,1370.0,1214.66,155.34,0.0425,1311.83,97.17,0.0741
447,"1187,2513,2514,2625,2814,3206",6,Baby Diaper (Softlove) 4pcs /M|Pears Baby Soap (Venivel) 95g|Pears Baby Oil (Olive Oil) 100ml|Moldivefish (Dry) 1kg|Baby Cheramy Shampoo 100ml|Pears Baby Cream 100ml,Baby & Kids|General Grocery,Fast|Fast|Fast|Slow|Fast|Fast,5,0,1,0.02631039266542011,0.01763676940708125,0.8618470776633214,27.765878592312582,1.0,15,0.0,0.024764150943396228,0.02311320754716981,0.1634433962264151,0.0,2769.83,205.17,0.7891414484419512,adaptive_fp_growth_fast_slow,2850.0,2564.66,285.34,0.0281,2769.83,205.17,0.0741
448,"1187,1383,2513,2814,3206",5,Baby Diaper (Softlove) 4pcs /M|Siddhalepa Inhaler|Pears Baby Soap (Venivel) 95g|Baby Cheramy Shampoo 100ml|Pears Baby Cream 100ml,Baby & Kids|Health & Medicine,Fast|Slow|Fast|Fast|Fast,4,0,1,0.02630536622635061,0.01585137824959286,0.8737652840565681,28.609138323132264,1.0,10,0.0,0.023820754716981134,0.02311320754716981,0.125,0.0,874.14,64.75,0.7886945095896173,adaptive_fp_growth_fast_slow,885.0,809.39,75.61,0.0123,874.14,64.75,0.0741
449,"1187,1372,2513,2814,3206",5,Baby Diaper (Softlove) 4pcs /M|Mortein Rat Kill 25g|Pears Baby Soap (Venivel) 95g|Baby Cheramy Shampoo 100ml|Pears Baby Cream 100ml,Baby & Kids|General Grocery,Fast|Slow|Fast|Fast|Fast,4,0,1,0.02630536622635061,0.015857409976476264,0.8737652840565681,28.609138323132264,1.0,10,0.0,0.023820754716981134,0.02311320754716981,0.12429245283018868,0.0,909.78,67.39,0.7886874341179192,adaptive_fp_growth_fast_slow,940.0,842.39,97.61,0.0321,909.78,67.39,0.0741
450,"1187,1383,2814,3206",4,Baby Diaper (Softlove) 4pcs /M|Siddhalepa Inhaler|Baby Cheramy Shampoo 100ml|Pears Baby Cream 100ml,Baby & Kids|Health & Medicine,Fast|Slow|Fast|Fast,3,0,1,0.0263043609385367,0.013219534752799729,0.8757026655075041,28.744558751372594,1.0,6,0.0,0.02358490566037736,0.02311320754716981,0.09292452830188679,0.0,805.42,59.66,0.7883660130336729,adaptive_fp_growth_fast_slow,815.0,745.76,69.24,0.0118,805.42,59.66,0.0741
451,"1187,1372,2513,2814",4,Baby Diaper (Softlove) 4pcs /M|Mortein Rat Kill 25g|Pears Baby Soap (Venivel) 95g|Baby Cheramy Shampoo 100ml,Baby & Kids|General Grocery,Fast|Slow|Fast|Fast,3,0,1,0.026306371514164498,0.01323964050907775,0.8755110994625734,28.730082177799012,1.0,6,0.0,0.02358490566037736,0.02311320754716981,0.09150943396226414,0.0,531.78,39.39,0.788319589447688,adaptive_fp_growth_fast_slow,570.0,492.39,77.61,0.0671,531.78,39.39,0.0741
452,"1156,1187,2513,2814,3206",5,Lifebuoy(Strong&long) 180ml|Baby Diaper (Softlove) 4pcs /M|Pears Baby Soap (Venivel) 95g|Baby Cheramy Shampoo 100ml|Pears Baby Cream 100ml,Baby & Kids|General Grocery,Slow|Fast|Fast|Fast|Fast,4,0,1,0.02630536622635061,0.01585137824959286,0.8737652840565681,28.609138323132264,1.0,10,0.0,0.02358490566037736,0.02311320754716981,0.125,0.0,1330.0,77.61,0.7881638492122588,adaptive_fp_growth_fast_slow,1330.0,1252.39,77.61,0.0,1330.0,77.61,0.0584
453,"1187,1324,2513,2814,3206",5,Baby Diaper (Softlove) 4pcs /M|Lysol Jasmine 500ml|Pears Baby Soap (Venivel) 95g|Baby Cheramy Shampoo 100ml|Pears Baby Cream 100ml,Baby & Kids|General Grocery,Fast|Slow|Fast|Fast|Fast,4,0,1,0.02630536622635061,0.01585137824959286,0.8737652840565681,28.609138323132264,1.0,10,0.0002358490566037736,0.02358490566037736,0.02311320754716981,0.12476415094339623,221029.0717074616,1017.78,75.39,0.7881614907216928,adaptive_fp_growth_fast_slow,1040.0,942.39,97.61,0.0214,1017.78,75.39,0.0741
454,"1187,2513,2814,3206,3261",5,Baby Diaper (Softlove) 4pcs /M|Pears Baby Soap (Venivel) 95g|Baby Cheramy Shampoo 100ml|Pears Baby Cream 100ml|Hit aerosol for cockroaches,Baby & Kids|General Grocery,Fast|Fast|Fast|Fast|Slow,4,0,1,0.02630536622635061,0.01586947343024308,0.8737652840565681,28.609138323132264,1.0,10,0.0,0.02358490566037736,0.02311320754716981,0.12476415094339623,0.0,1449.78,107.39,0.7881614907216928,adaptive_fp_growth_fast_slow,1505.0,1342.39,162.61,0.0367,1449.78,107.39,0.0741
455,"1187,1921,2513,2814,3206",5,Baby Diaper (Softlove) 4pcs /M|Surf excel (Aloevera) 500g|Pears Baby Soap (Venivel) 95g|Baby Cheramy Shampoo 100ml|Pears Baby Cream 100ml,Baby & Kids|General Grocery,Fast|Slow|Fast|Fast|Fast,4,0,1,0.02630536622635061,0.01585137824959286,0.8737652840565681,28.609138323132264,1.0,10,0.0,0.02358490566037736,0.02311320754716981,0.12452830188679245,0.0,974.58,72.19,0.7881591322311268,adaptive_fp_growth_fast_slow,985.0,902.39,82.61,0.0106,974.58,72.19,0.0741
456,"1187,2513,2814,3152,3206",5,Baby Diaper (Softlove) 4pcs /M|Pears Baby Soap (Venivel) 95g|Baby Cheramy Shampoo 100ml|GreenLand Button Mushrooms 425g|Pears Baby Cream 100ml,Baby & Kids|General Grocery,Fast|Fast|Fast|Slow|Fast,4,0,1,0.02630536622635061,0.01585137824959286,0.8737652840565681,28.609138323132264,1.0,10,0.0002358490566037736,0.02358490566037736,0.02311320754716981,0.12452830188679245,276286.339634327,1700.0,107.61,0.7881591322311268,adaptive_fp_growth_fast_slow,1700.0,1592.39,107.61,0.0,1700.0,107.61,0.0633
457,"1187,1613,2513,2814,3206",5,Baby Diaper (Softlove) 4pcs /M|Bic Easy 2|Pears Baby Soap (Venivel) 95g|Baby Cheramy Shampoo 100ml|Pears Baby Cream 100ml,Baby & Kids|General Grocery,Fast|Slow|Fast|Fast|Fast,4,0,1,0.02630536622635061,0.01585137824959286,0.8737652840565681,28.609138323132264,1.0,10,0.0,0.02358490566037736,0.02311320754716981,0.12429245283018868,0.0,942.18,69.79,0.7881567737405607,adaptive_fp_growth_fast_slow,960.0,872.39,87.61,0.0186,942.18,69.79,0.0741
458,"1187,1637,2513,2814,3206",5,Baby Diaper (Softlove) 4pcs /M|Ritzbury  Choco-Mo (Moments)220g|Pears Baby Soap (Venivel) 95g|Baby Cheramy Shampoo 100ml|Pears Baby Cream 100ml,Baby & Kids|General Grocery,Fast|Slow|Fast|Fast|Fast,4,0,1,0.02630536622635061,0.015863441703359675,0.8737652840565681,28.609138323132264,1.0,10,0.0,0.02358490566037736,0.02311320754716981,0.12429245283018868,0.0,1035.06,76.67,0.7881567737405607,adaptive_fp_growth_fast_slow,1050.0,958.39,91.61,0.0142,1035.06,76.67,0.0741
459,"1187,2513,2577,2814,3206",5,Baby Diaper (Softlove) 4pcs /M|Pears Baby Soap (Venivel) 95g|Sun Thread  200m|Baby Cheramy Shampoo 100ml|Pears Baby Cream 100ml,Baby & Kids|General Grocery,Fast|Fast|Slow|Fast|Fast,4,0,1,0.02630536622635061,0.01585137824959286,0.8737652840565681,28.609138323132264,1.0,10,0.0,0.02358490566037736,0.02311320754716981,0.12429245283018868,0.0,844.98,62.59,0.7881567737405607,adaptive_fp_growth_fast_slow,860.0,782.39,77.61,0.0175,844.98,62.59,0.0741
460,"1187,2513,2695,2814,3206",5,Baby Diaper (Softlove) 4pcs /M|Pears Baby Soap (Venivel) 95g|Bagrry's Choco + 375g|Baby Cheramy Shampoo 100ml|Pears Baby Cream 100ml,Baby & Kids|General Grocery,Fast|Fast|Slow|Fast|Fast,4,0,1,0.02630536622635061,0.01585137824959286,0.8737652840565681,28.609138323132264,1.0,10,0.0,0.02358490566037736,0.02311320754716981,0.12429245283018868,0.0,1550.3,114.84,0.7881567737405607,adaptive_fp_growth_fast_slow,1605.0,1435.46,169.54,0.0341,1550.3,114.84,0.0741
461,"1187,1373,2513,2814,3206",5,Baby Diaper (Softlove) 4pcs /M|Ninja Mosquito Control Liquid 30Nights 35ml|Pears Baby Soap (Venivel) 95g|Baby Cheramy Shampoo 100ml|Pears Baby Cream 100ml,Baby & Kids|General Grocery,Fast|Slow|Fast|Fast|Fast,4,0,1,0.02630536622635061,0.015875505157126484,0.8737652840565681,28.609138323132264,1.0,10,0.0,0.02358490566037736,0.02311320754716981,0.1240566037735849,0.0,1206.78,89.39,0.7881544152499946,adaptive_fp_growth_fast_slow,1235.0,1117.39,117.61,0.0228,1206.78,89.39,0.0741
462,"1187,2513,2814,3206,3231",5,Baby Diaper (Softlove) 4pcs /M|Pears Baby Soap (Venivel) 95g|Baby Cheramy Shampoo 100ml|Pears Baby Cream 100ml|Clorex 250ml,Baby & Kids|General Grocery,Fast|Fast|Fast|Fast|Slow,4,0,1,0.02630536622635061,0.01585137824959286,0.8737652840565681,28.609138323132264,1.0,10,0.0,0.02358490566037736,0.02311320754716981,0.1240566037735849,0.0,963.78,71.39,0.7881544152499946,adaptive_fp_growth_fast_slow,990.0,892.39,97.61,0.0265,963.78,71.39,0.0741
463,"1187,2513,2546,2814,3206",5,Baby Diaper (Softlove) 4pcs /M|Pears Baby Soap (Venivel) 95g|Morison Gripe Mixture 100ml|Baby Cheramy Shampoo 100ml|Pears Baby Cream 100ml,Baby & Kids|General Grocery,Fast|Fast|Slow|Fast|Fast,4,0,1,0.02630536622635061,0.015857409976476267,0.8737652840565681,28.609138323132264,1.0,10,0.0,0.02358490566037736,0.02311320754716981,0.12382075471698113,0.0,939.48,69.59,0.7881520567594287,adaptive_fp_growth_fast_slow,960.0,869.89,90.11,0.0214,939.48,69.59,0.0741
464,"1187,1945,2513,2814,3206",5,Baby Diaper (Softlove) 4pcs /M|Sunquick Orange 330ml|Pears Baby Soap (Venivel) 95g|Baby Cheramy Shampoo 100ml|Pears Baby Cream 100ml,Baby & Kids|General Grocery,Fast|Slow|Fast|Fast|Fast,4,0,1,0.02630536622635061,0.01585137824959286,0.8737652840565681,28.609138323132264,1.0,10,0.0,0.02358490566037736,0.02311320754716981,0.12358490566037736,0.0,1179.78,87.39,0.7881496982688626,adaptive_fp_growth_fast_slow,1230.0,1092.39,137.61,0.0408,1179.78,87.39,0.0741
465,"1188,2114,2512,2622,3034,3080",6,Baby Diaper (Softlove) 4pcs /L|Kandos Choconuts 70g|Pears Baby Soap (Aloevera) 95g|Baby Cheramy Baby Cologne 50ml|Pears Baby Cream 50ml|BabyCheramy Moisturizes & Cares Baby Shampoo 100ml,Baby & Kids|General Grocery,Fast|Slow|Fast|Fast|Fast|Fast,5,0,1,0.02472011957206835,0.02256871142208014,0.7927473752429686,24.344518611092706,0.8,12,0.0,0.03844339622641509,0.026415094339622643,0.19834905660377358,0.0,979.29,72.54,0.7881003924499673,adaptive_fp_growth_fast_slow,995.0,906.75,88.25,0.0158,979.29,72.54,0.0741
466,"1188,1251,2512,2622,3034,3080",6,Baby Diaper (Softlove) 4pcs /L|Velvet 100g (Lavender)|Pears Baby Soap (Aloevera) 95g|Baby Cheramy Baby Cologne 50ml|Pears Baby Cream 50ml|BabyCheramy Moisturizes & Cares Baby Shampoo 100ml,Baby & Kids|General Grocery,Fast|Slow|Fast|Fast|Fast|Fast,5,0,1,0.02472011957206835,0.02256871142208014,0.7927473752429686,24.344518611092706,0.8,12,0.0,0.03844339622641509,0.026415094339622643,0.19787735849056604,0.0,981.19,72.68,0.7880964616323572,adaptive_fp_growth_fast_slow,987.0,908.51,78.49,0.0059,981.19,72.68,0.0741
467,"1188,1631,2512,2622,3034,3080",6,Baby Diaper (Softlove) 4pcs /L|Ritzbury Rave 26g|Pears Baby Soap (Aloevera) 95g|Baby Cheramy Baby Cologne 50ml|Pears Baby Cream 50ml|BabyCheramy Moisturizes & Cares Baby Shampoo 100ml,Baby & Kids|General Grocery,Fast|Slow|Fast|Fast|Fast|Fast,5,0,1,0.02472011957206835,0.022573737861149648,0.7927473752429686,24.344518611092706,0.8,12,0.0,0.03844339622641509,0.026415094339622643,0.19787735849056604,0.0,949.05,70.3,0.7880964616323572,adaptive_fp_growth_fast_slow,955.0,878.75,76.25,0.0062,949.05,70.3,0.0741
468,"1188,2512,2622,2731,3034,3080",6,Baby Diaper (Softlove) 4pcs /L|Pears Baby Soap (Aloevera) 95g|Baby Cheramy Baby Cologne 50ml|Royal Mixed Nut 50g|Pears Baby Cream 50ml|BabyCheramy Moisturizes & Cares Baby Shampoo 100ml,Baby & Kids|General Grocery,Fast|Fast|Fast|Slow|Fast|Fast,5,0,1,0.02472011957206835,0.02256871142208014,0.7927473752429686,24.344518611092706,0.8,12,0.0,0.03844339622641509,0.026415094339622643,0.19787735849056604,0.0,1212.57,89.82,0.7880964616323572,adaptive_fp_growth_fast_slow,1315.0,1122.75,192.25,0.0779,1212.57,89.82,0.0741
469,"1187,1324,2814,3206",4,Baby Diaper (Softlove) 4pcs /M|Lysol Jasmine 500ml|Baby Cheramy Shampoo 100ml|Pears Baby Cream 100ml,Baby & Kids|General Grocery,Fast|Slow|Fast|Fast,3,0,1,0.0263043609385367,0.013219534752799729,0.8757026655075041,28.744558751372594,1.0,6,0.0002358490566037736,0.023349056603773583,0.02311320754716981,0.09268867924528301,7089.61173401292,949.06,70.3,0.7878324045431069,adaptive_fp_growth_fast_slow,970.0,878.76,91.24,0.0216,949.06,70.3,0.0741
470,"1187,2814,3206,3261",4,Baby Diaper (Softlove) 4pcs /M|Baby Cheramy Shampoo 100ml|Pears Baby Cream 100ml|Hit aerosol for cockroaches,Baby & Kids|General Grocery,Fast|Fast|Fast|Slow,3,0,1,0.0263043609385367,0.013239640509077751,0.8757026655075041,28.744558751372594,1.0,6,0.0,0.023349056603773583,0.02311320754716981,0.09268867924528301,0.0,1381.06,102.3,0.7878324045431069,adaptive_fp_growth_fast_slow,1435.0,1278.76,156.24,0.0376,1381.06,102.3,0.0741
471,"1187,2814,3152,3206",4,Baby Diaper (Softlove) 4pcs /M|Baby Cheramy Shampoo 100ml|GreenLand Button Mushrooms 425g|Pears Baby Cream 100ml,Baby & Kids|General Grocery,Fast|Fast|Slow|Fast,3,0,1,0.0263043609385367,0.013219534752799729,0.8757026655075041,28.744558751372594,1.0,6,0.0002358490566037736,0.023349056603773583,0.02311320754716981,0.09245283018867924,8862.014667516149,1630.0,101.24,0.7878294564298993,adaptive_fp_growth_fast_slow,1630.0,1528.76,101.24,0.0,1630.0,101.24,0.0621
472,"1187,1613,2814,3206",4,Baby Diaper (Softlove) 4pcs /M|Bic Easy 2|Baby Cheramy Shampoo 100ml|Pears Baby Cream 100ml,Baby & Kids|General Grocery,Fast|Slow|Fast|Fast,3,0,1,0.0263043609385367,0.013219534752799729,0.8757026655075041,28.744558751372594,1.0,6,0.0,0.023349056603773583,0.02311320754716981,0.09221698113207547,0.0,873.46,64.7,0.7878265083166918,adaptive_fp_growth_fast_slow,890.0,808.76,81.24,0.0186,873.46,64.7,0.0741
473,"1187,2577,2814,3206",4,Baby Diaper (Softlove) 4pcs /M|Sun Thread  200m|Baby Cheramy Shampoo 100ml|Pears Baby Cream 100ml,Baby & Kids|General Grocery,Fast|Slow|Fast|Fast,3,0,1,0.0263043609385367,0.013219534752799729,0.8757026655075041,28.744558751372594,1.0,6,0.0,0.023349056603773583,0.02311320754716981,0.09221698113207547,0.0,776.26,57.5,0.7878265083166918,adaptive_fp_growth_fast_slow,790.0,718.76,71.24,0.0174,776.26,57.5,0.0741
474,"1187,2814,3206,3231",4,Baby Diaper (Softlove) 4pcs /M|Baby Cheramy Shampoo 100ml|Pears Baby Cream 100ml|Clorex 250ml,Baby & Kids|General Grocery,Fast|Fast|Fast|Slow,3,0,1,0.0263043609385367,0.01321953475279973,0.8757026655075041,28.744558751372594,1.0,6,0.0,0.023349056603773583,0.02311320754716981,0.09198113207547169,0.0,895.06,66.3,0.7878235602034842,adaptive_fp_growth_fast_slow,920.0,828.76,91.24,0.0271,895.06,66.3,0.0741
475,"1187,2546,2814,3206",4,Baby Diaper (Softlove) 4pcs /M|Morison Gripe Mixture 100ml|Baby Cheramy Shampoo 100ml|Pears Baby Cream 100ml,Baby & Kids|General Grocery,Fast|Slow|Fast|Fast,3,0,1,0.0263043609385367,0.013229587630938738,0.8757026655075041,28.744558751372594,1.0,6,0.0,0.023349056603773583,0.02311320754716981,0.09174528301886792,0.0,870.76,64.5,0.7878206120902767,adaptive_fp_growth_fast_slow,890.0,806.26,83.74,0.0216,870.76,64.5,0.0741
476,"1187,1945,2814,3206",4,Baby Diaper (Softlove) 4pcs /M|Sunquick Orange 330ml|Baby Cheramy Shampoo 100ml|Pears Baby Cream 100ml,Baby & Kids|General Grocery,Fast|Slow|Fast|Fast,3,0,1,0.0263043609385367,0.013219534752799729,0.8757026655075041,28.744558751372594,1.0,6,0.0,0.023349056603773583,0.02311320754716981,0.09150943396226414,0.0,1111.06,82.3,0.7878176639770691,adaptive_fp_growth_fast_slow,1160.0,1028.76,131.24,0.0422,1111.06,82.3,0.0741
477,"1187,1831,2514,2814,3206",5,Baby Diaper (Softlove) 4pcs /M|Maliban Gold Marie 75g|Pears Baby Oil (Olive Oil) 100ml|Baby Cheramy Shampoo 100ml|Pears Baby Cream 100ml,Baby & Kids|General Grocery,Fast|Slow|Fast|Fast|Fast,4,0,1,0.02630938737760621,0.015899632064660114,0.860310069315044,27.655026158245466,1.0,10,0.0,0.02429245283018868,0.02311320754716981,0.1320754716981132,0.0,908.85,67.32,0.787808302850087,adaptive_fp_growth_fast_slow,930.0,841.53,88.47,0.0227,908.85,67.32,0.0741
478,"1187,2514,2814,2996,3206",5,Baby Diaper (Softlove) 4pcs /M|Pears Baby Oil (Olive Oil) 100ml|Baby Cheramy Shampoo 100ml|E.L EGB 1L|Pears Baby Cream 100ml,Baby & Kids|General Grocery,Fast|Fast|Fast|Slow|Fast,4,0,1,0.02630938737760621,0.015875505157126487,0.860310069315044,27.655026158245466,1.0,10,0.0,0.02429245283018868,0.02311320754716981,0.1320754716981132,0.0,1167.51,86.48,0.787808302850087,adaptive_fp_growth_fast_slow,1180.0,1081.03,98.97,0.0106,1167.51,86.48,0.0741
479,"1187,2514,2814,3206,3259",5,Baby Diaper (Softlove) 4pcs /M|Pears Baby Oil (Olive Oil) 100ml|Baby Cheramy Shampoo 100ml|Pears Baby Cream 100ml|Panadol 240 Tablets,Baby & Kids|Health & Medicine,Fast|Fast|Fast|Fast|Slow,4,0,1,0.02630938737760621,0.015911695518426926,0.860310069315044,27.655026158245466,1.0,10,0.0,0.02429245283018868,0.02311320754716981,0.1320754716981132,0.0,1675.11,124.08,0.787808302850087,adaptive_fp_growth_fast_slow,1717.6,1551.03,166.57,0.0247,1675.11,124.08,0.0741
480,"1187,1191,2514,2814,3206",5,Baby Diaper (Softlove) 4pcs /M|Pampers Pants 4/S|Pears Baby Oil (Olive Oil) 100ml|Baby Cheramy Shampoo 100ml|Pears Baby Cream 100ml,Baby & Kids|General Grocery,Fast|Slow|Fast|Fast|Fast,4,0,1,0.02630938737760621,0.015875505157126484,0.860310069315044,27.655026158245466,1.0,10,0.0,0.02429245283018868,0.02311320754716981,0.13183962264150945,0.0,1081.11,80.08,0.7878059443595209,adaptive_fp_growth_fast_slow,1100.0,1001.03,98.97,0.0172,1081.11,80.08,0.0741
481,"1187,1593,2514,2814,3206",5,Baby Diaper (Softlove) 4pcs /M|My Doc Hand Sanitizer 150ml|Pears Baby Oil (Olive Oil) 100ml|Baby Cheramy Shampoo 100ml|Pears Baby Cream 100ml,Baby & Kids|General Grocery,Fast|Slow|Fast|Fast|Fast,4,0,1,0.02630938737760621,0.01588153688400989,0.860310069315044,27.655026158245466,1.0,10,0.0,0.02429245283018868,0.02311320754716981,0.13160377358490566,0.0,1145.91,84.88,0.7878035858689549,adaptive_fp_growth_fast_slow,1180.0,1061.03,118.97,0.0289,1145.91,84.88,0.0741
482,"1187,2514,2625,2814,3206",5,Baby Diaper (Softlove) 4pcs /M|Pears Baby Oil (Olive Oil) 100ml|Moldivefish (Dry) 1kg|Baby Cheramy Shampoo 100ml|Pears Baby Cream 100ml,Baby & Kids|General Grocery,Fast|Fast|Slow|Fast|Fast,4,0,1,0.02630938737760621,0.015875505157126487,0.860310069315044,27.655026158245466,1.0,10,0.0,0.02429245283018868,0.02311320754716981,0.1313679245283019,0.0,2701.11,200.08,0.7878012273783889,adaptive_fp_growth_fast_slow,2780.0,2501.03,278.97,0.0284,2701.11,200.08,0.0741
483,"1156,1187,2513,2814",4,Lifebuoy(Strong&long) 180ml|Baby Diaper (Softlove) 4pcs /M|Pears Baby Soap (Venivel) 95g|Baby Cheramy Shampoo 100ml,Baby & Kids|General Grocery,Slow|Fast|Fast|Fast,3,0,1,0.026306371514164498,0.013229587630938738,0.8755110994625734,28.730082177799012,1.0,6,0.0,0.023349056603773583,0.02311320754716981,0.09221698113207547,0.0,960.0,57.61,0.7877977734099522,adaptive_fp_growth_fast_slow,960.0,902.39,57.61,0.0,960.0,57.61,0.06
484,"1187,1921,2513,2814",4,Baby Diaper (Softlove) 4pcs /M|Surf excel (Aloevera) 500g|Pears Baby Soap (Venivel) 95g|Baby Cheramy Shampoo 100ml,Baby & Kids|General Grocery,Fast|Slow|Fast|Fast,3,0,1,0.026306371514164498,0.01322958763093874,0.8755110994625734,28.730082177799012,1.0,6,0.0,0.023349056603773583,0.02311320754716981,0.09174528301886792,0.0,596.58,44.19,0.787791877183537,adaptive_fp_growth_fast_slow,615.0,552.39,62.61,0.0299,596.58,44.19,0.0741
485,"1187,2513,2695,2814",4,Baby Diaper (Softlove) 4pcs /M|Pears Baby Soap (Venivel) 95g|Bagrry's Choco + 375g|Baby Cheramy Shampoo 100ml,Baby & Kids|General Grocery,Fast|Fast|Slow|Fast,3,0,1,0.026306371514164498,0.01322958763093874,0.8755110994625734,28.730082177799012,1.0,6,0.0,0.023349056603773583,0.02311320754716981,0.09150943396226414,0.0,1172.3,86.84,0.7877889290703295,adaptive_fp_growth_fast_slow,1235.0,1085.46,149.54,0.0508,1172.3,86.84,0.0741
486,"1187,1373,2513,2814",4,Baby Diaper (Softlove) 4pcs /M|Ninja Mosquito Control Liquid 30Nights 35ml|Pears Baby Soap (Venivel) 95g|Baby Cheramy Shampoo 100ml,Baby & Kids|General Grocery,Fast|Slow|Fast|Fast,3,0,1,0.026306371514164498,0.013259746265355773,0.8755110994625734,28.730082177799012,1.0,6,0.0,0.023349056603773583,0.02311320754716981,0.09127358490566037,0.0,828.78,61.39,0.787785980957122,adaptive_fp_growth_fast_slow,865.0,767.39,97.61,0.0419,828.78,61.39,0.0741
487,"1187,1831,2513,2514,2814",5,Baby Diaper (Softlove) 4pcs /M|Maliban Gold Marie 75g|Pears Baby Soap (Venivel) 95g|Pears Baby Oil (Olive Oil) 100ml|Baby Cheramy Shampoo 100ml,Baby & Kids|General Grocery,Fast|Slow|Fast|Fast|Fast,4,0,1,0.026310392665420113,0.01590566379154352,0.8601608454855824,27.644667403835037,1.0,10,0.0,0.02429245283018868,0.02311320754716981,0.1313679245283019,0.0,599.57,44.41,0.7877788438039696,adaptive_fp_growth_fast_slow,630.0,555.16,74.84,0.0483,599.57,44.41,0.0741
488,"1187,2513,2514,2814,3259",5,Baby Diaper (Softlove) 4pcs /M|Pears Baby Soap (Venivel) 95g|Pears Baby Oil (Olive Oil) 100ml|Baby Cheramy Shampoo 100ml|Panadol 240 Tablets,Baby & Kids|Health & Medicine,Fast|Fast|Fast|Fast|Slow,4,0,1,0.026310392665420113,0.015917727245310334,0.8601608454855824,27.644667403835037,1.0,10,0.0,0.02429245283018868,0.02311320754716981,0.1313679245283019,0.0,1365.83,101.17,0.7877788438039696,adaptive_fp_growth_fast_slow,1417.6,1264.66,152.94,0.0365,1365.83,101.17,0.0741
489,"1187,1373,2513,3206",4,Baby Diaper (Softlove) 4pcs /M|Ninja Mosquito Control Liquid 30Nights 35ml|Pears Baby Soap (Venivel) 95g|Pears Baby Cream 100ml,Baby & Kids|General Grocery,Fast|Slow|Fast|Fast,3,0,1,0.026302350362908896,0.01323964050907775,0.8740642696452201,28.630283892024103,1.0,6,0.0,0.023349056603773583,0.02311320754716981,0.09339622641509433,0.0,1051.52,77.89,0.787595489503387,adaptive_fp_growth_fast_slow,1075.0,973.63,101.37,0.0218,1051.52,77.89,0.0741
490,"1416,1655,1725,1822,1836,1853",6,Highland  Vanilla Milk 180ml|Motha Icing Sugar 250g|LankaSoy (chicken)90g|CBL Sun Cracker 95g|Maliban Ginger Biscuit 370g|CBL Ginger Biscuits 400g,"Cooking Essentials|Dairy & Chilled|Meat, Fish & Frozen|Snacks & Confectionery|Staples & Dry Groceries",Fast|Fast|Slow|Fast|Fast|Fast,5,0,1,0.024800450368940637,0.010314252970625491,0.6787622607050067,19.29874769442543,0.7333333333333333,11,0.0,0.03891509433962264,0.036556603773584904,0.18372641509433962,0.0,895.54,66.34,0.7872958642629837,adaptive_fp_growth_fast_slow,935.0,829.2,105.8,0.0422,895.54,66.34,0.0741
491,"1478,1993,2172,2280,2344,2861",6,White Sugar 1kg (Pkt)|Edinborough Lime Seasoning200ml|Wijaya Curry Powder 250g|Araliya Premium Nadu Rice 1kg|Coconut Oil 750ml (loose)|Coconut Milk 500ml,Cooking Essentials|Dairy & Chilled|General Grocery|Staples & Dry Groceries,Fast|Slow|Fast|Fast|Fast|Fast,5,0,1,0.02272942162259974,0.022157979543829115,0.5926962559998951,13.704141979829984,0.9333333333333333,14,0.0,0.03561320754716981,0.03231132075471698,0.23891509433962263,0.0,2020.68,149.68,0.7868034163874057,adaptive_fp_growth_fast_slow,2060.0,1871.0,189.0,0.0191,2020.68,149.68,0.0741
492,"1251,1478,2172,2280,2344,2861",6,Velvet 100g (Lavender)|White Sugar 1kg (Pkt)|Wijaya Curry Powder 250g|Araliya Premium Nadu Rice 1kg|Coconut Oil 750ml (loose)|Coconut Milk 500ml,Cooking Essentials|Dairy & Chilled|General Grocery|Staples & Dry Groceries,Slow|Fast|Fast|Fast|Fast|Fast,5,0,1,0.02272942162259974,0.02215367116748382,0.5926962559998951,13.704141979829984,0.9333333333333333,14,0.0,0.03561320754716981,0.03231132075471698,0.23844339622641508,0.0,1854.1,137.34,0.7867994855697956,adaptive_fp_growth_fast_slow,1862.0,1716.76,145.24,0.0042,1854.1,137.34,0.0741
493,"1082,1151,1296,1921,3057,3194",6,C.Baby Soap (floral)100g|Sunsilk Shampoo (Black)180ml|Vim Limes (Promo)|Surf excel (Aloevera) 500g|Signal Toothpaste 70g|Rexona Kohomba & Turmeric Soap 80g,Baby & Kids|Cleaning & Household|General Grocery|Personal Care,Fast|Fast|Fast|Slow|Fast|Fast,5,0,1,0.026166727897833517,0.00846086780099688,0.7720744838837148,22.321711020649712,0.7333333333333333,11,0.0,0.03537735849056604,0.033962264150943396,0.1712264150943396,0.0,945.15,70.01,0.7867427763561422,adaptive_fp_growth_fast_slow,1005.0,875.14,129.86,0.0596,945.15,70.01,0.0741
494,"1131,1416,1564,1655,1822,1836",6,Ponds BB+ 18g|Highland  Vanilla Milk 180ml|Watawala Tea 100g|Motha Icing Sugar 250g|CBL Sun Cracker 95g|Maliban Ginger Biscuit 370g,Beverages|Cooking Essentials|Dairy & Chilled|General Grocery|Snacks & Confectionery|Staples & Dry Groceries,Slow|Fast|Fast|Fast|Fast|Fast,5,0,1,0.0247990142434922,0.010319736358701313,0.6847499941949516,19.571147965573864,0.7333333333333333,11,0.0,0.03820754716981132,0.036556603773584904,0.18183962264150944,0.0,1329.67,98.49,0.7865863198839597,adaptive_fp_growth_fast_slow,1365.0,1231.18,133.82,0.0259,1329.67,98.49,0.0741
495,"1187,1831,2513,2514",4,Baby Diaper (Softlove) 4pcs /M|Maliban Gold Marie 75g|Pears Baby Soap (Venivel) 95g|Pears Baby Oil (Olive Oil) 100ml,Baby & Kids|General Grocery,Fast|Slow|Fast|Fast,3,0,1,0.0263083820897923,0.013269799143494784,0.8559196681912287,27.34198532859266,1.0,6,0.0,0.024056603773584907,0.02311320754716981,0.10070754716981133,0.0,444.31,32.91,0.7865571719267975,adaptive_fp_growth_fast_slow,470.0,411.4,58.6,0.0547,444.31,32.91,0.0741
496,"1187,1831,2514,2814",4,Baby Diaper (Softlove) 4pcs /M|Maliban Gold Marie 75g|Pears Baby Oil (Olive Oil) 100ml|Baby Cheramy Shampoo 100ml,Baby & Kids|General Grocery,Fast|Slow|Fast|Fast,3,0,1,0.026308382089792304,0.013269799143494784,0.8575507971099199,27.455260845841774,1.0,6,0.0,0.023820754716981134,0.02311320754716981,0.09929245283018868,0.0,530.85,39.32,0.7862534922079976,adaptive_fp_growth_fast_slow,560.0,491.53,68.47,0.052,530.85,39.32,0.0741
497,"1187,2514,2814,2996",4,Baby Diaper (Softlove) 4pcs /M|Pears Baby Oil (Olive Oil) 100ml|Baby Cheramy Shampoo 100ml|E.L EGB 1L,Baby & Kids|General Grocery,Fast|Fast|Fast|Slow,3,0,1,0.026308382089792304,0.013239640509077751,0.8575507971099199,27.455260845841774,1.0,6,0.0,0.023820754716981134,0.02311320754716981,0.09929245283018868,0.0,789.51,58.48,0.7862534922079976,adaptive_fp_growth_fast_slow,810.0,731.03,78.97,0.0253,789.51,58.48,0.0741
498,"1187,2514,2814,3259",4,Baby Diaper (Softlove) 4pcs /M|Pears Baby Oil (Olive Oil) 100ml|Baby Cheramy Shampoo 100ml|Panadol 240 Tablets,Baby & Kids|Health & Medicine,Fast|Fast|Fast|Slow,3,0,1,0.026308382089792304,0.013289904899772803,0.8575507971099199,27.455260845841774,1.0,6,0.0,0.023820754716981134,0.02311320754716981,0.09929245283018868,0.0,1297.11,96.08,0.7862534922079976,adaptive_fp_growth_fast_slow,1347.6,1201.03,146.57,0.0375,1297.11,96.08,0.0741
499,"1187,1191,2514,2814",4,Baby Diaper (Softlove) 4pcs /M|Pampers Pants 4/S|Pears Baby Oil (Olive Oil) 100ml|Baby Cheramy Shampoo 100ml,Baby & Kids|General Grocery,Fast|Slow|Fast|Fast,3,0,1,0.026308382089792304,0.01323964050907775,0.8575507971099199,27.455260845841774,1.0,6,0.0,0.023820754716981134,0.02311320754716981,0.09905660377358491,0.0,703.11,52.08,0.78625054409479,adaptive_fp_growth_fast_slow,730.0,651.03,78.97,0.0368,703.11,52.08,0.0741
500,"1187,1593,2514,2814",4,Baby Diaper (Softlove) 4pcs /M|My Doc Hand Sanitizer 150ml|Pears Baby Oil (Olive Oil) 100ml|Baby Cheramy Shampoo 100ml,Baby & Kids|General Grocery,Fast|Slow|Fast|Fast,3,0,1,0.026308382089792304,0.01324969338721676,0.8575507971099199,27.455260845841774,1.0,6,0.0,0.023820754716981134,0.02311320754716981,0.09882075471698114,0.0,767.91,56.88,0.7862475959815824,adaptive_fp_growth_fast_slow,810.0,711.03,98.97,0.052,767.91,56.88,0.0741
