product_id,product_name,category,cost_price,retail_price
1000,signal strong teeth 40g,General Grocery,50.9,56.0
1001,Pears Baby Soap (Active)100g,Baby & Kids,60.0,67.0
1002,Signal Strong Teeth 70g,General Grocery,80.9,93.0
1003,Signal Strong Teeth 120g,General Grocery,115.0,124.0
1004,Signal Strong Teeth (value pack),General Grocery,150.0,165.0
1005,Signal Herbal 40g,General Grocery,49.09,54.0
1006,Signal Herbal 70g,General Grocery,82.0,89.0
1007,Signal Herbal 160g,General Grocery,132.0,145.0
1008,Signal 123 40g,General Grocery,60.0,65.0
1009,Signal 123 70g,General Grocery,90.0,100.0
1010,Signal 123 120g,General Grocery,135.0,150.0
1011,Closeup Red 30g,General Grocery,50.0,55.0
1012,Closeup Red 120g,General Grocery,152.0,165.0
1013,Closeup Blue 30g,General Grocery,50.0,55.0
1014,Closeup Blue 120g,General Grocery,154.55,170.0
1015,Closeup Black 120g,General Grocery,152.0,165.0
1017,Clogard 70g,General Grocery,180.0,200.0
1018,Clogard 120g,General Grocery,230.0,240.0
1019,Clogard 160g,General Grocery,128.0,145.0
1020,Clogard (natural salt)70g,Staples & Dry Groceries,80.0,87.0
1021,Clogard (natural salt) 120g,Staples & Dry Groceries,110.0,124.0
1023,Sensodyne 40g,General Grocery,200.0,210.0
1024,Sensodyne75g,General Grocery,354.55,390.0
1025,ayush whitening 40g,General Grocery,60.0,65.0
1026,ayush anti cavity 40g,General Grocery,60.0,65.0
1027,ayush anti cavity 70g,General Grocery,91.0,105.0
1028,Clogard Chooty 40g,General Grocery,100.0,110.0
1029,Kekulu 40g,General Grocery,91.0,100.0
1030,Supirivicky 40g,General Grocery,50.0,55.0
1031,Supirivicky mild 70g,General Grocery,81.0,90.0
1032,Supirivicky mild 110g,General Grocery,108.0,120.0
1033,Sudantha 45g,General Grocery,64.0,70.0
1034,Sudantha 80g,General Grocery,91.0,100.0
1035,Baby Cheramy Cottonbuds,Baby & Kids,92.0,100.0
1036,Baby Cheramy Baby Talc 100g,Baby & Kids,92.0,105.0
1037,Baby Cheramy Baby Cream 100ml,Baby & Kids,325.6,370.0
1038,Baby Cheramy Floral Cream 100ml,Baby & Kids,370.0,380.0
1039,Baby Cheramy Herbal Cream 100ml,Baby & Kids,140.0,155.0
1040,Baby Cheramy Baby Cream 50ml,Baby & Kids,162.8,185.0
1041,Baby Cheramy Floral Cream50ml,Baby & Kids,162.8,185.0
1042,Baby Cheramy Herbal Cream 50ml,Baby & Kids,82.0,90.0
1043,Baby Cheramy Oil 100ml,Baby & Kids,420.0,470.0
1044,Baby Cheramy Oil 50ml,Baby & Kids,228.8,260.0
1045,Baby Cheramy Cologne 50ml,Baby & Kids,144.38,165.0
1046,Silicon Teat (s),General Grocery,92.0,100.0
1047,Silicon Teat (s) new,General Grocery,108.0,120.0
1048,Silicon Teat (M),General Grocery,92.0,100.0
1049,Lacto Calamine powder 70g,General Grocery,320.0,360.0
1050,Lacto Calamine Lotion 100ml,Personal Care,340.0,370.0
1051,Lacto Cream 43g,Personal Care,155.0,170.0
1052,Feeding Bottle 240ml(blue),General Grocery,300.0,330.0
1054,Feeding Bottle 240ml (Blue),General Grocery,290.0,315.0
1055,Feeding Bottle 240ml (Rose),General Grocery,290.0,315.0
1058,Feeding Bottle 120ml (Blue),General Grocery,280.0,295.0
1059,Feeding Bottle 120ml (Rose),General Grocery,280.0,295.0
1060,P.Baby Cologne (magic) 50ml,Baby & Kids,155.0,170.0
1061,P.Baby Cologne (magic) 100ml,Baby & Kids,280.0,300.0
1062,P.Baby Cologne (Active)50ml,Baby & Kids,155.0,170.0
1063,P.Baby Cologne (Bedtime)100ml,Baby & Kids,280.0,300.0
1064,P.Baby Cream (Floral) 200ml,Baby & Kids,227.07,260.0
1065,P.Baby Cream (Floral) 100ml,Baby & Kids,150.0,165.0
1066,P.Baby Cream (Active) 200ml,Baby & Kids,225.0,250.0
1067,P.Baby Cream (Active) 100ml,Baby & Kids,150.0,165.0
1068,P.Baby Cream (Bedtime) 50ml,Baby & Kids,82.0,90.0
1069,P.Baby Cream (Bedtime) 100ml,Baby & Kids,140.0,170.0
1070,P.Baby Talc 90g,Baby & Kids,92.0,100.0
1071,K. Baby Cologne (venivel) 50ml,Baby & Kids,155.0,170.0
1072,K. Baby Cologne (herbal) 50ml,Baby & Kids,155.0,170.0
1073,Panda Baby Cologne 50ml,Baby & Kids,150.0,160.0
1074,Panda Baby Cream 100ml,Baby & Kids,150.0,165.0
1075,P. Baby Shampoo 100ml,Baby & Kids,115.0,125.0
1076,P. Baby Bodywash 100ml,Baby & Kids,135.0,150.0
1077,P. Baby Soap (Babytime) 100g,Baby & Kids,67.27,74.0
1078,P. Baby Soap (Aloe/Neem) 100g,Baby & Kids,60.0,67.0
1079,P. Baby Soap (Herbal) 100g,Baby & Kids,67.27,74.0
1080,P. Baby Soap (Active) 95g /4,Baby & Kids,240.9,265.0
1081,P. Baby Soap (Pure) 95g / 4,Baby & Kids,245.0,265.0
1082,C.Baby Soap (floral)100g,Baby & Kids,63.35,70.0
1083,C.Baby Soap (floral) 75g / 5,Baby & Kids,220.0,240.0
1084,C.Baby Soap (Almond) 100g,Baby & Kids,67.88,75.0
1085,C.Baby Soap (Almond) 75g / 5,Baby & Kids,220.0,265.0
1086,C.Baby Soap (Pokuru wada) 100g / 4,Baby & Kids,220.0,240.0
1087,C.Baby Soap (Kohomba) 100g / 4,Baby & Kids,220.0,240.0
1088,C.Baby Soap (Pichcha) 125g,Baby & Kids,68.0,75.0
1089,C.Baby Soap (Pokuruwada) 125g,Baby & Kids,72.4,80.0
1090,C.Baby Soap (Kohomba) 125g,Baby & Kids,68.0,75.0
1091,K. Baby Soap (Avocado) 90g,Baby & Kids,62.0,67.0
1092,K. Baby Soap (Avocado) 5pcs,Baby & Kids,220.0,235.0
1093,K. Baby Soap (Venivel) 90g,Baby & Kids,62.0,67.0
1094,K. Baby Soap (Venivel) 5pcs,Baby & Kids,220.0,235.0
1095,K. Baby Soap (Floral) 90g,Baby & Kids,62.0,67.0
1096,K. Baby Soap (Floral) 5pcs,Baby & Kids,220.0,235.0
1097,K. Baby Soap (Herbal) 90g,Baby & Kids,62.0,67.0
1098,Rathmal Baby Soap 75g,Baby & Kids,55.0,60.0
1099,Rathmal Baby Soap 75g / 5,Baby & Kids,230.0,250.0
1100,Delum Baby Soap 75g,Baby & Kids,55.0,60.0
1101,Kekulu Soap 70g,Personal Care,45.0,50.0
1102,Baby Milk Soap 75g,Baby & Kids,92.0,100.0
1103,Ben10 Baby cologne 100ml,Baby & Kids,245.0,265.0
1104,AXE Body Perfume,Personal Care,225.0,250.0
1106,B K After Shave 50ml,General Grocery,320.0,340.0
1107,B K Hair Gel,Personal Care,200.0,220.0
1110,Kumarika Hair Oil 50ml,Personal Care,72.0,80.0
1114,Kesha Hair oil (jasmine) 100ml,Personal Care,160.0,175.0
1115,Nerralu Hiar oil 100ml,Cooking Essentials,161.43,180.0
1116,7Oil,General Grocery,189.0,210.0
1117,7Oil Black Seed 50ml,General Grocery,100.0,110.0
1118,Silicone oil 50ml,Cooking Essentials,280.0,310.0
1119,Silicone oil 25ml,Cooking Essentials,180.0,195.0
1120,Axe oil 3ml,Cooking Essentials,105.0,120.0
1121,Axe oil 5ml,Cooking Essentials,180.0,200.0
1122,Vaseline Sun+ 100ml,General Grocery,864.62,990.0
1123,Vaseline Cocoa 100ml,General Grocery,810.0,820.0
1125,Vaseline Healthy 100ml,General Grocery,215.0,240.0
1126,Vaseline Healthy 200ml,General Grocery,395.0,430.0
1127,Vaseline Deep 100ml,General Grocery,371.17,425.0
1128,Vaseline Intensive care 300ml,General Grocery,498.0,545.0
1129,Vaseline Advanced 300ml,General Grocery,750.0,850.0
1131,Ponds BB+ 18g,General Grocery,420.0,460.0
1132,Ponds BB+ 9g,General Grocery,260.0,290.0
1133,Ponds White Beauty 23g,General Grocery,215.0,240.0
1134,Fair&Lovely Ayurvedic 25g,General Grocery,215.0,240.0
1135,Glow & Lovely (malti vitamin)25g,Health & Medicine,205.0,225.0
1136,Glow & Handsome Cream 25g,Personal Care,218.34,250.0
1138,Glow & Handsome Facewash 50g,General Grocery,233.33,280.0
1139,ayush Face Cream 25g,Personal Care,240.0,270.0
1140,ayush Face Wash 50g,Cleaning & Household,216.66,260.0
1141,ayush Face Wash 80g,Cleaning & Household,370.83,445.0
1142,Fair & Lovely Facewash 50g,General Grocery,220.0,250.0
1145,Sunsilk Shampoo (Thick)80ml,Personal Care,145.0,160.0
1146,Sunsilk Shampoo (Coconut)80ml,Personal Care,160.0,180.0
1147,Sunsilk Shampoo (Almond)80ml,Personal Care,160.0,180.0
1148,Sunsilk Shampoo (Black)80ml,Personal Care,160.0,160.0
1149,Sunsilk Shampoo (Thick)180ml,Personal Care,210.0,240.0
1150,Sunsilk Shampoo (Long)180ml,Personal Care,210.0,240.0
1151,Sunsilk Shampoo (Black)180ml,Personal Care,201.79,265.0
1152,Sunsilk Shampoo (Green Tea)180ml,Personal Care,275.0,300.0
1153,Sunsilk Shampoo (Almond)180ml,Personal Care,275.0,300.0
1154,Sunsilk Conditioner 80ml,Personal Care,145.0,160.0
1155,Lifebuoy(Strong&long) 80ml,General Grocery,115.0,130.0
1156,Lifebuoy(Strong&long) 180ml,General Grocery,510.0,520.0
1157,Lifebuoy(anti dandruff)80ml,General Grocery,270.0,300.0
1158,Lifebuoy(anty dandruff)175ml,General Grocery,210.76,235.0
1159,Lifebuoy(Herbal)80ml,General Grocery,115.0,130.0
1160,Lifebuoy(Strong&Thick)175ml,General Grocery,190.0,215.0
1161,Clear Shampoo (Soft care)80ml,Personal Care,165.92,185.0
1162,Clear Shampoo (Soft care)180ml,Personal Care,280.0,310.0
1163,Clear Shampoo (Ice Cool)180ml,Personal Care,291.48,325.0
1164,Clear Shampoo (Men)80ml,Personal Care,180.0,195.0
1165,Dove Shampoo (Intense) 80ml,Personal Care,180.0,200.0
1166,Dove Shampoo (Intense) 180ml,Personal Care,280.0,315.0
1167,Dove Shampoo (Hair Fall) 80ml,Personal Care,180.0,200.0
1168,Gotukola Shampoo 80ml,Personal Care,190.0,210.0
1169,Head & Shoulders 70ml,General Grocery,200.0,230.0
1170,L'Oreal Shampoo 82ml,Personal Care,260.0,290.0
1171,Dreamron Facial Wash,Cleaning & Household,260.0,290.0
1172,Lifebuoy Bodywash (Green Tea) 100ml,Beverages,90.0,99.0
1173,Lifebuoy Bodywash (Charcoal)100ml,General Grocery,90.0,99.0
1174,Velvet Bodywash (Rose & Milk)140ml,Dairy & Chilled,190.0,210.0
1175,Veet Normal Skin 25g,General Grocery,180.0,200.0
1176,Veet Normal Skin 50g,General Grocery,255.0,280.0
1177,Veet Sensitive Skin 25g,General Grocery,180.0,200.0
1178,Veet Dry Skin 25g,General Grocery,180.0,200.0
1179,Voodoo Talc 100g,General Grocery,105.0,135.0
1180,Smart Pants (Softlove) 1pcs /L,General Grocery,40.0,45.0
1181,Smart Pants (Softlove) 4pcs / M,General Grocery,190.0,260.0
1182,Smart Pants (Softlove) 1pcs / XL,General Grocery,40.0,45.0
1183,Smart Pants (Softlove) 4pcs / L,General Grocery,190.0,225.0
1184,Smart Pants (Softlove) 9pcs /M,General Grocery,500.0,565.0
1185,Baby Diaper (Softlove) 5pcs /NB,Baby & Kids,170.0,190.0
1186,Baby Diaper (Softlove) 5pcs / S,Baby & Kids,185.0,210.0
1187,Baby Diaper (Softlove) 4pcs /M,Baby & Kids,185.0,210.0
1188,Baby Diaper (Softlove) 4pcs /L,Baby & Kids,185.0,210.0
1189,Baby Diaper (Softlove) 3pcs /XL,Baby & Kids,160.0,180.0
1190,Baby Diaper (Softlove) 1pcs /S,Baby & Kids,40.0,45.0
1191,Pampers Pants 4/S,General Grocery,200.0,220.0
1192,Pampers Pants 4 / L,General Grocery,215.0,240.0
1193,Pampers Pants 4/M,General Grocery,210.0,230.0
1194,Huggies Pants 5/M,General Grocery,250.0,280.0
1195,Eva Cotton Feel Wings 1p,General Grocery,12.0,15.0
1196,Eva Cotton Feel Wings 10p,General Grocery,145.0,165.0
1197,Eva Cotton Feel Wings 20p,General Grocery,262.22,295.0
1198,Eva Dritex Wings 1p,General Grocery,12.0,15.0
1199,Eva Dritex Wings 10p,General Grocery,140.0,155.0
1200,Eva Dritex Wings 20p,General Grocery,271.11,305.0
1201,Fems Ultra Dry 10p,General Grocery,142.22,160.0
1202,Fems Cotton Feel  10p,General Grocery,124.44,145.0
1203,Fems Superior 8p,General Grocery,151.1,170.0
1204,Whisper Regular flow 10p,General Grocery,185.0,210.0
1205,Whisper Regular flow 20p,General Grocery,325.0,360.0
1206,Whisper Heavy flow 8p,General Grocery,185.0,210.0
1207,O B,General Grocery,550.0,700.0
1208,Flora Tissue 15s,General Grocery,59.0,70.0
1209,Flora Wet Wipes 10s,General Grocery,251.0,295.0
1210,Flora Facial Tissue 160s,General Grocery,404.0,475.0
1211,Flora Paper Serviettes 50s,General Grocery,175.0,200.0
1212,Flora Paper Serviettes 100s,General Grocery,336.0,395.0
1213,Flora Paper Towels,General Grocery,680.0,695.0
1214,Flora Straws,General Grocery,115.0,130.0
1215,Flora Plastic Cups,General Grocery,72.0,85.0
1216,Flora Toothpicks 500nos,General Grocery,251.0,295.0
1217,Flora Toothpicks 200nos,General Grocery,75.0,85.0
1218,Flora Paper Cups 12's,General Grocery,80.0,90.0
1219,Flora Paper Cups 10's,General Grocery,80.0,90.0
1220,Flora Paper Plates 10nos,General Grocery,110.0,130.0
1221,N/S Facial Wash 50ml (Carrot),Cleaning & Household,157.0,175.0
1222,N/S Facial Wash 50ml (Papaya),Cleaning & Household,157.0,175.0
1223,N/S Facial Wash 50ml (Kohomba-Kaha),Cleaning & Household,145.0,160.0
1224,N/S Facial Wash 50ml (Cucumber),Cleaning & Household,157.0,175.0
1225,N/S Facial Wash 100ml (Carrot),Cleaning & Household,280.5,330.0
1226,N/S Facial Wash 100ml (Papaya),Cleaning & Household,265.0,300.0
1227,N/S Facial Wash 100ml (Cucumber),Cleaning & Household,280.5,330.0
1228,N/S Body Lotion 50ml (Papaya),Personal Care,97.75,115.0
1229,N/S Body Lotion 50ml (Avocado),Personal Care,148.75,175.0
1230,N/S Body Lotion 50ml (Carrot),Personal Care,97.75,115.0
1231,N/S Body Lotion 50ml (Aloevera),Personal Care,97.75,115.0
1232,N/S Aloe 94% Gel 100ml,General Grocery,560.0,620.0
1233,N/S Aloe 94% Gel 50ml,General Grocery,289.0,340.0
1234,N/S Godapara Shampoo 40ml,Personal Care,59.5,70.0
1235,Dandex Cooling+ 40ml,General Grocery,45.0,65.0
1236,Dandex Nourished Shine 40ml,General Grocery,45.0,65.0
1237,Dandex Anti Hair Fall 40ml,Personal Care,45.0,50.0
1238,Rexona Men V8,General Grocery,376.88,450.0
1239,Rexona Men Quantum Dry 25ml,General Grocery,225.0,250.0
1240,Rexona Aloevera 25ml,General Grocery,225.0,250.0
1241,Rexona Powder Dry 25ml,General Grocery,225.0,250.0
1242,Dreamron Deo Roll On (Fresco),General Grocery,175.0,199.0
1243,Dreamron Deo Roll On (Charm),General Grocery,175.0,199.0
1244,Dreamron Deo Roll On (Aqua),General Grocery,175.0,199.0
1245,Rexona Men Ice Cool 25ml,General Grocery,225.0,250.0
1246,Velvet 100g (Sandalwood),General Grocery,59.0,65.0
1247,Velvet 100g (Jasmine),General Grocery,65.76,72.0
1248,Velvet 100g (Honey & Yoghurt),Dairy & Chilled,65.76,72.0
1249,Velvet 100g (Kohomba & Aloe),General Grocery,59.0,65.0
1250,Velvet 100g (Milk & Almond),Dairy & Chilled,59.0,65.0
1251,Velvet 100g (Lavender),General Grocery,65.76,72.0
1252,Chandanalepa Beauty Bar 100g,General Grocery,300.0,330.0
1253,Chandanalepa Herbal Cream 12g,Personal Care,200.0,250.0
1254,Chandanalepa Herbal Cream 20g,Personal Care,195.0,230.0
1255,ReeBonn Papaya Bodywash 100g,General Grocery,132.0,150.0
1256,Champion (Red Energy) 90g,General Grocery,51.88,60.0
1257,ayush Aloevera 100g,General Grocery,68.0,75.0
1258,ayush Saffron 100g,General Grocery,68.0,75.0
1259,LUX Aloevera & Camellia 100g,General Grocery,62.0,70.0
1260,LUX Sweet Temptation 100g,Snacks & Confectionery,58.0,65.0
1261,LUX Rose & Vitamin E 100g,Health & Medicine,72.0,80.0
1262,LUX Soft Touch 100g,General Grocery,58.0,65.0
1263,LUX Nature Pure 100g,General Grocery,58.0,65.0
1264,LUX Sandal & Cream 100g,Personal Care,61.81,68.0
1265,Misumi Soap 90g,Personal Care,60.83,65.0
1266,Lifebuoy Mild Care 100g,General Grocery,48.0,53.0
1267,Lifebuoy Herbal 100g,General Grocery,48.0,53.0
1268,Lifebuoy Lemon Fresh 100g,General Grocery,64.19,70.0
1270,Lifebuoy Turmeric 100g,Cooking Essentials,57.77,63.0
1271,Lifebuoy Total 10 100g,General Grocery,48.0,53.0
1272,Lifebuoy Total 10 50g,General Grocery,28.0,32.0
1273,Kingdo 110g,General Grocery,45.0,50.0
1274,Sunlight  (Lemon)115g,Cleaning & Household,55.21,60.0
1275,Sunlight ( Lime & Orange) 115g,Cleaning & Household,46.0,50.0
1276,Sunlight  (Care) 115g,Cleaning & Household,46.0,50.0
1277,Sunlight  (Care Pearls) 115g,Cleaning & Household,46.0,50.0
1278,Sunlight  (Nil Manel) 115g,Cleaning & Household,55.21,60.0
1279,Sunlight  (Promo),Cleaning & Household,160.11,204.0
1280,Lifebuoy (Promo),General Grocery,170.0,188.0
1281,Lifebuoy Mild Care 200g,General Grocery,90.0,96.0
1282,Health Soap 75g,Personal Care,52.0,60.0
1283,Shield 100g,General Grocery,48.0,53.0
1284,Khomba,General Grocery,72.73,80.0
1285,Rani Sandalwood,General Grocery,72.73,80.0
1286,Namal Soap,Personal Care,45.0,50.0
1287,Aththora Soap,Personal Care,45.0,50.0
1288,Senola Soap,Personal Care,45.0,50.0
1289,Aroma Bathing Bar 24pcs,General Grocery,225.0,240.0
1290,Khomba 70g/5,General Grocery,218.18,240.0
1291,Rani Sandalwood 70g/5,General Grocery,215.0,235.0
1292,Vim Limes 100g,Cleaning & Household,60.0,70.0
1293,Vim Lemon &Mint 100g,Cleaning & Household,21.0,25.0
1294,Vim Anti Bacterial 100g,Cleaning & Household,21.0,25.0
1295,Vim Limes 200g,Cleaning & Household,120.0,135.0
1296,Vim Limes (Promo),Cleaning & Household,170.0,180.0
1297,Vim Limes 400g,Cleaning & Household,255.0,265.0
1298,Vim Powder 650g,Cleaning & Household,300.0,400.0
1299,Vim Floor Cleaner 200ml,Cleaning & Household,90.0,105.0
1300,Vim Dishwash 250ml,Cleaning & Household,131.81,145.0
1301,Vim Dishwash 500ml,Cleaning & Household,204.54,270.0
1302,Vim Dishwash (Extra+) 500ml,Cleaning & Household,200.0,230.0
1304,Clorex  500ml,General Grocery,185.0,220.0
1305,Dash Car Wash  500ml,Cleaning & Household,408.0,480.0
1306,Britol Tile Cleaner 500ml,Cleaning & Household,165.0,185.0
1307,BIO Clean (Floral) 200ml,General Grocery,104.54,115.0
1308,BIO Clean (Aqua) 200ml,General Grocery,104.54,115.0
1309,BIO Clean (Aqua) 500ml,General Grocery,185.0,215.0
1310,BIO Clean (Citrus) 500ml,General Grocery,204.55,225.0
1311,BIO Clean (Floral) 500ml,General Grocery,204.55,225.0
1312,BIO Clean (Tile Cleaner) Floral,Cleaning & Household,200.0,230.0
1313,BIO Clean (Tile Cleaner) Cinnamon,Cleaning & Household,200.0,230.0
1314,BIO Clean (Tile Cleaner) Kohomba,Cleaning & Household,200.0,230.0
1315,Lysol Pine 200ml,General Grocery,110.0,125.0
1316,Lysol Pine 500ml,General Grocery,450.0,500.0
1317,Lysol Citronella 200ml,General Grocery,110.0,125.0
1318,Lysol Citronella 500ml,General Grocery,218.18,240.0
1319,Lysol Floral 200ml,General Grocery,118.18,130.0
1320,Lysol Floral 500ml,General Grocery,218.18,240.0
1321,Lysol Lavender 200ml,General Grocery,110.0,125.0
1322,Lysol Lavender 500ml,General Grocery,218.18,240.0
1323,Lysol Citrus 200ml,General Grocery,110.0,125.0
1324,Lysol Jasmine 500ml,General Grocery,200.0,230.0
1325,Harpic Fresh 200ml,Cleaning & Household,85.0,95.0
1326,Harpic Fresh 500ml,Cleaning & Household,190.0,215.0
1327,Harpic Floral 200ml,Cleaning & Household,100.0,110.0
1328,Harpic Floral 500ml,Cleaning & Household,450.0,480.0
1329,Harpic Power Plus 200ml,Cleaning & Household,100.0,110.0
1330,Harpic Power Plus 500ml,Cleaning & Household,425.0,430.0
1331,Harpic Citrus 200ml,Cleaning & Household,85.0,95.0
1332,Harpic Citrus 500ml,Cleaning & Household,190.0,215.0
1333,Harpic Bathroom Cleaner 500ml,Cleaning & Household,195.0,220.0
1334,Britol Grout Cleaner 500ml,Cleaning & Household,185.0,210.0
1335,Teepol Dishwash Gel (Lime) 500ml,General Grocery,350.0,380.0
1336,Dettol  60ml,General Grocery,200.0,210.0
1337,Dettol 110ml,General Grocery,135.0,150.0
1338,Dettol 210ml,General Grocery,245.0,270.0
1339,Dettol 500ml,General Grocery,1000.0,1150.0
1340,Dettol  1L,General Grocery,795.0,850.0
1341,Jasmine Soap,Personal Care,50.0,60.0
1342,Dettol (Orange Burst) 70g,General Grocery,60.0,65.0
1343,Dettol (Lasting Fresh) 70g,General Grocery,58.57,65.0
1344,Dettol (Cool) 70g,General Grocery,120.0,135.0
1345,Dettol (Skincare) 70g,General Grocery,58.57,65.0
1346,Dettol (Original) 70g,General Grocery,60.0,65.0
1347,Dettol (Original) 110g,General Grocery,70.0,78.0
1348,Air Wick Lavender 475ml,General Grocery,800.0,830.0
1349,Air Wick Green Apple 475ml,General Grocery,350.0,380.0
1350,Air Wick Jasmine 475ml,General Grocery,750.0,830.0
1351,Air Wick Rose 475ml,General Grocery,770.0,830.0
1352,Air Wick Lavender (4in1) 50g,General Grocery,195.0,225.0
1353,Air Wick Rose Dew (4in1) 50g,General Grocery,204.54,225.0
1354,aer Pocket (power) 10g,General Grocery,140.0,150.0
1355,aer Pocket (pteal) 10g,General Grocery,140.0,150.0
1356,aer Pocket (morning) 10g,General Grocery,140.0,150.0
1357,aer Pocket (violet) 10g,General Grocery,140.0,150.0
1358,aer Pocket (bright) 10g,General Grocery,140.0,150.0
1359,aer Pocket (fresh) 10g,General Grocery,140.0,150.0
1360,aer Pocket (berry) 10g,General Grocery,140.0,150.0
1361,aer Pocket (floral) 10g,General Grocery,140.0,150.0
1362,Colin Glass Cleaner 250ml,Cleaning & Household,163.0,178.0
1363,Mortein Fast Kill 250ml,General Grocery,333.39,400.0
1364,Mortein Fast Kill 600ml,General Grocery,625.0,665.0
1365,Mortein Flying Insect Killer 250ml,General Grocery,362.0,385.0
1366,Ninja Protector 300ml,General Grocery,368.0,395.0
1367,Mortein Mosquito Control Liquid 25ml,General Grocery,400.0,455.0
1368,Mortein Mosquito Control Liquid 35ml,General Grocery,440.0,490.0
1369,Mortein Mosquito Control Liquid 45ml,General Grocery,245.0,270.0
1371,Mortein Mosquito Control Liquid+Machine,General Grocery,750.0,830.0
1372,Mortein Rat Kill 25g,General Grocery,100.0,130.0
1373,Ninja Mosquito Control Liquid 30Nights 35ml,General Grocery,375.0,425.0
1374,Ninja Mosquito Control Liquid+Machine,General Grocery,700.0,750.0
1375,Ninja Power 10,General Grocery,170.0,180.0
1376,HitLine Chalk,General Grocery,72.0,80.0
1377,Good knight Advanced,General Grocery,750.0,830.0
1378,Siddhalepa Balm 5g,Health & Medicine,54.0,60.0
1379,Siddhalepa Balm 10g,Health & Medicine,94.5,105.0
1380,Siddhalepa Balm 15g,Health & Medicine,139.5,155.0
1381,Siddhalepa Balm 25g,Health & Medicine,202.5,225.0
1382,Siddhalepa Balm 50g,Health & Medicine,315.0,350.0
1383,Siddhalepa Inhaler,Health & Medicine,67.0,75.0
1384,Siddhalepa Lakpeyawa,Health & Medicine,150.0,180.0
1385,Siddhalepa Cough Syrup 200ml,Health & Medicine,250.0,280.0
1386,Siddhalepa Neelyadi Oil 100ml,Health & Medicine,250.0,280.0
1387,Siddhalepa Peenas Thailaya 100ml,Health & Medicine,260.0,300.0
1388,Iodex Balm 2.5g,Health & Medicine,31.0,35.0
1389,Iodex Balm 5g,Health & Medicine,60.0,65.0
1390,Iodex Balm 9g,Health & Medicine,150.0,190.0
1391,Iodex Headfast 4g,General Grocery,65.0,75.0
1392,Vicks VapoRub 10ml,General Grocery,90.0,100.0
1393,Vicks Inhaler  0.5ml,Health & Medicine,88.0,95.0
1394,S P Balm 3g,Health & Medicine,25.0,30.0
1395,S P Balm 7g,Health & Medicine,65.0,75.0
1396,Link Samahan 10pkt,Health & Medicine,225.0,300.0
1397,Link Paspanguwa 23g,General Grocery,85.0,100.0
1398,Siddhalepa Asamodagam 385ml,Health & Medicine,95.0,110.0
1399,Kellogg's Oats 200g,Staples & Dry Groceries,176.0,200.0
1400,Kellogg's Oats 450g,Staples & Dry Groceries,374.0,425.0
1403,Kellogg's Chocos 26g,General Grocery,36.0,40.0
1404,Kellogg's Chocos 110g,General Grocery,230.0,260.0
1405,Prima White Bread 500g,General Grocery,445.5,495.0
1406,Prima Crust Top Bread 400g,General Grocery,157.5,200.0
1407,Prima Family Bread 300g,General Grocery,175.0,190.0
1408,Prima Wholemeal Bread 350g,General Grocery,342.0,370.0
1409,Prima Burger Bun 130g,"Meat, Fish & Frozen",188.0,200.0
1410,Prima Tea Bun 75g,Beverages,52.15,60.0
1411,Prima Cream Bun 70g,Personal Care,52.15,60.0
1412,Prima Cream Bun Chocolate (3in1),Personal Care,132.0,140.0
1413,Prima Cream Bun Vanilla (3in1),Personal Care,135.0,140.0
1414,Tipi Tip Onion 13g,General Grocery,35.0,40.0
1415,Tipi Tip Onion 50g,General Grocery,88.0,100.0
1416,Highland  Vanilla Milk 180ml,Dairy & Chilled,80.0,100.0
1417,Highland Fresh Milk 450ml,Dairy & Chilled,180.0,200.0
1418,Highland Fresh Milk 900ml,Dairy & Chilled,340.0,380.0
1419,Highland Butter (Salted) 200g,Dairy & Chilled,970.0,1100.0
1420,Highland Butter (Unsalted) 200g,Dairy & Chilled,1180.0,1200.0
1421,Highland Set Yoghurt  90g,Dairy & Chilled,53.5,70.0
1422,Highland Milk Powder 400g,Dairy & Chilled,364.15,470.0
1423,Highland Milk Powder (Low Fat) 400g,Dairy & Chilled,380.0,380.0
1424,Ambewela Fresh Milk 200ml,Dairy & Chilled,110.0,130.0
1425,Ambewela Fresh Milk 1L,Dairy & Chilled,450.0,520.0
1426,Ambewela Fresh Milk (vanilla) 1L,Dairy & Chilled,500.0,550.0
1428,Ambewela Fresh Milk (non-fat) 1L,Dairy & Chilled,475.0,520.0
1429,Daily Chocolate milk 180ml,Dairy & Chilled,110.0,130.0
1430,Daily Vanilla milk 180ml,Dairy & Chilled,110.0,130.0
1431,Daily Iced Coffee 180ml,Beverages,58.5,65.0
1432,Daily Faluda milk 180ml,Dairy & Chilled,110.0,130.0
1434,My Juicee 180ml (Apple),General Grocery,100.0,120.0
1435,Kotmale Fresh Milk 1L,Dairy & Chilled,240.0,270.0
1436,Kotmale Vanilla milk 170ml,Dairy & Chilled,80.0,100.0
1437,Kotmale Chocolate milk 170ml,Dairy & Chilled,44.0,50.0
1438,Kotmale Cheese wedges 60g,Dairy & Chilled,145.0,160.0
1439,Kotmale Cheese wedges 120g,Dairy & Chilled,550.0,560.0
1440,Happy Cow Cheese 120g,Dairy & Chilled,800.0,840.0
1441,Happy Cow Alpine 150g,General Grocery,1300.0,1440.0
1442,Rich Life Cheese Wedges 120g,Dairy & Chilled,540.0,560.0
1443,Rich Life Set Yoghurt 500g,Dairy & Chilled,350.0,380.0
1444,Rich Life Set Yoghurt 950g,Dairy & Chilled,600.0,650.0
1445,Rich Life Set Kiri 500g,General Grocery,350.0,400.0
1446,Rich Life Set Kiri 900g,General Grocery,600.0,700.0
1447,R.L Drinking Yoghurt (vanilla),Dairy & Chilled,120.0,150.0
1448,A. Drinking Yoghurt (vanilla),Dairy & Chilled,140.0,160.0
1449,Milo Drink 180ml,Beverages,115.0,130.0
1450,Nescafe Ice Coffee 180ml,Beverages,130.0,150.0
1451,Sustagen 400g,General Grocery,3521.45,3900.0
1452,Anlene (Low fat milk powder) 400g,Dairy & Chilled,553.35,595.0
1453,Bonlac (Non-fat) 400g,General Grocery,415.0,565.0
1454,Anchor Milk Powder 400g,Dairy & Chilled,1100.0,1150.0
1455,Anchor Milk Powder 1kg,Dairy & Chilled,1146.0,1195.0
1456,Ratthi Milk Powder 75g,Dairy & Chilled,71.18,75.0
1457,Ratthi Milk Powder 160g,Dairy & Chilled,140.0,150.0
1459,Ratthi Milk Powder 400g,Dairy & Chilled,1000.0,1150.0
1460,Ratthi Milk Powder 1kg,Dairy & Chilled,2800.0,2990.0
1461,Maliban Milk  Powder 150g,Dairy & Chilled,130.0,140.0
1462,Maliban Milk  Powder 400g,Dairy & Chilled,465.0,480.0
1463,Maliban Milk  Powder 1kg,Dairy & Chilled,897.0,945.0
1464,Lakspray Milk Powder 400g,Dairy & Chilled,361.0,380.0
1465,Pelwatte Milk Powder 400g,Dairy & Chilled,372.0,380.0
1467,Nestomalt  600g,General Grocery,496.69,525.0
1469,Nestomalt 175g,General Grocery,150.0,165.0
1470,Milo milk powder 400g,Dairy & Chilled,375.0,415.0
1472,Nescafe 3in1 18g,General Grocery,26.5,35.0
1473,Nescafe Classic 50g,General Grocery,800.0,840.0
1474,Nescafe Classic 100g,General Grocery,1826.48,2000.0
1475,Nescafe Classic 200g,General Grocery,1550.0,1745.0
1476,Nescafe Classic 1.2g,General Grocery,20.0,25.0
1477,Milkmaid 510g,General Grocery,370.0,410.0
1478,White Sugar 1kg (Pkt),Staples & Dry Groceries,230.0,250.0
1479,White Sugar 1kg,Staples & Dry Groceries,210.0,230.0
1480,Milo milk powder 15g,Dairy & Chilled,18.18,20.0
1481,Milo milk powder 200g,Dairy & Chilled,202.83,225.0
1482,Nestomolt 28g,General Grocery,23.58,25.0
1483,NAN 1(350g),General Grocery,1120.0,1200.0
1484,NAN 2 (350g),General Grocery,1120.0,1200.0
1485,Nangrow 3 (300g),General Grocery,945.95,1050.0
1486,Nangrow 4 (300g),General Grocery,900.0,950.0
1487,Lactogen 1,General Grocery,560.0,590.0
1488,Lactogen 2,General Grocery,565.0,580.0
1489,Lactogrow 3,General Grocery,655.0,690.0
1490,Lactogrow 4,General Grocery,647.0,680.0
1491,Cerelac Red Rice 250g,Staples & Dry Groceries,380.0,430.0
1492,Cerelac Mixed Fruits 250g,General Grocery,398.1,430.0
1493,Cerelac Mixed Cereals,General Grocery,398.1,420.0
1494,"Ceregrow Wheat,Honey&dates",General Grocery,445.5,480.0
1495,Ceregrow 4Grains 5Fruits,General Grocery,425.0,450.0
1496,Tiara Layer Cake (Chocolate)310g,Snacks & Confectionery,221.0,260.0
1497,Tiara Layer Cake (Vanilla)310g,Snacks & Confectionery,221.0,260.0
1498,Tiara Layer Cake (Chocolate)480g,Snacks & Confectionery,340.0,440.0
1499,Tiara Layer Cake (Vanilla)480g,Snacks & Confectionery,340.0,400.0
1500,Tiara Swiss Roll (Vanilla)200g,General Grocery,170.0,200.0
1501,Tiara Swiss Roll (Chocolate)200g,Snacks & Confectionery,170.0,200.0
1502,Little Lion Madeira Cake 325g,Snacks & Confectionery,560.0,580.0
1503,Little Lion Sponge Roll 200g,Cleaning & Household,450.0,520.0
1504,E /H Wonder Cone (Chocolate),Snacks & Confectionery,79.0,100.0
1505,E/H Wonder Cone (Vanilla),General Grocery,79.0,100.0
1506,E/H Wonder Bar (Chocolate),Snacks & Confectionery,43.25,50.0
1507,E/H Wonder Bar (Vanilla),General Grocery,43.25,50.0
1508,E/H Wonder Bite (Vanilla),General Grocery,110.0,120.0
1509,E/H Wonder Choc Shock,General Grocery,52.0,60.0
1510,E/H Wonder Berry,General Grocery,52.0,60.0
1511,E/H Choco Knight,General Grocery,52.0,60.0
1512,E/H Bubble Gummy,General Grocery,52.0,60.0
1513,E/H Cotton Candy,Snacks & Confectionery,52.0,60.0
1514,E/H 2 Bar,General Grocery,26.0,30.0
1515,E/H Necto,General Grocery,17.0,20.0
1516,E/H Ice Cream (Chocolate) 80ml,Personal Care,33.75,40.0
1517,E/H Ice Cream (Vanilla) 80ml,Personal Care,29.5,35.0
1518,E/H Ice Cream (Strawberry)80ml,Personal Care,33.75,40.0
1519,E/H Ice Cream (Pani-cadju)80ml,Personal Care,50.75,60.0
1520,"E/H Ice Cream (Fruit'n,Nut)80ml",Personal Care,42.25,50.0
1521,E/H Ice Cream (Choco Nut Vanilla)80ml,Personal Care,42.25,50.0
1522,ICE-MAN Tube Ice 1kg,General Grocery,140.0,300.0
1523,E/H Ice Cream (Vanilla)500ml,Personal Care,130.0,160.0
1524,E/H Ice Cream (Vanilla) 1L,Personal Care,500.0,550.0
1525,E/H Ice Cream (Vanilla) 2L,Personal Care,950.0,1080.0
1526,E/H Ice Cream (Vanilla) 4L,Personal Care,1750.0,1870.0
1527,E/H Ice Cream (Chocolate) 500ml,Personal Care,147.25,170.0
1528,E/H Ice Cream (Chocolate) 1L,Personal Care,520.0,600.0
1529,E/H Ice Cream (Chocolate) 2L,Personal Care,1000.0,1180.0
1530,E/H Ice Cream (Chocolate) 4L,Personal Care,2000.0,2200.0
1531,E/H Ice Cream (Fruit & Nut)500ml,Personal Care,220.0,250.0
1532,E/H Ice Cream (Fruit & Nut) 1L,Personal Care,363.75,420.0
1533,E/H Ice Cream (Fruit & Nut) 2L,Personal Care,621.0,740.0
1534,E/H Ice Cream (Fruit & Nut) 4L,Personal Care,1050.0,1250.0
1535,E/H Ice Cream (DoubleDelight) 1L,Personal Care,303.25,375.0
1536,E/H Ice Cream (Twist) 1L,Personal Care,600.0,650.0
1537,E/H Ice Cream (Hakuru Mix) 1L,Personal Care,346.5,400.0
1538,Flora Fat Spread 100g,General Grocery,300.0,310.0
1539,Flora Fat Spread 250g,General Grocery,720.0,740.0
1540,Meadowlea Fat-Spread 40g,General Grocery,41.0,45.0
1541,Meadowlea Fat-Spread 100g,General Grocery,180.0,220.0
1542,Meadowlea Fat-Spread 250g,General Grocery,270.0,300.0
1543,Astra Fat-Spread 40g,General Grocery,80.0,100.0
1544,Astra Fat-Spread 100g,General Grocery,200.0,230.0
1545,Astra Fat-Spread 250g,General Grocery,530.0,580.0
1546,Astra Fat-Spread 500g,General Grocery,980.0,1080.0
1547,Samaposha 200g,General Grocery,165.0,185.0
1548,Samaposha Red-Rice 200g,Staples & Dry Groceries,71.0,80.0
1549,Sriposha 200g,General Grocery,77.0,90.0
1550,Yaha Posha 200g,General Grocery,170.0,185.0
1551,Maliban Tea 50g,Beverages,57.0,65.0
1552,Maliban Tea 100g,Beverages,115.0,130.0
1553,Maliban Tea (Kahata-Poronduwa)50g,Beverages,40.0,45.0
1554,P.Baby Cologne (Pure-Gentle) 50ml,Baby & Kids,148.47,175.0
1556,Vaseline Intensive Care 100ml,General Grocery,310.0,355.0
1557,Vaseline Aloe Fresh 200ml,General Grocery,314.41,360.0
1558,Dreamron Conditioner 200ml,Personal Care,484.0,550.0
1559,Dreamron Shampoo 200ml,Personal Care,466.4,530.0
1560,Sunsilk Shampoo (Egg) 180ml,Personal Care,237.66,265.0
1561,Good Knight (Advanced)45ml,General Grocery,380.0,400.0
1562,Sun Silk Shampoo (King-coconut)80ML,Personal Care,112.0,160.0
1563,Watawala Tea 50g,Beverages,137.0,150.0
1564,Watawala Tea 100g,Beverages,268.18,295.0
1565,Watawala Tea 200g,Beverages,527.27,580.0
1566,Watawala Tea 400g,Beverages,1036.36,1140.0
1567,Watawala Ayurvedic Tea 160g,Beverages,324.0,360.0
1568,Zesta Tea (BOPF)  50g,Beverages,160.0,180.0
1569,Zesta Tea (BOPF) 100g,Beverages,320.0,360.0
1570,Zesta Tea (BOPF) 195g,Beverages,600.0,650.0
1571,Zesta Tea Bags25(BOPF),Beverages,300.0,375.0
1572,Zesta Tea Bags50(BOPF),Beverages,600.0,675.0
1573,Zesta Tea Bags 100(BOPF),Beverages,409.09,450.0
1574,Dilmah Leaf-Tea (BOPF) 100g,Beverages,125.0,150.0
1575,Dilmah Strong Tea 100g,Beverages,120.0,140.0
1576,Dilmah Tea-Bags 25,Beverages,110.0,135.0
1577,Laojee Tea 50g,Beverages,45.0,55.0
1578,Laojee Tea 100g,Beverages,100.0,120.0
1579,Laojee Ginger Plus 90g,Cooking Essentials,125.0,150.0
1580,Ran Kahata 50g,General Grocery,40.0,45.0
1581,Ran Kahata 100g,General Grocery,91.0,100.0
1582,Lipton Ceylonta Tea 50g,Beverages,61.81,68.0
1583,Lipton Ceylonta Tea 100g,Beverages,122.72,135.0
1584,Lipton Ceylonta Tea 200g,Beverages,245.45,270.0
1585,Lipton Ceylonta Tea-Bags 50,Beverages,195.0,230.0
1586,Zesta Green Tea-Bags 25,Beverages,160.0,180.0
1587,Harischandra Coffee 20g,Beverages,80.0,90.0
1588,Harischandra Coffee 50g,Beverages,200.0,220.0
1589,Harischandra Coffee 100g,Beverages,410.0,440.0
1590,Lifebuoy Hand Sanitizer 50ml,General Grocery,145.0,175.0
1591,Lifebuoy Hand Sanitizer 90ml,General Grocery,327.17,375.0
1592,My Doc Hand Sanitizer 50ml,General Grocery,185.0,220.0
1593,My Doc Hand Sanitizer 150ml,General Grocery,260.0,300.0
1594,Medi Safe Hand Sanitizer 50ml,General Grocery,160.0,180.0
1595,Medi Safe Hand Sanitizer 100ml,General Grocery,250.0,280.0
1596,Dettol Hand Sanitizer 50ml,General Grocery,220.0,240.0
1597,Dettol Hand Sanitizer 200ml,General Grocery,720.0,780.0
1598,dash Hand Sanitizer 500ml,General Grocery,640.0,690.0
1599,Godrej Hair Colour Powder 3g,Personal Care,71.43,80.0
1600,Godrej Hair Colour Powder 10g,Personal Care,180.0,200.0
1601,Godrej Hair Colour Shampoo 5ml,Personal Care,62.5,70.0
1602,Godrej Hair Colour Shampoo 10ml,Personal Care,95.0,110.0
1603,Ravan Black Hair Colour Shampoo 10ml,Personal Care,81.0,90.0
1604,Ravan Black Hair Colour Shampoo 25ml,Personal Care,105.0,125.0
1605,Abha Herbal Black Henna 10g,General Grocery,90.0,100.0
1606,Amin's Black Henna 10g,General Grocery,115.0,125.0
1607,Gillette Shaving Foam 98g,General Grocery,705.36,790.0
1608,Gillette Blue2,General Grocery,58.04,65.0
1609,Gillette Blue2 Plus,General Grocery,62.5,70.0
1610,Gillette Blue Simple3,General Grocery,88.0,100.0
1611,Gillette Blue3 Comfort,General Grocery,126.0,150.0
1612,Bic Sensitive 1,General Grocery,41.0,45.0
1613,Bic Easy 2,General Grocery,130.0,150.0
1614,Bic 3,General Grocery,88.0,100.0
1615,Bic Flex 3,General Grocery,136.0,150.0
1616,Bic Twin Lady,General Grocery,58.0,65.0
1617,Clear Men (Menthol) 180ml,General Grocery,305.0,340.0
1618,Lifebuoy Cool Fresh 100g,General Grocery,54.1,59.0
1619,Revello Fantasy Milk 50g,Dairy & Chilled,108.0,120.0
1620,Revello Fantasy Cashew 50g,General Grocery,300.0,350.0
1621,Revello Milk Chocolate 50g,Dairy & Chilled,320.0,350.0
1622,Revello Milk Chocolate 100g,Dairy & Chilled,660.0,690.0
1623,Choco-La Kiddies 12g,General Grocery,8.0,10.0
1624,Choco-La Kiddies 20g,General Grocery,16.0,20.0
1625,Choco-La Kiddies 30g,General Grocery,27.0,30.0
1626,Ritzbury Milk Chocolate 45g,Dairy & Chilled,100.0,130.0
1627,Ritzbury Bubbles 40g,General Grocery,45.0,50.0
1628,Ritzbury Bubbles 90g,General Grocery,90.0,100.0
1629,Ritzbury  Choco-la(Peanut) 50g,General Grocery,54.0,60.0
1630,Ritzbury Champ 26g,General Grocery,36.0,40.0
1631,Ritzbury Rave 26g,General Grocery,36.0,40.0
1632,Ritzbury Tropica 26g,General Grocery,36.0,40.0
1633,Ritzbury  Choco-Mo 40g,General Grocery,54.0,60.0
1634,Ritzbury  Choco-Mo 100g,General Grocery,117.0,130.0
1635,Ritzbury  Chunky-Choc (Classic)200g,General Grocery,198.0,220.0
1636,Ritzbury  Chunky-Choc (Moments)360g,General Grocery,297.0,330.0
1637,Ritzbury  Choco-Mo (Moments)220g,General Grocery,216.0,240.0
1638,4GB Choxy (Cereal-bar)20g,Staples & Dry Groceries,18.0,25.0
1639,MD Baking powder 50g,General Grocery,67.0,75.0
1640,MD Faluda Mix 125g,Beverages,95.0,105.0
1641,MD Faluda Mix 250g,Beverages,175.0,190.0
1642,Jelo Cocoa Powder 50g,General Grocery,110.0,125.0
1643,Jelo Cocoa Powder 100g,General Grocery,220.0,245.0
1644,Motha Baking Powder 50g,General Grocery,77.0,85.0
1645,Motha Baking Powder 100g,General Grocery,350.0,380.0
1646,Motha Cornflour 100g,General Grocery,72.0,80.0
1647,Motha Cornflour 200g,General Grocery,150.0,185.0
1648,Motha Gelatine 30g,General Grocery,325.0,385.0
1649,Motha Custard Powder 100g,General Grocery,68.0,75.0
1650,Motha Faluda Mix 100g,Beverages,150.0,160.0
1651,Motha Faluda Mix 200g,Beverages,275.0,285.0
1652,Motha Caramel (Pudding mix) 100g,Snacks & Confectionery,99.0,110.0
1653,Motha Wattalappan (Pudding mix)110g,Snacks & Confectionery,99.0,110.0
1654,Motha Cocoa Powder 100g,General Grocery,1000.0,1050.0
1655,Motha Icing Sugar 250g,Staples & Dry Groceries,220.0,240.0
1656,Motha Icing Sugar 500g,Staples & Dry Groceries,239.0,265.0
1657,Motha Icing Sugar 1kg,Staples & Dry Groceries,450.0,500.0
1658,Motha Jelly (Mixed-Fruit) 100g,Snacks & Confectionery,92.0,100.0
1659,Motha Jelly (Mixed-Fruit) 200g,Snacks & Confectionery,162.0,180.0
1660,Motha Jelly (Strawberry) 100g,Snacks & Confectionery,90.0,100.0
1661,Motha Jelly (Strawberry) 200g,Snacks & Confectionery,171.0,190.0
1662,Motha Jelly (Greengage) 100g,Snacks & Confectionery,91.0,100.0
1663,Motha Jelly (Black Currant)100g,Snacks & Confectionery,87.0,95.0
1664,Motha Jelly (Strawberry) 500g,Snacks & Confectionery,382.5,425.0
1665,Motha Jelly (Apple) 500g,Snacks & Confectionery,950.0,975.0
1666,Delmege Colouring (rose pink)28ml,General Grocery,81.0,90.0
1667,Delmege Colouring (blue)28ml,General Grocery,81.0,90.0
1668,Delmege Colouring (green)28ml,General Grocery,81.0,90.0
1669,Delmege Colouring (red)28ml,General Grocery,81.0,90.0
1670,Delmege Colouring (egg yellow)28ml,"Meat, Fish & Frozen",135.0,150.0
1671,Delmege Essence (vanilla artificial)28ml,General Grocery,200.0,220.0
1672,Delmege Essence (pineapple artificial)28ml,General Grocery,81.0,90.0
1673,Delmege Essence (orange artificial)28ml,General Grocery,81.0,90.0
1674,Sriposha 400g,General Grocery,149.0,175.0
1675,Colin Glass Cleaner 500ml,Cleaning & Household,245.45,270.0
1676,Marshmelos 12pcs,General Grocery,100.0,120.0
1677,Marshmelos 24pcs,General Grocery,200.0,230.0
1678,Marshmelos 25pcs,General Grocery,170.0,210.0
1679,Marshmelos 50pcs,General Grocery,360.0,400.0
1680,Baby Cheramy (bed time)100ml,Baby & Kids,227.08,260.0
1681,Baby Cheramy (angel fairy)100ml,Baby & Kids,227.08,260.0
1682,Baby Cheramy (lucky ducky)100ml,Baby & Kids,227.08,260.0
1683,Baby Cheramy (cuddly bunny)100ml,Baby & Kids,227.08,260.0
1684,Baby Cheramy (magic mist)100ml,Baby & Kids,227.08,260.0
1685,Baby Cheramy (floral)100g,Baby & Kids,94.17,105.0
1686,Baby Cheramy (prickly heat)100g,Baby & Kids,121.08,135.0
1687,Gold Cologne Spray (classic)50ml,Personal Care,323.08,420.0
1688,Gold Cologne Spray (arctic)50ml,Personal Care,323.08,420.0
1689,Gold Hair Cream 100ml,Personal Care,196.88,210.0
1690,Gold Hair Gel 100ml,Personal Care,309.75,350.0
1691,Dandex (nourished)80ml,General Grocery,116.59,130.0
1692,Dandex (anti hair fall)80ml,Personal Care,116.59,130.0
1693,Dandex (cooling)80ml,General Grocery,116.59,130.0
1694,Dandex (deep clean)80ml,General Grocery,116.59,130.0
1695,Paris Cologne Spray (floral)50ml,Personal Care,260.87,300.0
1696,Paris Cologne Spray (jasmine)50ml,Personal Care,260.87,300.0
1697,Paris Talc (sandalwood)85g,General Grocery,89.69,100.0
1698,Paris Talc (floral)85g,General Grocery,89.69,100.0
1699,Paris Talc (jasmine)85g,General Grocery,85.21,95.0
1700,Velvet Hand Wash (rose)250ml,Cleaning & Household,198.59,220.0
1701,Velvet Hand Wash (lavender)250ml,Cleaning & Household,198.59,220.0
1702,Velvet Hand Wash Refill (lavender)200ml,Cleaning & Household,148.95,165.0
1703,Velvet Hand Wash Refill (water lily)200ml,Cleaning & Household,148.95,165.0
1704,Kumarika Hair Oil 100ml,Personal Care,144.0,160.0
1705,Clogard 40g,General Grocery,113.8,125.0
1706,Clogard (Natural-Salt)40g,Staples & Dry Groceries,49.09,54.0
1707,ayush whitening 120g,General Grocery,150.0,165.0
1708,Hair Care Cool 100ml,Personal Care,315.0,350.0
1709,Denta Zig Zag (soft),General Grocery,54.0,60.0
1710,Denta Zig Zag (medium),General Grocery,100.0,130.0
1711,Clogard Chooty (tooth-brush),General Grocery,45.0,50.0
1712,Clogard Smart-Plus,General Grocery,52.0,57.0
1713,Signal Triple Clean,General Grocery,45.0,55.0
1714,Chicken Family Pack 400g,"Meat, Fish & Frozen",285.0,360.0
1715,Chicken Family Pack 700g,"Meat, Fish & Frozen",425.0,540.0
1716,Chicken Family Pack 900g,"Meat, Fish & Frozen",545.0,590.0
1717,Chicken Half (Pussalla) 1kg,"Meat, Fish & Frozen",510.0,570.0
1718,LankaSoy (cuttlefish) 50g,General Grocery,30.0,35.0
1719,LankaSoy (chicken)50g,"Meat, Fish & Frozen",30.0,35.0
1720,LankaSoy (curry)50g,Cooking Essentials,30.0,35.0
1721,LankaSoy (polos curry)90g,Cooking Essentials,70.0,75.0
1722,LankaSoy (chilli chicken)90g,Cooking Essentials,70.0,80.0
1723,LankaSoy (cuttlefish)90g,General Grocery,75.0,85.0
1724,LankaSoy (curry)90g,Cooking Essentials,65.0,70.0
1725,LankaSoy (chicken)90g,"Meat, Fish & Frozen",75.0,85.0
1726,LankaSoy (devilled cuttlefish)90g,General Grocery,80.0,90.0
1727,LankaSoy (devilled chicken)90g,"Meat, Fish & Frozen",80.0,90.0
1728,LankaSoy (devilled prawn)90g,General Grocery,75.0,85.0
1729,LankaSoy (fish)50g,"Meat, Fish & Frozen",50.0,60.0
1730,FortuneSoya (chicken)90g,"Meat, Fish & Frozen",65.0,75.0
1731,Rancrips PotatoChips (Hot&Spicy)60g,General Grocery,225.0,300.0
1732,Rancrips PotatoChips (Cheese)60g,Dairy & Chilled,115.0,170.0
1733,Rancrips CassavaChips (Sea Solted)100g,General Grocery,100.0,120.0
1734,Rancrips CassavaChips (Kochchi)100g,General Grocery,200.0,250.0
1735,Rancrips CassavaChips (Hot&Spicy)100g,General Grocery,200.0,250.0
1736,KIST Strawberry Flavoured-Melon jam510g,General Grocery,275.0,300.0
1737,KIST Strawberry Flavoured-Melon jam300g,General Grocery,216.0,240.0
1738,KIST Strawberry Flavoured-Melon jam200g,General Grocery,145.0,160.0
1739,KIST Mixed Fruit jam 200g,General Grocery,153.0,170.0
1740,KIST Mixed Fruit jam 300g,General Grocery,216.0,240.0
1741,KIST Woodapple jam 200g,General Grocery,145.0,160.0
1742,KIST Woodapple jam 300g,General Grocery,200.0,220.0
1743,KIST Pineapple jam 510g,General Grocery,300.0,335.0
1744,MD jam cup100g,General Grocery,45.0,50.0
1745,MD jam cup 100g,General Grocery,45.0,50.0
1746,MD Mixed Fruit jam 500g,General Grocery,550.0,600.0
1747,MD Mixed Fruit jam 895g,General Grocery,950.0,1050.0
1748,MD Mango jam 500g,General Grocery,300.0,390.0
1749,MD pineapple jam 500g,General Grocery,850.0,930.0
1750,MD Strawberry jam 500g,General Grocery,850.0,900.0
1751,MD Woodapple jam 500g,General Grocery,270.0,300.0
1752,MD Orange Marmalade 500g,General Grocery,390.0,435.0
1753,Sanex Toilet Tissue,General Grocery,65.0,72.0
1754,Pedigree (Adult) 400g,General Grocery,316.12,485.0
1755,Pedigree (Puppy) 400g,General Grocery,342.93,390.0
1756,Gingelly Rolls 10pcs,General Grocery,125.0,150.0
1757,Gingelly Rolls 25pcs,General Grocery,125.0,150.0
1758,Gingelly Rolls 25pcs (L),General Grocery,215.0,250.0
1759,CBL Choc-Shock 90g,General Grocery,270.0,300.0
1760,Keells Chicken Sausages 70g,"Meat, Fish & Frozen",57.0,65.0
1761,Keells Chicken Sausages 100g,"Meat, Fish & Frozen",88.0,100.0
1762,Keells Chicken Sausages 150g,"Meat, Fish & Frozen",175.0,199.0
1763,Keells Chicken Sausages 250g,"Meat, Fish & Frozen",295.0,335.0
1764,Keells Chicken Sausages 500g,"Meat, Fish & Frozen",485.0,590.0
1765,Keells Chicken Meatballs 100g,"Meat, Fish & Frozen",88.0,110.0
1766,Keells Chicken Meatballs 200g,"Meat, Fish & Frozen",185.0,210.0
1767,Keells Chicken Meatballs 500g,"Meat, Fish & Frozen",432.0,500.0
1768,Keells Chunky  Chicken 210g,"Meat, Fish & Frozen",216.0,260.0
1769,Keells Cheese & Onion 250g,Dairy & Chilled,350.0,400.0
1770,Keells Chicken Bockwurst 400g,"Meat, Fish & Frozen",455.0,499.0
1771,Keells Cheeesy Blast 170g,General Grocery,265.0,300.0
1772,Keells Chicken Ham 150g,"Meat, Fish & Frozen",620.0,700.0
1773,Keells Chicken Mini-Kievs 12pcs,"Meat, Fish & Frozen",355.0,390.0
1774,Keells Chicken Drumsticks 6pcs,"Meat, Fish & Frozen",352.0,400.0
1775,Keells Kochchi-Bite 16pcs,General Grocery,285.0,320.0
1776,Elephant House Back-Bacon 150g,General Grocery,900.0,1050.0
1777,Elephant House Back-Bacon 1kg,General Grocery,8000.0,8110.0
1778,Keells French-Fries 225g,General Grocery,500.0,560.0
1779,Keells French-Fries 500g,General Grocery,430.0,550.0
1780,Farm Frites  French-Fries 1kg,General Grocery,870.0,1405.0
1781,MDK Chinese Rolls (Fish) 5pcs,"Meat, Fish & Frozen",220.0,260.0
1782,MDK Chinese Rolls (Chicken) 5pcs,"Meat, Fish & Frozen",125.0,144.0
1783,MDK Patties (Fish) 5pcs,"Meat, Fish & Frozen",112.0,129.5
1784,Farm House Chicken Sausages 450g,"Meat, Fish & Frozen",600.0,690.0
1785,Asiri Ddevilled Peanuts 75g,General Grocery,96.0,120.0
1786,Asiri Ddevilled Peanuts 100g,General Grocery,108.0,135.0
1787,Asiri Roasted Peanuts 90g,General Grocery,200.0,220.0
1788,Asiri Salted Peanuts 90g,General Grocery,96.0,120.0
1789,Asiri Ddevilled Dhal 100g,Staples & Dry Groceries,48.0,60.0
1790,Asiri Rice Flour Savoury (Onion)25g,Staples & Dry Groceries,16.0,20.0
1791,Asiri Rice Flour Savoury (Onion)80g,Staples & Dry Groceries,48.0,60.0
1792,Asiri Rice Flour Savoury (Garlic)25g,Staples & Dry Groceries,16.0,20.0
1793,Asiri Rice Flour Savoury (Garlic)80g,Staples & Dry Groceries,48.0,60.0
1794,Asiri Cocktail Mixture 60g,General Grocery,48.0,60.0
1795,Asiri Cocktail Mixture 100g,General Grocery,80.0,100.0
1796,Asiri Hot-Mix 60g,General Grocery,48.0,60.0
1797,Asiri Cassava Chips 50g,Snacks & Confectionery,48.0,60.0
1798,Asiri Plums 100g,General Grocery,112.0,140.0
1799,Asiri Sugar Candy 100g60,Staples & Dry Groceries,48.0,60.0
1800,Asiri Dates 200g,General Grocery,128.0,160.0
1801,CBL Super Cream Cracker 85g,Personal Care,81.0,90.0
1802,CBL Super Cream Cracker 125g,Personal Care,72.0,80.0
1803,CBL Super Cream Cracker 190g,Personal Care,99.0,110.0
1804,CBL Super Cream Cracker 230g,Personal Care,207.0,230.0
1805,CBL Super Cream Cracker 490g,Personal Care,432.0,480.0
1806,Maliban Smart Cream Cracker 125g,Personal Care,67.5,80.0
1807,Maliban Smart Cream Cracker 190g,Personal Care,99.0,110.0
1808,Maliban Smart Cream Cracker 230g,Personal Care,117.0,130.0
1809,Maliban Smart Cream Cracker 500g,Personal Care,432.0,480.0
1810,SCAN Jumbo Peanut 15g,General Grocery,50.0,60.0
1811,SCAN Jumbo Peanut 40g,General Grocery,85.5,110.0
1812,SCAN Jumbo Peanut 80g,General Grocery,157.51,175.0
1813,SCAN Jumbo Peanut 150g,General Grocery,279.0,310.0
1814,SCAN Jumbo Peanut (Chilli)15g,Cooking Essentials,36.0,40.0
1815,SCAN Jumbo Peanut (Chilli)40g,Cooking Essentials,99.0,110.0
1816,SCAN Jumbo Peanut (Chilli)80g,Cooking Essentials,300.0,320.0
1817,Astra Fat-Spread 1kg,General Grocery,1500.0,1700.0
1818,CBL Bran Cracker 160g,Snacks & Confectionery,90.0,100.0
1819,CBL Bran Cracker 240g,Snacks & Confectionery,126.0,140.0
1820,CBL Cheese Cracker 100g,Dairy & Chilled,130.0,150.0
1821,CBL Cheese Cracker 200g,Dairy & Chilled,243.0,270.0
1822,CBL Sun Cracker 95g,Snacks & Confectionery,63.0,70.0
1823,CBL Sun Cracker (Salt & Pepper)95g,Staples & Dry Groceries,63.0,70.0
1824,Maliban Spicy Crackers 170g,General Grocery,135.0,150.0
1825,Maliban Bran Crackers 210g,General Grocery,135.0,160.0
1826,Maliban Chocolate Cream 100g,Personal Care,100.0,130.0
1827,Maliban Chocolate Cream 400g,Personal Care,225.0,250.0
1828,Maliban Custard Cream 100g,Personal Care,63.0,70.0
1829,Maliban Orange Cream 100g,Personal Care,58.5,65.0
1830,Maliban Doubles Cream 100g,Personal Care,72.0,80.0
1831,Maliban Gold Marie 75g,General Grocery,40.5,50.0
1832,Maliban Gold Marie 230g,General Grocery,117.0,130.0
1833,Maliban Gold Marie 330g,General Grocery,157.5,210.0
1834,Maliban Ginger Biscuit 80g,Cooking Essentials,63.0,70.0
1835,Maliban Ginger Biscuit 240g,Cooking Essentials,144.0,160.0
1836,Maliban Ginger Biscuit 370g,Cooking Essentials,180.0,200.0
1837,Maliban Lemon Puff 100g,General Grocery,67.5,75.0
1838,Maliban Lemon Puff 200g,General Grocery,136.0,140.0
1839,Maliban Lemon Puff 400g,General Grocery,272.0,280.0
1840,Maliban Chocolate Puff 100g,Snacks & Confectionery,72.0,80.0
1841,Maliban Chocolate Puff 200g,Snacks & Confectionery,126.0,140.0
1842,CBL Chocolate Cream 100g,Personal Care,67.5,75.0
1843,CBL Chocolate Cream 210g,Personal Care,108.0,140.0
1844,CBL Chocolate Cream 400g,Personal Care,243.0,270.0
1845,CBL Bourbon Biscuits 100g,Snacks & Confectionery,72.0,80.0
1846,CBL Milk Short Cake 200g,Dairy & Chilled,117.0,130.0
1847,CBL Milk Short Cake 85g,Dairy & Chilled,54.0,60.0
1848,CBL Tifin Original  125g,General Grocery,90.0,100.0
1849,CBL Tifin Onion  125g,General Grocery,90.0,100.0
1850,CBL Hawaian Cookies 100g,General Grocery,120.0,130.0
1851,CBL Hawaian Cookies 200g,General Grocery,117.0,130.0
1852,CBL Ginger Biscuits 85g,Cooking Essentials,60.0,70.0
1853,CBL Ginger Biscuits 400g,Cooking Essentials,211.2,240.0
1854,CBL Nice Biscuits  100g,Snacks & Confectionery,61.6,70.0
1855,CBL Nice Biscuits  400g,Snacks & Confectionery,207.0,230.0
1856,CBL Kalo Biscuits 90g,Snacks & Confectionery,72.0,80.0
1857,CBL Chocolate Chip Cookies 100g,Snacks & Confectionery,117.0,130.0
1858,CBL Tikiri Marie 80g,General Grocery,39.38,45.0
1859,CBL Tikiri Marie 360g,General Grocery,162.0,180.0
1860,CBL Lite Marie 50g,General Grocery,22.5,25.0
1861,CBL Milk Shorties 75g,Dairy & Chilled,36.0,40.0
1862,CBL Milk Shorties 325g,Dairy & Chilled,126.0,140.0
1863,CBL Chocolate Puff 100g,Snacks & Confectionery,63.0,70.0
1864,CBL Chocolate Puff 200g,Snacks & Confectionery,240.0,250.0
1865,CBL Lemon Puff 100g,General Grocery,63.0,70.0
1866,CBL Lemon Puff  200g,General Grocery,240.0,250.0
1867,CBL Milk Cream 110g,Personal Care,54.0,60.0
1868,CBL Ringo 50g,General Grocery,18.0,20.0
1869,CBL Chocolate Wafers 85g,Snacks & Confectionery,72.0,80.0
1870,Little Lion Choco Cookies 180g,General Grocery,166.25,190.0
1871,Little Lion Batter Carol 270g,General Grocery,135.0,160.0
1872,Little Lion Batter Carol 95g,General Grocery,56.88,65.0
1873,Little Lion Wafers (Vanilla) 225g,General Grocery,126.0,140.0
1874,Little Lion Wafers (Chocolate) 225g,Snacks & Confectionery,126.0,150.0
1875,Little Lion Wafers (Choco-Vanilla)400g,General Grocery,216.0,240.0
1876,CBL Wafers (Lemon) 400g,General Grocery,234.0,260.0
1877,Dettol Hand Wash (skin care)200ml,Cleaning & Household,272.73,300.0
1878,Dettol Hand Wash (sensitive) 200ml,Cleaning & Household,272.73,300.0
1879,Dettol Hand Wash (cucumber)200ml,Cleaning & Household,265.0,290.0
1880,Dettol Hand Wash (original)200ml,Cleaning & Household,272.73,300.0
1881,Dettol Hand Wash Refill (original)175ml,Cleaning & Household,174.0,190.0
1882,Dettol Hand Wash Refill (sensitive)175ml,Cleaning & Household,174.0,190.0
1883,Dettol Hand Wash Refill (skincare)175ml,Cleaning & Household,174.0,190.0
1884,Dettol Hand Wash Refill (orange)175ml,Cleaning & Household,174.0,190.0
1885,Champion Hand Wash (DelumRed)250ml,Cleaning & Household,240.0,265.0
1886,Sun Hand Wash 500ml,Cleaning & Household,325.0,360.0
1887,Britol Hand Wash 750ml (Lime),Cleaning & Household,335.0,350.0
1888,Lifebuoy Hand Wash 200ml (Orange),Cleaning & Household,205.0,225.0
1889,Lifebuoy Hand Wash 180ml (Orange),Cleaning & Household,148.0,160.0
1890,Lifebuoy Hand Wash 200ml (Mild Care),Cleaning & Household,205.0,225.0
1891,Lifebuoy Hand Wash 200ml (Green Tea),Cleaning & Household,205.0,225.0
1892,Lifebuoy Hand Wash 200ml (Charcoal),Cleaning & Household,205.0,225.0
1895,Comfort  Safe & Soft 860ml,General Grocery,720.0,780.0
1896,Comfort Shine & Freshness 220ml,General Grocery,210.0,230.0
1897,Comfort Anti Bacterial 220ml,General Grocery,230.0,280.0
1898,Sunlight Care Liquid (Pearls)600ml,Cleaning & Household,170.0,185.0
1899,Sunlight Care Liquid (naturals) 600ml,Cleaning & Household,175.0,195.0
1900,Sunlight Care Liquid (naturals)1L,Cleaning & Household,300.0,325.0
1901,Surf Excel Matic (Liquid)500ml,General Grocery,315.0,345.0
1902,Surf Excel Matic (Liquid)1.02L,General Grocery,530.0,570.0
1903,All Out Liquid (Floral) 500ml,General Grocery,315.0,345.0
1904,Rin Lemon-Rose 200g,Cleaning & Household,36.0,40.0
1905,Rin Lemon-Rose 500g,Cleaning & Household,82.0,90.0
1906,Rin Lemon-Rose 1kg,Cleaning & Household,154.54,170.0
1907,Sunlight Care naturals 200g,Cleaning & Household,45.0,50.0
1908,Sunlight Care naturals 1kg,Cleaning & Household,198.0,220.0
1910,Sunlight 2in1 (Rose) 1kg,Cleaning & Household,285.0,320.0
1911,Sunlight 2in1 (Jasmine) 60g,Cleaning & Household,9.0,10.0
1912,Sunlight 2in1 (Jasmine) 1kg,Cleaning & Household,155.0,170.0
1913,Sunlight 2in1 (Lemon) 60g,Cleaning & Household,9.0,10.0
1914,Sunlight 2in1 (Lemon) 400g,Cleaning & Household,73.0,80.0
1915,Sunlight 2in1 (Lemon) 1kg,Cleaning & Household,170.0,215.0
1916,Sunlight 2in1 (Sakura) 200g,Cleaning & Household,36.0,40.0
1917,Sunlight Care Pearls 200g,Cleaning & Household,45.0,50.0
1918,Surf excel (Aloevera) 30g,General Grocery,9.0,10.0
1919,Surf excel (Aloevera) 60g,General Grocery,18.0,20.0
1920,Surf excel (Aloevera) 250g,General Grocery,90.0,99.0
1921,Surf excel (Aloevera) 500g,General Grocery,160.0,175.0
1922,Surf excel (Aloevera) 1kg,General Grocery,260.0,280.0
1923,Surf excel Matic 500g,General Grocery,190.0,210.0
1924,Surf excel Matic 1kg,General Grocery,650.0,680.0
1925,Surf excel Hygienic 30g,General Grocery,9.0,10.0
1926,Bubble Detergent Powder 500g,Cleaning & Household,120.0,140.0
1927,Diva Power (Germ-Guard) 400g,Cleaning & Household,81.0,90.0
1928,Diva Power (Germ-Guard) 1kg,Cleaning & Household,170.0,185.0
1929,Diva Power (Colour-Guard) 400g,Cleaning & Household,81.0,90.0
1930,Diva Power (Colour-Guard) 1kg,Cleaning & Household,178.9,195.0
1931,Diva Fresh (Jasmine) 200g,Cleaning & Household,80.0,90.0
1932,Diva Power (Colour-Guard) 40g,Cleaning & Household,9.0,10.0
1933,Diva Power (Germ-Guard) 40g,Cleaning & Household,9.0,10.0
1934,Diva Fresh (Jasmine) 400g,Cleaning & Household,150.0,170.0
1935,Diva Fresh (Jasmine) 1kg,Cleaning & Household,310.0,320.0
1936,Diva Fresh (Aqua) 200g,Cleaning & Household,32.0,35.0
1937,Diva Fresh (Sepalika) 400g,Cleaning & Household,68.0,75.0
1938,Diva Fresh (Rose) 60g,Cleaning & Household,10.0,25.0
1939,Diva Fresh (Purple lotus) 60g,Cleaning & Household,10.0,25.0
1940,britol super 45g,General Grocery,9.0,10.0
1941,britol super 1kg,General Grocery,150.0,165.0
1942,Harpc & Lysol (promo),General Grocery,350.0,395.0
1943,Sunquick Fruit-Cocktail 330ml,General Grocery,600.0,660.0
1944,Sunquick Fruit-Cocktail 840ml,General Grocery,715.0,790.0
1945,Sunquick Orange 330ml,General Grocery,350.0,420.0
1946,Sunquick Orange 840ml,General Grocery,715.0,790.0
1947,Sunquick Guava & Strawberry 330ml,General Grocery,387.0,430.0
1948,MD Mixed Fruit Jam 150g,General Grocery,250.0,260.0
1949,MD Mixed Fruit Jam 225g,General Grocery,300.0,320.0
1950,MD Mixed Fruit Jam 300g,General Grocery,227.5,250.0
1951,MD Strawberry Jam 150g,General Grocery,218.0,240.0
1952,MD Strawberry Jam 225g,General Grocery,172.75,190.0
1953,MD Strawberry Jam 300g,General Grocery,209.1,250.0
1954,MD Pineapple Jam 150g,General Grocery,218.18,240.0
1955,MD Pineapple Jam 225g,General Grocery,300.0,320.0
1956,MD Mango Chutney 300g,General Grocery,236.4,260.0
1957,MD Mango Chutney 460g,General Grocery,300.0,330.0
1958,MD Tomato Sauce 400g,Cooking Essentials,254.55,280.0
1959,MD Tomato Paste 250g,General Grocery,265.0,290.0
1960,MD Tomato Puree245g,General Grocery,245.0,270.0
1961,Edinborough Tomato370g,General Grocery,241.15,275.0
1962,Edinborough Chilli Paste 325g,Cooking Essentials,400.0,420.0
1963,Edinborough Chilli Paste 100g,Cooking Essentials,160.0,175.0
1964,Edinborough Mango Chutney 450g,General Grocery,600.0,625.0
1965,Edinborough Mango Chutney 200g,General Grocery,150.0,165.0
1966,Edinborough Lime Pickle200g,General Grocery,280.0,295.0
1967,Edinborough Mustard Cream165g,Cooking Essentials,147.99,185.0
1968,Edinborough Mustard Cream350g,Cooking Essentials,239.66,350.0
1969,Edinborough Mustard Cream695g,Cooking Essentials,489.14,560.0
1970,Mity Mushrooms425g,General Grocery,305.0,370.0
1971,Mity Baby Corn 425g,Baby & Kids,300.0,320.0
1973,Mity Green Peas400g,General Grocery,200.0,205.0
1974,Edinborough Mayonnaise200g,General Grocery,309.0,400.0
1975,Edinborough Mayonnaise350g,General Grocery,385.0,395.0
1976,Edinborough Fish Sauce350ml,"Meat, Fish & Frozen",340.0,350.0
1977,Edinborough Chilli Sauce230g,Cooking Essentials,160.0,170.0
1978,Edinborough B.B.Q Sauce350ml,General Grocery,540.0,580.0
1979,Edinborough Oyster Sauce385g,General Grocery,340.0,350.0
1980,Edinborough Soya Sauce100ml,Cooking Essentials,200.0,230.0
1981,Edinborough Soya Sauce650ml,Cooking Essentials,195.0,220.0
1982,Edinborough Chocolate Topping270ml,Snacks & Confectionery,1000.0,1100.0
1983,KIST Tomato Sauce865g,General Grocery,580.0,600.0
1984,KIST Tomato Sauce400g,General Grocery,450.0,490.0
1985,KIST Tomato Sauce200g,General Grocery,160.0,170.0
1986,KIST Tomato Sauce 2L,Cooking Essentials,600.0,700.0
1987,KIST Tomato Sauce 4L,Cooking Essentials,2400.0,2500.0
1988,KIST Chilli Sauce190g,Cooking Essentials,160.0,170.0
1989,KIST Chilli Sauce375g,Cooking Essentials,300.0,325.0
1990,KIST Kithul Treacle340ml,General Grocery,270.0,280.0
1991,Edinborough Coconut Vinegar350ml,Cooking Essentials,80.0,90.0
1992,Edinborough Coconut Vinegar750ml,Cooking Essentials,130.0,135.0
1993,Edinborough Lime Seasoning200ml,General Grocery,220.0,270.0
1994,Edinborough Artificial Vinegar350ml,General Grocery,60.0,65.0
1995,Edinborough Tomato Sauce200g,General Grocery,80.0,85.0
1996,KVC Tomato Sauce400g,General Grocery,140.0,150.0
1997,Choco Peanut Butter325g,General Grocery,590.0,600.0
1998,Crunchy Peanut Butter325g,General Grocery,450.0,500.0
1999,Astra Mayonnaise295ml,General Grocery,485.0,495.0
2000,Coopoliva Green Olives358ml,General Grocery,1137.05,1390.0
2001,Bulerias Black Olives358ml,General Grocery,460.0,470.0
2002,Ocean Star Canned Fish 425g,"Meat, Fish & Frozen",325.0,360.0
2003,Ocean Star Canned Fish 155g,"Meat, Fish & Frozen",190.0,200.0
2004,E.H Chicken Meat Balls 400g,"Meat, Fish & Frozen",275.0,300.0
2005,Marina Sun Flower Oil 500ml,Cooking Essentials,410.0,460.0
2006,Marina Sun Flower Oil 1L,Cooking Essentials,795.0,890.0
2007,Marina Coconut Oil 200ml,Cooking Essentials,170.0,188.0
2008,Marina Coconut Oil 350ml,Cooking Essentials,295.0,322.0
2009,Marina Coconut Oil 675ml,Cooking Essentials,550.0,670.0
2010,Marina Coconut Oil 500ml,Cooking Essentials,410.0,450.0
2011,Marina Cooking Oil 500ml,Cooking Essentials,370.0,420.0
2012,Marina Vegetable Oil 500ml,Cooking Essentials,355.0,390.0
2013,Marina Coconut Milk 400ml,Dairy & Chilled,200.0,225.0
2014,Fortune Vegetable Oil 200ml,Cooking Essentials,320.0,340.0
2015,Fortune Vegetable Oil 500ml,Cooking Essentials,600.0,650.0
2016,Fortune Coconut Oil 675ml,Cooking Essentials,500.0,550.0
2017,Turkey Cooking Oil 1L,Cooking Essentials,830.0,890.0
2018,Coopoliva Olive Oil 250ml,Cooking Essentials,2500.0,2690.0
2019,Harischandra Noodles 400g,Staples & Dry Groceries,123.0,150.0
2020,Harischandra Noodles 400g (2minutes),Staples & Dry Groceries,125.0,150.0
2021,Harischandra Thosai Mixture 400g,General Grocery,225.0,250.0
2022,Harischandra Kurakkan Flour 400g,Staples & Dry Groceries,350.0,400.0
2023,San Remo Pasta (Elbows) 500g,Staples & Dry Groceries,385.0,425.0
2024,San Remo Pasta (Small Shells) 500g,Staples & Dry Groceries,355.33,425.0
2025,San Remo Pasta (Spirals) 500g,Staples & Dry Groceries,385.0,425.0
2026,San Remo Spaghetti 500g,General Grocery,385.0,425.0
2027,Verda Spaghetti 400g,General Grocery,601.97,720.0
2028,Sera Festive Noodles 325g,Staples & Dry Groceries,117.0,130.0
2029,Sera Regular Noodles 400g,Staples & Dry Groceries,108.0,120.0
2030,Prima Kottu-Mee (Hot'n'Spicy) 80g,General Grocery,58.5,70.0
2031,Prima Kottu-Mee (Masala) 78g,General Grocery,54.0,60.0
2032,Prima Kottu-Mee (Cheese&Onion)80g,Dairy & Chilled,54.0,60.0
2033,Prima Kottu-Mee (Chicken) 78g,"Meat, Fish & Frozen",54.0,60.0
2034,Prima Toppz 80g,General Grocery,55.0,62.0
2035,Prima Stella Chicken 74g,"Meat, Fish & Frozen",54.0,60.0
2036,Prima Instant Noodles 345g,Staples & Dry Groceries,168.0,220.0
2038,Raigam Deveni Batha 350g,General Grocery,300.0,330.0
2040,Edinborough Nelli Syrup 750ml,General Grocery,285.89,360.0
2041,Edinborough Rose Syrup,General Grocery,228.0,300.0
2042,Edinborough Eazy Cheezy (Cheddar)260g,General Grocery,308.01,350.0
2043,Edinborough Eazy Cheezy 260g,General Grocery,360.8,440.0
2044,Edinborough Tomato Sauce 230g,Cooking Essentials,144.99,170.0
2045,Edinborough Tomato Sauce 405g,Cooking Essentials,242.0,280.0
2046,Edinborough Tomato Sauce 375g,Cooking Essentials,162.0,180.0
2047,Edinborough Chilli Sauce 405g,Cooking Essentials,247.99,290.0
2048,Edinborough Oyster Sauce 210g,Cooking Essentials,300.0,340.0
2049,Mity Sesame Oil 200ml,Cooking Essentials,532.0,650.0
2050,Delmage Essence 200ml,General Grocery,280.0,290.0
2051,Motha Jelly (apple)200g,Snacks & Confectionery,180.0,190.0
2052,Motha Jelly (apple)100g,Snacks & Confectionery,90.0,100.0
2053,Motha Cocoa Powder 50g,General Grocery,130.0,140.0
2054,Kelloggs Corn flakes 120g,General Grocery,300.0,330.0
2055,Maggi Coconut Milk Powder 25g,Dairy & Chilled,36.0,40.0
2056,Maggi Coconut Milk Powder 125g,Dairy & Chilled,197.0,210.0
2058,Maggi Coconut Milk Powder 1kg,Dairy & Chilled,3273.07,3450.0
2059,Renuka Coconut Milk Powder 300g,Dairy & Chilled,475.0,495.0
2060,Maggi Chicken Cubes 4g,"Meat, Fish & Frozen",10.0,25.0
2061,Maggi Papare Spicy Chicken 74g,"Meat, Fish & Frozen",59.36,65.0
2062,Maggi Papare Kottu 77g,General Grocery,54.0,60.0
2063,Maggi Chicken 73g,"Meat, Fish & Frozen",59.0,65.0
2064,Anchor PediaPro (1-2 years) 350g,Dairy & Chilled,646.35,755.0
2065,Anchor PediaPro (2-5 years) 350g,Dairy & Chilled,646.35,695.0
2066,CocaCola 250ml,General Grocery,100.0,120.0
2067,CocaCola 400ml,General Grocery,182.0,200.0
2068,CocaCola 1050ml,General Grocery,280.0,300.0
2069,CocaCola 1.5L,General Grocery,400.0,420.0
2070,Sprite 250ml,Beverages,100.0,120.0
2071,Sprite 400ml,Beverages,182.0,200.0
2072,Sprite 1050ml,Beverages,280.0,300.0
2073,Sprite 1.5L,Beverages,380.0,420.0
2074,Fanta 1050ml,Beverages,285.0,300.0
2075,Milkmaid 390g,General Grocery,310.0,350.0
2076,Fanta 1.5ml,Beverages,380.0,400.0
2077,Fanta Cream soda 400ml,Personal Care,72.0,80.0
2078,Portello 1050ml,General Grocery,220.0,250.0
2079,Portello 1.5L,General Grocery,190.0,200.0
2080,Lion Club Soda 400ml,General Grocery,92.0,100.0
2081,Lion Club Soda 1050ml,General Grocery,160.0,180.0
2082,Lion Club Soda 1.5L,General Grocery,140.0,150.0
2083,Lion Ginger Beer 400ml,Cooking Essentials,135.0,150.0
2084,Elephant House Soda 500ml,General Grocery,105.0,120.0
2085,Elephant House Soda 1.5L,General Grocery,225.0,250.0
2086,Elephant House Tonic 500ml,General Grocery,180.0,200.0
2087,Elephant House Necto 500ml,General Grocery,180.0,200.0
2088,Elephant House Necto 1L,General Grocery,280.0,300.0
2089,Elephant House Necto 2L,General Grocery,235.0,250.0
2090,Elephant House Orange Crush 500ml,General Grocery,180.0,200.0
2091,Elephant House Orange Crush 1L,General Grocery,280.0,300.0
2092,Elephant House Orange Crush 2L,General Grocery,235.0,250.0
2093,Elephant House Cream Soda 500ml,Personal Care,180.0,200.0
2094,Elephant House Cream Soda 1L,Personal Care,280.0,300.0
2095,Elephant House Cream Soda 2L,Personal Care,235.0,250.0
2096,Elephant House Ginger Beer 500ml,Cooking Essentials,180.0,200.0
2097,Elephant House Ginger Beer 1.5L,Cooking Essentials,370.0,400.0
2098,Marmite 55g,General Grocery,186.91,200.0
2100,Prima Swiss Roll 225g,General Grocery,280.0,325.0
2101,BunTalk Cream Bun (3in1),Personal Care,110.0,120.0
2102,BunTalk Rusk 80g,General Grocery,90.0,100.0
2103,BunTalk Better Biscuit 10pcs,Snacks & Confectionery,90.0,100.0
2104,Kandos Milk Choco 10g,Dairy & Chilled,8.0,10.0
2105,Kandos Milk Choco 20g,Dairy & Chilled,16.0,20.0
2106,Kandos Milk Choco 50g,Dairy & Chilled,40.0,50.0
2107,Kandos Milk Choco 45g,Dairy & Chilled,96.0,120.0
2108,Kandos Nut Milk Choco 40g,Dairy & Chilled,40.0,50.0
2109,Kandos Milk Extra Creamy 100g,Dairy & Chilled,240.0,300.0
2110,Kandos Crispy Malt 105g,General Grocery,96.0,120.0
2111,Kandos Cracker Jack 45g,Snacks & Confectionery,96.0,120.0
2112,Kandos Cashewnut 45g,General Grocery,112.0,140.0
2113,Kandos Cashewnut  100g,General Grocery,240.0,320.0
2114,Kandos Choconuts 70g,General Grocery,64.0,80.0
2115,Kandos Choconuts 90g,General Grocery,80.0,100.0
2116,Kandos Promises 120g,General Grocery,296.0,370.0
2117,Signal Fighter (T.B),General Grocery,51.0,62.0
2118,Signal Deep Clean (T.B),General Grocery,62.04,73.0
2119,Rexona Powder Dry Whitening 50ml,General Grocery,376.88,450.0
2120,Rexona Passion 25ml,General Grocery,209.38,250.0
2121,Dove Shampoo (Oxygen) 180ml,Personal Care,262.5,315.0
2122,Sunsilk Shampoo (Egg) 80ml,Personal Care,112.1,125.0
2123,Pears Baby Soap (Pure & Gentle) 95g,Baby & Kids,67.27,82.0
2124,Vaseline Healthy Bright 100ml,General Grocery,218.34,260.0
2126,Sunlight 2in1 (Rose) 200g,Cleaning & Household,80.0,90.0
2127,Sunlight 2in1 (Rose) 400g,Cleaning & Household,72.72,80.0
2128,Sunlight 2in1 (Rose) 550g,Cleaning & Household,90.0,99.0
2129,Sunlight 2in1 (Sakura) 550g,Cleaning & Household,90.0,99.0
2130,Prima Pittu Flour 1kg,Staples & Dry Groceries,130.0,135.0
2131,Prima Chakki Atta Flour 1kg,Staples & Dry Groceries,150.0,175.0
2132,Prima Family Flour 1kg,Staples & Dry Groceries,220.0,245.0
2133,A&S Red Rice Flour 900g,Staples & Dry Groceries,345.0,360.0
2134,Asoka Red Rice Flour 900g,Staples & Dry Groceries,160.0,165.0
2135,Lanka Salt 1kg,Staples & Dry Groceries,100.0,120.0
2136,Wijaya Table Salt 400g,Staples & Dry Groceries,50.0,60.0
2137,Lanka Table Salt 400g,Staples & Dry Groceries,50.0,100.0
2138,Raigam Table Salt 400g,Staples & Dry Groceries,50.0,55.0
2139,Biscuit Powder 300g,Snacks & Confectionery,70.0,90.0
2140,Mini Chips (tomato flavour)27g,Snacks & Confectionery,35.0,40.0
2141,Mini Chips (curry flavour)27g,Cooking Essentials,35.0,40.0
2142,Litro Gas 12.5kg,General Grocery,3596.0,3773.78
2143,Litro Gas 37.5kg,General Grocery,16000.0,16592.0
2144,Litro Gas 5kg,General Grocery,1460.42,1532.47
2145,Litro Gas 2.4kg,General Grocery,692.58,727.1
2146,Litro Gas Accessory Pack,General Grocery,1195.0,1340.0
2147,Litro Gas Regulators,General Grocery,2000.0,2300.0
2148,Hose,General Grocery,700.0,800.0
2149,Prima Kottu Mee 67g,General Grocery,100.0,105.0
2150,Maggi Seasoning Powder 500g,General Grocery,1189.9,1250.0
2151,Laxapana 9v,General Grocery,308.0,350.0
2152,Orange AA 1.5V,General Grocery,35.0,40.0
2153,Singer AAA 1.5V,General Grocery,39.0,45.0
2154,Singer R20P 1.5v,General Grocery,90.0,110.0
2155,Multi Plug,General Grocery,180.0,220.0
2156,Philips Classic Tone 40W,General Grocery,90.0,100.0
2157,Philips Classic Tone 60w,General Grocery,90.0,100.0
2158,Philips Classic Tone 75w,General Grocery,90.0,100.0
2159,Philips Classic Tone 100w,General Grocery,90.0,100.0
2160,Red Bull 250ml,General Grocery,700.0,750.0
2161,Kist Ride 250ml,General Grocery,340.0,350.0
2162,Wijaya Chilli Pieces 50g,Cooking Essentials,46.0,57.0
2163,Wijaya Chilli Pieces 100g,Cooking Essentials,92.0,114.0
2164,Wijaya Chilli Pieces 250g,Cooking Essentials,230.0,285.0
2165,Wijaya Chilli Pieces 500g,Cooking Essentials,405.0,450.0
2166,Wijaya Chilli Powder 50g,Cooking Essentials,50.0,57.0
2167,Wijaya Chilli Powder 100g,Cooking Essentials,92.0,114.0
2168,Wijaya Chilli Powder 250g,Cooking Essentials,230.0,285.0
2169,Wijaya Chilli Powder 500g,Cooking Essentials,405.0,470.0
2170,Wijaya Curry Powder 50g,Cooking Essentials,45.0,50.0
2171,Wijaya Curry Powder 100g,Cooking Essentials,89.0,102.0
2172,Wijaya Curry Powder 250g,Cooking Essentials,400.0,450.0
2173,Wijaya Pepper Powder 25g,Cooking Essentials,48.0,55.0
2174,Wijaya Pepper Powder 50g,Cooking Essentials,95.0,118.0
2175,Wijaya Pepper Powder 100g,Cooking Essentials,190.0,236.0
2176,Wijaya Roasted Curry Powder 50g,Cooking Essentials,48.0,55.0
2177,Wijaya Roasted Chilly Powder 100g,General Grocery,115.0,128.0
2178,Wijaya Meat Curry Powder 50g,Cooking Essentials,76.0,90.0
2179,Wijaya Mustard Powder 50g,Cooking Essentials,34.0,40.0
2180,Wijaya Mustard Seeds 50g,Cooking Essentials,25.0,30.0
2181,Wijaya Mustard Seeds 100g,Cooking Essentials,42.0,50.0
2182,Wijaya Coriander Seeds 50g,General Grocery,33.0,38.0
2183,Wijaya Fenugreek 50g,General Grocery,25.0,35.0
2184,Wijaya Fenugreek 100g,General Grocery,42.0,50.0
2185,Wijaya Sago 100g,General Grocery,42.0,50.0
2186,Wijaya Gram Flour 400g,Staples & Dry Groceries,160.0,180.0
2187,Wijaya Garcinia 50g,General Grocery,40.0,45.0
2188,Wijaya Pappadam 70g,General Grocery,130.0,150.0
2189,Freelan Meat Curry Powder 50g,Cooking Essentials,100.0,130.0
2190,Freelan Meat Curry Powder 250g,Cooking Essentials,330.0,420.0
2191,Freelan Meat Curry Powder 20g,Cooking Essentials,21.0,25.0
2192,Freelan Curry Powder 50g,Cooking Essentials,40.0,46.0
2193,Freelan Chilli  Powder 50g,Cooking Essentials,42.0,50.0
2194,Freelan Chilli  Powder 100g,Cooking Essentials,88.0,100.0
2195,Freelan Chilli  Pieces 50g,Cooking Essentials,42.0,50.0
2196,Freelan Chilli  Pieces 100g,Cooking Essentials,88.0,100.0
2197,Freelan Dhall Curry Mix 50g,Cooking Essentials,42.0,50.0
2198,Freelan Papadam 60g,General Grocery,72.0,80.0
2199,Freelan Rasam 90g,General Grocery,80.0,90.0
2200,Knorr mix 8g,General Grocery,22.0,25.0
2201,Aji-No-Moto 35g,General Grocery,67.0,75.0
2202,Bawani Pappadam 70g,General Grocery,73.0,83.0
2203,Turmeric Paste 50g,Cooking Essentials,110.0,125.0
2204,Goraka Paste 100g,General Grocery,70.0,80.0
2205,Goraka Paste 250g,General Grocery,125.0,150.0
2206,Knorr Buriyani Mix,General Grocery,85.0,100.0
2207,Sapthami Incense Sticks,General Grocery,85.0,100.0
2208,Asoka Super7 Incense Sticks,General Grocery,80.0,90.0
2209,Amritha Incense Sticks (sandalwood),General Grocery,85.0,100.0
2210,Amritha Incense Sticks (4in1),General Grocery,125.0,150.0
2211,Amritha Incense Sticks (Lavender),General Grocery,120.0,150.0
2212,Amritha Incense Sticks (Jasmine),General Grocery,72.0,85.0
2213,Amritha Incense Sticks,General Grocery,125.0,150.0
2214,Amritha Incense Sticks (Red-Rose),General Grocery,125.0,150.0
2215,Amritha Incense Sticks (gia),General Grocery,85.0,100.0
2216,Amaa Incense Sticks,General Grocery,42.0,50.0
2217,Anarva Incense Sticks,General Grocery,70.0,80.0
2218,Sadew Incense Sticks,General Grocery,42.0,50.0
2219,Super Six Incense Sticks,General Grocery,17.0,20.0
2220,Soorya Incense Sticks,General Grocery,70.0,80.0
2221,Ganesha Incense Sticks,General Grocery,70.0,85.0
2222,Pooja Candle Wicks,General Grocery,8.0,10.0
2223,Seedevi Candle Wicks,General Grocery,28.0,35.0
2224,Sumudu Sambrani,General Grocery,45.0,60.0
2225,Royal Candles (large),General Grocery,200.0,320.0
2226,Royal Candles (Small),General Grocery,200.0,240.0
2227,Cavadi Camphor,General Grocery,300.0,350.0
2228,Britol Air Freshener (lavender)45g,General Grocery,100.0,120.0
2229,Britol Air Freshener (Rose)45g,General Grocery,100.0,120.0
2230,Britol Air Freshener (gardenia)45g,General Grocery,100.0,120.0
2231,Mosq-Guard  55ml,General Grocery,300.0,375.0
2232,Siddhalepa Bee-Honey 90ml,Health & Medicine,350.0,400.0
2233,Siddhalepa Mahanarayana Oil 30ml,Health & Medicine,120.0,140.0
2234,Siddhalepa Neelayadi Oil 30ml,Health & Medicine,75.0,85.0
2235,Siddhalepa Castor Oil 30ml,Health & Medicine,90.0,110.0
2236,Siddhalepa Pas Oil 30ml,Health & Medicine,65.0,75.0
2237,Siddhalepa Siddhartha Oil 30ml,Health & Medicine,110.0,125.0
2238,Siddhalepa Batu Oil 30ml,Health & Medicine,100.0,115.0
2239,Siddhalepa Ghee Oil 30ml,Health & Medicine,115.0,130.0
2240,Siddhalepa Mustard Oil 30ml,Health & Medicine,90.0,100.0
2241,Siddhalepa Peenas Oil 30ml,Health & Medicine,100.0,115.0
2242,Siddhalepa Pinda Oil 30ml,Health & Medicine,115.0,130.0
2243,Siddhalepa Gingelly Oil 30ml,Health & Medicine,88.0,100.0
2244,Siddhalepa Sarwavishadi Oil 30ml,Health & Medicine,115.0,130.0
2245,Siddhalepa Kolasleshma Oil 30ml,Health & Medicine,120.0,140.0
2246,Siddhalepa Vatha Oil 30ml,Health & Medicine,105.0,120.0
2249,Sponge Scourer 4in1,Cleaning & Household,30.0,40.0
2250,Sponge Double Layer,Cleaning & Household,20.0,25.0
2251,Sponge Single,Cleaning & Household,16.0,20.0
2252,Steel Scourer 30g,General Grocery,50.0,60.0
2253,Brush,General Grocery,30.0,35.0
2254,Soap Box,Personal Care,35.0,50.0
2255,Water (Rainbow) 500ml,Beverages,22.5,35.0
2256,Water (Rainbow) 1000ml,Beverages,100.0,130.0
2257,Water (Nature's)1500ml,Beverages,40.0,70.0
2258,Water  18.9L,Beverages,350.0,450.0
2259,Kizz Strawberry Drink 215ml,Beverages,95.0,100.0
2260,Kizz Apple Drink 215ml,Beverages,95.0,100.0
2261,Sunquick  Orange Fruit Drink 200ml,Beverages,55.0,60.0
2262,Kist Apple Juice 1L,Beverages,440.0,450.0
2263,Kist Green Apple Juice 1L,Beverages,440.0,450.0
2264,Highland Chocolate Milk 180ml,Dairy & Chilled,80.0,100.0
2265,Rich Life Mixed Berry 200ml,General Grocery,66.5,75.0
2266,Rasath Tripale Yoghurt 80g,Dairy & Chilled,35.0,40.0
2267,Rasath Watalappan 80ml,General Grocery,45.0,60.0
2268,Rasath jelly Pudin 80ml,Snacks & Confectionery,45.0,50.0
2269,Highland Dairy Ice Cream (vanilla)1L,Personal Care,250.0,260.0
2270,Highland Dairy Ice Cream (vanilla)2L,Personal Care,460.0,470.0
2271,Highland Dairy Ice Cream (coffee)1L,Personal Care,340.0,350.0
2272,Highland Dairy Ice Cream (chocolate)1L,Personal Care,260.0,270.0
2273,Highland Dairy Ice Cream (butter scotch)1L,Personal Care,340.0,350.0
2274,MDK Koththu Rotti 1kg,General Grocery,320.0,375.0
2275,MDK Parata Rotti 500g,General Grocery,160.0,170.0
2276,T.R.M. Kekulu Rice 1kg,Staples & Dry Groceries,95.0,100.0
2277,Ruby Supiri White Rice 1kg,Staples & Dry Groceries,200.0,220.0
2278,Araliya Premium Keeri Samba Rice 1kg,Staples & Dry Groceries,145.0,150.0
2279,Araliya Premium Samba Rice 1kg,Staples & Dry Groceries,140.0,150.0
2280,Araliya Premium Nadu Rice 1kg,Staples & Dry Groceries,116.0,120.0
2281,Red Split Lentils (Cup) 1kg,General Grocery,415.0,440.0
2282,ProMate (CR80=),General Grocery,104.0,130.0
2283,ProMate (CR80#),General Grocery,104.0,130.0
2284,ProMate (CR120=),General Grocery,148.0,185.0
2285,ProMate (CR120#),General Grocery,148.0,185.0
2286,ProMate (CR160=),General Grocery,192.0,240.0
2287,ProMate (CR200=),General Grocery,232.0,290.0
2288,Atlas Blank Book 80page,Stationery,42.0,50.0
2289,Atlas Double Ruled Book 80page,Stationery,42.0,50.0
2290,Atlas Single Ruled Book 80page,Stationery,70.0,80.0
2291,Atlas Square Rule Book 80page,Stationery,65.0,80.0
2292,Atlas Single Ruled Book 120page,Stationery,59.5,70.0
2293,Atlas Single Ruled Book 160page,Stationery,80.0,95.0
2294,Atlas Single Ruled Book 200page,Stationery,107.0,125.0
2295,Atlas Square Ruled Book 120page,Stationery,59.5,70.0
2296,Atlas Square Ruled Book 160page,Stationery,73.0,85.0
2297,Atlas Square Ruled Book 200page,Stationery,80.0,90.0
2298,Atlas CR Book Single Ruled (40p),Stationery,58.5,65.0
2299,Atlas CR Book Single Ruled (80p),Stationery,160.0,180.0
2300,Atlas CR Book Single Ruled (120p),Stationery,127.0,160.0
2301,Atlas CR Book Single Ruled (160p),Stationery,300.0,350.0
2302,Chamara CR Book Single Ruled (80p),Stationery,90.0,110.0
2303,Atlas CR Book Square Ruled (80p),Stationery,90.0,105.0
2304,Atlas CR Book Square Ruled (120p),Stationery,200.0,250.0
2305,Atlas CR Book Square Ruled (160p),Stationery,165.0,195.0
2306,Atlas CR Book Square Ruled (200p),Stationery,200.0,240.0
2307,Passy Perfume Spray 22ml,Personal Care,175.0,220.0
2308,Passy Perfume Spray (Midnight)22ml,Personal Care,175.0,220.0
2309,Passy Perfume Spray(Wonder)22ml,Personal Care,175.0,220.0
2310,Absolute Red Perfume Spray 22ml,Personal Care,175.0,220.0
2312,Cameellia Perfume Spray 60ml,Personal Care,310.0,370.0
2313,Royal Marriage 22ml,General Grocery,150.0,200.0
2314,9X Natural Spray 22ml,General Grocery,150.0,200.0
2315,Cool Blue Natural Spray 23ml,General Grocery,150.0,200.0
2316,Blue For Lady Natural Spray 23ml,General Grocery,150.0,200.0
2317,Sweet Love Natural Spray 23ml,Snacks & Confectionery,150.0,200.0
2318,Maliban Custard Cream 410g,Personal Care,181.65,210.0
2319,Kist Orange Nectar 1L,Beverages,236.25,270.0
2320,Kist Woodapple Nectar 1L,Beverages,236.25,270.0
2321,Kist Apple Nectar 500ml,Beverages,131.25,150.0
2322,Kist Apple Nectar 1L,Beverages,236.25,270.0
2323,Kist Mixed Fruit Nectar 200ml,Beverages,53.1,60.0
2324,Kist Mixed Fruit Nectar 500ml,Beverages,131.25,150.0
2325,Kist Mixed Fruit Nectar 1L,Beverages,500.0,550.0
2326,Kist Mango Nectar 200ml,Beverages,53.1,60.0
2327,Kist Mango Nectar 500ml,Beverages,131.25,150.0
2328,Kist Mango Nectar 1L,Beverages,236.25,270.0
2329,"Kome Rice Cracker 45g (B,B,Q)",Staples & Dry Groceries,54.0,60.0
2330,"Kome Rice Cracker 90G (B,B,Q)",Staples & Dry Groceries,108.0,120.0
2331,CBL Chocolate Marie 90g,Snacks & Confectionery,49.5,55.0
2332,CBL Chocolate Marie 200g,Snacks & Confectionery,117.0,130.0
2333,CBL Milk Cream Biscuits 390g,Personal Care,180.0,200.0
2334,CBL Wafer Stix 55g vanilla,Snacks & Confectionery,110.0,120.0
2336,White Rice Flour 400g,Staples & Dry Groceries,71.43,80.0
2337,Hopper Mixture 400g,General Grocery,127.22,150.0
2338,CBL Wafers (Vanilla) 400g,General Grocery,234.0,260.0
2339,Maliban Snackers 25g,General Grocery,22.5,25.0
2340,CBL Onion Biscuits 30g,Snacks & Confectionery,27.0,30.0
2341,CBL Cheese Buttons Biscuits 30g,Dairy & Chilled,27.0,30.0
2342,CBL Savoury Nuts Biscuits 30g,Snacks & Confectionery,27.0,30.0
2343,Maliban Chick Bits 30g,General Grocery,27.0,30.0
2344,Coconut Oil 750ml (loose),Cooking Essentials,680.0,720.0
2345,Ruby White Samba 1kg,Staples & Dry Groceries,125.0,130.0
2346,Knorr Chicken Cubes 10g,"Meat, Fish & Frozen",50.0,60.0
2347,R.L Drinking Yoghurt 180ml (Classic),Dairy & Chilled,120.0,150.0
2348,Glucorasa jujubes 100g,General Grocery,160.0,180.0
2349,Gold Leaf 12s,General Grocery,1857.3,1920.0
2350,Gold Leaf 1s,General Grocery,154.78,160.0
2351,J.P. Gold 1s,General Grocery,43.6,45.0
2352,Dunhill Switch 1s,General Grocery,91.0,95.0
2354,Dunhill Double Switch 1s,General Grocery,138.27,145.0
2355,Dunhill International 1s,General Grocery,67.32,75.0
2356,Gold Leaf Cool 12s,General Grocery,759.24,780.0
2357,Iodex Head Fast 9g,General Grocery,180.0,200.0
2358,Iodex Head Fast 18g,General Grocery,205.36,230.0
2359,Iodex 18g,General Grocery,178.57,200.0
2360,Sweet Pop 50g,Snacks & Confectionery,50.0,70.0
2361,Soorya Wax Matches,General Grocery,15.0,20.0
2362,Burj Lighter,General Grocery,30.0,50.0
2363,Nail Clippers,General Grocery,50.0,70.0
2364,Fems Aya 10p,General Grocery,88.0,99.0
2365,Cheramy Nappy Wash Powder 1kg,Baby & Kids,462.89,530.0
2366,Maliban Kahata Poronduwa Tea100g,General Grocery,80.0,90.0
2367,Aluminium Foil 37.5sq.ft,General Grocery,465.0,565.0
2368,Onion 1kg,General Grocery,250.0,280.0
2369,Dry Fish 1kg,"Meat, Fish & Frozen",750.0,900.0
2370,Garlic 1kg,Cooking Essentials,410.0,450.0
2371,Cooking Oil 750ml (loose),Cooking Essentials,680.0,750.0
2372,Staples No10,General Grocery,22.0,25.0
2373,Dates 1kg,General Grocery,430.0,600.0
2374,Plums 1kg,General Grocery,600.0,800.0
2375,Flora Paper Serviettes 25's,General Grocery,43.0,60.0
2376,Flora Paper Plates 7'',General Grocery,72.0,125.0
2377,Shanthi Sambarani 50g,General Grocery,33.33,50.0
2378,Zesta Tea (BOPF) 390g,Beverages,490.91,540.0
2379,Zesta Tea (BOPF) 490g,Beverages,1600.0,1625.0
2380,Red Bull 355ml,General Grocery,413.06,550.0
2381,Red Bull (Suger Free)250ml,General Grocery,758.68,900.0
2382,Rich Life Cheese Slices 5's,Dairy & Chilled,243.0,270.0
2383,Happy Cow Cheese 113g,Dairy & Chilled,366.15,420.0
2384,Mars Bars 33g,General Grocery,118.71,135.0
2385,Snickers 50g,General Grocery,167.07,230.0
2386,Snickers 32g,General Grocery,118.71,135.0
2387,Pedigree (Adult) 90g,General Grocery,83.53,95.0
2388,Pedigree (Puppy) 90g,General Grocery,83.53,95.0
2389,Bite mixture 1kg,General Grocery,450.0,600.0
2390,Bite Cassava 1kg,General Grocery,500.0,700.0
2391,Peanut 1kg,General Grocery,800.0,1000.0
2392,CBL Choc Shock 30g,General Grocery,90.0,100.0
2393,Kist Tomato Sauce 15g,Cooking Essentials,18.0,20.0
2394,Gram 1kg,Staples & Dry Groceries,330.0,360.0
2395,DCL Instant Yeast 5/11g,General Grocery,100.0,110.0
2396,DCL Instant Yeast 11g,General Grocery,100.0,110.0
2397,Atlas Square Ruled 1/2'',Stationery,34.74,55.0
2398,Atlas Square Ruled 1'',Stationery,34.74,50.0
2399,Atlas Single Ruled 1/2'',Stationery,34.82,55.0
2400,Atlas Single Ruled 1'',Stationery,34.82,50.0
2401,Atlas CR Book Single Ruled (200p),Stationery,173.01,235.0
2402,Mortein Fast Kill 400ml,General Grocery,1200.0,1350.0
2403,Nestomalt Tin 400g,General Grocery,400.94,425.0
2404,Maggi Daiya (Chilli Chicken)76g,Cooking Essentials,63.93,70.0
2405,Maggi Daiya (Spicy Blast) 76g,General Grocery,63.93,70.0
2406,A&S White Rice Flour 900g,Staples & Dry Groceries,317.0,359.0
2407,E/H Ice Cream (Strawberry) 1L,Personal Care,520.0,600.0
2408,E/H Ice Cream (Karutha Kolumban) 1L,Personal Care,346.5,400.0
2409,Highland Dairy Ice Cream (chocolate) 2L,Personal Care,440.0,500.0
2410,E/H Ice Cream (Strawberry) 2L,Personal Care,455.0,560.0
2411,Camellia Parfum (ventura) 22ml,General Grocery,161.5,190.0
2412,Camellia Parfum (Romantic) 22ml,General Grocery,161.5,190.0
2413,Camellia Parfum (Sunny) 22ml,General Grocery,161.5,190.0
2414,Camellia Parfum (Classy) 22ml,General Grocery,161.5,190.0
2415,Camellia Parfum (Energy) 22ml,General Grocery,161.5,190.0
2416,Camellia Parfum (Purity) 22ml,General Grocery,161.5,190.0
2417,Yardley Body Spray (Navy),General Grocery,629.0,740.0
2418,Yardley Body Spray (Original),General Grocery,629.0,740.0
2419,Yardley Body Spray (Classic),General Grocery,629.0,740.0
2420,Enchanteur Cologne Romantic 120ml,Personal Care,331.5,390.0
2421,Enchanteur Cologne Glamour 120ml,Personal Care,331.5,390.0
2422,Enchanteur Talc Alluring 50g,General Grocery,204.0,240.0
2423,Enchanteur Talc Romantic 50g,General Grocery,204.0,240.0
2424,Mint Paper Serviettes 100's,General Grocery,300.0,350.0
2425,Maliban Chocolate Cream 200g,Personal Care,220.0,240.0
2426,paper,General Grocery,10.0,15.0
2427,Disposable Protective Masks 1pcs,General Grocery,8.0,15.0
2428,K.N 95 Masks,General Grocery,28.0,50.0
2429,Jaggery 250g,General Grocery,70.0,90.0
2430,Little Lion Batter Carol 360g,General Grocery,175.0,200.0
2431,Little Lion Date Cake 375g,Snacks & Confectionery,680.0,690.0
2432,Little Lion Milky Cookies 200g,General Grocery,131.25,170.0
2433,Golden Cow Baby Rusks (apple) 70g,Baby & Kids,124.6,140.0
2434,Golden Cow Baby Rusks (apple) 110g,Baby & Kids,195.8,220.0
2435,Golden Cow Baby Rusks (Banana) 70g,Baby & Kids,124.6,140.0
2436,Golden Cow Baby Rusks (Banana) 110g,Baby & Kids,195.8,220.0
2437,Golden Cow Baby Rusks (Original) 70g,Baby & Kids,124.6,140.0
2438,Keels Chunky Chicken 500g,"Meat, Fish & Frozen",1400.0,1460.0
2439,Verda Pasta (Penne Rigate) 400g,Staples & Dry Groceries,249.14,298.0
2440,Verda Pasta (Elbow) 400g,Staples & Dry Groceries,249.14,298.0
2441,Verda Pasta (Shell big ) 400g,Staples & Dry Groceries,214.03,298.0
2442,Verda Pasta (Spirals) 400g,Staples & Dry Groceries,249.14,298.0
2443,Heins Tuna Flakes in s/f oil 185g,Cooking Essentials,650.0,680.0
2444,Pfanner Green Apple 1L,General Grocery,1500.0,1590.0
2445,Fontana Cranberry Fruit Drink 1L,Beverages,1400.0,1580.0
2446,Keels Frankie (Chicken sausages)100g,"Meat, Fish & Frozen",135.0,150.0
2447,Keels Frankie (Cheesy Blast)100g,General Grocery,171.0,200.0
2448,Keels Kochchi (Chicken sausages)200g,"Meat, Fish & Frozen",234.0,260.0
2449,Duracell Battery AA,General Grocery,195.0,210.0
2450,Duracell Battery AAA,General Grocery,83.61,120.0
2451,Happy Cow Cheese 24's,Dairy & Chilled,3000.0,3650.0
2452,Happy Cow Cheese 10's(Mozzarella),Dairy & Chilled,543.13,623.0
2453,Prima Swiss Roll (Coffee) 225g,Beverages,280.0,325.0
2454,Atlas Pastels 12,Stationery,90.0,110.0
2455,Atlas Pastels 24,Stationery,140.0,160.0
2456,Atlas Colour Pencils 6,Stationery,110.0,125.0
2457,Atlas Kidz Clay 100g,Stationery,75.0,90.0
2458,Rathna Stapler pins,General Grocery,27.0,35.0
2459,Atlas Super Glu 3g,Stationery,37.0,45.0
2460,Atlas Binder Glue Pen 40g,Stationery,65.0,80.0
2461,Atlas Binder Glue 40g,Stationery,32.0,40.0
2462,Atlas Precise Ruler 6'',Stationery,16.0,20.0
2463,Atlas Precise Ruler 12'',Stationery,70.0,80.0
2464,Rathna Mathset 4pcs,General Grocery,90.0,110.0
2469,Fevigum,General Grocery,40.0,60.0
2470,Atlas BIG,Stationery,8.0,10.0
2471,Tea (loose) 100g,Beverages,80.0,120.0
2472,Revello Chocolate (Cashew) 100g,Snacks & Confectionery,243.0,280.0
2473,Revello Chocolate (Cashew) 170g,Snacks & Confectionery,378.0,430.0
2474,Revello Chocolate (Cashew) 50g,Snacks & Confectionery,320.0,350.0
2475,Revello Chocolate (Crispies) 170g,Snacks & Confectionery,324.0,360.0
2476,Revello Chocolate (Milk) 170g,Dairy & Chilled,324.0,360.0
2477,Revello Chocolate (Hazelnut) 170g,Snacks & Confectionery,441.0,490.0
2478,Ritzbury Chocolate (Peanut) 45g,Snacks & Confectionery,63.0,70.0
2479,Ritzbury Chocolate (Crispy) 45g,Snacks & Confectionery,63.0,70.0
2480,Ritzbury Chunky Choc 60g,General Grocery,63.0,70.0
2481,Ritzbury Chunky Choc 120g,General Grocery,117.0,130.0
2482,Ritzbury Chocolate Fingers 200g,Snacks & Confectionery,180.0,200.0
2483,Ritzbury Black Magic 20g,General Grocery,18.0,20.0
2484,Ritzbury Pebbles (Party Time) 180g,General Grocery,340.0,380.0
2485,Ritzbury Chit-Chat 10g,General Grocery,9.0,10.0
2486,Ritzbury Choc-A-Nut 7g,General Grocery,9.0,10.0
2487,Ritzbury Popit 9g,General Grocery,9.0,10.0
2488,Ritzbury Pebbles 8g,General Grocery,9.0,10.0
2490,Chandanalepa Lemongrass 100g,General Grocery,159.9,195.0
2491,Chandanalepa Charcoal 100g,General Grocery,159.9,195.0
2492,Giniraja Ayurvedic Herbal Oil 30ml,Cooking Essentials,139.4,170.0
2493,Giniraja Balm 10g,Health & Medicine,82.0,100.0
2494,Yaha Posha 500g,General Grocery,175.5,195.0
2495,Vitagen (Vanilla Flavored) 400g,General Grocery,1408.0,1600.0
2496,Curd,Dairy & Chilled,330.0,400.0
2497,E/H Wonder Cone (Berry) 120ml,General Grocery,79.0,90.0
2498,Imorich Wonder Cone (BiueBerry) 120ml,General Grocery,105.5,120.0
2499,Imorich Wonder Cone (Cooki Cream) 120ml,Personal Care,105.5,120.0
2500,Heavenly Magic Cappuccino,General Grocery,92.4,110.0
2501,Magic Fantastick 75ml,General Grocery,65.0,75.0
2502,Magic Divul Ice Cream 75ml,Personal Care,25.2,30.0
2503,Atlas Writing Papers 100's,Stationery,140.0,160.0
2504,Atlas Max pen,Stationery,20.0,25.0
2505,Happydent Chewing Gum,General Grocery,65.0,75.0
2506,Siddhalepa Bee Honey 30ml,Health & Medicine,120.0,150.0
2507,Mango 2B Pencil,Stationery,18.0,20.0
2509,Water (Leisure) 5L,Beverages,250.0,350.0
2510,Kakulu-Samba Rice 1kg,Staples & Dry Groceries,200.0,240.0
2511,Pears Baby Soap (Rathmal)95g,Baby & Kids,67.27,74.0
2512,Pears Baby Soap (Aloevera) 95g,Baby & Kids,63.63,70.0
2513,Pears Baby Soap (Venivel) 95g,Baby & Kids,63.63,70.0
2514,Pears Baby Oil (Olive Oil) 100ml,Baby & Kids,122.27,140.0
2515,Lifebuoy Hand Wash(Total-10)180ml,Cleaning & Household,156.95,175.0
2516,Lifebuoy Hand Wash(Total-10)200ml,Cleaning & Household,224.21,250.0
2517,Sunlight Care Liquid 1L,Cleaning & Household,272.72,300.0
2518,Horlicks 400g,General Grocery,446.01,475.0
2519,Viva 400g,General Grocery,394.36,475.0
2520,BIC Chrome Platinum 1Blade,General Grocery,18.75,25.0
2521,Denta Comfort (Soft),General Grocery,52.8,60.0
2522,Denta Comfort (Medium),General Grocery,52.8,60.0
2523,Denta Kid (Soft),General Grocery,52.8,60.0
2524,Dove Conditioner (Intense Repair) 180ml,Personal Care,275.0,330.0
2525,Dove Conditioner (Intense Repair) 80ml,Personal Care,166.66,200.0
2526,P.Baby Colongne (Bedtime) 50ml,Baby & Kids,148.47,170.0
2527,Sunlight (Lemon & Rose) 115g,Cleaning & Household,50.61,55.0
2528,Ambewela Fresh Milk (Chocolate) 1L,Dairy & Chilled,252.88,290.0
2529,Brown Suger 1kg,General Grocery,240.0,280.0
2530,Habala Flakes 1kg,General Grocery,160.0,180.0
2531,CBL Custard Cream 240g,Personal Care,117.0,130.0
2532,CBL Milk Cream 255g,Personal Care,135.0,150.0
2533,CBL Wafers 85g (Vanilla),General Grocery,66.0,75.0
2534,CBL Lemon Wafers 85g,General Grocery,66.0,75.0
2535,CBL Potato Cracker 110g,Snacks & Confectionery,72.0,80.0
2536,CBL Snak Cracker Biscuits 30g,Snacks & Confectionery,27.0,30.0
2537,Dreamron Black Henna (5minutes),General Grocery,135.0,165.0
2538,Ravan Black Hair Colour Shampoo 15ml,Personal Care,90.0,100.0
2539,BIC Shaving Foam (2in1) 100ml,General Grocery,175.0,195.0
2540,Rancrisp Potato Chips (Barbecue)60g,Snacks & Confectionery,225.0,300.0
2541,Rancrips Potato Chips(Lightly sea salted),Snacks & Confectionery,225.0,300.0
2542,Rancrips Cassava Chips (Original)100g,Snacks & Confectionery,96.0,120.0
2543,Link Samahan 30pkt,Health & Medicine,637.5,750.0
2544,Link Kesha Hair Oil (Classic)100ml,Personal Care,157.5,175.0
2545,Link Kesha Hair Oil (Lite)100ml,Personal Care,157.5,175.0
2546,Morison Gripe Mixture 100ml,General Grocery,127.5,150.0
2547,Panadol Liquid 10ml,Health & Medicine,380.0,400.0
2548,CBL Samaposha 500g,General Grocery,380.0,420.0
2549,AURA Incense Sticks (Araliya),General Grocery,80.0,100.0
2550,AURA Incense Sticks (Blue Lotus),General Grocery,80.0,100.0
2551,AURA Incense Sticks (Kumudu),General Grocery,80.0,100.0
2552,AURA Incense Sticks (Sandalwood),General Grocery,80.0,100.0
2553,AURA Incense Sticks (Night Queen),General Grocery,80.0,100.0
2554,AURA Incense Sticks (Rose),General Grocery,80.0,100.0
2555,AURA Incense Sticks (Orchid),General Grocery,80.0,100.0
2556,AURA Incense Sticks (Coffee),Beverages,80.0,100.0
2557,AURA Incense Sticks (Kewada),General Grocery,80.0,100.0
2558,Dettol Original (Promo),General Grocery,103.6,130.0
2559,Dettol Cool (Promo),General Grocery,103.61,130.0
2560,Edinborough Corn Flour 500g,Staples & Dry Groceries,400.0,450.0
2561,Edinborough Fish Sauce 190ml,Cooking Essentials,300.0,370.0
2562,Atlas Binder Glu 100g,Stationery,70.0,85.0
2563,Atlas Binder Glu 200g,Stationery,130.0,150.0
2564,Atlas Glu Liquid Pen 40ml,Stationery,40.0,55.0
2565,Atlas Glu Liquid 50ml,Stationery,28.0,35.0
2566,Atlas Glu Liquid 20ml,Stationery,16.0,20.0
2567,Atlas Correction Bottle,Stationery,65.0,80.0
2568,Atlas Pencils (Yellow),Stationery,16.0,20.0
2569,Atlas Colour Pencils,Stationery,230.0,260.0
2570,Atlas White Board Marker,Stationery,75.0,90.0
2571,Atlas Big Mistakes,Stationery,32.0,40.0
2572,Atlas Adhesive Tape 1'',Stationery,37.5,45.0
2573,Adhesive Tape 2'' (brown),General Grocery,50.0,80.0
2574,Fuji Tape pvc,General Grocery,45.0,60.0
2575,Atlas Adhesive Tape 1/2'',Stationery,15.0,20.0
2576,Atlas Permanent Marker,Stationery,80.0,85.0
2577,Sun Thread  200m,General Grocery,40.0,50.0
2578,Note Book,Stationery,22.5,35.0
2579,Bill Book (small),Stationery,45.0,70.0
2580,Professional Decoration Balloons 50pcs,General Grocery,300.0,450.0
2581,Maliban Veggie Cracker 170g,Snacks & Confectionery,135.0,150.0
2582,Diva Fresh (Rose & Lime) 1kg,Cleaning & Household,310.0,320.0
2583,Diva Fresh (Rose & Lime) 550g,Cleaning & Household,81.81,90.0
2584,Diva Fresh (Rose & Lime) 400g,Cleaning & Household,150.0,170.0
2585,Diva Fresh (Lavender) 550g,Cleaning & Household,81.81,90.0
2586,Marina Cooking Oil 1L,Cooking Essentials,715.0,800.0
2587,Playing Cards,General Grocery,80.0,125.0
2588,CBL Snak Cracker 170g,Snacks & Confectionery,162.0,180.0
2589,CBL Cheese Buttons 215g,Dairy & Chilled,315.0,350.0
2590,Star Vanilla Flavour 28ml,General Grocery,117.01,130.0
2592,Sunquick Mixed Fruit Drink 200ml,Beverages,54.0,60.0
2593,Rathna Keeri Samba Rice 1kg,Staples & Dry Groceries,225.0,240.0
2594,CBL Wafers (Chocolate) 400g,Snacks & Confectionery,234.0,260.0
2595,Pelwatte Set Yoghurt 80g,Dairy & Chilled,26.0,40.0
2596,Prima Stalla Set Yoghurt 80g,Dairy & Chilled,32.0,45.0
2597,Kellogg's Corn Flakes 250g,General Grocery,440.0,500.0
2598,Kellogg's Chocos 250g,General Grocery,440.0,500.0
2599,Motha Custard Powder (Banana) 100g,General Grocery,68.09,75.0
2600,Motha Custard Powder (Strawberry) 100g,General Grocery,68.09,75.0
2601,Eno (Orange) 5g,General Grocery,60.0,70.0
2602,Glow & Handsome Cream 50g,Personal Care,345.0,395.0
2603,Rin Detergent Powder 500g,Cleaning & Household,81.81,90.0
2606,Sunlight Detergent Powder 55g,Cleaning & Household,9.09,10.0
2607,Super Glue 3g,Stationery,60.0,75.0
2608,Half Chicken 1kg,"Meat, Fish & Frozen",520.0,570.0
2609,Wijaya Pepper Powder 250g,Cooking Essentials,470.0,525.0
2610,Wijaya Roasted Fenugreek 100g,General Grocery,60.0,70.0
2611,Vendol Venivel Soap 80g,Personal Care,51.0,60.0
2612,Lysol (Citrus) 500ml,General Grocery,300.0,335.0
2613,CBL Wafers (Vanilla) 170g,General Grocery,108.0,120.0
2614,Pelwatte Milk Powder 1kg,Dairy & Chilled,935.0,945.0
2615,3 Ply Face Mask 50pcs,General Grocery,300.0,350.0
2616,Kumarika Scalp & Hair Oil,Personal Care,270.02,300.0
2617,Diva Fresh (Sepalika & Lime) 1kg,Cleaning & Household,310.0,320.0
2618,Dove Hair Fall Rescue Shampoo 180ml,Personal Care,700.0,750.0
2619,Surf Excel (Aloe vera) 120g,General Grocery,45.45,50.0
2620,Cheramy Nappy Wash Powder 400g,Baby & Kids,222.73,245.0
2621,Baby Cheramy Baby Cologne 100ml,Baby & Kids,248.92,285.0
2622,Baby Cheramy Baby Cologne 50ml,Baby & Kids,144.12,165.0
2623,Paspanguwa  1pkt,General Grocery,40.0,50.0
2624,CBL Lankasoy (Fish Flavour) 50g,"Meat, Fish & Frozen",54.0,60.0
2625,Moldivefish (Dry) 1kg,General Grocery,1700.0,1900.0
2626,Comfort Lily Fresh 220ml,General Grocery,225.0,230.0
2627,Comfort Morning Fresh 220ml,General Grocery,245.0,285.0
2628,CBL Super Cream Cracker 330g,Personal Care,297.0,330.0
2629,Prima Self Raising Flour 1kg,Staples & Dry Groceries,153.0,170.0
2630,Prima Twist Noodles 400g,Staples & Dry Groceries,121.5,135.0
2631,Prima KottuMee (Cup) 64g,General Grocery,94.5,105.0
2632,Kotmale Fresh Milk 180ml,Dairy & Chilled,43.0,50.0
2633,Kotmale Chocolate Flavoured Milk 170ml,Dairy & Chilled,80.0,100.0
2634,Kotmale Milk With Oats 1L,Dairy & Chilled,242.68,280.0
2635,Happy Cow Cheese Spread 150g,Dairy & Chilled,531.8,580.0
2636,Maliban Wafers Lemon Cream 90g,Personal Care,65.63,75.0
2637,Golden Cow Baby Rusks (Original) 110g,Baby & Kids,195.8,220.0
2638,Champion (Cool Mint) 90g,General Grocery,51.88,55.0
2639,Aloe Miracle Foot Care Cream 50ml,Personal Care,272.0,320.0
2640,MyDoc Sanitizer Liquid 500ml,General Grocery,630.75,725.0
2641,Aroma Detergent Powder (Lotus) 1kg,Cleaning & Household,157.5,175.0
2642,Aroma Detergent Powder (Jasmine) 1kg,Cleaning & Household,157.5,175.0
2643,Aroma Detergent Powder (Rose) 1kg,Cleaning & Household,157.5,175.0
2644,Britol Car Wash Liquid 500ml,Cleaning & Household,180.0,190.0
2645,Plaza Canned Fish 425g,"Meat, Fish & Frozen",365.0,390.0
2646,Choco-La Milk 90g,Dairy & Chilled,90.0,100.0
2647,Ritzbury Milk Choco (Cashew) 45g,Dairy & Chilled,150.0,180.0
2648,Link Samahan 1pkt,Health & Medicine,22.5,25.0
2649,Ayush Saffron Face Cream 50g,Personal Care,414.85,475.0
2650,Glow & Lovely  25g,General Grocery,235.8,270.0
2651,Lifebuoy Venivel 100g,General Grocery,54.1,59.0
2652,Dettol Lasting Fresh 110g,General Grocery,71.56,78.0
2653,Dettol Orange Burst 110g,General Grocery,71.56,78.0
2654,Dettol Cool 110g,General Grocery,71.56,78.0
2655,Sunsilk Shampoo (Black Shine) 80ml,Personal Care,112.1,125.0
2657,Clear Shampoo (Men) 80ml,Personal Care,174.88,195.0
2658,Dettol Hand Sanitiser 50ml,General Grocery,218.18,240.0
2659,Wijaya Coffee 20g,Beverages,54.0,60.0
2660,Wijaya Coffee 50g,Beverages,135.0,150.0
2661,Wijaya Coffee 100g,Beverages,270.0,300.0
2663,Dialog,General Grocery,48.0,50.0
2664,Dhal 1kg,Staples & Dry Groceries,250.0,300.0
2665,Pure Dale Kirithe 400g,General Grocery,360.0,380.0
2666,Sausages,General Grocery,320.0,410.0
2667,Anchor Newdale Yoghurt 80g,Dairy & Chilled,60.0,70.0
2668,Fortune Vegetable Oil 1L,Cooking Essentials,1100.0,1190.0
2669,San Remo Pasta (Penne) 500g,Staples & Dry Groceries,355.33,425.0
2670,Baby Cheramy Herbal Cologne 50ml,Baby & Kids,144.12,165.0
2671,Britol Hand Wash 750ml,Cleaning & Household,337.5,375.0
2672,Britol Hand Sanitizer 100ml,General Grocery,225.0,250.0
2673,Mr' Pop Snacks 25g,General Grocery,40.0,50.0
2674,CBL Choco Cream 400g,Personal Care,207.0,230.0
2675,Dash Sanitizer Liquid 500ml,General Grocery,621.0,690.0
2676,Rancrisp Cashew 50g,General Grocery,190.0,210.0
2677,Laxapana Battery (AA),General Grocery,100.0,125.0
2678,Freelan Kurakkan Flour 200g,Staples & Dry Groceries,175.0,205.0
2679,Godrej Sanitizer Spray 85ml,General Grocery,271.82,299.0
2680,Vaseline Aloe 100ml,General Grocery,410.0,425.0
2681,Glow & Lovely Face Wash 50g,Cleaning & Household,183.33,220.0
2682,Pond's Facewash 50g,General Grocery,208.33,250.0
2683,Lifebuoy Shampoo 80ml,Personal Care,88.79,99.0
2684,Rin Detergent Powder 1kg,Cleaning & Household,154.54,170.0
2685,Maliban Chick Bits 80g,General Grocery,99.0,110.0
2686,Glucose-D,General Grocery,60.0,70.0
2687,Chocolate 93g,Snacks & Confectionery,220.0,270.0
2688,CBL Milk Shorties 70g,Dairy & Chilled,31.5,35.0
2689,CBL Wafer Stix 20g,Snacks & Confectionery,35.0,40.0
2690,Dettol Plaster (10),Health & Medicine,64.0,80.0
2691,Maliban milk Powder 60g,Dairy & Chilled,55.0,60.0
2692,Motha Gelatine 100g,General Grocery,338.74,375.0
2693,Fontana Apple Juice 1L,Beverages,1187.22,1420.0
2694,Bagrry's Corn Flakes 250g,General Grocery,488.21,560.0
2695,Bagrry's Choco + 375g,General Grocery,693.07,795.0
2696,Sesame &Ginger Mixed Jaggery 250g,Cooking Essentials,95.0,110.0
2697,Ginger Cookies  175g,Cooking Essentials,95.0,110.0
2698,Kist Orange Juice 1L,Beverages,393.75,450.0
2699,Kist Grape Juice 1L,Beverages,481.25,550.0
2700,Kist Mixed Fruit Juice 1L,Beverages,393.75,450.0
2701,Highland Curd 510g,Dairy & Chilled,350.0,360.0
2702,Highland Curd 950g,Dairy & Chilled,600.0,650.0
2703,Highland Milk Powder 1kg,Dairy & Chilled,905.4,945.0
2704,BIO Clean (Green) 200ML,General Grocery,104.54,115.0
2705,BIC Shaving Foam (Sensitive) 100ml,General Grocery,450.0,500.0
2706,Sunquick Fruit Drink 200ml,Beverages,54.0,60.0
2707,Valmelix Cough Syrup 100ml,Health & Medicine,170.0,190.0
2708,Silicon Teat (L),General Grocery,105.0,120.0
2709,Atlas Highlighter Pen (Pink),Stationery,46.41,65.0
2710,Atlas Highlighter Pen (Yelo),Stationery,46.41,65.0
2711,Atlas Highlighter Pen (Green),Stationery,46.41,65.0
2712,Atlas Highlighter Pen (Orange),Stationery,46.41,65.0
2713,Sera Turmeric Powder 25g,Cooking Essentials,175.0,190.0
2714,Happy Cow Cream Cheese 140g,Personal Care,462.06,530.0
2715,Cream Cheese Natural 150g,Personal Care,592.82,680.0
2716,Pelwatte Butter 200g,Dairy & Chilled,420.0,450.0
2717,Mentos Mint Toffee 33.8g,Snacks & Confectionery,80.0,100.0
2718,Mentos Fruit Toffee 33.8g,Snacks & Confectionery,80.0,100.0
2719,Glucorasa Jujubes 250g,General Grocery,192.0,250.0
2720,Glucorasa Jujubes 40g,General Grocery,42.5,55.0
2721,Chocolate Fingers 45g,Snacks & Confectionery,45.0,50.0
2722,Chocolate Fingers 27g,Snacks & Confectionery,27.0,30.0
2723,Chocolate Coated Cookies 40g,Snacks & Confectionery,50.0,60.0
2724,Chocolate Coated Cookies 100g,Snacks & Confectionery,135.0,150.0
2725,Pebbles 8g,General Grocery,8.0,10.0
2726,Royal Cashew Nuts 30g,General Grocery,130.0,160.0
2727,Royal Cashew Nut 50g,General Grocery,250.0,295.0
2728,Royal Cashew Nut 100g,General Grocery,500.0,590.0
2729,Royal Cashew Nut (Salted) 80g,General Grocery,352.0,440.0
2730,Royal Cashew Nut (Hot & Spicy) 80g,General Grocery,352.0,440.0
2731,Royal Mixed Nut 50g,General Grocery,280.0,400.0
2732,Royal Cassava Chips 70g,Snacks & Confectionery,80.0,100.0
2733,Kotmale Mozzarella Cheese 200g,Dairy & Chilled,395.0,490.0
2734,Kist Mixed Fruit Jam 510g,General Grocery,301.5,335.0
2735,Kist Mango Jam 510g,General Grocery,301.5,335.0
2736,Maldive Fish Bottle 100g,Cooking Essentials,140.0,230.0
2737,Little Lion Lincoln Biscuit 330g,Snacks & Confectionery,131.25,150.0
2738,Sustagen 400g (Chocolate),Snacks & Confectionery,3521.45,3900.0
2739,Black Knight Hair Gel 30ml,Personal Care,102.68,115.0
2741,Black Knight 50ml,General Grocery,397.32,445.0
2742,Rich Life Iced Coffee 180ml,Beverages,130.0,130.0
2743,Rich Life Iced Coffee 1L,Beverages,600.0,620.0
2744,Mini Chips (Chilli) 27g,Cooking Essentials,35.0,40.0
2745,Panda Baby Soap (Honey & Almond) 75g,Baby & Kids,56.35,63.0
2746,Misumi Romansu Soap 90g,Personal Care,60.83,68.0
2747,Delum Baby Soap (75g/5),Baby & Kids,223.62,250.0
2748,Daily Strawberry Milk 180ml,Dairy & Chilled,110.0,130.0
2749,Kellogg's Oats Jar,Staples & Dry Groceries,660.0,750.0
2750,Kellogg's Corn Flakes 475g (1L Milk Free),Dairy & Chilled,726.0,825.0
2751,Face Was 50ml,General Grocery,139.4,170.0
2752,Face Wash 50ml,Cleaning & Household,139.4,170.0
2753,Plastic Cloth Clips 24,General Grocery,100.0,130.0
2755,Cloth Clips 12,General Grocery,50.0,70.0
2756,AXE Deodorant Bodyspray 150ml,General Grocery,619.76,740.0
2757,AXE Deodorant Bodyspray 17ml,General Grocery,204.91,250.0
2759,Sunsilk Shampoo 80ml,Personal Care,112.1,125.0
2761,Pond's Day Cream 23g,Personal Care,229.16,275.0
2762,Vaseline Deep Restore 200ml,General Grocery,314.41,360.0
2763,Vaseline Green Tea 100ml,Beverages,240.17,275.0
2764,Signal Strong Teeth 160g,General Grocery,136.36,150.0
2765,ayush anti cavity toothpaste 120g,Personal Care,150.0,165.0
2766,Lipton Ceylonta 100 Tea bags,Beverages,390.91,430.0
2769,Lifebuoy Hand Wash 180ml,Cleaning & Household,156.95,175.0
2770,Lifebuoy Kohomba 100g,General Grocery,56.7,63.0
2771,Wijaya Turmeric Powder 50g,Cooking Essentials,272.75,300.0
2772,Wijaya Coriander Seeds 100g,General Grocery,66.0,75.0
2773,Wijaya Noodles 400g,Staples & Dry Groceries,121.0,145.0
2774,CBL Snak Cracker 260g,Snacks & Confectionery,297.0,330.0
2775,CBL Onion Biscuits 170g,Snacks & Confectionery,162.0,180.0
2776,CBL Wafer Stix 55g chocolate,Snacks & Confectionery,110.0,120.0
2777,Robin Liquid Blue 75ml,General Grocery,72.73,80.0
2778,Mars Bars 51g,General Grocery,167.07,190.0
2779,Kist Grapes Juice 200ml,Beverages,96.25,110.0
2780,Kist Green Apple Juice 200ml,Beverages,81.0,90.0
2781,Kist Apple Juice 200ml,Beverages,180.0,200.0
2782,Cinthol Lime Soap 100g,Personal Care,65.22,75.0
2783,Kist Orange Juice 200ml,Beverages,81.0,90.0
2784,Kist Aloevera Drink 500ml,Beverages,140.0,160.0
2785,Kist Aloevera Drink  200ml,Beverages,61.95,70.0
2786,Kist Woodapple Nectar 500ml,Beverages,131.25,150.0
2787,Kist Passion Fruit Nectar 1L,Beverages,236.25,270.0
2788,Kist Guava Nectar 1L,Beverages,236.25,270.0
2789,Imorich Ice Cream,Personal Care,110.0,120.0
2790,Revello Crispies Chocolate 100g,Snacks & Confectionery,216.0,240.0
2791,Revello Fruit & Nut  Chocolate 170g,Snacks & Confectionery,360.0,400.0
2792,Ritzbury Cashew Chocolate 93g,Snacks & Confectionery,300.0,340.0
2793,Laxapana Alkaline AA,General Grocery,74.83,85.0
2794,New Fenol 750ml,General Grocery,252.0,280.0
2795,BIO Clean (Green) 500ml,General Grocery,204.55,225.0
2796,Fanta Orange 400ml,Beverages,182.0,200.0
2797,Prima Semolina 500g,General Grocery,117.0,130.0
2798,Ice Cream,Personal Care,430.0,470.0
2799,Gold Wet Shine Hair Gel,Personal Care,205.97,235.0
2800,Baby Cheramy Bottle Wash 400ml,Baby & Kids,318.18,350.0
2801,Velvet Hand Wash Refill (Rose) 200ml,Cleaning & Household,148.95,165.0
2802,Misumi Kiyo Soap 90g,Personal Care,60.83,68.0
2803,Misumi Momo Soap 90g,Personal Care,60.83,68.0
2804,Royal Cashew Nut 200g,General Grocery,720.0,900.0
2805,Rich Life Set Kiri 120g,General Grocery,90.0,110.0
2806,Fontana Orange Juice 1L,Beverages,1438.0,1720.0
2807,Flora Toothpicks,General Grocery,64.0,75.0
2808,Maliban Cracker Thins 190g,Snacks & Confectionery,135.0,150.0
2809,Lakspray,General Grocery,1180.0,1200.0
2810,Soya 90g,Cooking Essentials,60.0,65.0
2811,Whisper Ultra XL 15s,General Grocery,348.21,390.0
2812,Whisper Ultra XL+ 15s,General Grocery,401.79,450.0
2813,Velvet 100g (Rose),General Grocery,65.76,72.0
2814,Baby Cheramy Shampoo 100ml,Baby & Kids,143.76,160.0
2815,Baby Laundry Wash Liquid 650ml,Baby & Kids,516.19,590.0
2816,CBL Cheese Buttons 170g,Dairy & Chilled,198.0,220.0
2817,Lemon Swiss Roll 225g,General Grocery,280.0,325.0
2818,Strawberry Topping 270ml,General Grocery,393.99,450.0
2819,Mixedfruit Jam 1.4kg,General Grocery,698.94,800.0
2820,Whole Gherkins 375g,General Grocery,214.28,300.0
2821,Maliban Wafers (Chocolate) 90g,Snacks & Confectionery,72.0,80.0
2822,Maliban Krisco 170g,General Grocery,350.0,380.0
2823,Imorre Choco Delight 90g,General Grocery,162.0,180.0
2824,Dimo Lumin AA,General Grocery,37.83,55.0
2825,Kurakkan Cracker 100g,Staples & Dry Groceries,90.0,100.0
2826,CBL Savoury Nuts 170g,General Grocery,180.0,200.0
2827,Turmeric 25g,Cooking Essentials,180.0,200.0
2828,Happy Cow Cheese 10's,Dairy & Chilled,1464.62,1680.0
2829,Lux Jasmine 100g,General Grocery,72.0,80.0
2830,Glucose-D 100g,General Grocery,80.0,100.0
2831,P.Baby (Aloevera) 100ml,Baby & Kids,150.0,170.0
2832,Closeup Toothpaste 120g,Personal Care,150.0,170.0
2833,Signal New Formula 160g,General Grocery,145.0,160.0
2834,Signal New Formula 40g,General Grocery,50.0,56.0
2837,Kumarika Shampoo 40ml,Personal Care,60.0,65.0
2838,Butter 100g,Dairy & Chilled,670.0,690.0
2839,Sunflower oil 500ml,Cooking Essentials,419.64,470.0
2840,Sunflower Oil 1L,Cooking Essentials,803.57,900.0
2841,Fortune Coconut Oil 350ml,Cooking Essentials,272.73,300.0
2842,7 Oils,General Grocery,99.0,110.0
2843,Maliban Cracker Thins 95g,Snacks & Confectionery,72.0,80.0
2844,Papaya Soap 100g,Personal Care,127.5,150.0
2845,Asiri Sweet Peanuts 100g,Snacks & Confectionery,210.0,250.0
2846,Heavenly Crunch Cone,General Grocery,92.4,110.0
2847,Toilet Tissue Flora,General Grocery,275.0,295.0
2848,Peanuts,General Grocery,170.0,185.0
2849,Dessicut Nice 100g,General Grocery,60.0,70.0
2850,Mortein Mosquito Coils,General Grocery,125.0,145.0
2851,BIC Lighter,General Grocery,92.4,120.0
2852,BIC Lighter (mini),General Grocery,160.0,180.0
2853,Olive Oil 250ml,Cooking Essentials,900.0,985.0
2854,Lighter,General Grocery,40.0,80.0
2855,Laxapana AAA,General Grocery,100.0,125.0
2856,Anchor Butter 227g,Dairy & Chilled,625.0,680.0
2857,Flora Facial Tissue,General Grocery,80.0,90.0
2858,Peanut Butter 325g,Dairy & Chilled,600.0,650.0
2860,Marvel Baby Diapers,Baby & Kids,180.0,195.0
2861,Coconut Milk 500ml,Dairy & Chilled,225.0,250.0
2862,Diamond Tuna,General Grocery,650.0,750.0
2863,Dunhill Tube,General Grocery,162.61,170.0
2864,Mint Toilet Tissue,General Grocery,240.0,280.0
2865,Zero Cola 400ml,General Grocery,182.0,200.0
2866,Marmite 100g,General Grocery,620.0,675.0
2868,egg,"Meat, Fish & Frozen",40.0,45.0
2869,Bottled Drinking Water 500ml,Beverages,50.0,70.0
2870,Bottled Drinking Water 1000ml,Beverages,85.33,100.0
2871,Bottled Drinking Water 1500ml,Beverages,85.0,130.0
2872,Cheddar Cheese Kotmale 250g,Dairy & Chilled,990.0,1100.0
2873,Fresh Milk,Dairy & Chilled,350.0,390.0
2874,Mister Potato Crisps 100g(Original),General Grocery,700.0,790.0
2875,Rancrisp Potato Chips 100g (Hot & Spicy),Snacks & Confectionery,430.0,540.0
2876,Choc A Nut 170g,General Grocery,380.0,420.0
2877,CBL Wafer Stix 55g strawberry,Snacks & Confectionery,110.0,120.0
2878,Anchor 200g,Dairy & Chilled,520.0,550.0
2879,Aluminium Foil,General Grocery,1638.69,1960.0
2880,Black Olives 350g,General Grocery,1178.85,1330.0
2885,Dona Vita Macaroni 300g,General Grocery,360.0,400.0
2886,Pedigree (puppy)370g,General Grocery,615.52,700.0
2887,Pedigree (Adult)370g,General Grocery,700.0,730.0
2888,Citronella Spray(AVANI)100g,General Grocery,330.0,375.0
2889,MosAway(siddhalepa)60ml,Health & Medicine,330.0,370.0
2890,Round Facial Cotton (Flora),General Grocery,506.0,595.0
2891,Food Cling Wrap (Flora),General Grocery,676.0,795.0
2892,Cricket Ball (Atlas),Stationery,225.0,250.0
2893,CBL Super Cream Cracker 120g,Personal Care,110.0,120.0
2894,Gold Marie 165g,General Grocery,153.0,170.0
2895,Harischandra Coffee (200g),Beverages,750.0,800.0
2897,MD Woodapple jam 150g,General Grocery,218.18,240.0
2898,Samahan(30pkt),Health & Medicine,1600.0,1800.0
2899,Coca_Cola 300ml(glass bottle),Beverages,103.66,120.0
2900,Sprite 300ml(glass bottle),Beverages,136.5,150.0
2901,Fanta 300ml(glass bottle),Beverages,136.5,150.0
2902,Soda 300ml(glass bottle),General Grocery,93.0,100.0
2903,Tonic 300ml(glass bottle),General Grocery,136.5,150.0
2904,Prima Sunrise Top(350g 4slices more),General Grocery,207.0,230.0
2905,Dunhill Blue,General Grocery,162.61,170.0
2906,Kotmale Butter 125g,Dairy & Chilled,575.0,640.0
2907,Back Bacon 150g,General Grocery,1250.0,1390.0
2908,M D Kithul Treacle 750ml,General Grocery,1200.0,1400.0
2909,Gold Hair Gel 25g,Personal Care,87.8,100.0
2911,C.Baby Soap 70g,Baby & Kids,131.55,145.0
2912,Big Burger Bun,"Meat, Fish & Frozen",165.0,175.0
2913,Watawala Tea 500g,Beverages,1272.73,1400.0
2914,Sameera Biscuit powder,Snacks & Confectionery,150.0,190.0
2915,SanRemo Spaghetti,General Grocery,900.0,990.0
2916,Catering Chicken Sausages 325g,"Meat, Fish & Frozen",450.0,520.0
2917,KALO(Vanilla flavored cream 140g),Personal Care,270.0,300.0
2918,KALO(Chocolate Cream 140g),Personal Care,270.0,300.0
2919,KALO(Strawberry Cream 140g),Personal Care,270.0,300.0
2920,Rollz Chocolate Flavoured 100g,Snacks & Confectionery,270.0,300.0
2921,Rollz Vanilla Flavoured 100g,General Grocery,270.0,300.0
2922,StixRolled Wafer(Chocolate 100g),Snacks & Confectionery,190.0,220.0
2923,StixRolled Wafer(Strawberry 100g),Snacks & Confectionery,190.0,220.0
2924,StixRolled Wafer(Vanilla 100g),Snacks & Confectionery,190.0,220.0
2925,Mister Potato Original 40g,General Grocery,450.0,480.0
2926,Mister Potato Original 100g,General Grocery,820.0,840.0
2927,Revello Dark Chocolate 50g,Snacks & Confectionery,400.0,420.0
2928,Revello Dark Chocolate 100g,Snacks & Confectionery,620.0,650.0
2929,Revello Fantasy Almond 50g,General Grocery,250.0,280.0
2930,Revello Fantasy Peanut 50g,General Grocery,300.0,350.0
2931,Ritsbwry White 93g,General Grocery,200.0,230.0
2932,Ritsbwry White 45g,General Grocery,70.0,100.0
2933,Ritsbwry Crispy 93g,General Grocery,240.0,270.0
2934,ChokyBix 43g,General Grocery,70.0,100.0
2936,CHOC-A-NUT 50g,General Grocery,100.0,120.0
2937,CHOC-A-NUT 30g,General Grocery,200.0,250.0
2938,CHOCO-LA Crispy 45g,General Grocery,70.0,100.0
2939,KSsuper,General Grocery,70.0,100.0
2940,Kinley Soda 400ml,General Grocery,93.0,100.0
2941,Chirpy Chips 50g,Snacks & Confectionery,180.0,200.0
2942,Tomato Puree 600g,General Grocery,750.0,800.0
2943,My Juicee(Mix Fruit),General Grocery,100.0,120.0
2944,Daily Banana Flavoured milk 180ml,Dairy & Chilled,110.0,130.0
2945,Milo Drink 125ml,Beverages,80.0,100.0
2946,Lakmal Jaggery 250g,General Grocery,140.0,160.0
2947,Chupa Chups 40g,General Grocery,20.0,40.0
2948,Sesame Curls 10pieces,General Grocery,230.0,250.0
2949,Prima Hot Dog Bun 100g,General Grocery,180.0,200.0
2950,Bun Talk Tea Bun,Beverages,65.0,75.0
2951,Bun Talk Sweet Bread,Snacks & Confectionery,160.0,170.0
2952,Bun Talk Sugar Cookies,Staples & Dry Groceries,80.0,100.0
2953,Uswatte Fruity Jellies,General Grocery,130.0,140.0
2954,Uswatte Glucorasa 70g,General Grocery,130.0,140.0
2955,Uswatte March Mallows 50g,General Grocery,80.0,100.0
2956,Little Lion Fruit Cake 320g,Snacks & Confectionery,660.0,680.0
2957,Little Lion Coffee Sponge Cake 240g,Cleaning & Household,460.0,480.0
2958,Little Lion Chocolate Cake,Snacks & Confectionery,560.0,590.0
2959,Lion Ginger Beer 250ml,Cooking Essentials,80.0,100.0
2960,Fanta Orange  Flavoured 250ml,Beverages,100.0,120.0
2961,CocaCola Zero 1050ml,General Grocery,280.0,300.0
2962,Elephant House Soda 1l,General Grocery,160.0,180.0
2963,Lion Ginger Beer 1050ml,Cooking Essentials,240.0,250.0
2964,Elephant House Cream Soda 1.5L,Personal Care,380.0,400.0
2965,Elephant House Orange Crush 1.5L,General Grocery,380.0,400.0
2966,Sprite 2L,Beverages,480.0,500.0
2967,Coca-Cola 2L,Beverages,480.0,500.0
2968,Elephant House Dry Gingerale 500ml,General Grocery,180.0,200.0
2969,Mirinda 400ml,General Grocery,180.0,200.0
2970,Mirinda 250ml,General Grocery,100.0,120.0
2971,Sting 250ml,General Grocery,100.0,120.0
2972,Pepsi 250ml,Beverages,100.0,120.0
2973,7Up 250ml,General Grocery,100.0,120.0
2974,7Up 1L,General Grocery,280.0,300.0
2975,Pepsi 400ml,Beverages,180.0,200.0
2976,Oie Cream soda 400ml,Personal Care,130.0,150.0
2977,Oie Zingo 400ml,General Grocery,130.0,150.0
2978,Mountan dew 400ml,General Grocery,180.0,200.0
2979,Pepsi 1.5L,Beverages,380.0,400.0
2980,Mirinda 1.5L,General Grocery,380.0,400.0
2981,Astra Soft 100g,General Grocery,180.0,200.0
2982,Astra 90g,General Grocery,160.0,175.0
2983,Astra 50g,General Grocery,100.0,130.0
2984,RichLife Yoghurt,Dairy & Chilled,60.0,70.0
2985,Rasath caramal Pudding,Snacks & Confectionery,100.0,120.0
2986,Rasath Jelly Yoghurt,Dairy & Chilled,60.0,70.0
2987,Rasath Watalappan,General Grocery,100.0,120.0
2988,RichLife Mixed berry Drinking Yoghurt 180ml,Dairy & Chilled,130.0,150.0
2989,RL.Mango Flavoured Drinking Youghurt 180ml,General Grocery,120.0,150.0
2990,RL. Strawberry Drinking Yoghurt 180ml,Dairy & Chilled,140.0,150.0
2991,Lipton Green Tea 20Tea bag,Beverages,330.0,340.0
2992,Lipton Yellow Label 20Tea bag,General Grocery,330.0,345.0
2993,A.N Vanilla Flavoured Milk 180ml,Dairy & Chilled,120.0,130.0
2994,Pepsi Beverage 1L,Beverages,280.0,300.0
2995,P.Mirinda beverage 1L,General Grocery,280.0,300.0
2996,E.L EGB 1L,General Grocery,280.0,300.0
2997,P.Ole Ginger Beer,Cooking Essentials,140.0,150.0
2998,P.7Up 400ml,General Grocery,180.0,200.0
2999,P.7Up 1.5L,General Grocery,380.0,400.0
3000,E.H.Necto 1.5L,General Grocery,380.0,400.0
3001,Spinner Beverage 250ml,General Grocery,340.0,350.0
3002,Sun Crush Lemon Lime 250ml,General Grocery,140.0,150.0
3003,Sun Crush Ginger Beer 250ml,Cooking Essentials,140.0,150.0
3004,Sun Crush Bitter Lemon 250ml,General Grocery,140.0,150.0
3005,Sun Crush Appifuz Red 250ml,General Grocery,140.0,150.0
3006,Spinner Sugar Free 250ml,Staples & Dry Groceries,340.0,350.0
3007,Sun Crush Orangena 250ml,General Grocery,140.0,150.0
3008,Sun Crush Mangaa Fizz 250ml,General Grocery,140.0,150.0
3009,Sun Crush Appifizz Green 250ml,General Grocery,140.0,150.0
3010,Sun crush Grapee Fizz 250ml,General Grocery,140.0,150.0
3011,Sun Crush Tonic Water 250ml,Beverages,140.0,150.0
3013,Spinner Booster Shot 180ml,General Grocery,180.0,200.0
3014,Sunsilk Conditioner 180ml,Personal Care,740.0,750.0
3015,Dove Shampoo 180ml,Personal Care,740.0,750.0
3016,Clear Men Shampoo 180ml,Personal Care,690.58,770.0
3018,LifeBuoy Shampoo 175ml,Personal Care,435.72,520.0
3019,Vaseline Kiss of Petals 100ml,General Grocery,524.01,600.0
3020,Vaseline Ice cool 100ml,General Grocery,371.17,425.0
3021,Vaseline Pretty as a peach 100ml,General Grocery,570.0,580.0
3022,Sunsilk Shampoo 180ml,Personal Care,560.53,625.0
3023,SunSilk Soft & Smooth Shampoo 40ml,Personal Care,134.52,150.0
3024,SunSilk Soft & Smooth Conditioner 40ml,Personal Care,135.0,145.0
3025,Sunsilk Black Shine Shampoo 40ml,Personal Care,140.0,150.0
3026,Sunsilk Damage Restore Shampoo 40ml,Personal Care,140.0,150.0
3027,Rexona Shower Fresh 72H 50ml,General Grocery,840.0,850.0
3028,Rexona Powder Dry 72H 50ml,General Grocery,840.0,850.0
3029,Rexona Aloe Vera 72H 50ml,General Grocery,840.0,850.0
3030,Rexona Men 72H 25ml,General Grocery,460.0,470.0
3031,Rexona Aloe Vera 72H 25ml,General Grocery,460.0,470.0
3032,Rexona Powder Dry 72H 25ml,General Grocery,460.0,470.0
3033,Rexona Shower Fresh 72H 25ml,General Grocery,460.0,470.0
3034,Pears Baby Cream 50ml,Baby & Kids,170.0,180.0
3035,LifeBuoy BodyWash Cool Fresh 240ml,General Grocery,510.0,520.0
3036,LifeBuoy BodyWash Stronger Skin  240ml,General Grocery,510.0,520.0
3037,Comfort Morning Fresh 860ml,General Grocery,1150.0,1160.0
3038,SurfExcel Matic 1L,General Grocery,1000.0,1050.0
3039,Comfort Morning Fresh 90ml,General Grocery,140.0,150.0
3040,Comfort Lily Fresh 90ml,General Grocery,140.0,150.0
3041,Sanitizer 50ml,General Grocery,210.0,220.0
3042,Star VIm 500g,Cleaning & Household,265.0,275.0
3043,Sunlight 2Bar,Cleaning & Household,110.0,125.0
3044,Sunlight 1Bar,Cleaning & Household,140.0,150.0
3045,Sunlight 4Bar,Cleaning & Household,430.0,440.0
3046,Pears Pink Floral Cologne 50ml,Personal Care,360.0,370.0
3047,Pears Bed Time Cologne 50ml,Personal Care,360.0,370.0
3048,Pears White Floral Cologne 100ml,Personal Care,575.0,585.0
3049,Pears Pure & Gentle Cologne 100ml,Personal Care,575.0,585.0
3050,Pears Bed Time BabySoap 70g,General Grocery,140.0,145.0
3051,Pears Pure & Gentle BabySoap 70g,General Grocery,140.0,145.0
3052,Pears Bee's Honey BabySoap 70g,General Grocery,140.0,145.0
3053,Pears Kohomba BabySoap 70g,General Grocery,140.0,145.0
3054,Pears Rathmal BabySoap 70g,General Grocery,140.0,145.0
3055,Signal Toothpaste 120g,Personal Care,230.0,240.0
3056,Signal Toothpaste 40g,Personal Care,100.0,125.0
3057,Signal Toothpaste 70g,Personal Care,180.0,200.0
3058,Signal Toothpaste 160g,Personal Care,260.0,280.0
3059,Signal Clove & Ginger Toothpaste 120g,Personal Care,200.0,240.0
3060,Signal Triple Clean Adult Toothbrush,Personal Care,100.0,110.0
3061,Signal Clove & Ginger Toothpaste 40g,Personal Care,100.0,125.0
3062,Ayush Toothpaste 30g,Personal Care,100.0,115.0
3063,Ayush Toothpaste 110g,Personal Care,260.0,285.0
3064,MD Mango Jam 150g,General Grocery,250.0,260.0
3065,MD Mango Jam 300g,General Grocery,360.0,380.0
3066,MD WoodApple Jam 300g,General Grocery,360.0,380.0
3067,MD Strawberry Melon Jam 500g,General Grocery,580.0,600.0
3068,MD WoodApple Jam 225g,General Grocery,300.0,320.0
3069,Head & Shoulders Silky Black Shampoo 72ml,Personal Care,380.0,400.0
3070,Head & Shoulders Cool Menthol Shampoo 72ml,Personal Care,380.0,400.0
3071,Head & Shoulders Lemon Fresh Shampoo 72ml,Personal Care,380.0,400.0
3072,Goya Pretty pink 65g,General Grocery,80.0,90.0
3073,Goya Sandal Touch 65g,General Grocery,80.0,90.0
3074,Goya Misty Green 65g,General Grocery,80.0,90.0
3075,Goya Creamy Bliss 65g,General Grocery,80.0,90.0
3076,Velvet Rose Petals & Milk 70g,Dairy & Chilled,110.0,125.0
3077,Velvet Sandal & Curd 70g,Dairy & Chilled,110.0,125.0
3078,Velvet Milk & Almond 70g,Dairy & Chilled,110.0,125.0
3079,Velvet Orange & Honey 70g,General Grocery,110.0,125.0
3080,BabyCheramy Moisturizes & Cares Baby Shampoo 100ml,Baby & Kids,280.0,290.0
3081,BabyCheramy Honey & Milk Protein BabyShampoo 100ml,Dairy & Chilled,280.0,290.0
3082,Lovely Paper Serviettes 100sheets,General Grocery,280.0,295.0
3083,Flora Cotton Balls 100pcs,General Grocery,580.0,595.0
3084,Flora Cotton Buds 100 paper stems,General Grocery,210.0,225.0
3085,Lovely 2Ply White Toillet Tissue,General Grocery,180.0,230.0
3086,Diva Fresh (Lavender & Lime) 1kg,Cleaning & Household,310.0,320.0
3087,Dash Air Freshener (Cinnamon),Cooking Essentials,675.75,795.0
3088,Kellogg's Muesli Fruit & Nut 500g,General Grocery,2800.0,2900.0
3089,Kellogg's Muesli Fruit & Nut 240g,General Grocery,1363.9,1550.0
3090,Kellogg's Muesli Nuts Delight 500g,General Grocery,2552.0,2900.0
3091,Kellogg's Muesli Nuts Delight 240g,General Grocery,1363.9,1550.0
3092,Kellogg's Oats 400g,Staples & Dry Groceries,640.0,650.0
3093,Delmege Soya Cuttlefish Flavour 90g,Cooking Essentials,140.0,150.0
3094,Delmege Soya Chicken Flavour 90g,Cooking Essentials,140.0,150.0
3095,Pahanthira,General Grocery,40.0,50.0
3096,Candles 40pcs Sangeetha small,General Grocery,500.0,520.0
3097,Candles 40pcs Ruhunu small,General Grocery,700.0,720.0
3098,Candles 8pcs Large Sangeetha,General Grocery,500.0,520.0
3099,Candles 8pcs Large star,General Grocery,380.0,400.0
3100,Birthday candle number 4,General Grocery,100.0,120.0
3101,Birthday candle number 5,General Grocery,100.0,120.0
3102,Playing cards Plastic Coated,General Grocery,200.0,250.0
3103,Birthday Candle,General Grocery,100.0,120.0
3104,Janet Green Garden Deodorant 30ml,General Grocery,500.0,530.0
3105,Janet Lilac Mist Deodorant 30ml,General Grocery,500.0,530.0
3106,Janet Pink Petals Deodorant 30ml,General Grocery,500.0,530.0
3107,Janet Orange Bloom Deodorant 30ml,General Grocery,500.0,530.0
3108,Janet Orange Bloom Body Spray 75ml,General Grocery,980.0,1000.0
3109,Janet Pink Petals Body Spray 75ml,General Grocery,980.0,1000.0
3110,Janet Green Garden Body Spray 75ml,General Grocery,980.0,1000.0
3111,Janet Lilac Mist Body Spray 75ml,General Grocery,980.0,1000.0
3112,Bag (Baby size),Baby & Kids,2.0,3.0
3113,Bag (Chicken Size),"Meat, Fish & Frozen",2.0,3.0
3114,Bag (Medium size),General Grocery,3.0,5.0
3115,Bag (Large size),General Grocery,8.0,10.0
3116,Candy Sugar 80g,Staples & Dry Groceries,100.0,130.0
3117,Revello Bliss Biscuits100g,General Grocery,360.0,380.0
3118,Green Gram (Samuel's Product) 250g,Staples & Dry Groceries,230.0,245.0
3119,Rice Flakes (Samuel's Product) 200g,Staples & Dry Groceries,120.0,150.0
3120,Chickpeas (Samuel's Product) 250g,General Grocery,150.0,165.0
3121,PoP-Corn (Samuel's Product) 150g,General Grocery,200.0,210.0
3122,White Kawpi (Samuel's Product) 250g,General Grocery,200.0,230.0
3123,Cardamon (Samuel's Product) 6g,General Grocery,120.0,145.0
3124,Tamarind (Samuel's Product) 100g,General Grocery,100.0,135.0
3125,Harischandra Papadam 70g,General Grocery,120.0,140.0
3126,Nestle Nestomalt 28g,General Grocery,50.0,60.0
3127,Nestea Milk Tea Mix 25g,Dairy & Chilled,60.0,70.0
3128,Nestle Milo 15g,Beverages,40.0,50.0
3129,Ratthi Tea & Sugar Added Milk Mix 25g,Dairy & Chilled,50.0,65.0
3130,Nestle Nespray Everyday 18g,General Grocery,50.0,60.0
3131,Nescafe 3 in 1 18g,General Grocery,63.93,70.0
3132,Marvel WetWipes,General Grocery,259.0,360.0
3133,Marvel Tampons Heavy flow,General Grocery,693.0,900.0
3134,Marvel Tampons Regular Flow,General Grocery,616.0,800.0
3135,Marvel Panty Liners,General Grocery,280.0,330.0
3136,EdinBorouah Oyster Sauce 1kg,Cooking Essentials,1000.0,1040.0
3137,Edinborouah Mayonnaise 180g,General Grocery,700.0,715.0
3138,Edinborouah Mayonnaise 100g,General Grocery,380.0,400.0
3139,Strepsils Cool 24 Lozenges,General Grocery,700.0,720.0
3140,Strepsils Soothing Honey & Lemon 24 Lozenges,General Grocery,700.0,720.0
3141,Strepsils Original 24 Lozenges,General Grocery,700.0,720.0
3142,Ninja Refill 30Nights 25ml,General Grocery,350.0,375.0
3143,Ninja Refill 60Nights 42ml,General Grocery,450.0,485.0
3144,GoodKnight Mosquito Coil 10Hours,General Grocery,150.0,180.0
3145,Chandanalepa Kohomba Ayurveda Soap 75g,Personal Care,200.0,220.0
3146,Chandanalepa Cinnamon Ayurveda Soap 100g,Personal Care,300.0,330.0
3147,Dona Vita Spaghetti 300g,General Grocery,420.0,440.0
3148,Fontana Tomato Juice 1L,Beverages,1450.0,1490.0
3149,Fontana Pineapple Juice 1L,Beverages,1700.0,1720.0
3150,GreenLand Sweet Corn 425g,Snacks & Confectionery,750.0,790.0
3151,GreenLand Cream Style Corn 425g,Personal Care,800.0,850.0
3152,GreenLand Button Mushrooms 425g,General Grocery,850.0,890.0
3153,GreenLand Baby Corn 425g,Baby & Kids,950.0,990.0
3154,Sunlight Royal Lavender 200g,Cleaning & Household,80.0,90.0
3155,Sunlight 2in1 500g,Cleaning & Household,150.0,180.0
3156,Sunlight sakura fresh 1kg,Cleaning & Household,300.0,320.0
3157,Sunlight Citrus fresh 500g,Cleaning & Household,150.0,180.0
3158,Sunlight Rose Fresh 200g,Cleaning & Household,80.0,90.0
3159,Sunlight Rose Fresh 500g,Cleaning & Household,150.0,180.0
3160,Sunlight 2in1 (Citrus Fresh) 1kg,Cleaning & Household,285.0,320.0
3161,Sunlight 2in1 (Jasmine Fresh) 1kg,Cleaning & Household,285.0,320.0
3162,Sunlight 2in1 (Rose Fresh) 50g,Cleaning & Household,15.0,25.0
3163,Sunlight 2in1 (Lemon Fresh) 50g,Cleaning & Household,15.0,25.0
3164,Sunlight 2in1 (sakura Fresh) 50g,Cleaning & Household,15.0,25.0
3165,Rin Rose 50g,Cleaning & Household,10.0,20.0
3166,Rin Rose 200g,Cleaning & Household,70.0,80.0
3167,Rin Anti-germ 500g,Cleaning & Household,150.0,170.0
3168,Sunlight 2In1 Rose Fresh 2kg,Cleaning & Household,560.0,575.0
3169,Surf Excel 1kg,General Grocery,520.0,540.0
3170,Surf Excel 500g,General Grocery,280.0,300.0
3171,Surf Excel 250g,General Grocery,120.0,150.0
3172,Comfort Morning Fresh 54ml,General Grocery,70.0,80.0
3173,Surf Excel 120g,General Grocery,80.0,100.0
3174,Surf Excel 30g,General Grocery,10.0,20.0
3175,Diva 3in1 (Jasmine&Lime) 30g,Cleaning & Household,10.0,25.0
3176,Diva 3In1 Rose 200g,Cleaning & Household,80.0,90.0
3177,Diva Diriya 500g,Cleaning & Household,150.0,190.0
3178,HyFum French Fries 1kg,General Grocery,1400.0,1600.0
3179,Keells Chicken Burger Patty 6 Slices,"Meat, Fish & Frozen",500.0,525.0
3180,Edinborouah Dark Soya Sauce 600ml,Cooking Essentials,700.0,720.0
3181,Chandanalepa Ayurveda Soap 75g,Personal Care,200.0,250.0
3182,Chandanalepa Venivel Ayurveda Soap 75g,Personal Care,200.0,220.0
3183,Comfort Lily Fresh 210ml,General Grocery,280.0,300.0
3184,Comfort Morning Fresh 210ml,General Grocery,280.0,300.0
3185,Comfort Lily Fresh 860ml,General Grocery,1100.0,1160.0
3186,Comfort Royale 850ml,General Grocery,1500.0,1550.0
3187,Diva Power Liquid Detergent 1L,Cleaning & Household,700.0,750.0
3188,Bubble Compact Aloe Vera 120g,General Grocery,60.0,70.0
3189,Fortune RBD Coconut Oil 200ml,Cooking Essentials,360.0,375.0
3190,Fortune Cooking Oil RBD Palm Olein 2L,Cooking Essentials,2300.0,2370.0
3191,Suddhi Fresh Milk 1L,Dairy & Chilled,450.0,470.0
3192,Daily Faluda Flavoured Milk 1L,Dairy & Chilled,500.0,550.0
3193,Vim Liquid 500ml,Cleaning & Household,350.0,370.0
3194,Rexona Kohomba & Turmeric Soap 80g,Personal Care,100.0,115.0
3195,Rexona Jasmine & olive oil Soap 80g,Personal Care,100.0,115.0
3196,Pears kokum Baby Soap 70g,Baby & Kids,130.0,145.0
3197,Lux Black Orchild 100g,General Grocery,160.0,170.0
3198,Lux Rose Vitamin C & E 100g,Health & Medicine,160.0,170.0
3199,Pears Pure & Gentle Baby Soap 2 Pack,Baby & Kids,100.0,125.0
3200,Pears Kokum Baby Soap 2 Pack,Baby & Kids,100.0,125.0
3201,Marmite Yeast Extract Spread 50g,General Grocery,380.0,395.0
3202,Pears Pink Floral Cologne 100ml,Personal Care,575.0,585.0
3203,Clear Women Ice Cool Menthol 180ml,General Grocery,750.0,760.0
3204,Dove Oxygen Moisture Conditioner 180ml,Personal Care,800.0,830.0
3205,Dove Intence repair Shampoo 80ml,Personal Care,480.0,500.0
3206,Pears Baby Cream 100ml,Baby & Kids,350.0,370.0
3207,Sunsilk Soft & Smooth Conditioner 80ml,Personal Care,380.0,400.0
3208,Sunsilk Damage Restore Shampoo 80ml,Personal Care,370.0,385.0
3209,Vaseline Healthy bright 40ml,General Grocery,180.0,200.0
3210,Sunsilk Stunning black Shine Shampoo 80ml,Personal Care,300.0,340.0
3211,Vim Liquid Lime Fresh 250ml,Cleaning & Household,250.0,285.0
3212,Surf Excel Comfort 1kg,General Grocery,500.0,540.0
3213,Rin Refresh 1kg,Cleaning & Household,280.0,300.0
3214,Rin Anti-Germ 1kg,Cleaning & Household,280.0,300.0
3215,Rin Refresh 500g,Cleaning & Household,160.0,170.0
3216,Nestomalt Malted Food 400g,General Grocery,728.48,780.0
3217,Nangrow 4/ 3-5 years children,General Grocery,1711.71,1900.0
3218,Lactogrow 3/ 1-3 years children,General Grocery,1137.44,1200.0
3219,Nestomalt 400g,General Grocery,728.48,770.0
3220,Maggi Family Meal Pack 335g,General Grocery,316.74,350.0
3221,Maggi Chicken Flavoured Noodels 73g,"Meat, Fish & Frozen",105.02,115.0
3222,Nangrow 3/ 1-3 years children,General Grocery,1801.8,2000.0
3223,"Nestle Ceregrow Wheat,Honey & Dates 200g",General Grocery,824.64,870.0
3224,aei Power pocket lavender 30days,General Grocery,300.0,320.0
3225,aei Power pocket lemon 30days,General Grocery,300.0,320.0
3226,aei Power pocket jasmine 30days,General Grocery,300.0,320.0
3227,aei Power pocket sea breeze 30days,General Grocery,300.0,320.0
3228,aei Power pocket berry rush 30days,General Grocery,300.0,320.0
3229,aei Power pocket rose fresh 30days,General Grocery,300.0,320.0
3230,Abha Black henna natural black 10g,General Grocery,200.0,230.0
3231,Clorex 250ml,General Grocery,150.0,180.0
3232,Clorex 1L,General Grocery,500.0,520.0
3233,Eno Orange 1 Box,General Grocery,2000.0,2100.0
3234,Madushani Goraka paste 500g,General Grocery,360.0,400.0
3235,Sandani Gingelly Rolls 10 pieces,General Grocery,250.0,275.0
3236,Freelan Meat Curry Powder Mixture 25g,Cooking Essentials,60.0,70.0
3237,Freelan Maldives Fish Sambal 10g,"Meat, Fish & Frozen",20.0,30.0
3238,Kellogg's Corn Flakes with Real Honey 300g,General Grocery,1200.0,1250.0
3239,Happy Cow Cheese 60 Slices,Dairy & Chilled,7000.0,7080.0
3240,Spanish Blackn Olives 450g,General Grocery,1400.0,1480.0
3241,San Remo Penne Pasta 250g,Staples & Dry Groceries,480.0,520.0
3242,San Remo Elbows Pasta 250g,Staples & Dry Groceries,480.0,520.0
3243,San Remo Penne Spaghetti 250g,General Grocery,480.0,520.0
3244,Nestle Milkmaid 510g,General Grocery,800.0,890.0
3245,NoteBook A7,Stationery,30.0,40.0
3246,NewsPaper SundayTimes,General Grocery,170.0,180.0
3247,Maggi Coconut Milk Powder 300g,Dairy & Chilled,1000.0,1100.0
3248,Edinborouah Mango Chutney 885g,General Grocery,1000.0,1050.0
3249,Bag black,General Grocery,15.0,20.0
3250,Rich Life milk,Dairy & Chilled,450.0,490.0
3251,aer air freshener 3in1 Jasmine,General Grocery,750.0,800.0
3252,Lovely Toilet Paper,Cleaning & Household,180.0,230.0
3253,Sunquick 700ml,General Grocery,1200.0,1310.0
3254,Sunquick Orange 700ml,General Grocery,1250.0,1310.0
3255,Jack Mackerel,General Grocery,480.0,560.0
3256,Gram Flour 200g,Staples & Dry Groceries,120.0,150.0
3257,MyJuicee Mango Nectar 180ml,Beverages,100.0,120.0
3258,Khomba original Budget Pack,General Grocery,100.0,125.0
3259,Panadol 240 Tablets,Health & Medicine,750.0,837.6
3260,Baby Cheramy jasmine cologne 100ml,Baby & Kids,500.0,575.0
3261,Hit aerosol for cockroaches,General Grocery,600.0,695.0
