period_start,period_type,product_id,product_name,category,profile_mean_quantity,seasonal_month_mean_quantity,overall_quantity,overall_transactions,predicted_movement_level,probability_fast_moving,probability_medium_moving,probability_slow_moving,movement_confidence,movement_score
2026-01-15,day,2137,Lanka Table Salt 400g,Staples & Dry Groceries,2.0229885057471266,7.0,176,47,Fast Moving,0.9987725604751636,0.0,0.0012274395248363095,0.9987725604751636,0.9987725604751636
2026-01-15,day,2056,Maggi Coconut Milk Powder 125g,Dairy & Chilled,12.065934065934066,16.517241379310345,7686,1804,Fast Moving,0.9972232382609793,0.0023609942721588566,0.00041576746686179206,0.9972232382609793,0.9984037353970587
2026-01-15,day,1854,CBL Nice Biscuits  100g,Snacks & Confectionery,8.92065868263473,12.40677966101695,5959,2151,Fast Moving,0.9962106042356187,0.0017047338839264064,0.002084661880454759,0.9962106042356187,0.9970629711775819
2026-01-15,day,1478,White Sugar 1kg (Pkt),Staples & Dry Groceries,13.032894736842104,11.927272727272728,7924,1766,Fast Moving,0.9746579571878466,0.02492627534529161,0.00041576746686179206,0.9746579571878466,0.9871210948604925
2026-01-15,day,2344,Coconut Oil 750ml (loose),Cooking Essentials,9.323251417769375,9.291666666666666,4932,1131,Fast Moving,0.9724699876172209,0.020740145014623144,0.006789867368156099,0.9724699876172209,0.9828400601245325
2026-01-15,day,2008,Marina Coconut Oil 350ml,Cooking Essentials,8.301587301587302,11.403846153846153,4707,1104,Fast Moving,0.9683047556884711,0.01624430484714593,0.015450939464382807,0.9683047556884711,0.976426908112044
2026-01-15,day,1562,Sun Silk Shampoo (King-coconut)80ML,Personal Care,5.188679245283019,6.814814814814815,1650,376,Fast Moving,0.9506893052575254,0.04506123873087926,0.004249456011595205,0.9506893052575254,0.973219924622965
2026-01-15,day,2059,Renuka Coconut Milk Powder 300g,Dairy & Chilled,6.395833333333333,7.553191489361702,3070,737,Fast Moving,0.9566607161671861,0.028515308128447464,0.01482397570436649,0.9566607161671861,0.9709183702314098
2026-01-15,day,2020,Harischandra Noodles 400g (2minutes),Staples & Dry Groceries,6.828685258964144,8.916666666666666,3428,804,Fast Moving,0.9403363907387271,0.05327234010427342,0.006391269156999286,0.9403363907387271,0.9669725607908638
2026-01-15,day,2261,Sunquick  Orange Fruit Drink 200ml,Beverages,3.6189024390243905,5.606060606060606,1187,404,Fast Moving,0.9366005608919262,0.05108634176807812,0.012313097339996013,0.9366005608919262,0.9621437317759652
2026-01-15,day,2019,Harischandra Noodles 400g,Staples & Dry Groceries,7.69258589511754,10.072727272727272,4254,1019,Fast Moving,0.9291033142838135,0.05892551641757558,0.01197116929861057,0.9291033142838135,0.9585660724926013
2026-01-15,day,2009,Marina Coconut Oil 675ml,Cooking Essentials,7.729629629629629,6.428571428571429,2087,449,Fast Moving,0.9213373247478002,0.07298184967917398,0.005680825573025639,0.9213373247478002,0.9578282495873871
2026-01-15,day,3116,Candy Sugar 80g,Staples & Dry Groceries,6.342436974789916,8.738095238095237,3019,748,Fast Moving,0.927961917836822,0.05823831681262177,0.013799765350556523,0.927961917836822,0.9570810762431329
2026-01-15,day,1656,Motha Icing Sugar 500g,Staples & Dry Groceries,7.737160120845921,5.2631578947368425,2561,566,Fast Moving,0.9350783223562995,0.039074203255822726,0.02584747438787831,0.9350783223562995,0.9546154239842108
2026-01-15,day,1977,Edinborough Chilli Sauce230g,Cooking Essentials,5.238372093023256,8.666666666666666,1802,417,Fast Moving,0.9171477500972963,0.07213734182724535,0.010714908075458225,0.9171477500972963,0.953216421010919
2026-01-15,day,2172,Wijaya Curry Powder 250g,Cooking Essentials,8.632380952380952,8.60377358490566,4532,1028,Fast Moving,0.9064337679378197,0.0791011633723581,0.014465068689821977,0.9064337679378197,0.9459843496239988
2026-01-15,day,1479,White Sugar 1kg,Staples & Dry Groceries,13.510569105691056,14.288135593220339,8309,1849,Fast Moving,0.8925964378315653,0.10535221300588439,0.0020513491625508825,0.8925964378315653,0.9452725443345075
2026-01-15,day,2514,Pears Baby Oil (Olive Oil) 100ml,Baby & Kids,7.136276391554702,9.0,3718,901,Fast Moving,0.8988812133133143,0.09048775658771303,0.010631030098972243,0.8988812133133143,0.9441250916071708
2026-01-15,day,2045,Edinborough Tomato Sauce 405g,Cooking Essentials,7.752688172043011,12.64,4326,1039,Fast Moving,0.8885761681691865,0.09773169153481542,0.013692140295998237,0.8885761681691865,0.9374420139365942
2026-01-15,day,1043,Baby Cheramy Oil 100ml,Baby & Kids,4.8119122257053295,6.67741935483871,1535,345,Fast Moving,0.892415496803946,0.08894568590272568,0.0186388172933281,0.892415496803946,0.9368883397553089
2026-01-15,day,2016,Fortune Coconut Oil 675ml,Cooking Essentials,5.377604166666667,6.619047619047619,2065,483,Fast Moving,0.8975312658897651,0.06633275779115293,0.03613597631908206,0.8975312658897651,0.9306976447853416
2026-01-15,day,3144,GoodKnight Mosquito Coil 10Hours,General Grocery,7.349716446124764,8.962264150943396,3888,918,Fast Moving,0.8940524507691325,0.06964511019696377,0.03630243903390358,0.8940524507691325,0.9288750058676144
2026-01-15,day,2279,Araliya Premium Samba Rice 1kg,Staples & Dry Groceries,7.925,9.58,4121,998,Fast Moving,0.8505812116833865,0.14412259385636286,0.005296194460251031,0.8505812116833865,0.9226425086115679
2026-01-15,day,2928,Revello Dark Chocolate 100g,Snacks & Confectionery,3.5545454545454547,4.888888888888889,1173,404,Fast Moving,0.8614858337169626,0.10386624869948664,0.03464791758355085,0.8614858337169626,0.9134189580667059
2026-01-15,day,2336,White Rice Flour 400g,Staples & Dry Groceries,5.248945147679325,5.083333333333333,1244,286,Fast Moving,0.8764228721905492,0.06961760203772835,0.05395952577172228,0.8764228721905492,0.9112316732094133
2026-01-15,day,1822,CBL Sun Cracker 95g,Snacks & Confectionery,3.7965616045845274,4.888888888888889,1325,488,Fast Moving,0.8427859556114677,0.1298535671743096,0.027360477214222582,0.8427859556114677,0.9077127391986225
2026-01-15,day,2535,CBL Potato Cracker 110g,Snacks & Confectionery,3.5352941176470587,6.064516129032258,1202,430,Fast Moving,0.833936830648133,0.14644520346615747,0.019617965885709455,0.833936830648133,0.9071594323812117
2026-01-15,day,3119,Rice Flakes (Samuel's Product) 200g,Staples & Dry Groceries,5.5852941176470585,7.9,1899,438,Fast Moving,0.8546783221487908,0.09401363737429026,0.05130804047691861,0.8546783221487908,0.901685140835936
2026-01-15,day,2196,Freelan Chilli  Pieces 100g,Cooking Essentials,3.0396039603960396,6.0,307,64,Fast Moving,0.896869593826017,0.00743089267380217,0.09569951350018097,0.896869593826017,0.9005850401629182
2026-01-15,day,3129,Ratthi Tea & Sugar Added Milk Mix 25g,Dairy & Chilled,5.960629921259843,5.863636363636363,1514,335,Fast Moving,0.8702180967743165,0.054332222742134915,0.07544968048354883,0.8702180967743165,0.897384208145384
2026-01-15,day,2194,Freelan Chilli  Powder 100g,Cooking Essentials,5.392265193370166,5.416666666666667,1952,461,Fast Moving,0.8157908795331342,0.14782746495983642,0.03638165550702946,0.8157908795331342,0.8897046120130524
2026-01-15,day,2190,Freelan Meat Curry Powder 250g,Cooking Essentials,5.045871559633028,6.314285714285714,1650,399,Fast Moving,0.7980419183322535,0.17982682623646526,0.022131255431280722,0.7980419183322535,0.8879553314504861
2026-01-15,day,2510,Kakulu-Samba Rice 1kg,Staples & Dry Groceries,5.120547945205479,6.685714285714286,1869,462,Fast Moving,0.7823887809155495,0.19795505205262728,0.019656167031823053,0.7823887809155495,0.8813663069418631
2026-01-15,day,1270,Lifebuoy Turmeric 100g,Cooking Essentials,5.673352435530086,7.518518518518518,1980,457,Fast Moving,0.814924991901628,0.12994669680662652,0.05512831129174552,0.814924991901628,0.8798983403049413
2026-01-15,day,2046,Edinborough Tomato Sauce 375g,Cooking Essentials,7.459016393442623,10.814814814814815,4095,1018,Fast Moving,0.7677765118480288,0.21952144056788236,0.01270204758408868,0.7677765118480288,0.8775372321319699
2026-01-15,day,3093,Delmege Soya Cuttlefish Flavour 90g,Cooking Essentials,2.0240963855421685,3.4285714285714284,168,41,Fast Moving,0.8737475434042963,0.004369520700912293,0.12188293589479166,0.8737475434042963,0.8759323037547524
2026-01-15,day,2629,Prima Self Raising Flour 1kg,Staples & Dry Groceries,7.726384364820847,5.761904761904762,2372,501,Fast Moving,0.8446925513440855,0.06244556911925801,0.09286187953665673,0.8446925513440855,0.8759153359037145
2026-01-15,day,2170,Wijaya Curry Powder 50g,Cooking Essentials,7.078313253012048,10.3125,3525,835,Fast Moving,0.7607062309749616,0.22477408487242037,0.014519684152618345,0.7607062309749616,0.8730932734111718
2026-01-15,day,2393,Kist Tomato Sauce 15g,Cooking Essentials,5.165191740412979,6.583333333333333,1751,431,Fast Moving,0.7632679122817047,0.21236752041532309,0.024364567302972366,0.7632679122817047,0.8694516724893662
2026-01-15,day,1657,Motha Icing Sugar 1kg,Staples & Dry Groceries,6.806682577565632,5.705882352941177,2852,683,Fast Moving,0.81329038929192,0.1107974947508197,0.0759121159572601,0.81329038929192,0.8686891366673298
2026-01-15,day,3006,Spinner Sugar Free 250ml,Staples & Dry Groceries,6.716666666666667,6.8,2821,665,Fast Moving,0.8579312711677174,0.021043773479769337,0.12102495535251366,0.8579312711677174,0.868453157907602
2026-01-15,day,1853,CBL Ginger Biscuits 400g,Cooking Essentials,8.392539964476022,11.333333333333334,4725,1122,Fast Moving,0.8363756986337098,0.06297623356926715,0.10064806779702355,0.8363756986337098,0.8678638154183433
2026-01-15,day,1989,KIST Chilli Sauce375g,Cooking Essentials,2.4705882352941178,5.2,252,55,Fast Moving,0.8007786077454024,0.131842012043931,0.06737938021066656,0.8007786077454024,0.8666996137673679
2026-01-15,day,3080,BabyCheramy Moisturizes & Cares Baby Shampoo 100ml,Baby & Kids,2.679814385150812,3.369565217391304,1155,682,Fast Moving,0.8064694829676824,0.11197452615198578,0.08155599088033215,0.8064694829676824,0.8624567460436753
2026-01-15,day,2329,"Kome Rice Cracker 45g (B,B,Q)",Staples & Dry Groceries,4.62396694214876,5.583333333333333,1119,263,Fast Moving,0.7495708705553537,0.22103720067980048,0.029391928764846444,0.7495708705553537,0.8600894708952539
2026-01-15,day,2280,Araliya Premium Nadu Rice 1kg,Staples & Dry Groceries,9.291984732824428,8.843137254901961,4869,1098,Fast Moving,0.7238792165499527,0.2656665508456367,0.01045423260441098,0.7238792165499527,0.856712491972771
2026-01-15,day,2773,Wijaya Noodles 400g,Staples & Dry Groceries,4.839650145772595,6.638888888888889,1660,402,Fast Moving,0.8072251516737105,0.09887460397559678,0.09390024435069298,0.8072251516737105,0.8566624536615088
2026-01-15,day,1567,Watawala Ayurvedic Tea 160g,Beverages,4.1524663677130045,4.717391304347826,1852,685,Fast Moving,0.7529926153487445,0.20142012105142268,0.0455872635998326,0.7529926153487445,0.8537026758744558
2026-01-15,day,3180,Edinborouah Dark Soya Sauce 600ml,Cooking Essentials,4.6656346749226,5.243243243243243,1507,388,Fast Moving,0.7519962231343297,0.20256712905011812,0.04543664781555218,0.7519962231343297,0.8532797876593887
2026-01-15,day,1789,Asiri Ddevilled Dhal 100g,Staples & Dry Groceries,4.985163204747774,5.791666666666667,1680,404,Fast Moving,0.7862280295147501,0.1261727901428945,0.08759918034235523,0.7862280295147501,0.8493144245861974
2026-01-15,day,3085,Lovely 2Ply White Toillet Tissue,General Grocery,5.33502538071066,6.428571428571429,1051,226,Fast Moving,0.7781233859228851,0.1406309178173649,0.08124569625975035,0.7781233859228851,0.8484388448315675
2026-01-15,day,1188,Baby Diaper (Softlove) 4pcs /L,Baby & Kids,3.4424460431654675,4.730769230769231,1914,1127,Fast Moving,0.7116318155002316,0.2637468812431513,0.024621303256617672,0.7116318155002316,0.8435052561218073
2026-01-15,day,2135,Lanka Salt 1kg,Staples & Dry Groceries,2.46875,7.333333333333333,237,42,Fast Moving,0.8409952484055404,0.0021869333942094223,0.15681781820024995,0.8409952484055404,0.8420887151026452
2026-01-15,day,2055,Maggi Coconut Milk Powder 25g,Dairy & Chilled,5.216101694915254,6.4375,1231,274,Fast Moving,0.6998990768590361,0.2788136948403691,0.021287228300595127,0.6998990768590361,0.8393059242792207
2026-01-15,day,1564,Watawala Tea 100g,Beverages,5.379928315412187,6.836363636363636,3002,1117,Fast Moving,0.6878209955763426,0.2994988126546786,0.012680191768979132,0.6878209955763426,0.8375704019036818
2026-01-15,day,2007,Marina Coconut Oil 200ml,Cooking Essentials,6.026315789473684,5.35,1603,347,Fast Moving,0.7262014989953038,0.2122390615063917,0.06155943949830506,0.7262014989953038,0.8323210297484998
2026-01-15,day,2162,Wijaya Chilli Pieces 50g,Cooking Essentials,4.297071129707113,4.913043478260869,1027,243,Fast Moving,0.7905173042484978,0.08257434090217351,0.12690835484932902,0.7905173042484978,0.8318044746995845
2026-01-15,day,2197,Freelan Dhall Curry Mix 50g,Cooking Essentials,2.5257731958762886,5.666666666666667,245,67,Fast Moving,0.6791422683681326,0.3037199163196807,0.017137815312186923,0.6791422683681326,0.831002226527973
2026-01-15,day,1954,MD Pineapple Jam 150g,General Grocery,0.6176470588235294,3.5,42,18,Fast Moving,0.6699831778490422,0.3133624665819965,0.016654355568961665,0.6699831778490422,0.8266644111400404
2026-01-15,day,2047,Edinborough Chilli Sauce 405g,Cooking Essentials,5.100313479623824,7.0,1627,385,Fast Moving,0.6857889712124666,0.2780244143594701,0.03618661442806288,0.6857889712124666,0.8248011783922017
2026-01-15,day,2330,"Kome Rice Cracker 90G (B,B,Q)",Staples & Dry Groceries,5.926966292134831,7.815789473684211,2110,466,Fast Moving,0.7714670929404293,0.10191419334527103,0.12661871371430036,0.7714670929404293,0.8224241896130647
2026-01-15,day,1121,Axe oil 5ml,Cooking Essentials,4.843657817109144,6.818181818181818,1642,398,Fast Moving,0.6553459944407197,0.3314398581414046,0.013214147417875612,0.6553459944407197,0.821065923511422
2026-01-15,day,2512,Pears Baby Soap (Aloevera) 95g,Baby & Kids,3.165009940357853,4.204081632653061,1592,896,Fast Moving,0.656836476399766,0.31614562834230286,0.027017895257930753,0.656836476399766,0.8149092905709174
2026-01-15,day,1836,Maliban Ginger Biscuit 370g,Cooking Essentials,7.790170132325142,9.454545454545455,4121,955,Fast Moving,0.8004333891506945,0.022927810436785358,0.17663880041252114,0.8004333891506945,0.8118972943690872
2026-01-15,day,1496,Tiara Layer Cake (Chocolate)310g,Snacks & Confectionery,5.455598455598456,6.775510204081633,2826,1005,Fast Moving,0.6348170542191262,0.3512905430615348,0.013892402719339534,0.6348170542191262,0.8104623257498935
2026-01-15,day,2181,Wijaya Mustard Seeds 100g,Cooking Essentials,2.5545454545454547,2.4545454545454546,281,61,Fast Moving,0.7504174592126809,0.11918100060917107,0.13040154017814773,0.7504174592126809,0.8100079595172665
2026-01-15,day,2012,Marina Vegetable Oil 500ml,Cooking Essentials,5.185714285714286,5.878787878787879,1815,443,Fast Moving,0.7220940666936049,0.17002458605391338,0.10788134725248164,0.7220940666936049,0.8071063597205616
2026-01-15,day,3190,Fortune Cooking Oil RBD Palm Olein 2L,Cooking Essentials,4.962962962962963,7.0606060606060606,1608,395,Fast Moving,0.6209037317458724,0.36456962947984295,0.014526638774284575,0.6209037317458724,0.803188546485794
2026-01-15,day,2952,Bun Talk Sugar Cookies,Staples & Dry Groceries,5.116788321167883,5.904761904761905,1402,321,Fast Moving,0.666554779322023,0.27299302623653243,0.0604521944414449,0.666554779322023,0.8030512924402893
2026-01-15,day,2668,Fortune Vegetable Oil 1L,Cooking Essentials,2.747826086956522,4.142857142857143,316,61,Fast Moving,0.7252156743469759,0.154428894826334,0.12035543082669042,0.7252156743469759,0.8024301217601428
2026-01-15,day,1706,Clogard (Natural-Salt)40g,Staples & Dry Groceries,2.25,4.5,216,54,Fast Moving,0.7119474075682332,0.18014365549733585,0.10790893693443109,0.7119474075682332,0.8020192353169011
2026-01-15,day,1416,Highland  Vanilla Milk 180ml,Dairy & Chilled,3.3333333333333335,4.16,1670,871,Fast Moving,0.6625509432833889,0.27576827216339506,0.061680784553216,0.6625509432833889,0.8004350793650865
2026-01-15,day,2686,Glucose-D,General Grocery,0.65,0.8333333333333334,39,20,Fast Moving,0.798836679384074,0.002190875163511738,0.1989724454524146,0.798836679384074,0.7999321169658299
2026-01-15,day,2394,Gram 1kg,Staples & Dry Groceries,2.6272727272727274,7.142857142857143,289,71,Fast Moving,0.6096615125148582,0.37125829256042037,0.019080194924721596,0.6096615125148582,0.7952906587950684
2026-01-15,day,2242,Siddhalepa Pinda Oil 30ml,Health & Medicine,1.4189189189189189,3.142857142857143,105,25,Fast Moving,0.6681002373596058,0.24598859277957202,0.08591116986082219,0.6681002373596058,0.7910945337493918
2026-01-15,day,2176,Wijaya Roasted Curry Powder 50g,Cooking Essentials,5.447368421052632,6.333333333333333,1863,430,Fast Moving,0.659184016287288,0.26287259548052705,0.07794338823218526,0.659184016287288,0.7906203140275515
2026-01-15,day,1661,Motha Jelly (Strawberry) 200g,Snacks & Confectionery,3.58984375,3.761904761904762,919,311,Fast Moving,0.6832133732364055,0.21280401899271736,0.10398260777087724,0.6832133732364055,0.7896153827327642
2026-01-15,day,2367,Aluminium Foil 37.5sq.ft,General Grocery,5.117834394904459,6.7631578947368425,1607,382,Fast Moving,0.7364429467072893,0.09942640699924733,0.16413064629346322,0.7364429467072893,0.786156150206913
2026-01-15,day,3195,Rexona Jasmine & olive oil Soap 80g,Personal Care,6.934736842105263,11.068181818181818,3294,781,Fast Moving,0.609369144027064,0.35210685187980834,0.038524004093128075,0.609369144027064,0.7854225699669681
2026-01-15,day,2478,Ritzbury Chocolate (Peanut) 45g,Snacks & Confectionery,5.289827255278311,5.888888888888889,2756,967,Fast Moving,0.6106188408082674,0.3494555797129667,0.039925579478765946,0.6106188408082674,0.7853466306647507
2026-01-15,day,2560,Edinborough Corn Flour 500g,Staples & Dry Groceries,2.5816326530612246,5.0,253,56,Fast Moving,0.7087110119198836,0.15110873819626736,0.14018024988384897,0.7087110119198836,0.7842653810180173
2026-01-15,day,1608,Gillette Blue2,General Grocery,0.5538461538461539,0.75,36,18,Fast Moving,0.782716971805109,0.0012419149911593586,0.2160411132037315,0.782716971805109,0.7833379293006887
2026-01-15,day,2861,Coconut Milk 500ml,Dairy & Chilled,8.894538606403014,8.833333333333334,4723,1105,Fast Moving,0.5696227399708325,0.4231517172136716,0.0072255428154957375,0.5696227399708325,0.7811985985776683
2026-01-15,day,1021,Clogard (natural salt) 120g,Staples & Dry Groceries,2.536842105263158,4.333333333333333,241,55,Fast Moving,0.6850473774571878,0.19091510367350584,0.12403751886930613,0.6850473774571878,0.7805049292939408
2026-01-15,day,2850,Mortein Mosquito Coils,General Grocery,1.6875,2.5,108,25,Fast Moving,0.7126618570736274,0.1330598722283736,0.1542782706979992,0.7126618570736274,0.7791917931878142
2026-01-15,day,1835,Maliban Ginger Biscuit 240g,Cooking Essentials,2.935185185185185,6.0,317,73,Fast Moving,0.5911836566477572,0.3702312160647213,0.038585127287521705,0.5911836566477572,0.7762992646801179
2026-01-15,day,1449,Milo Drink 180ml,Beverages,4.401151631477927,5.581818181818182,2293,877,Fast Moving,0.5749483853780598,0.3963347388379931,0.02871687578394688,0.5749483853780598,0.7731157547970564
2026-01-15,day,1996,KVC Tomato Sauce400g,General Grocery,2.2931596091205213,2.5806451612903225,704,358,Fast Moving,0.6869282624042262,0.1713995665741287,0.1416721710216446,0.6869282624042262,0.7726280456912906
2026-01-15,day,2736,Maldive Fish Bottle 100g,Cooking Essentials,5.260869565217392,6.756756756756757,1694,408,Fast Moving,0.559261174966199,0.4263182139556625,0.014420611078138615,0.559261174966199,0.7724202819440302
2026-01-15,day,1967,Edinborough Mustard Cream165g,Cooking Essentials,5.945714285714286,5.548387096774194,2081,476,Fast Moving,0.5793252980803745,0.3802256060201499,0.04044909589947584,0.5793252980803745,0.7694381010904494
2026-01-15,day,2840,Sunflower Oil 1L,Cooking Essentials,2.8095238095238093,5.428571428571429,295,61,Fast Moving,0.7673894167572896,0.0038704428222071804,0.22874014042050353,0.7673894167572896,0.7693246381683931
2026-01-15,day,2845,Asiri Sweet Peanuts 100g,Snacks & Confectionery,3.4175531914893615,4.6923076923076925,1285,475,Fast Moving,0.6264566577023981,0.27382692999234787,0.099716412305254,0.6264566577023981,0.7633701226985721
2026-01-15,day,1119,Silicone oil 25ml,Cooking Essentials,5.210191082802548,7.166666666666667,1636,385,Fast Moving,0.7195966628022763,0.08354608447651757,0.19685725272120647,0.7195966628022763,0.761369705040535
2026-01-15,day,2048,Edinborough Oyster Sauce 210g,Cooking Essentials,5.232786885245901,7.029411764705882,1596,380,Fast Moving,0.580733386377384,0.35963511380850144,0.05963149981411468,0.580733386377384,0.7605509432816348
2026-01-15,day,1385,Siddhalepa Cough Syrup 200ml,Health & Medicine,0.5806451612903226,1.0,36,17,Fast Moving,0.7123458859604558,0.09366694690369956,0.19398716713584468,0.7123458859604558,0.7591793594123055
2026-01-15,day,1721,LankaSoy (polos curry)90g,Cooking Essentials,5.731843575418995,7.454545454545454,2052,481,Fast Moving,0.6357248169758222,0.24128011756036985,0.12299506546380785,0.6357248169758222,0.7563648757560071
2026-01-15,day,2575,Atlas Adhesive Tape 1/2'',Stationery,2.6296296296296298,4.4655172413793105,639,319,Fast Moving,0.5937995859698728,0.3231734661455641,0.08302694788456293,0.5937995859698728,0.7553863190426549
2026-01-15,day,2277,Ruby Supiri White Rice 1kg,Staples & Dry Groceries,5.37719298245614,3.6875,1226,247,Fast Moving,0.6446154761110813,0.21071670158407335,0.14466782230484562,0.6446154761110813,0.749973826903118
2026-01-15,day,1647,Motha Cornflour 200g,General Grocery,4.561320754716981,5.6,967,222,Fast Moving,0.6239972593209755,0.25122370547040573,0.12477903520861917,0.6239972593209755,0.7496091120561783
2026-01-15,day,2241,Siddhalepa Peenas Oil 30ml,Health & Medicine,1.2833333333333334,2.8333333333333335,77,18,Fast Moving,0.6088969318067138,0.2786597453334412,0.11244332285984525,0.6088969318067138,0.7482268044734344
2026-01-15,day,1799,Asiri Sugar Candy 100g60,Staples & Dry Groceries,5.214470284237726,4.794117647058823,2018,494,Fast Moving,0.5537804357889629,0.38531080169923815,0.060908762511798935,0.5537804357889629,0.7464358366385819
2026-01-15,day,1640,MD Faluda Mix 125g,Beverages,1.5301204819277108,3.2222222222222223,127,45,Fast Moving,0.7051343349874722,0.08140171238390995,0.2134639526286176,0.7051343349874722,0.7458351911794272
2026-01-15,day,1635,Ritzbury  Chunky-Choc (Classic)200g,General Grocery,3.6195219123505975,3.875,1817,954,Fast Moving,0.5219581518919533,0.4457392539205955,0.03230259418745156,0.5219581518919533,0.744827778852251
2026-01-15,day,2544,Link Kesha Hair Oil (Classic)100ml,Personal Care,2.318681318681319,3.5714285714285716,211,52,Fast Moving,0.7338279829623023,0.018846964629246524,0.24732505240845148,0.7338279829623023,0.7432514652769256
2026-01-15,day,2013,Marina Coconut Milk 400ml,Dairy & Chilled,5.798611111111111,4.233333333333333,1670,398,Fast Moving,0.5640001295199338,0.3551716664433582,0.08082820403670797,0.5640001295199338,0.7415859627416129
2026-01-15,day,1569,Zesta Tea (BOPF) 100g,Beverages,3.506631299734748,4.514285714285714,1322,479,Fast Moving,0.5278711547102173,0.4264883621967744,0.04564048309300851,0.5278711547102173,0.7411153358086044
2026-01-15,day,2134,Asoka Red Rice Flour 900g,Staples & Dry Groceries,4.7905982905982905,4.416666666666667,1121,253,Fast Moving,0.6227768869003506,0.23490241205726575,0.1423207010423834,0.6227768869003506,0.7402280929289835
2026-01-15,day,2669,San Remo Pasta (Penne) 500g,Staples & Dry Groceries,4.5162790697674415,6.0,971,234,Fast Moving,0.5055806922169088,0.46861211895977234,0.02580718882331871,0.5055806922169088,0.739886751696795
2026-01-15,day,2780,Kist Green Apple Juice 200ml,Beverages,1.707070707070707,2.75,169,61,Fast Moving,0.6648105876432657,0.1478486710524315,0.18734074130430264,0.6648105876432657,0.7387349231694815
2026-01-15,day,1852,CBL Ginger Biscuits 85g,Cooking Essentials,6.753363228699552,7.6,3012,703,Fast Moving,0.6596676368781254,0.15769284464823108,0.18263951847364399,0.6596676368781254,0.7385140592022409
2026-01-15,day,3150,GreenLand Sweet Corn 425g,Snacks & Confectionery,3.3625377643504533,4.297297297297297,1113,413,Fast Moving,0.6302386418879238,0.21648722314747443,0.15327413496460196,0.6302386418879238,0.738482253461661
2026-01-15,day,2130,Prima Pittu Flour 1kg,Staples & Dry Groceries,5.935064935064935,5.2631578947368425,1371,314,Fast Moving,0.5166289468264491,0.44276405418097625,0.0406069989925744,0.5166289468264491,0.7380109739169373
2026-01-15,day,2036,Prima Instant Noodles 345g,Staples & Dry Groceries,5.203947368421052,6.294117647058823,1582,386,Fast Moving,0.5189563529839731,0.43792923884431517,0.04311440817171178,0.5189563529839731,0.7379209724061307
2026-01-15,day,3018,LifeBuoy Shampoo 175ml,Personal Care,2.789808917197452,3.2666666666666666,1314,741,Fast Moving,0.5906581903658836,0.29359304571625006,0.11574876391786665,0.5906581903658836,0.7374547132240087
2026-01-15,day,2186,Wijaya Gram Flour 400g,Staples & Dry Groceries,1.8823529411764706,2.25,192,53,Fast Moving,0.7154296348709962,0.03918776420877942,0.24538260092022418,0.7154296348709962,0.7350235169753859
2026-01-15,day,2698,Kist Orange Juice 1L,Beverages,3.1016949152542375,4.5,732,263,Fast Moving,0.5518835794251916,0.3623464847182485,0.08576993585656013,0.5518835794251916,0.7330568217843159
2026-01-15,day,2439,Verda Pasta (Penne Rigate) 400g,Staples & Dry Groceries,2.6741573033707864,5.071428571428571,238,56,Fast Moving,0.6693157337232927,0.1255891396646112,0.20509512661209658,0.6693157337232927,0.7321103035555983
2026-01-15,day,1673,Delmege Essence (orange artificial)28ml,General Grocery,0.6379310344827587,1.2,37,18,Fast Moving,0.7308491292970216,0.00042110803412224036,0.26872976266885595,0.7308491292970216,0.7310596833140828
2026-01-15,day,1213,Flora Paper Towels,General Grocery,0.7647058823529411,2.0,52,19,Fast Moving,0.6511038930905103,0.1567491813095043,0.19214692559998553,0.6511038930905103,0.7294784837452625
2026-01-15,day,1551,Maliban Tea 50g,Beverages,1.3936170212765957,2.111111111111111,131,52,Fast Moving,0.6448832259296684,0.16897647162455937,0.18614030244577218,0.6448832259296684,0.7293714617419481
2026-01-15,day,3189,Fortune RBD Coconut Oil 200ml,Cooking Essentials,6.439914163090129,7.088888888888889,3001,717,Fast Moving,0.6333786183412377,0.1913807897739985,0.17524059188476335,0.6333786183412377,0.7290690132282369
2026-01-15,day,1410,Prima Tea Bun 75g,Beverages,4.018348623853211,4.042553191489362,1752,653,Fast Moving,0.5794112433030423,0.2988719234161305,0.12171683328082686,0.5794112433030423,0.7288472050111076
2026-01-15,day,1856,CBL Kalo Biscuits 90g,Snacks & Confectionery,2.0636363636363635,3.272727272727273,227,80,Fast Moving,0.632966352188312,0.18526413953450976,0.1817695082771784,0.632966352188312,0.7255984219555669
2026-01-15,day,2141,Mini Chips (curry flavour)27g,Cooking Essentials,4.954407294832826,6.054054054054054,1630,401,Fast Moving,0.6122383643099684,0.22422002395127089,0.16354161173876058,0.6122383643099684,0.7243483762856038
2026-01-15,day,2713,Sera Turmeric Powder 25g,Cooking Essentials,6.216842105263158,8.1,2953,720,Fast Moving,0.5559490489834361,0.33381062005052475,0.1102403309660395,0.5559490489834361,0.7228543590086984
2026-01-15,day,2378,Zesta Tea (BOPF) 390g,Beverages,5.099818511796733,6.773584905660377,2810,1003,Fast Moving,0.49434566661011836,0.4490810498070475,0.0565732835828346,0.49434566661011836,0.7188861915136421
2026-01-15,day,1488,Lactogen 2,General Grocery,0.7454545454545455,3.0,41,18,Medium Moving,0.4764841376766036,0.4843610259528415,0.03915483637055476,0.4843610259528415,0.7186646506530243
2026-01-15,day,2991,Lipton Green Tea 20Tea bag,Beverages,3.068825910931174,4.153846153846154,758,265,Fast Moving,0.5293448497100456,0.37718598363852957,0.0934691666514249,0.5293448497100456,0.7179378415293104
2026-01-15,day,2877,CBL Wafer Stix 55g strawberry,Snacks & Confectionery,3.4485981308411215,4.833333333333333,1107,386,Fast Moving,0.6598714101054183,0.11573416664936387,0.22439442324521805,0.6598714101054183,0.7177384934301002
2026-01-15,day,2609,Wijaya Pepper Powder 250g,Cooking Essentials,2.478723404255319,4.833333333333333,233,59,Fast Moving,0.6144356149926437,0.2062449034656005,0.1793194815417562,0.6144356149926437,0.7175580667254439
2026-01-15,day,2165,Wijaya Chilli Pieces 500g,Cooking Essentials,2.4903846153846154,2.8181818181818183,259,57,Fast Moving,0.5841403963386115,0.25577603157325224,0.16008357208813645,0.5841403963386115,0.7120284121252376
2026-01-15,day,2276,T.R.M. Kekulu Rice 1kg,Staples & Dry Groceries,5.45,4.658536585365853,1962,463,Fast Moving,0.5738335608475975,0.275707400998406,0.15045903815399667,0.5738335608475975,0.7116872613468005
2026-01-15,day,2010,Marina Coconut Oil 500ml,Cooking Essentials,4.9563492063492065,5.238095238095238,1249,282,Fast Moving,0.5368954787051076,0.3485466875499992,0.11455783374489316,0.5368954787051076,0.7111688224801072
2026-01-15,day,2920,Rollz Chocolate Flavoured 100g,Snacks & Confectionery,1.4509803921568627,2.0833333333333335,148,48,Fast Moving,0.6208560023542494,0.17597751919688595,0.2031664784488648,0.6208560023542494,0.7088447619526924
2026-01-15,day,1152,Sunsilk Shampoo (Green Tea)180ml,Personal Care,2.1254355400696863,2.2941176470588234,610,339,Fast Moving,0.5397828432480016,0.33266945587750135,0.1275477008744968,0.5397828432480016,0.7061175711867523
2026-01-15,day,2240,Siddhalepa Mustard Oil 30ml,Health & Medicine,1.811764705882353,3.2857142857142856,154,33,Fast Moving,0.6088478806233273,0.1930360283493006,0.19811609102737227,0.6088478806233273,0.7053658947979776
2026-01-15,day,1655,Motha Icing Sugar 250g,Staples & Dry Groceries,7.737463126843658,4.421052631578948,2623,579,Medium Moving,0.4645794581959184,0.4728651014766457,0.06255544032743579,0.4728651014766457,0.7010120089342412
2026-01-15,day,2808,Maliban Cracker Thins 190g,Snacks & Confectionery,2.0081967213114753,3.9,245,93,Fast Moving,0.544224947551047,0.31219098594834666,0.14358406650060637,0.544224947551047,0.7003204405252204
2026-01-15,day,2967,Coca-Cola 2L,Beverages,2.937799043062201,3.8333333333333335,614,223,Fast Moving,0.5346756268405701,0.3286279912121623,0.1366963819472675,0.5346756268405701,0.6989896224466513
2026-01-15,day,2664,Dhal 1kg,Staples & Dry Groceries,2.0365853658536586,2.875,167,43,Fast Moving,0.6490240187323387,0.09670712693856459,0.2542688543290968,0.6490240187323387,0.697377582201621
2026-01-15,day,2774,CBL Snak Cracker 260g,Snacks & Confectionery,3.618320610687023,4.769230769230769,948,324,Medium Moving,0.445216761312267,0.5042875852329012,0.05049565345483168,0.5042875852329012,0.6973605539287175
2026-01-15,day,1288,Senola Soap,Personal Care,2.5218446601941746,2.8780487804878048,1039,621,Fast Moving,0.4843588589098561,0.4183893211898161,0.09725181990032779,0.4843588589098561,0.6935535195047642
2026-01-15,day,2171,Wijaya Curry Powder 100g,Cooking Essentials,5.5814814814814815,4.625,1507,351,Fast Moving,0.53505180694161,0.3130844041971446,0.15186378886124557,0.53505180694161,0.6915940090401823
2026-01-15,day,2697,Ginger Cookies  175g,Cooking Essentials,2.476923076923077,4.2,322,79,Medium Moving,0.4449741758292511,0.48959698605691887,0.06542883811383043,0.48959698605691887,0.6897726688577105
2026-01-15,day,2371,Cooking Oil 750ml (loose),Cooking Essentials,4.834808259587021,5.766666666666667,1639,394,Medium Moving,0.4352497111219922,0.5075996304655049,0.05715065841250286,0.5075996304655049,0.6890495263547447
2026-01-15,day,1184,Smart Pants (Softlove) 9pcs /M,General Grocery,0.4482758620689655,1.6,26,17,Fast Moving,0.6307607658669762,0.116449159827882,0.25279007430514155,0.6307607658669762,0.6889853457809172
2026-01-15,day,3094,Delmege Soya Chicken Flavour 90g,Cooking Essentials,1.803921568627451,2.111111111111111,184,43,Fast Moving,0.632159527253724,0.1070221554226195,0.26081831732365596,0.632159527253724,0.6856706049650338
2026-01-15,day,1791,Asiri Rice Flour Savoury (Onion)80g,Staples & Dry Groceries,6.00796812749004,3.65,1508,329,Medium Moving,0.4407162861918804,0.48759017312857533,0.07169354067954391,0.48759017312857533,0.684511372756168
2026-01-15,day,2775,CBL Onion Biscuits 170g,Snacks & Confectionery,1.8974358974358974,2.7142857142857144,222,77,Fast Moving,0.6055151387273279,0.15224615371119007,0.2422387075614822,0.6055151387273279,0.6816382155829229
2026-01-15,day,2616,Kumarika Scalp & Hair Oil,Personal Care,1.8372093023255813,2.5714285714285716,158,38,Fast Moving,0.5852244304091234,0.18598424168069075,0.22879132791018564,0.5852244304091234,0.6782165512494688
2026-01-15,day,2749,Kellogg's Oats Jar,Staples & Dry Groceries,2.7012987012987013,3.2857142857142856,208,48,Fast Moving,0.5530983005957338,0.24946102020127386,0.19744067920299238,0.5530983005957338,0.6778288106963708
2026-01-15,day,1982,Edinborough Chocolate Topping270ml,Snacks & Confectionery,1.71,3.2142857142857144,171,63,Fast Moving,0.5667034736602315,0.22180050294596043,0.211496023393808,0.5667034736602315,0.6776037251332118
2026-01-15,day,2569,Atlas Colour Pencils,Stationery,2.7427385892116183,4.3090909090909095,661,335,Fast Moving,0.46983547363373906,0.41073253365780116,0.11943199270846006,0.46983547363373906,0.6752017404626396
2026-01-15,day,2345,Ruby White Samba 1kg,Staples & Dry Groceries,2.074074074074074,2.5714285714285716,168,41,Fast Moving,0.4973833661708643,0.35420590287579273,0.14841073095334328,0.4973833661708643,0.6744863176087607
2026-01-15,day,2517,Sunlight Care Liquid 1L,Cleaning & Household,2.5331905781584583,3.272727272727273,1183,710,Fast Moving,0.5115537126258513,0.3245667849087532,0.16387950246539557,0.5115537126258513,0.6738371050802279
2026-01-15,day,2219,Super Six Incense Sticks,General Grocery,0.6153846153846154,0.6666666666666666,32,16,Fast Moving,0.6706420710846979,0.003352064434265625,0.32600586448103613,0.6706420710846979,0.6723181033018307
2026-01-15,day,2323,Kist Mixed Fruit Nectar 200ml,Beverages,2.6990291262135924,2.7142857142857144,556,205,Medium Moving,0.43222127260640714,0.4774844580371261,0.09029426935646649,0.4774844580371261,0.6709635016249702
2026-01-15,day,1030,Supirivicky 40g,General Grocery,0.5806451612903226,3.5,36,18,Medium Moving,0.36214467373574805,0.6170628701405451,0.02079245612370651,0.6170628701405451,0.6706761088060206
2026-01-15,day,1815,SCAN Jumbo Peanut (Chilli)40g,Cooking Essentials,2.872549019607843,4.3,293,72,Medium Moving,0.40764030279694724,0.5260174257492032,0.06634227145384934,0.5260174257492032,0.6706490156715488
2026-01-15,day,2003,Ocean Star Canned Fish 155g,"Meat, Fish & Frozen",3.0864197530864197,3.891304347826087,1500,789,Fast Moving,0.5074804301431269,0.3207174474016003,0.17180212245527296,0.5074804301431269,0.6678391538439271
2026-01-15,day,2460,Atlas Binder Glue Pen 40g,Stationery,2.7695652173913046,4.196078431372549,637,334,Fast Moving,0.4749761094454794,0.3850374996152286,0.1399863909392924,0.4749761094454794,0.6674948592530937
2026-01-15,day,2167,Wijaya Chilli Powder 100g,Cooking Essentials,2.9166666666666665,5.4,315,74,Fast Moving,0.663741130842839,0.006878142217165775,0.3293807269399954,0.663741130842839,0.6671802019514219
2026-01-15,day,1574,Dilmah Leaf-Tea (BOPF) 100g,Beverages,3.05625,4.741935483870968,978,371,Fast Moving,0.4747668194712268,0.3835847870742298,0.1416483934545432,0.4747668194712268,0.6665592130083418
2026-01-15,day,2592,Sunquick Mixed Fruit Drink 200ml,Beverages,3.4716157205240177,3.782608695652174,795,276,Medium Moving,0.41079670366762333,0.5079544855591729,0.08124881077320405,0.5079544855591729,0.6647739464472098
2026-01-15,day,1422,Highland Milk Powder 400g,Dairy & Chilled,2.5541871921182264,2.9047619047619047,1037,550,Medium Moving,0.4287033460363487,0.4681273935483436,0.10316926041530755,0.4681273935483436,0.6627670428105205
2026-01-15,day,3050,Pears Bed Time BabySoap 70g,General Grocery,2.389830508474576,2.810810810810811,705,364,Fast Moving,0.5395189595182004,0.2409308124293317,0.21955022805246815,0.5395189595182004,0.6599843657328662
2026-01-15,day,2002,Ocean Star Canned Fish 425g,"Meat, Fish & Frozen",3.8423005565862707,3.7358490566037736,2071,1047,Medium Moving,0.36738516745004446,0.5838552442632725,0.048759588286682934,0.5838552442632725,0.6593127895816807
2026-01-15,day,2945,Milo Drink 125ml,Beverages,1.6422764227642277,2.2857142857142856,202,85,Fast Moving,0.490183790922621,0.32958663480289496,0.1802295742744843,0.490183790922621,0.6549771083240685
2026-01-15,day,1166,Dove Shampoo (Intense) 180ml,Personal Care,2.888888888888889,3.607843137254902,1378,763,Medium Moving,0.41747687504727127,0.47403615603517146,0.1084869689175575,0.47403615603517146,0.6544949530648569
2026-01-15,day,2457,Atlas Kidz Clay 100g,Stationery,2.0913461538461537,3.5757575757575757,435,226,Medium Moving,0.3584031663999346,0.5905540080460364,0.05104282555402935,0.5905540080460364,0.6536801704229528
2026-01-15,day,1818,CBL Bran Cracker 160g,Snacks & Confectionery,3.7507163323782233,4.673913043478261,1309,446,Fast Moving,0.5216150109642749,0.26306087996715344,0.2153241090685719,0.5216150109642749,0.6531454509478516
2026-01-15,day,3155,Sunlight 2in1 500g,Cleaning & Household,2.6703056768558953,3.5,1223,710,Medium Moving,0.4187346365562736,0.46860540951114976,0.11265995393257666,0.46860540951114976,0.6530373413118484
2026-01-15,day,3257,MyJuicee Mango Nectar 180ml,Beverages,3.2463054187192117,4.2105263157894735,659,221,Medium Moving,0.36205226323333023,0.580338640028085,0.05760909673858478,0.580338640028085,0.6522215832473728
2026-01-15,day,2058,Maggi Coconut Milk Powder 1kg,Dairy & Chilled,3.218045112781955,3.4,428,111,Fast Moving,0.5722350877975412,0.15073478944739538,0.2770301227550633,0.5722350877975412,0.6476024825212389
2026-01-15,day,2593,Rathna Keeri Samba Rice 1kg,Staples & Dry Groceries,3.0112359550561796,6.125,268,54,Fast Moving,0.5023317867437427,0.2864250018722036,0.21124321138405397,0.5023317867437427,0.6455442876798445
2026-01-15,day,1816,SCAN Jumbo Peanut (Chilli)80g,Cooking Essentials,2.2346938775510203,2.75,219,53,Fast Moving,0.4939918467913315,0.30281469821692375,0.20319345499174477,0.4939918467913315,0.6453991958997933
2026-01-15,day,1653,Motha Wattalappan (Pudding mix)110g,Snacks & Confectionery,3.411255411255411,3.4,788,261,Medium Moving,0.3058920192560929,0.6784528494473205,0.015655131296586463,0.6784528494473205,0.6451184439797532
2026-01-15,day,1116,7Oil,General Grocery,4.813186813186813,5.0588235294117645,876,198,Medium Moving,0.4177088188732928,0.4544032854191713,0.12788789570753603,0.4544032854191713,0.6449104615828785
2026-01-15,day,3011,Sun Crush Tonic Water 250ml,Beverages,1.2164948453608246,1.1666666666666667,118,49,Fast Moving,0.6427031126212246,0.004298230930998296,0.3529986564477776,0.6427031126212246,0.6448522280867237
2026-01-15,day,1185,Baby Diaper (Softlove) 5pcs /NB,Baby & Kids,1.2063492063492063,1.5714285714285714,76,37,Fast Moving,0.44284593701463204,0.3917823196299158,0.1653717433554522,0.44284593701463204,0.6387370968295899
2026-01-15,day,1020,Clogard (natural salt)70g,Staples & Dry Groceries,2.076923076923077,3.4,162,37,Fast Moving,0.44436717249807384,0.38406953343000383,0.1715632940719221,0.44436717249807384,0.6364019392130758
2026-01-15,day,1807,Maliban Smart Cream Cracker 190g,Personal Care,2.044776119402985,2.35,685,417,Medium Moving,0.3726239868061949,0.5181230804616155,0.10925293273218964,0.5181230804616155,0.6316855270370026
2026-01-15,day,2164,Wijaya Chilli Pieces 250g,Cooking Essentials,4.517699115044247,5.318181818181818,1021,243,Fast Moving,0.4474903542257924,0.3665201661823954,0.18598947959181245,0.4474903542257924,0.6307504373169901
2026-01-15,day,2068,CocaCola 1050ml,General Grocery,3.6847389558232932,4.0,1835,954,Medium Moving,0.28671177417360133,0.6863528804056909,0.026935345420708176,0.6863528804056909,0.6298882143764468
2026-01-15,day,2360,Sweet Pop 50g,Snacks & Confectionery,1.7469879518072289,2.875,145,48,Fast Moving,0.5614934802808529,0.13585275505983013,0.3026537646593169,0.5614934802808529,0.6294198578107679
2026-01-15,day,1793,Asiri Rice Flour Savoury (Garlic)80g,Staples & Dry Groceries,2.5869565217391304,3.3333333333333335,238,52,Fast Moving,0.5663673682857588,0.12360830243206648,0.31002432928217477,0.5663673682857588,0.6281715195017921
2026-01-15,day,2499,Imorich Wonder Cone (Cooki Cream) 120ml,Personal Care,1.987220447284345,2.2777777777777777,622,376,Fast Moving,0.5089638722849619,0.2384108076516668,0.2526253200633711,0.5089638722849619,0.6281692761107953
2026-01-15,day,1788,Asiri Salted Peanuts 90g,General Grocery,0.6617647058823529,1.1111111111111112,45,17,Fast Moving,0.5617235696847708,0.13240518667928508,0.30587124363594437,0.5617235696847708,0.6279261630244133
2026-01-15,day,1570,Zesta Tea (BOPF) 195g,Beverages,2.899159663865546,4.861111111111111,690,243,Medium Moving,0.29817560774406676,0.6581354426779253,0.043688949578007716,0.6581354426779253,0.6272433290830295
2026-01-15,day,1553,Maliban Tea (Kahata-Poronduwa)50g,Beverages,1.8016528925619835,3.2142857142857144,218,76,Fast Moving,0.49830213054736433,0.25626220666318555,0.24543566278945042,0.49830213054736433,0.6264332338789571
2026-01-15,day,3057,Signal Toothpaste 70g,Personal Care,3.161111111111111,3.754385964912281,1707,980,Medium Moving,0.3293680139944339,0.5929451987817613,0.07768678722380462,0.5929451987817613,0.6258406133853145
2026-01-15,day,1575,Dilmah Strong Tea 100g,Beverages,3.67877094972067,5.4772727272727275,1317,462,Medium Moving,0.2794979704538785,0.6897769791440496,0.030725050402071956,0.6897769791440496,0.6243864600259033
2026-01-15,day,1437,Kotmale Chocolate milk 170ml,Dairy & Chilled,1.3055555555555556,2.230769230769231,141,69,Fast Moving,0.4790284509202365,0.29001848305566114,0.2309530660241026,0.4790284509202365,0.6240376924480671
2026-01-15,day,2096,Elephant House Ginger Beer 500ml,Cooking Essentials,2.1683168316831685,2.6153846153846154,219,56,Fast Moving,0.5593106932240379,0.12622907828715485,0.3144602284888074,0.5593106932240379,0.6224252323676154
2026-01-15,day,2796,Fanta Orange 400ml,Beverages,1.7444444444444445,2.5,157,49,Medium Moving,0.3986084304673734,0.4431003199734363,0.15829124955919038,0.4431003199734363,0.6201585904540915
2026-01-15,day,2913,Watawala Tea 500g,Beverages,3.051502145922747,3.2916666666666665,711,236,Medium Moving,0.3659144851153553,0.5057372375372978,0.12834827734734688,0.5057372375372978,0.6187831038840041
2026-01-15,day,2238,Siddhalepa Batu Oil 30ml,Health & Medicine,1.462962962962963,2.7777777777777777,79,15,Fast Moving,0.5333446162244465,0.16615500218061402,0.3005003815949395,0.5333446162244465,0.6164221173147535
2026-01-15,day,2892,Cricket Ball (Atlas),Stationery,2.13265306122449,2.575,418,217,Medium Moving,0.3873369143868182,0.45507466223134013,0.15758842338184134,0.45507466223134013,0.6148742455024883
2026-01-15,day,2742,Rich Life Iced Coffee 180ml,Beverages,1.2553191489361701,1.5454545454545454,118,49,Fast Moving,0.5111934515473915,0.20583393624315105,0.28297261220945735,0.5111934515473915,0.6141104196689671
2026-01-15,day,2342,CBL Savoury Nuts Biscuits 30g,Snacks & Confectionery,3.388198757763975,4.303030303030303,1091,400,Medium Moving,0.3490184757293866,0.5297924563332822,0.12118906793733171,0.5297924563332822,0.6139147038960278
2026-01-15,day,2401,Atlas CR Book Single Ruled (200p),Stationery,2.7381974248927037,4.517857142857143,638,314,Medium Moving,0.37118604689501977,0.48200734520759586,0.14680660789738423,0.48200734520759586,0.6121897194988177
2026-01-15,day,1980,Edinborough Soya Sauce100ml,Cooking Essentials,2.6867469879518073,3.5,223,53,Medium Moving,0.36304633011285836,0.49753706585399016,0.1394166040331515,0.49753706585399016,0.6118148630398534
2026-01-15,day,2724,Chocolate Coated Cookies 100g,Snacks & Confectionery,2.330357142857143,2.9444444444444446,261,79,Fast Moving,0.4389881875253643,0.3444451871795572,0.21656662529507859,0.4389881875253643,0.6112107811151428
2026-01-15,day,2028,Sera Festive Noodles 325g,Staples & Dry Groceries,1.9782608695652173,1.4,182,47,Fast Moving,0.6093151574014248,0.0015853947109569723,0.3890994478876177,0.6093151574014248,0.6101078547569033
2026-01-15,day,2029,Sera Regular Noodles 400g,Staples & Dry Groceries,4.80655737704918,5.285714285714286,1466,357,Medium Moving,0.38596389929447006,0.44735566992215486,0.1666804307833751,0.44735566992215486,0.6096417342555475
2026-01-15,day,2678,Freelan Kurakkan Flour 200g,Staples & Dry Groceries,4.538116591928251,4.388888888888889,1012,224,Fast Moving,0.4698036550721982,0.2794913480493236,0.25070499687847847,0.4698036550721982,0.60954932909686
2026-01-15,day,3065,MD Mango Jam 300g,General Grocery,0.6567164179104478,1.4,44,22,Medium Moving,0.3728649346002832,0.4728092574983697,0.15432580790134703,0.4728092574983697,0.609269563349468
2026-01-15,day,2107,Kandos Milk Choco 45g,Dairy & Chilled,1.2574257425742574,3.8333333333333335,127,63,Medium Moving,0.35120819694077965,0.5152833125923627,0.13350849046685773,0.5152833125923627,0.6088498532369611
2026-01-15,day,2841,Fortune Coconut Oil 350ml,Cooking Essentials,3.52027027027027,4.0,521,114,Fast Moving,0.5453043511895963,0.1267427565322293,0.32795289227817453,0.5453043511895963,0.6086757294557109
2026-01-15,day,2071,Sprite 400ml,Beverages,1.9753086419753085,3.0,160,55,Fast Moving,0.4549685504484315,0.3068083510073472,0.238223098544221,0.4549685504484315,0.6083727259521051
2026-01-15,day,2561,Edinborough Fish Sauce 190ml,Cooking Essentials,2.172043010752688,2.8,202,52,Medium Moving,0.3491126847786797,0.5174194309279034,0.1334678842934169,0.5174194309279034,0.6078224002426313
2026-01-15,day,1720,LankaSoy (curry)50g,Cooking Essentials,2.8068181818181817,2.6666666666666665,247,48,Fast Moving,0.6040837862640934,0.007179221032716185,0.38873699270319023,0.6040837862640934,0.6076733967804515
2026-01-15,day,2326,Kist Mango Nectar 200ml,Beverages,1.5309734513274336,2.357142857142857,173,64,Medium Moving,0.3948923975714457,0.4255331638977376,0.17957443853081667,0.4255331638977376,0.6076589795203144
2026-01-15,day,1187,Baby Diaper (Softlove) 4pcs /M,Baby & Kids,2.5493273542600896,2.840909090909091,1137,646,Fast Moving,0.40810585774163965,0.3987012439477055,0.193192898310655,0.40810585774163965,0.6074564797154924
2026-01-15,day,1516,E/H Ice Cream (Chocolate) 80ml,Personal Care,2.1054313099041533,2.28125,659,386,Medium Moving,0.3908150845959712,0.43285315575952016,0.1763317596445088,0.43285315575952016,0.6072416624757313
2026-01-15,day,1654,Motha Cocoa Powder 100g,General Grocery,0.7096774193548387,1.8,44,22,Fast Moving,0.4648953887301383,0.2804756603906948,0.25462895087916704,0.4648953887301383,0.6051332189254857
2026-01-15,day,2899,Coca_Cola 300ml(glass bottle),Beverages,1.4752475247524752,2.1666666666666665,149,55,Medium Moving,0.3609172990119474,0.48543616449100746,0.15364653649704543,0.48543616449100746,0.6036353812574511
2026-01-15,day,1148,Sunsilk Shampoo (Black)80ml,Personal Care,2.1550632911392404,2.78125,681,393,Fast Moving,0.44135091482684646,0.323309094982602,0.2353399901905516,0.44135091482684646,0.6030054623181474
2026-01-15,day,3034,Pears Baby Cream 50ml,Baby & Kids,2.7522935779816513,3.1136363636363638,1200,703,Medium Moving,0.34224579026302404,0.5211024593248565,0.13665175041211935,0.5211024593248565,0.6027970199254523
2026-01-15,day,2864,Mint Toilet Tissue,General Grocery,2.925373134328358,2.111111111111111,196,37,Fast Moving,0.5997760332253796,0.0010662220109981958,0.39915774476362154,0.5997760332253796,0.6003091442308788
2026-01-15,day,2862,Diamond Tuna,General Grocery,2.2668621700879767,2.6129032258064515,773,409,Medium Moving,0.28399709111188226,0.6318565158949954,0.08414639299312222,0.6318565158949954,0.5999253490593799
2026-01-15,day,1447,R.L Drinking Yoghurt (vanilla),Dairy & Chilled,1.3061224489795917,2.1,128,67,Fast Moving,0.4185092953818112,0.35861896817471284,0.22287173644347608,0.4185092953818112,0.5978187794691676
2026-01-15,day,2461,Atlas Binder Glue 40g,Stationery,2.7365853658536587,3.789473684210526,561,300,Medium Moving,0.2883686498473078,0.6188764456189524,0.09275490453374009,0.6188764456189524,0.597806872656784
2026-01-15,day,2111,Kandos Cracker Jack 45g,Snacks & Confectionery,1.9537037037037037,2.8333333333333335,211,71,Fast Moving,0.4059611875794241,0.38223533082632954,0.2118034815942465,0.4059611875794241,0.5970788529925889
2026-01-15,day,2018,Coopoliva Olive Oil 250ml,Cooking Essentials,3.343065693430657,3.1818181818181817,458,108,Fast Moving,0.5077224944170218,0.17791509028214303,0.31436241530083514,0.5077224944170218,0.5966800395580933
2026-01-15,day,3187,Diva Power Liquid Detergent 1L,Cleaning & Household,3.206692913385827,3.4285714285714284,1629,966,Medium Moving,0.3027543940613947,0.5876507523334891,0.10959485360511634,0.5876507523334891,0.5965797702281392
2026-01-15,day,1891,Lifebuoy Hand Wash 200ml (Green Tea),Cleaning & Household,2.0184615384615383,2.6216216216216215,656,393,Medium Moving,0.3423504046747261,0.5080874006428079,0.1495621946824659,0.5080874006428079,0.5963941049961301
2026-01-15,day,1568,Zesta Tea (BOPF)  50g,Beverages,1.8942307692307692,2.8,197,62,Medium Moving,0.35119351031701995,0.4844388585313959,0.1643676311515844,0.4844388585313959,0.5934129395827179
2026-01-15,day,2568,Atlas Pencils (Yellow),Stationery,2.6762295081967213,3.814814814814815,653,340,Medium Moving,0.23476179954121837,0.71584941762372,0.04938878283506146,0.71584941762372,0.5926865083530783
2026-01-15,day,2545,Link Kesha Hair Oil (Lite)100ml,Personal Care,2.3452380952380953,3.5,197,35,Fast Moving,0.4420281704969395,0.30116713489238117,0.2568046946106791,0.4420281704969395,0.59261173794313
2026-01-15,day,2737,Little Lion Lincoln Biscuit 330g,Snacks & Confectionery,4.1434108527131785,3.2,1069,367,Fast Moving,0.40265784308868585,0.3783155393704907,0.21902661754082317,0.40265784308868585,0.5918156127739312
2026-01-15,day,2322,Kist Apple Nectar 1L,Beverages,1.8041237113402062,2.375,175,56,Medium Moving,0.33013187711490066,0.5208712855827686,0.1489968373023308,0.5208712855827686,0.590567519906285
2026-01-15,day,2930,Revello Fantasy Peanut 50g,General Grocery,0.5833333333333334,1.8,35,16,Fast Moving,0.4263154574232505,0.3264770928183032,0.24720744975844655,0.4263154574232505,0.5895540038324021
2026-01-15,day,2069,CocaCola 1.5L,General Grocery,3.6865079365079363,3.4583333333333335,1858,957,Medium Moving,0.2871028821192269,0.6040226600011391,0.10887445787963435,0.6040226600011391,0.5891142121197965
2026-01-15,day,2871,Bottled Drinking Water 1500ml,Beverages,1.5957446808510638,2.7333333333333334,150,53,Medium Moving,0.2845401873560858,0.6073323824938727,0.10812743015004148,0.6073323824938727,0.5882063786030222
2026-01-15,day,2163,Wijaya Chilli Pieces 100g,Cooking Essentials,2.7017543859649122,3.6666666666666665,308,68,Fast Moving,0.5737452990569737,0.026976287108322942,0.39927841383470336,0.5737452990569737,0.5872334426111352
2026-01-15,day,1499,Tiara Layer Cake (Vanilla)480g,Snacks & Confectionery,2.9572649572649574,2.4347826086956523,692,225,Medium Moving,0.27652473768782543,0.6212114740607754,0.10226378825139922,0.6212114740607754,0.5871304747182131
2026-01-15,day,1583,Lipton Ceylonta Tea 100g,Beverages,1.7232142857142858,2.8181818181818183,193,77,Medium Moving,0.23216435419359158,0.7079817369189793,0.059853908887428815,0.7079817369189793,0.5861552226530812
2026-01-15,day,2710,Atlas Highlighter Pen (Yelo),Stationery,2.0416666666666665,3.142857142857143,392,196,Medium Moving,0.2797883720515074,0.6080370336732553,0.11217459427523704,0.6080370336732553,0.5838068888881351
2026-01-15,day,2299,Atlas CR Book Single Ruled (80p),Stationery,1.7972350230414746,2.682926829268293,390,205,Fast Moving,0.43974890274711187,0.28546439254750366,0.27478670470538485,0.43974890274711187,0.5824810990208638
2026-01-15,day,2820,Whole Gherkins 375g,General Grocery,0.6818181818181818,3.75,45,19,Medium Moving,0.35023482160750996,0.45629363505344783,0.1934715433390423,0.45629363505344783,0.5783816391342339
2026-01-15,day,1991,Edinborough Coconut Vinegar350ml,Cooking Essentials,2.1157894736842104,2.875,201,48,Fast Moving,0.4492854853773187,0.2566963086003689,0.2940182060223123,0.4492854853773187,0.5776336396775031
2026-01-15,day,1584,Lipton Ceylonta Tea 200g,Beverages,4.047445255474453,4.428571428571429,1109,380,Medium Moving,0.1972632396492392,0.7587943626874114,0.043942397663349654,0.7587943626874114,0.5766604209929449
2026-01-15,day,2791,Revello Fruit & Nut  Chocolate 170g,Snacks & Confectionery,4.016194331983805,2.8181818181818183,992,357,Medium Moving,0.23409390800690186,0.6844526625281706,0.0814534294649275,0.6844526625281706,0.5763202392709872
2026-01-15,day,2406,A&S White Rice Flour 900g,Staples & Dry Groceries,2.638888888888889,2.75,285,69,Fast Moving,0.4953702212075069,0.15848518998101482,0.3461445888114783,0.4953702212075069,0.5746128161980143
2026-01-15,day,2684,Rin Detergent Powder 1kg,Cleaning & Household,2.7540650406504064,3.891304347826087,1355,786,Medium Moving,0.362686475813189,0.42327647321845796,0.21403705096835313,0.42327647321845796,0.574324712422418
2026-01-15,day,2456,Atlas Colour Pencils 6,Stationery,2.6,4.3090909090909095,598,313,Medium Moving,0.3214552127046759,0.5049817421811856,0.17356304511413836,0.5049817421811856,0.5739460837952688
2026-01-15,day,1981,Edinborough Soya Sauce650ml,Cooking Essentials,2.463917525773196,6.375,239,49,Medium Moving,0.37763691389914583,0.3920501616903347,0.23031292441051926,0.3920501616903347,0.5736619947443131
2026-01-15,day,1926,Bubble Detergent Powder 500g,Cleaning & Household,2.6313559322033897,3.24,1242,720,Medium Moving,0.2380416430089398,0.670000950823976,0.09195740616708448,0.670000950823976,0.5730421184209278
2026-01-15,day,1110,Kumarika Hair Oil 50ml,Personal Care,1.9305555555555556,4.0,139,36,Fast Moving,0.46562008425416423,0.21477840903408052,0.31960150671175536,0.46562008425416423,0.5730092887712045
2026-01-15,day,2440,Verda Pasta (Elbow) 400g,Staples & Dry Groceries,2.471264367816092,3.25,215,49,Fast Moving,0.4242610435180781,0.294687038704734,0.2810519177771877,0.4242610435180781,0.5716045628704451
2026-01-15,day,2644,Britol Car Wash Liquid 500ml,Cleaning & Household,0.9135802469135802,2.375,74,43,Medium Moving,0.26302981831015426,0.6155631567012323,0.12140702498861362,0.6155631567012323,0.5708113966607704
2026-01-15,day,1506,E/H Wonder Bar (Chocolate),Snacks & Confectionery,1.796116504854369,2.7142857142857144,185,60,Medium Moving,0.3641441314128553,0.41006662907983293,0.2257892395073116,0.41006662907983293,0.5691774459527718
2026-01-15,day,2245,Siddhalepa Kolasleshma Oil 30ml,Health & Medicine,1.1639344262295082,1.6,71,15,Fast Moving,0.5684618093920394,0.0005024684472821758,0.4310357221606785,0.5684618093920394,0.5687130436156804
2026-01-15,day,2203,Turmeric Paste 50g,Cooking Essentials,2.735294117647059,4.6923076923076925,279,63,Medium Moving,0.3240772647116968,0.48399228353329804,0.19193045175500512,0.48399228353329804,0.5660734064783458
2026-01-15,day,2959,Lion Ginger Beer 250ml,Cooking Essentials,1.94,2.8,194,53,Fast Moving,0.45469737854389486,0.22259104939333305,0.3227115720627718,0.45469737854389486,0.5659929032405614
2026-01-15,day,1296,Vim Limes (Promo),Cleaning & Household,2.2318840579710146,2.3125,770,444,Fast Moving,0.40999035248448856,0.30953827699873504,0.2804713705167766,0.40999035248448856,0.564759490983856
2026-01-15,day,2979,Pepsi 1.5L,Beverages,1.5194805194805194,2.7,117,44,Medium Moving,0.2568154579365108,0.6153768286900515,0.12780771337343727,0.6153768286900515,0.5645038722815365
2026-01-15,day,2843,Maliban Cracker Thins 95g,Snacks & Confectionery,1.981818181818182,2.4285714285714284,218,68,Medium Moving,0.31444923889614085,0.5000113189638735,0.18553944213998547,0.5000113189638735,0.5644548983780776
2026-01-15,day,3250,Rich Life milk,Dairy & Chilled,1.1683168316831682,1.5333333333333334,118,56,Medium Moving,0.3665627125440679,0.3941080609382807,0.23932922651765134,0.3941080609382807,0.5636167430132083
2026-01-15,day,1939,Diva Fresh (Purple lotus) 60g,Cleaning & Household,2.066465256797583,2.1538461538461537,684,401,Medium Moving,0.2499521910707964,0.6272436631426846,0.1228041457865189,0.6272436631426846,0.5635740226421387
2026-01-15,day,1576,Dilmah Tea-Bags 25,Beverages,1.5357142857142858,2.1,129,50,Medium Moving,0.2570735405044657,0.6067013583981352,0.13622510109739913,0.6067013583981352,0.5604242197035333
2026-01-15,day,1151,Sunsilk Shampoo (Black)180ml,Personal Care,2.6582278481012658,3.056603773584906,1260,739,Medium Moving,0.29061296321506175,0.5381264202613298,0.17126061652360827,0.5381264202613298,0.5596761733457267
2026-01-15,day,1986,KIST Tomato Sauce 2L,Cooking Essentials,1.6024096385542168,2.888888888888889,133,37,Fast Moving,0.42499076896400245,0.26890252012419597,0.30610671091180147,0.42499076896400245,0.5594420290261004
2026-01-15,day,2453,Prima Swiss Roll (Coffee) 225g,Beverages,1.6534653465346534,2.6923076923076925,167,55,Fast Moving,0.3742243173758198,0.36675367307393736,0.2590220095502428,0.3742243173758198,0.5576011539127885
2026-01-15,day,2303,Atlas CR Book Square Ruled (80p),Stationery,1.9775784753363228,3.0,441,223,Medium Moving,0.22292101597156372,0.6678801753249025,0.1091988087035333,0.6678801753249025,0.556861103634015
2026-01-15,day,1587,Harischandra Coffee 20g,Beverages,1.6403508771929824,2.5714285714285716,187,65,Fast Moving,0.43113719662312394,0.2506097038526526,0.31825309952422326,0.43113719662312394,0.5564420485494502
2026-01-15,day,3206,Pears Baby Cream 100ml,Baby & Kids,2.675324675324675,3.0652173913043477,1236,702,Medium Moving,0.16298578063854888,0.784461550578249,0.0525526687832021,0.784461550578249,0.5552165559276734
2026-01-15,day,2504,Atlas Max pen,Stationery,2.5791666666666666,3.849056603773585,619,320,Medium Moving,0.18064318945557561,0.7479167832453701,0.07144002729905424,0.7479167832453701,0.5546015810782607
2026-01-15,day,2432,Little Lion Milky Cookies 200g,General Grocery,2.6103151862464182,3.5813953488372094,911,470,Medium Moving,0.20238630025515358,0.703537748747114,0.0940759509977324,0.703537748747114,0.5541551746287106
2026-01-15,day,2049,Mity Sesame Oil 200ml,Cooking Essentials,2.7211538461538463,4.7272727272727275,283,66,Fast Moving,0.5492389935082935,0.00893537586126299,0.4418256306304434,0.5492389935082935,0.553706681438925
2026-01-15,day,1041,Baby Cheramy Floral Cream50ml,Baby & Kids,0.6714285714285714,0.9,47,28,Fast Moving,0.5254216089728517,0.05520652400759682,0.41937186701955154,0.5254216089728517,0.5530248709766501
2026-01-15,day,2104,Kandos Milk Choco 10g,Dairy & Chilled,2.3592814371257487,2.787878787878788,788,406,Medium Moving,0.31590459015759376,0.4679391403903739,0.21615626945203253,0.4679391403903739,0.5498741603527807
2026-01-15,day,3063,Ayush Toothpaste 110g,Personal Care,2.6995884773662553,3.0392156862745097,1312,773,Medium Moving,0.17465641767439644,0.7487343697659469,0.07660921255965625,0.7487343697659469,0.5490236025573698
2026-01-15,day,1344,Dettol (Cool) 70g,General Grocery,0.5147058823529411,1.75,35,18,Medium Moving,0.32795250008776966,0.43939739529065336,0.23265010462157723,0.43939739529065336,0.5476511977330963
2026-01-15,day,2132,Prima Family Flour 1kg,Staples & Dry Groceries,2.0987654320987654,3.5555555555555554,170,45,Medium Moving,0.2956129807003626,0.5033657982558986,0.2010212210437383,0.5033657982558986,0.5472958798283118
2026-01-15,day,1579,Laojee Ginger Plus 90g,Cooking Essentials,1.7777777777777777,3.0,160,39,Medium Moving,0.35251664890891676,0.38919401897785966,0.2582893321132237,0.38919401897785966,0.5471136583978466
2026-01-15,day,1937,Diva Fresh (Sepalika) 400g,Cleaning & Household,2.0477707006369426,2.6315789473684212,643,368,Medium Moving,0.250263749405017,0.593619038773486,0.15611721182149693,0.593619038773486,0.54707326879176
2026-01-15,day,1397,Link Paspanguwa 23g,General Grocery,0.46875,1.5,30,19,Fast Moving,0.5456793416217672,0.0,0.4543206583782327,0.5456793416217672,0.5456793416217672
2026-01-15,day,1621,Revello Milk Chocolate 50g,Dairy & Chilled,1.3679245283018868,1.9333333333333333,145,74,Medium Moving,0.15815008297033328,0.7668914003763784,0.07495851665328829,0.7668914003763784,0.5415957831585225
2026-01-15,day,1855,CBL Nice Biscuits  400g,Snacks & Confectionery,2.0365853658536586,2.5454545454545454,167,60,Fast Moving,0.4581033502843632,0.16636701753622712,0.3755296321794098,0.4581033502843632,0.5412868590524768
2026-01-15,day,1792,Asiri Rice Flour Savoury (Garlic)25g,Staples & Dry Groceries,3.4948453608247423,3.125,339,72,Medium Moving,0.2014441169517866,0.6766087106301629,0.12194717241805109,0.6766087106301629,0.5397484722668681
2026-01-15,day,2972,Pepsi 250ml,Beverages,1.67,3.6,167,66,Medium Moving,0.13063692882956512,0.8179183234247481,0.051444747745686775,0.8179183234247481,0.5395960905419392
2026-01-15,day,1068,P.Baby Cream (Bedtime) 50ml,Baby & Kids,0.6976744186046512,1.4285714285714286,60,35,Fast Moving,0.4791046541765002,0.11907438123620408,0.40182096458729566,0.4791046541765002,0.5386418447946023
2026-01-15,day,2268,Rasath jelly Pudin 80ml,Snacks & Confectionery,1.735632183908046,2.5,151,51,Medium Moving,0.22803809642509903,0.6194346883433519,0.15252721523154902,0.6194346883433519,0.537755440596775
2026-01-15,day,2630,Prima Twist Noodles 400g,Staples & Dry Groceries,2.3333333333333335,2.1666666666666665,210,46,Fast Moving,0.405701291794752,0.2636102280649834,0.3306884801402646,0.405701291794752,0.5375064058272437
2026-01-15,day,2011,Marina Cooking Oil 500ml,Cooking Essentials,2.0491803278688523,4.142857142857143,250,56,Fast Moving,0.4638680250069651,0.14488012831369737,0.3912518466793373,0.4638680250069651,0.5363080891638138
2026-01-15,day,2536,CBL Snak Cracker Biscuits 30g,Snacks & Confectionery,3.020408163265306,2.652173913043478,740,262,Medium Moving,0.33597630354148805,0.4001071123982734,0.2639165840602386,0.4001071123982734,0.5360298597406248
2026-01-15,day,1436,Kotmale Vanilla milk 170ml,Dairy & Chilled,2.514367816091954,2.8666666666666667,875,424,Medium Moving,0.3184405090281067,0.43405337311463427,0.24750611785725896,0.43405337311463427,0.5354671955854239
2026-01-15,day,1884,Dettol Hand Wash Refill (orange)175ml,Cleaning & Household,0.8846153846153846,1.5555555555555556,92,52,Fast Moving,0.4249180795189229,0.21980207585762793,0.3552798446234492,0.4249180795189229,0.5348191174477369
2026-01-15,day,2997,P.Ole Ginger Beer,Cooking Essentials,2.3972602739726026,2.0,175,44,Fast Moving,0.4298107312770057,0.20864687192250775,0.36154239680048667,0.4298107312770057,0.5341341672382596
2026-01-15,day,1689,Gold Hair Cream 100ml,Personal Care,2.088235294117647,2.611111111111111,710,403,Medium Moving,0.20760539220582072,0.6472915117423916,0.14510309605178728,0.6472915117423916,0.5312511480770166
2026-01-15,day,2294,Atlas Single Ruled Book 200page,Stationery,3.0782608695652174,5.053571428571429,708,366,Medium Moving,0.192027344225911,0.6777865298765409,0.13018612589754774,0.6777865298765409,0.5309206091641814
2026-01-15,day,3136,EdinBorouah Oyster Sauce 1kg,Cooking Essentials,2.0980392156862746,4.2,214,50,Medium Moving,0.28621128887746383,0.4889831620550748,0.22480554906746147,0.4889831620550748,0.5307028699050013
2026-01-15,day,2839,Sunflower oil 500ml,Cooking Essentials,2.364485981308411,2.4166666666666665,253,67,Medium Moving,0.23319622700083,0.5928212223855168,0.1739825506136533,0.5928212223855168,0.5296068381935884
2026-01-15,day,3164,Sunlight 2in1 (sakura Fresh) 50g,Cleaning & Household,2.1790123456790123,2.676470588235294,706,387,Medium Moving,0.23583000818141064,0.5840882333232376,0.1800817584953518,0.5840882333232376,0.5278741248430294
2026-01-15,day,2589,CBL Cheese Buttons 215g,Dairy & Chilled,1.0309278350515463,1.2307692307692308,100,46,Medium Moving,0.323111081702438,0.408412791790691,0.2684761265068711,0.408412791790691,0.5273174775977836
2026-01-15,day,2189,Freelan Meat Curry Powder 50g,Cooking Essentials,2.1491228070175437,1.5,245,59,Fast Moving,0.4686803073489676,0.11316805013225523,0.4181516425187772,0.4686803073489676,0.5252643324150952
2026-01-15,day,3244,Nestle Milkmaid 510g,General Grocery,2.425595238095238,3.0,815,402,Medium Moving,0.17384360983875477,0.7025218837382577,0.12363450642298748,0.7025218837382577,0.5251045517078836
2026-01-15,day,1998,Crunchy Peanut Butter325g,General Grocery,2.8531468531468533,3.230769230769231,1224,634,Medium Moving,0.20740694199793516,0.6351491682667639,0.15744388973530088,0.6351491682667639,0.5249815261313171
2026-01-15,day,2191,Freelan Meat Curry Powder 20g,Cooking Essentials,2.2169811320754715,4.375,235,60,Fast Moving,0.4521967422311996,0.1443368454387008,0.4034664123300994,0.4521967422311996,0.52436516495055
2026-01-15,day,1767,Keells Chicken Meatballs 500g,"Meat, Fish & Frozen",0.5454545454545454,1.8,36,15,Medium Moving,0.24004587749950634,0.568233927912875,0.19172019458761885,0.568233927912875,0.5241628414559438
2026-01-15,day,2304,Atlas CR Book Square Ruled (120p),Stationery,2.211267605633803,3.0952380952380953,471,247,Medium Moving,0.24149164987748523,0.5647147650889368,0.19379358503357821,0.5647147650889368,0.5238490324219536
2026-01-15,day,2699,Kist Grape Juice 1L,Beverages,1.2873563218390804,1.875,112,43,Fast Moving,0.4483192535022318,0.1510059345197904,0.4006748119779779,0.4483192535022318,0.523822220762127
2026-01-15,day,1423,Highland Milk Powder (Low Fat) 400g,Dairy & Chilled,1.2222222222222223,2.1538461538461537,121,63,Medium Moving,0.3331807302112906,0.3801104112869921,0.2867088585017175,0.3801104112869921,0.5232359358547867
2026-01-15,day,2051,Motha Jelly (apple)200g,Snacks & Confectionery,3.356164383561644,2.75,735,247,Medium Moving,0.22462849002606397,0.5969392448025828,0.17843226517135352,0.5969392448025828,0.5230981124273554
2026-01-15,day,2622,Baby Cheramy Baby Cologne 50ml,Baby & Kids,2.7757009345794392,3.488888888888889,1188,686,Medium Moving,0.1900976109166872,0.6648814516169841,0.14502093746632855,0.6648814516169841,0.5225383367251792
2026-01-15,day,2832,Closeup Toothpaste 120g,Personal Care,2.6471816283924845,3.109090909090909,1268,749,Medium Moving,0.2501934896463534,0.5445895236605511,0.20521698669309513,0.5445895236605511,0.5224882514766289
2026-01-15,day,2321,Kist Apple Nectar 500ml,Beverages,1.7173913043478262,3.7,158,57,Medium Moving,0.22030160740792828,0.6021914300107334,0.1775069625813387,0.6021914300107334,0.521397322413295
2026-01-15,day,2442,Verda Pasta (Spirals) 400g,Staples & Dry Groceries,2.463157894736842,4.1,234,50,Fast Moving,0.44910571813858896,0.1419794265587682,0.4089148553026429,0.44910571813858896,0.5200954314179731
2026-01-15,day,2398,Atlas Square Ruled 1'',Stationery,0.7857142857142857,1.3846153846153846,66,35,Medium Moving,0.17299449840164052,0.6926165778119466,0.13438892378641276,0.6926165778119466,0.5193027873076138
2026-01-15,day,1750,MD Strawberry jam 500g,General Grocery,0.5538461538461539,2.5,36,15,Medium Moving,0.2398636867416621,0.558412472170525,0.2017238410878131,0.558412472170525,0.5190699228269247
2026-01-15,day,3194,Rexona Kohomba & Turmeric Soap 80g,Personal Care,2.9896265560165975,3.4,1441,839,Medium Moving,0.141141299468989,0.754231405577675,0.10462729495333604,0.754231405577675,0.5182570022578266
2026-01-15,day,1079,P. Baby Soap (Herbal) 100g,Baby & Kids,2.170886075949367,2.111111111111111,686,387,Medium Moving,0.23203035968877134,0.5719382133993132,0.19603142691191475,0.5719382133993132,0.517999466388428
2026-01-15,day,2024,San Remo Pasta (Small Shells) 500g,Staples & Dry Groceries,2.23,2.1818181818181817,223,53,Fast Moving,0.41516285705248884,0.20497064229543577,0.3798665006520755,0.41516285705248884,0.5176481782002067
2026-01-15,day,2696,Sesame &Ginger Mixed Jaggery 250g,Cooking Essentials,2.1411764705882352,4.222222222222222,182,47,Fast Moving,0.4419908636863023,0.14906239606866847,0.40894674024502925,0.4419908636863023,0.5165220617206365
2026-01-15,day,1419,Highland Butter (Salted) 200g,Dairy & Chilled,2.677325581395349,2.2432432432432434,921,477,Medium Moving,0.1756839836214172,0.6793965775788241,0.14491943879975897,0.6793965775788241,0.5153822724108292
2026-01-15,day,2333,CBL Milk Cream Biscuits 390g,Personal Care,2.065359477124183,2.5806451612903225,632,357,Medium Moving,0.13712512770371993,0.7554237863699416,0.10745108592633829,0.7554237863699416,0.5148370208886908
2026-01-15,day,2588,CBL Snak Cracker 170g,Snacks & Confectionery,2.0961538461538463,2.230769230769231,218,77,Medium Moving,0.20134105574334693,0.6250672382390854,0.17359170601756777,0.6250672382390854,0.5138746748628896
2026-01-15,day,2074,Fanta 1050ml,Beverages,1.7777777777777777,2.090909090909091,160,53,Medium Moving,0.1196052694658738,0.7884422446055406,0.09195248592858526,0.7884422446055406,0.5138263917686441
2026-01-15,day,2950,Bun Talk Tea Bun,Beverages,1.4,2.2142857142857144,161,66,Medium Moving,0.23435689127356799,0.5582503108035803,0.20739279792285187,0.5582503108035803,0.5134820466753581
2026-01-15,day,2549,AURA Incense Sticks (Araliya),General Grocery,0.3709677419354839,0.8571428571428571,23,12,Fast Moving,0.5116990344553025,0.002829558605091171,0.48547140693960633,0.5116990344553025,0.5131138137578481
2026-01-15,day,1209,Flora Wet Wipes 10s,General Grocery,0.47692307692307695,2.0,31,18,Medium Moving,0.32265603131387405,0.3806130025000235,0.2967309661861024,0.3806130025000235,0.5129625325638858
2026-01-15,day,1645,Motha Baking Powder 100g,General Grocery,3.0625,2.2777777777777777,882,457,Medium Moving,0.2430153794420037,0.5394900332112726,0.21749458734672347,0.5394900332112726,0.51276039604764
2026-01-15,day,2332,CBL Chocolate Marie 200g,Snacks & Confectionery,2.4125,2.2,193,56,Fast Moving,0.4742183186044481,0.0767967459084038,0.4489849354871479,0.4742183186044481,0.51261669155865
2026-01-15,day,2924,StixRolled Wafer(Vanilla 100g),Snacks & Confectionery,1.797979797979798,2.375,178,64,Medium Moving,0.19590054934429466,0.6330538079223524,0.17104564273335301,0.6330538079223524,0.5124274533054709
2026-01-15,day,1265,Misumi Soap 90g,Personal Care,2.195195195195195,2.71875,731,422,Medium Moving,0.1882810772605302,0.6448161108674639,0.16690281187200598,0.6448161108674639,0.5106891326942622
2026-01-15,day,1992,Edinborough Coconut Vinegar750ml,Cooking Essentials,1.9213483146067416,3.5,171,45,Medium Moving,0.31848945551607016,0.38375045530896384,0.2977600891749659,0.38375045530896384,0.5103646831705521
2026-01-15,day,2806,Fontana Orange Juice 1L,Beverages,1.7407407407407407,2.6666666666666665,188,66,Medium Moving,0.0905855678782882,0.8393954253694624,0.07001900675224966,0.8393954253694624,0.5102832805630194
2026-01-15,day,2983,Astra 50g,General Grocery,0.4153846153846154,2.6666666666666665,27,12,Fast Moving,0.35743644715049194,0.30509722600303507,0.3374663268464731,0.35743644715049194,0.5099850601520095
2026-01-15,day,1823,CBL Sun Cracker (Salt & Pepper)95g,Staples & Dry Groceries,3.111111111111111,3.6470588235294117,364,84,Medium Moving,0.2571967086789802,0.503118706648587,0.23968458467243275,0.503118706648587,0.5087560620032737
2026-01-15,day,1845,CBL Bourbon Biscuits 100g,Snacks & Confectionery,1.8728813559322033,3.176470588235294,221,71,Fast Moving,0.43859736461905713,0.13860096241004896,0.4228016729708939,0.43859736461905713,0.5078978458240816
2026-01-15,day,1900,Sunlight Care Liquid (naturals)1L,Cleaning & Household,2.471816283924843,3.0,1184,711,Medium Moving,0.14505781331555678,0.7251962162754654,0.12974597040897792,0.7251962162754654,0.5076559214532894
2026-01-15,day,3055,Signal Toothpaste 120g,Personal Care,3.1784313725490194,3.260869565217391,1621,940,Medium Moving,0.14461951361808864,0.7237980625225006,0.13158242385941027,0.7237980625225006,0.5065185448793389
2026-01-15,day,2044,Edinborough Tomato Sauce 230g,Cooking Essentials,1.969387755102041,2.4545454545454546,193,51,Medium Moving,0.2180033039092097,0.5766645384020789,0.20533215768871177,0.5766645384020789,0.5063355731102491
2026-01-15,day,3252,Lovely Toilet Paper,Cleaning & Household,1.7654320987654322,1.875,143,35,Fast Moving,0.3831555044604477,0.24246276317868826,0.37438173236086403,0.3831555044604477,0.5043868860497919
2026-01-15,day,2006,Marina Sun Flower Oil 1L,Cooking Essentials,2.7876106194690267,3.6666666666666665,315,82,Fast Moving,0.3392116576055696,0.32954489306723406,0.33124344932719635,0.3392116576055696,0.5039841041391866
2026-01-15,day,2017,Turkey Cooking Oil 1L,Cooking Essentials,4.337837837837838,3.6875,963,242,Medium Moving,0.162266765896728,0.680235926416866,0.1574973076864061,0.680235926416866,0.5023847291051611
2026-01-15,day,1498,Tiara Layer Cake (Chocolate)480g,Snacks & Confectionery,1.3263157894736841,2.857142857142857,126,50,Fast Moving,0.3987974691560974,0.20709756836602497,0.39410496247787763,0.3987974691560974,0.5023462533391099
2026-01-15,day,2263,Kist Green Apple Juice 1L,Beverages,1.510204081632653,2.066666666666667,148,55,Medium Moving,0.2600075299797808,0.4833229995550288,0.25666947046519,0.4833229995550288,0.5016690297572952
2026-01-15,day,1797,Asiri Cassava Chips 50g,Snacks & Confectionery,1.5833333333333333,2.4444444444444446,152,51,Medium Moving,0.20560015013953384,0.589087239835487,0.20531261002497905,0.589087239835487,0.5001437700572774
2026-01-15,day,1848,CBL Tifin Original  125g,General Grocery,0.5573770491803278,2.0,34,20,Medium Moving,0.0,1.0,0.0,1.0,0.5
2026-01-15,day,2124,Vaseline Healthy Bright 100ml,General Grocery,0.4307692307692308,2.0,28,16,Medium Moving,0.0,1.0,0.0,1.0,0.5
2026-01-15,day,3213,Rin Refresh 1kg,Cleaning & Household,0.9,2.3333333333333335,63,40,Medium Moving,0.0,1.0,0.0,1.0,0.5
2026-01-15,day,2661,Wijaya Coffee 100g,Beverages,1.7282608695652173,2.5,159,60,Medium Moving,0.0,0.9989977277309595,0.0010022722690406127,0.9989977277309595,0.49949886386547976
2026-01-15,day,2334,CBL Wafer Stix 55g vanilla,Snacks & Confectionery,1.6145833333333333,2.4545454545454546,155,64,Medium Moving,0.2960129544870609,0.4065368449421871,0.29745020057075194,0.4065368449421871,0.49928137695815444
2026-01-15,day,1705,Clogard 40g,General Grocery,0.7230769230769231,3.0,47,25,Medium Moving,0.0,0.9984145328030035,0.0015854671969964009,0.9984145328030035,0.49920726640150176
2026-01-15,day,1565,Watawala Tea 200g,Beverages,1.6494845360824741,2.0,160,59,Medium Moving,0.27705939489282805,0.44116264941961597,0.28177795568755587,0.44116264941961597,0.497640719602636
2026-01-15,day,1314,BIO Clean (Tile Cleaner) Kohomba,Cleaning & Household,2.2540192926045015,2.5,701,394,Medium Moving,0.2528977423491346,0.4884796285658806,0.2586226290849851,0.4884796285658806,0.49713755663207493
2026-01-15,day,1091,K. Baby Soap (Avocado) 90g,Baby & Kids,2.082802547770701,1.9375,654,368,Medium Moving,0.21176409585637934,0.5701356261057933,0.21810027803782725,0.5701356261057933,0.496831908909276
2026-01-15,day,2070,Sprite 250ml,Beverages,3.02262443438914,2.909090909090909,668,243,Medium Moving,0.2731133587641798,0.446763861636574,0.28012277959924614,0.446763861636574,0.4964952895824668
2026-01-15,day,1878,Dettol Hand Wash (sensitive) 200ml,Cleaning & Household,2.594272076372315,3.630434782608696,1087,610,Medium Moving,0.10421863168394437,0.7835637601291676,0.1122176081868881,0.7835637601291676,0.49600051174852816
2026-01-15,day,2814,Baby Cheramy Shampoo 100ml,Baby & Kids,2.5686274509803924,3.0816326530612246,1179,683,Medium Moving,0.09641296932102791,0.7981430216562748,0.10544400902269689,0.7981430216562748,0.49548448014916535
2026-01-15,day,2853,Olive Oil 250ml,Cooking Essentials,2.6513761467889907,2.4444444444444446,289,71,Medium Moving,0.1516222091316653,0.6856383725341791,0.16273941833415562,0.6856383725341791,0.49444139539875487
2026-01-15,day,1808,Maliban Smart Cream Cracker 230g,Personal Care,2.142105263157895,2.6,814,476,Medium Moving,0.24223614005503427,0.5002005454501782,0.2575633144947876,0.5002005454501782,0.4923364127801234
2026-01-15,day,2870,Bottled Drinking Water 1000ml,Beverages,2.021505376344086,4.166666666666667,188,62,Medium Moving,0.06681754660655125,0.8500428413687657,0.08313961202468306,0.8500428413687657,0.4918389672909341
2026-01-15,day,2180,Wijaya Mustard Seeds 50g,Cooking Essentials,2.560747663551402,2.25,274,60,Slow Moving,0.321201054473374,0.3369375822859418,0.34186136324068445,0.34186136324068445,0.48966984561634486
2026-01-15,day,3212,Surf Excel Comfort 1kg,General Grocery,0.5375,1.6666666666666667,43,25,Slow Moving,0.48958289590151766,0.0,0.5104171040984824,0.5104171040984824,0.48958289590151766
2026-01-15,day,2507,Mango 2B Pencil,Stationery,2.418410041841004,3.8,578,320,Medium Moving,0.09085642605303658,0.7950049230497341,0.11413865089722929,0.7950049230497341,0.48835888757790363
2026-01-15,day,1477,Milkmaid 510g,General Grocery,2.2839116719242902,2.3548387096774195,724,376,Medium Moving,0.060266688177067984,0.8534021183063071,0.08633119351662523,0.8534021183063071,0.4869677473302215
2026-01-15,day,2788,Kist Guava Nectar 1L,Beverages,1.3673469387755102,1.625,134,48,Medium Moving,0.305336818228141,0.36109995678391077,0.33356322498794816,0.36109995678391077,0.4858867966200964
2026-01-15,day,2399,Atlas Single Ruled 1/2'',Stationery,2.1285714285714286,2.742857142857143,447,224,Medium Moving,0.12721823831232104,0.7171770693938418,0.15560469229383692,0.7171770693938418,0.48580677300924197
2026-01-15,day,2340,CBL Onion Biscuits 30g,Snacks & Confectionery,1.663716814159292,3.1,188,69,Medium Moving,0.2694034204781878,0.43049862087378976,0.30009795864802247,0.43049862087378976,0.4846527309150827
2026-01-15,day,1175,Veet Normal Skin 25g,General Grocery,0.39622641509433965,3.0,21,8,Medium Moving,0.0,0.9672322184551492,0.03276778154485095,0.9672322184551492,0.4836161092275746
2026-01-15,day,1527,E/H Ice Cream (Chocolate) 500ml,Personal Care,1.845132743362832,2.097560975609756,417,246,Medium Moving,0.12310451849637652,0.7160273607269654,0.16086812077665796,0.7160273607269654,0.4811181988598592
2026-01-15,day,2513,Pears Baby Soap (Venivel) 95g,Baby & Kids,2.546808510638298,2.82,1197,700,Medium Moving,0.20307524645404726,0.554859611507709,0.24206514203824364,0.554859611507709,0.48050505220790174
2026-01-15,day,1585,Lipton Ceylonta Tea-Bags 50,Beverages,1.5277777777777777,1.2222222222222223,165,67,Slow Moving,0.42428280449223293,0.11113012804340566,0.46458706746436135,0.46458706746436135,0.4798478685139358
2026-01-15,day,2403,Nestomalt Tin 400g,General Grocery,0.7413793103448276,1.5,43,20,Medium Moving,0.2791106057833747,0.40121332085285544,0.3196760733637697,0.40121332085285544,0.47971726620980243
2026-01-15,day,3078,Velvet Milk & Almond 70g,Dairy & Chilled,2.230769230769231,2.3529411764705883,464,228,Medium Moving,0.26082843391021376,0.4348224995206617,0.30434906656912447,0.4348224995206617,0.4782396836705446
2026-01-15,day,1275,Sunlight ( Lime & Orange) 115g,Cleaning & Household,3.288,2.816326530612245,1644,935,Medium Moving,0.03752302717634322,0.8793069554146161,0.08317001740904059,0.8793069554146161,0.47717650488365126
2026-01-15,day,2915,SanRemo Spaghetti,General Grocery,0.4583333333333333,2.0,22,14,Medium Moving,0.0,0.9520420783726502,0.04795792162734987,0.9520420783726502,0.4760210391863251
2026-01-15,day,3256,Gram Flour 200g,Staples & Dry Groceries,2.6222222222222222,3.0,236,50,Slow Moving,0.39557403745339276,0.15745479584952685,0.4469711666970804,0.4469711666970804,0.47430143537815617
2026-01-15,day,2966,Sprite 2L,Beverages,1.7857142857142858,1.5,200,73,Medium Moving,0.2606529999254442,0.4259370044326467,0.3134099956419092,0.4259370044326467,0.47362150214176757
2026-01-15,day,1650,Motha Faluda Mix 100g,Beverages,1.5490196078431373,2.7142857142857144,158,62,Medium Moving,0.0013397459838269765,0.9414834913518435,0.05717676266432952,0.9414834913518435,0.4720814916597487
2026-01-15,day,2700,Kist Mixed Fruit Juice 1L,Beverages,4.0549019607843135,3.0526315789473686,1034,356,Slow Moving,0.4188689205594668,0.10399289590990593,0.4771381835306273,0.4771381835306273,0.47086536851441974
2026-01-15,day,1198,Eva Dritex Wings 1p,General Grocery,0.48,0.8571428571428571,24,12,Slow Moving,0.4706713008029893,0.0,0.5293286991970106,0.5293286991970106,0.4706713008029893
2026-01-15,day,2423,Enchanteur Talc Romantic 50g,General Grocery,0.6794871794871795,1.75,53,23,Medium Moving,0.17897297248393182,0.5801459864748615,0.2408810410412063,0.5801459864748615,0.4690459657213626
2026-01-15,day,1060,P.Baby Cologne (magic) 50ml,Baby & Kids,2.036697247706422,2.0,666,372,Medium Moving,0.1677228056349571,0.6022164757476666,0.23006071861737645,0.6022164757476666,0.46883104350879035
2026-01-15,day,2301,Atlas CR Book Single Ruled (160p),Stationery,0.9830508474576272,2.5555555555555554,58,23,Medium Moving,0.2373958345865857,0.4615772184490037,0.3010269469644107,0.4615772184490037,0.46818444381108754
2026-01-15,day,1577,Laojee Tea 50g,Beverages,1.712962962962963,1.9375,185,62,Medium Moving,0.16212236856629433,0.6118027451199706,0.2260748863137352,0.6118027451199706,0.46802374112627965
2026-01-15,day,1874,Little Lion Wafers (Chocolate) 225g,Snacks & Confectionery,1.5089285714285714,1.8461538461538463,169,66,Medium Moving,0.1894685340817295,0.5562430319070071,0.25428843401126305,0.5562430319070071,0.467590050035233
2026-01-15,day,2567,Atlas Correction Bottle,Stationery,0.5806451612903226,2.0,36,19,Slow Moving,0.3648901271421015,0.20278228762602388,0.4323275852318748,0.4323275852318748,0.46628127095511346
2026-01-15,day,1968,Edinborough Mustard Cream350g,Cooking Essentials,2.3771929824561404,2.6363636363636362,271,70,Medium Moving,0.2739187614912054,0.37910648078111914,0.34697475772767555,0.37910648078111914,0.46347200188176496
2026-01-15,day,3247,Maggi Coconut Milk Powder 300g,Dairy & Chilled,3.2160493827160495,3.2857142857142856,521,127,Slow Moving,0.31810268601663627,0.2887015837140705,0.39319573026929333,0.39319573026929333,0.4624534778736715
2026-01-15,day,3128,Nestle Milo 15g,Beverages,1.8349514563106797,2.8,189,72,Medium Moving,0.19720021226138684,0.5297461151260654,0.27305367261254754,0.5297461151260654,0.46207326982441954
2026-01-15,day,1904,Rin Lemon-Rose 200g,Cleaning & Household,2.6371681415929205,3.022727272727273,1192,700,Medium Moving,0.10616048978910653,0.7103676901241073,0.1834718200867869,0.7103676901241073,0.46134433485116016
2026-01-15,day,2347,R.L Drinking Yoghurt 180ml (Classic),Dairy & Chilled,1.1176470588235294,2.0,114,57,Medium Moving,0.1257367605228027,0.6698444956218482,0.20441874385534908,0.6698444956218482,0.4606590083337268
2026-01-15,day,1802,CBL Super Cream Cracker 125g,Personal Care,1.0693069306930694,1.8,108,67,Slow Moving,0.3438533906851827,0.23258147140691834,0.4235651379078987,0.4235651379078987,0.4601441263886419
2026-01-15,day,2477,Revello Chocolate (Hazelnut) 170g,Snacks & Confectionery,1.3516483516483517,1.8571428571428572,123,52,Slow Moving,0.3093081282644606,0.29976328521729917,0.39092858651824036,0.39092858651824036,0.4591897708731102
2026-01-15,day,1439,Kotmale Cheese wedges 120g,Dairy & Chilled,0.8863636363636364,1.875,78,41,Slow Moving,0.31885652879786514,0.27874969617529033,0.4023937750268442,0.4023937750268442,0.4582313768855103
2026-01-15,day,1312,BIO Clean (Tile Cleaner) Floral,Cleaning & Household,0.8117647058823529,1.2222222222222223,69,37,Slow Moving,0.36601195743418286,0.18409948153352268,0.44988856103229435,0.44988856103229435,0.4580616982009442
2026-01-15,day,3225,aei Power pocket lemon 30days,General Grocery,0.7777777777777778,2.0,49,23,Slow Moving,0.29312860840324517,0.32932215537734966,0.3775492362194053,0.3775492362194053,0.45778968609192
2026-01-15,day,1834,Maliban Ginger Biscuit 80g,Cooking Essentials,2.6634615384615383,5.888888888888889,277,67,Slow Moving,0.45519465818781113,0.003959329369367884,0.5408460124428212,0.5408460124428212,0.4571743228724951
2026-01-15,day,2195,Freelan Chilli  Pieces 50g,Cooking Essentials,2.760330578512397,3.3333333333333335,334,83,Medium Moving,0.13657491454863704,0.6360443549254147,0.2273807305259485,0.6360443549254147,0.45459709201134435
2026-01-15,day,1870,Little Lion Choco Cookies 180g,General Grocery,2.3735632183908044,3.27027027027027,826,421,Medium Moving,0.231005057596938,0.4463665414534035,0.3226284009496579,0.4463665414534035,0.45418832832363976
2026-01-15,day,2732,Royal Cassava Chips 70g,Snacks & Confectionery,1.2840909090909092,2.2,113,49,Medium Moving,0.22354653424394236,0.4584553174648263,0.31799814829123135,0.4584553174648263,0.4527741929763555
2026-01-15,day,2977,Oie Zingo 400ml,General Grocery,0.7777777777777778,1.5,42,17,Medium Moving,0.0,0.9042377103789553,0.09576228962104484,0.9042377103789553,0.45211885518947764
2026-01-15,day,3060,Signal Triple Clean Adult Toothbrush,Personal Care,2.8074534161490683,3.6444444444444444,1356,793,Medium Moving,0.13023501919496835,0.6432683930141307,0.22649658779090068,0.6432683930141307,0.45186921570203376
2026-01-15,day,2573,Adhesive Tape 2'' (brown),General Grocery,0.7068965517241379,1.5,41,19,Medium Moving,0.0,0.9035036360677784,0.09649636393222158,0.9035036360677784,0.4517518180338892
2026-01-15,day,2689,CBL Wafer Stix 20g,Snacks & Confectionery,1.5242718446601942,2.0,157,60,Medium Moving,0.14154305723080635,0.6181401570895716,0.24031678567962209,0.6181401570895716,0.45061313577559214
2026-01-15,day,3058,Signal Toothpaste 160g,Personal Care,2.2470238095238093,2.6666666666666665,755,436,Medium Moving,0.17411990903711455,0.5517370389334896,0.2741430520293959,0.5517370389334896,0.44998842850385934
2026-01-15,day,1501,Tiara Swiss Roll (Chocolate)200g,Snacks & Confectionery,1.4069767441860466,1.875,121,45,Slow Moving,0.30114883963455097,0.29395397321414146,0.40489718715130757,0.40489718715130757,0.44812582624162167
2026-01-15,day,1602,Godrej Hair Colour Shampoo 10ml,Personal Care,1.9646017699115044,2.129032258064516,666,380,Medium Moving,0.15438597885443092,0.5872129483798006,0.25840107276576824,0.5872129483798006,0.4479924530443312
2026-01-15,day,1173,Lifebuoy Bodywash (Charcoal)100ml,General Grocery,0.5522388059701493,2.0,37,19,Medium Moving,0.000873141064122378,0.8938216221070586,0.1053052368288191,0.8938216221070586,0.4477839521176517
2026-01-15,day,1404,Kellogg's Chocos 110g,General Grocery,0.45714285714285713,0.75,32,19,Medium Moving,0.0,0.8951845973531957,0.10481540264680472,0.8951845973531957,0.44759229867659783
2026-01-15,day,2570,Atlas White Board Marker,Stationery,1.9203980099502487,2.6,386,195,Medium Moving,0.14381795446306325,0.6057620238764136,0.2504200216605226,0.6057620238764136,0.44669896640127005
2026-01-15,day,2784,Kist Aloevera Drink 500ml,Beverages,3.0948275862068964,3.260869565217391,718,264,Medium Moving,0.14602210867213022,0.6006065808368678,0.2533713104910018,0.6006065808368678,0.4463253990905641
2026-01-15,day,2015,Fortune Vegetable Oil 500ml,Cooking Essentials,3.0,3.0,306,66,Medium Moving,0.23938675648766447,0.41341253890577384,0.34720070460656205,0.41341253890577384,0.4460930259405514
2026-01-15,day,3192,Daily Faluda Flavoured Milk 1L,Dairy & Chilled,1.937759336099585,2.260869565217391,467,244,Medium Moving,0.18298389125814468,0.5251547026919791,0.29186140604987615,0.5251547026919791,0.4455612426041342
2026-01-15,day,1969,Edinborough Mustard Cream695g,Cooking Essentials,2.8468468468468466,2.888888888888889,316,76,Slow Moving,0.3031214568024472,0.2839172402033813,0.41296130299417133,0.41296130299417133,0.44508007690413787
2026-01-15,day,2636,Maliban Wafers Lemon Cream 90g,Personal Care,2.097560975609756,2.4166666666666665,688,400,Medium Moving,0.10557162780978781,0.6788741534631291,0.21555421872708316,0.6788741534631291,0.44500870454135233
2026-01-15,day,3043,Sunlight 2Bar,Cleaning & Household,3.274161735700197,3.3333333333333335,1660,960,Medium Moving,0.15999271216907393,0.5692063863352199,0.2708009014957062,0.5692063863352199,0.4445959053366839
2026-01-15,day,2956,Little Lion Fruit Cake 320g,Snacks & Confectionery,1.6444444444444444,2.4285714285714284,148,54,Medium Moving,0.15994501549604773,0.5688654830678016,0.2711895014361508,0.5688654830678016,0.44437775702994853
2026-01-15,day,2315,Cool Blue Natural Spray 23ml,General Grocery,0.5166666666666667,1.5,31,16,Medium Moving,0.0,0.8874582200670957,0.11254177993290414,0.8874582200670957,0.44372911003354787
2026-01-15,day,2292,Atlas Single Ruled Book 120page,Stationery,1.8601036269430051,2.6216216216216215,359,189,Medium Moving,0.038034313036480034,0.8108672342441697,0.1510984527193499,0.8108672342441697,0.4434679301585649
2026-01-15,day,1373,Ninja Mosquito Control Liquid 30Nights 35ml,General Grocery,0.5178571428571429,2.25,29,15,Medium Moving,0.0,0.8866348117169015,0.11336518828309874,0.8866348117169015,0.44331740585845075
2026-01-15,day,1660,Motha Jelly (Strawberry) 100g,Snacks & Confectionery,1.4054054054054055,2.2222222222222223,156,60,Medium Moving,0.12108695239007948,0.6405679976345128,0.23834504997540723,0.6405679976345128,0.4413709512073359
2026-01-15,day,2614,Pelwatte Milk Powder 1kg,Dairy & Chilled,1.29,1.25,129,67,Slow Moving,0.382438962485892,0.11666886158159402,0.5008921759325141,0.5008921759325141,0.440773393276689
2026-01-15,day,1276,Sunlight  (Care) 115g,Cleaning & Household,2.019543973941368,2.7142857142857144,620,363,Medium Moving,0.10884481627887428,0.6625240163378701,0.22863116738325523,0.6625240163378701,0.4401068244478093
2026-01-15,day,2906,Kotmale Butter 125g,Dairy & Chilled,2.2195121951219514,1.9411764705882353,455,228,Medium Moving,0.15782787345756558,0.5643139644205575,0.27785816212187725,0.5643139644205575,0.4399848556678443
2026-01-15,day,2962,Elephant House Soda 1l,General Grocery,0.703125,1.25,45,18,Medium Moving,0.20664709341822568,0.46453586705828215,0.32881703952349256,0.46453586705828215,0.4389150269473667
2026-01-15,day,2961,CocaCola Zero 1050ml,General Grocery,2.3492063492063493,2.361111111111111,740,366,Medium Moving,0.06794267098801314,0.7406793892678022,0.1913779397441845,0.7406793892678022,0.43828236562191425
2026-01-15,day,1664,Motha Jelly (Strawberry) 500g,Snacks & Confectionery,1.9438202247191012,2.0,173,53,Medium Moving,0.16685517826846905,0.5428330576238377,0.2903117641076932,0.5428330576238377,0.4382717070803879
2026-01-15,day,3200,Pears Kokum Baby Soap 2 Pack,Baby & Kids,2.009677419354839,2.057142857142857,623,373,Medium Moving,0.018024212000748652,0.8374867442793131,0.14448904371993823,0.8374867442793131,0.43676758414040523
2026-01-15,day,3218,Lactogrow 3/ 1-3 years children,General Grocery,0.3384615384615385,1.0,22,11,Medium Moving,0.0,0.8725908558955978,0.12740914410440235,0.8725908558955978,0.4362954279477989
2026-01-15,day,2782,Cinthol Lime Soap 100g,Personal Care,2.103343465045593,2.4324324324324325,692,408,Medium Moving,0.06580069753823083,0.7408179077580348,0.19338139470373406,0.7408179077580348,0.4362096514172482
2026-01-15,day,2810,Soya 90g,Cooking Essentials,2.241758241758242,2.0,204,48,Medium Moving,0.1839177352330078,0.5028060231614017,0.31327624160559087,0.5028060231614017,0.43532074681370864
2026-01-15,day,1418,Highland Fresh Milk 900ml,Dairy & Chilled,2.443502824858757,3.0,865,448,Slow Moving,0.25581525714544456,0.3585085364004337,0.38567620645412237,0.38567620645412237,0.4350695253456614
2026-01-15,day,2960,Fanta Orange  Flavoured 250ml,Beverages,1.6145833333333333,2.3636363636363638,155,60,Medium Moving,0.19408139997074367,0.48039351975468875,0.32552508027456767,0.48039351975468875,0.43427815984808804
2026-01-15,day,2131,Prima Chakki Atta Flour 1kg,Staples & Dry Groceries,1.9174311926605505,2.0,209,53,Slow Moving,0.35852312829241484,0.1512338546072786,0.49024301710030627,0.49024301710030627,0.4341400555960541
2026-01-15,day,1978,Edinborough B.B.Q Sauce350ml,General Grocery,2.2252559726962455,1.9615384615384615,652,329,Slow Moving,0.2906545784374909,0.28660407226460993,0.42274134929789964,0.42274134929789964,0.43395661456979584
2026-01-15,day,2816,CBL Cheese Buttons 170g,Dairy & Chilled,1.0,1.5,80,37,Medium Moving,0.0011659244552491993,0.8654464767524424,0.13338759879230852,0.8654464767524424,0.4338891628314704
2026-01-15,day,1514,E/H 2 Bar,General Grocery,0.5352112676056338,1.5714285714285714,38,21,Medium Moving,0.24359830340442473,0.38050532245126484,0.3758963741443103,0.38050532245126484,0.4338509646300571
2026-01-15,day,2528,Ambewela Fresh Milk (Chocolate) 1L,Dairy & Chilled,2.439775910364146,2.6511627906976742,871,476,Medium Moving,0.20948365897370091,0.44675438673106593,0.34376195429523343,0.44675438673106593,0.4328608523392339
2026-01-15,day,2260,Kizz Apple Drink 215ml,Beverages,1.4807692307692308,1.8571428571428572,154,57,Medium Moving,0.04874439406899345,0.7681709822708507,0.18308462366015585,0.7681709822708507,0.4328298852044188
2026-01-15,day,1626,Ritzbury Milk Chocolate 45g,Dairy & Chilled,3.042821158690176,2.5757575757575757,1208,617,Medium Moving,0.10075276917893984,0.6638100019765948,0.23543722884446563,0.6638100019765948,0.4326577701672372
2026-01-15,day,2175,Wijaya Pepper Powder 100g,Cooking Essentials,2.7168141592920354,2.7777777777777777,307,72,Medium Moving,0.2375262362721508,0.38974605091573444,0.37272771281211525,0.38974605091573444,0.432399261730018
2026-01-15,day,1634,Ritzbury  Choco-Mo 100g,General Grocery,0.6056338028169014,1.1666666666666667,43,21,Medium Moving,0.0,0.8646359239355222,0.13536407606447776,0.8646359239355222,0.4323179619677611
2026-01-15,day,2324,Kist Mixed Fruit Nectar 500ml,Beverages,1.6868686868686869,2.5714285714285716,167,60,Medium Moving,0.11761160597405303,0.6288008174906906,0.25358757653525643,0.6288008174906906,0.4320120147193983
2026-01-15,day,1814,SCAN Jumbo Peanut (Chilli)15g,Cooking Essentials,2.1415929203539825,2.5714285714285716,242,70,Medium Moving,0.14889515512655455,0.5641774543912254,0.28692739048221994,0.5641774543912254,0.4309838823221672
2026-01-15,day,1453,Bonlac (Non-fat) 400g,General Grocery,0.5692307692307692,1.5,37,20,Medium Moving,0.13576984962672434,0.5897622125921435,0.27446793778113204,0.5897622125921435,0.43065095592279606
2026-01-15,day,1069,P.Baby Cream (Bedtime) 100ml,Baby & Kids,2.0276073619631902,2.1875,661,376,Medium Moving,0.14966629768989997,0.5616400779766414,0.2886936243334585,0.5616400779766414,0.43048633667822067
2026-01-15,day,2352,Dunhill Switch 1s,General Grocery,0.7068965517241379,2.5,41,22,Slow Moving,0.270368269905361,0.31962098634949776,0.410010743745141,0.410010743745141,0.4301787630801099
2026-01-15,day,2781,Kist Apple Juice 200ml,Beverages,1.3970588235294117,1.3,95,30,Medium Moving,0.06437820884651199,0.7313013124489053,0.20432047870458248,0.7313013124489053,0.4300288650709646
2026-01-15,day,2022,Harischandra Kurakkan Flour 400g,Staples & Dry Groceries,2.15,1.8,172,37,Medium Moving,0.0008737842055659605,0.8577322208153351,0.141393994979099,0.8577322208153351,0.4297398946132335
2026-01-15,day,2278,Araliya Premium Keeri Samba Rice 1kg,Staples & Dry Groceries,2.918181818181818,2.642857142857143,321,76,Medium Moving,0.1465271338701986,0.566230736300024,0.28724212982977776,0.566230736300024,0.4296425020202106
2026-01-15,day,1118,Silicone oil 50ml,Cooking Essentials,2.6666666666666665,3.3636363636363638,248,54,Slow Moving,0.40800827139126283,0.042991717590360225,0.549000011018377,0.549000011018377,0.42950413018644296
2026-01-15,day,3059,Signal Clove & Ginger Toothpaste 120g,Personal Care,1.9939577039274925,2.125,660,385,Medium Moving,0.06846607351440058,0.721515286125252,0.2100186403603472,0.721515286125252,0.42922371657702657
2026-01-15,day,2958,Little Lion Chocolate Cake,Snacks & Confectionery,1.6818181818181819,2.4444444444444446,148,54,Medium Moving,0.11209998955620924,0.6325550011017577,0.2553450093420331,0.6325550011017577,0.4283774901070881
2026-01-15,day,2723,Chocolate Coated Cookies 40g,Snacks & Confectionery,2.108108108108108,2.6363636363636362,234,81,Slow Moving,0.30677166514407256,0.24299626855776912,0.45023206629815865,0.45023206629815865,0.4282697994229571
2026-01-15,day,2193,Freelan Chilli  Powder 50g,Cooking Essentials,2.4235294117647057,3.0,206,51,Medium Moving,0.21063986390004152,0.4338143266096691,0.35554580949028936,0.4338143266096691,0.4275470272048761
2026-01-15,day,2133,A&S Red Rice Flour 900g,Staples & Dry Groceries,2.6,2.3333333333333335,325,79,Medium Moving,0.20135086076986095,0.4516092381808268,0.34703990104931237,0.4516092381808268,0.42715547986027436
2026-01-15,day,1115,Nerralu Hiar oil 100ml,Cooking Essentials,2.36734693877551,2.3333333333333335,232,51,Slow Moving,0.3959368600265019,0.05958526622514126,0.5444778737483567,0.5444778737483567,0.42572949313907255
2026-01-15,day,2927,Revello Dark Chocolate 50g,Snacks & Confectionery,1.488888888888889,2.125,134,53,Medium Moving,0.1802639402310176,0.49059542402376105,0.3291406357452212,0.49059542402376105,0.4255616522428981
2026-01-15,day,1548,Samaposha Red-Rice 200g,Staples & Dry Groceries,3.1538461538461537,1.25,369,82,Slow Moving,0.42183471242998294,0.006815829743102585,0.5713494578269144,0.5713494578269144,0.4252426273015342
2026-01-15,day,2341,CBL Cheese Buttons Biscuits 30g,Dairy & Chilled,1.4215686274509804,1.6923076923076923,145,72,Medium Moving,0.049363706121990404,0.7513383253405003,0.1992979685375094,0.7513383253405003,0.42503286879224056
2026-01-15,day,2014,Fortune Vegetable Oil 200ml,Cooking Essentials,2.869565217391304,3.4,264,55,Slow Moving,0.3444048655962666,0.16047443879193748,0.4951206956117958,0.4951206956117958,0.4246420849922353
2026-01-15,day,1120,Axe oil 3ml,Cooking Essentials,1.889908256880734,2.3846153846153846,206,54,Slow Moving,0.2887914177643969,0.27137788124451906,0.4398307009910842,0.4398307009910842,0.42448035838665643
2026-01-15,day,2746,Misumi Romansu Soap 90g,Personal Care,2.1223880597014926,2.4375,711,405,Medium Moving,0.14379636497528545,0.5597691056496574,0.2964345293750571,0.5597691056496574,0.4236809178001142
2026-01-15,day,1863,CBL Chocolate Puff 100g,Snacks & Confectionery,1.7547169811320755,1.375,186,67,Medium Moving,0.17392404112082122,0.49835904729348196,0.3277169115856968,0.49835904729348196,0.42310356476756217
2026-01-15,day,1566,Watawala Tea 400g,Beverages,3.132947976878613,3.090909090909091,1084,416,Medium Moving,0.20890298564664095,0.42753478345873674,0.36356223089462253,0.42753478345873674,0.4226703773760093
2026-01-15,day,1885,Champion Hand Wash (DelumRed)250ml,Cleaning & Household,0.7380952380952381,0.8,62,35,Slow Moving,0.39897470823379955,0.04737732490415618,0.5536479668620442,0.5536479668620442,0.4226633706858776
2026-01-15,day,1077,P. Baby Soap (Babytime) 100g,Baby & Kids,1.9864406779661017,2.066666666666667,586,353,Medium Moving,0.014758280617927695,0.8151925499591033,0.17004916942296927,0.8151925499591033,0.42235455559747936
2026-01-15,day,2869,Bottled Drinking Water 500ml,Beverages,1.7023809523809523,2.5714285714285716,143,52,Medium Moving,0.0,0.8437000326252807,0.15629996737471918,0.8437000326252807,0.42185001631264035
2026-01-15,day,1031,Supirivicky mild 70g,General Grocery,0.49056603773584906,0.8333333333333334,26,10,Slow Moving,0.41931019796606006,0.003549359882980845,0.5771404421509589,0.5771404421509589,0.4210848779075505
2026-01-15,day,3243,San Remo Penne Spaghetti 250g,General Grocery,2.0935960591133007,2.5384615384615383,425,220,Medium Moving,0.08742428559025638,0.6672926924974105,0.24528302191233284,0.6672926924974105,0.42107063183896165
2026-01-15,day,1065,P.Baby Cream (Floral) 100ml,Baby & Kids,1.0125,2.0,81,42,Medium Moving,0.15968503170390025,0.52194246646765,0.3183725018284499,0.52194246646765,0.42065626493772523
2026-01-15,day,1076,P. Baby Bodywash 100ml,Baby & Kids,0.7912087912087912,1.5,72,43,Slow Moving,0.41842740263834494,0.004032415346365201,0.5775401820152897,0.5775401820152897,0.42044361031152755
2026-01-15,day,2716,Pelwatte Butter 200g,Dairy & Chilled,2.8045977011494254,2.0,732,382,Medium Moving,0.015568325881117057,0.8081631533979126,0.17626852072097027,0.8081631533979126,0.41964990258007334
2026-01-15,day,3208,Sunsilk Damage Restore Shampoo 80ml,Personal Care,2.096676737160121,2.176470588235294,694,396,Medium Moving,0.069823044814775,0.6980044849922541,0.2321724701929705,0.6980044849922541,0.4188252873109021
2026-01-15,day,1824,Maliban Spicy Crackers 170g,General Grocery,0.7945205479452054,1.75,58,35,Medium Moving,0.001150889171750949,0.8336914990095539,0.16515761181869543,0.8336914990095539,0.41799663867652787
2026-01-15,day,1052,Feeding Bottle 240ml(blue),General Grocery,0.5625,1.75,36,15,Medium Moving,0.0,0.8344219399622643,0.16557806003773556,0.8344219399622643,0.41721096998113216
2026-01-15,day,3145,Chandanalepa Kohomba Ayurveda Soap 75g,Personal Care,1.9666666666666666,2.235294117647059,472,278,Medium Moving,0.04765857925169818,0.738201704848845,0.21413971589945668,0.738201704848845,0.4167594316761207
2026-01-15,day,1186,Baby Diaper (Softlove) 5pcs / S,Baby & Kids,1.867595818815331,2.3125,536,333,Medium Moving,0.19802737420553024,0.43513294190590757,0.3668396838885619,0.43513294190590757,0.415593845158484
2026-01-15,day,1078,P. Baby Soap (Aloe/Neem) 100g,Baby & Kids,2.0787878787878786,2.193548387096774,686,395,Medium Moving,0.15691400519933518,0.517122314432717,0.3259636803679478,0.517122314432717,0.41547516241569366
2026-01-15,day,2397,Atlas Square Ruled 1/2'',Stationery,1.7611940298507462,2.764705882352941,354,195,Medium Moving,0.2068185049176426,0.41469344302069966,0.37848805206165764,0.41469344302069966,0.4141652264279924
2026-01-15,day,2649,Ayush Saffron Face Cream 50g,Personal Care,0.8045977011494253,1.0,70,44,Medium Moving,0.00031926716945454087,0.8229731358923318,0.17670759693821336,0.8229731358923318,0.4118058351156204
2026-01-15,day,2541,Rancrips Potato Chips(Lightly sea salted),Snacks & Confectionery,1.7717391304347827,2.4,163,57,Medium Moving,0.1870021881402991,0.4489224971204263,0.36407531473927446,0.4489224971204263,0.4114634367005122
2026-01-15,day,1497,Tiara Layer Cake (Vanilla)310g,Snacks & Confectionery,1.7982456140350878,2.8181818181818183,205,62,Medium Moving,0.1855395232203167,0.4515203332476829,0.3629401435320006,0.4515203332476829,0.41129968984415816
2026-01-15,day,1902,Surf Excel Matic (Liquid)1.02L,General Grocery,0.9482758620689655,1.2,55,26,Medium Moving,0.0008813246321253291,0.8186884698606379,0.1804302055072374,0.8186884698606379,0.4102255595624443
2026-01-15,day,1638,4GB Choxy (Cereal-bar)20g,Staples & Dry Groceries,2.011764705882353,1.8571428571428572,171,43,Medium Moving,0.13669552538215285,0.5463432408521067,0.3169612337657405,0.5463432408521067,0.4098671458082062
2026-01-15,day,2474,Revello Chocolate (Cashew) 50g,Snacks & Confectionery,1.6185567010309279,2.230769230769231,157,52,Medium Moving,0.07842639097618839,0.6626460947371076,0.25892751428670424,0.6626460947371076,0.4097494383447422
2026-01-15,day,3215,Rin Refresh 500g,Cleaning & Household,0.8426966292134831,1.375,75,39,Medium Moving,0.0,0.8192867461146438,0.18071325388535614,0.8192867461146438,0.4096433730573219
2026-01-15,day,2542,Rancrips Cassava Chips (Original)100g,Snacks & Confectionery,1.3452380952380953,2.111111111111111,113,48,Medium Moving,0.0006384139425051965,0.8150969681586634,0.18426461789883122,0.8150969681586634,0.4081868980218369
2026-01-15,day,1842,CBL Chocolate Cream 100g,Personal Care,1.054945054945055,1.2142857142857142,96,51,Medium Moving,0.15495652851464395,0.5060793585771161,0.33896411290824036,0.5060793585771161,0.407996207803202
2026-01-15,day,2988,RichLife Mixed berry Drinking Yoghurt 180ml,Dairy & Chilled,2.0049751243781095,2.3333333333333335,403,206,Medium Moving,0.09547830430915823,0.6241623904638668,0.280359305226975,0.6241623904638668,0.4075594995410916
2026-01-15,day,1102,Baby Milk Soap 75g,Baby & Kids,1.9580838323353293,1.9473684210526316,654,383,Medium Moving,0.016409580434334273,0.782033562712916,0.20155685685274916,0.782033562712916,0.4074263617907923
2026-01-15,day,1443,Rich Life Set Yoghurt 500g,Dairy & Chilled,1.0227272727272727,2.0,90,45,Slow Moving,0.2984760060944562,0.21715375145711827,0.4843702424484253,0.4843702424484253,0.4070528818230153
2026-01-15,day,1491,Cerelac Red Rice 250g,Staples & Dry Groceries,3.7024793388429753,1.2857142857142858,448,94,Slow Moving,0.34512730126489766,0.12244695342733214,0.5324257453077701,0.5324257453077701,0.4063507779785637
2026-01-15,day,2479,Ritzbury Chocolate (Crispy) 45g,Snacks & Confectionery,1.7156862745098038,2.5,175,63,Medium Moving,0.19419456508058583,0.42379719948525185,0.38200823543416246,0.42379719948525185,0.4060931648232118
2026-01-15,day,1571,Zesta Tea Bags25(BOPF),Beverages,1.6574074074074074,2.5,179,66,Medium Moving,0.10272513088456645,0.6023947338985113,0.2948801352169221,0.6023947338985113,0.40392249783382206
2026-01-15,day,2691,Maliban milk Powder 60g,Dairy & Chilled,2.2522522522522523,1.85,500,250,Medium Moving,0.00411449125019815,0.7988303742197718,0.19705513453002993,0.7988303742197718,0.403529678360084
2026-01-15,day,2522,Denta Comfort (Medium),General Grocery,0.7457627118644068,2.0,44,23,Medium Moving,0.0008330611203347388,0.8041651060857868,0.1950018327938786,0.8041651060857868,0.4029156141632282
2026-01-15,day,2109,Kandos Milk Extra Creamy 100g,Dairy & Chilled,1.0338983050847457,2.0,122,71,Medium Moving,0.15033306924740625,0.5039087017068627,0.3457582290457312,0.5039087017068627,0.4022874201008376
2026-01-15,day,3061,Signal Clove & Ginger Toothpaste 40g,Personal Care,1.0934579439252337,1.5,117,67,Slow Moving,0.34167187559439227,0.12046211604982873,0.537866008355779,0.537866008355779,0.4019029336193066
2026-01-15,day,2942,Tomato Puree 600g,General Grocery,0.42592592592592593,2.0,23,13,Medium Moving,0.0,0.8028971252253458,0.19710287477465402,0.8028971252253458,0.4014485626126729
2026-01-15,day,2914,Sameera Biscuit powder,Snacks & Confectionery,1.4820143884892085,2.2666666666666666,206,86,Medium Moving,0.1510016583887259,0.49952633119754397,0.34947201041372966,0.49952633119754397,0.4007648239874979
2026-01-15,day,2396,DCL Instant Yeast 11g,General Grocery,0.782608695652174,2.5,54,29,Medium Moving,0.0,0.8003085205415041,0.19969147945849589,0.8003085205415041,0.40015426027075207
2026-01-15,day,2484,Ritzbury Pebbles (Party Time) 180g,General Grocery,0.8382352941176471,0.8571428571428571,57,24,Slow Moving,0.39760976404981857,0.004696321157239321,0.5976939147929422,0.5976939147929422,0.3999579246284382
2026-01-15,day,2476,Revello Chocolate (Milk) 170g,Dairy & Chilled,1.2710280373831775,1.6666666666666667,136,80,Medium Moving,4.2636394963068534e-05,0.7987767739158362,0.20118058968920072,0.7987767739158362,0.39943102335288116
