product_id,product_name,category,average_unit_price,overall_quantity,overall_transactions,overall_revenue,overall_profit,first_sale_date,last_sale_date,overall_active_days,overall_daily_quantity_rate,overall_transaction_rate,overall_active_day_rate,overall_profit_margin
1000,signal strong teeth 40g,General Grocery,56.0,21,13,1176.0,107.1,2024-06-28,2025-10-05,13,0.028727770177838577,0.017783857729138167,0.017783857729138167,0.09107142857142857
1001,Pears Baby Soap (Active)100g,Baby & Kids,67.0,87,46,5829.0,609.0,2024-01-12,2025-12-09,45,0.11901504787961696,0.06292749658002736,0.06155950752393981,0.1044776119402985
1002,Signal Strong Teeth 70g,General Grocery,93.0,36,18,3348.0,435.59999999999997,2024-01-02,2025-11-30,18,0.049247606019151846,0.024623803009575923,0.024623803009575923,0.13010752688172042
1003,Signal Strong Teeth 120g,General Grocery,124.0,26,16,3224.0,234.0,2024-01-08,2025-11-20,16,0.03556771545827633,0.02188782489740082,0.02188782489740082,0.07258064516129033
1004,Signal Strong Teeth (value pack),General Grocery,165.0,30,16,4950.0,450.0,2024-03-11,2025-12-17,16,0.04103967168262654,0.02188782489740082,0.02188782489740082,0.09090909090909091
1005,Signal Herbal 40g,General Grocery,54.0,22,13,1188.0,108.02000000000001,2024-02-17,2025-12-26,12,0.030095759233926128,0.017783857729138167,0.016415868673050615,0.09092592592592594
1006,Signal Herbal 70g,General Grocery,89.0,45,23,4005.0,315.0,2024-01-01,2025-12-29,23,0.06155950752393981,0.03146374829001368,0.03146374829001368,0.07865168539325842
1007,Signal Herbal 160g,General Grocery,145.0,23,14,3335.0,299.0,2024-02-01,2025-12-29,14,0.03146374829001368,0.019151846785225718,0.019151846785225718,0.0896551724137931
1008,Signal 123 40g,General Grocery,65.0,30,16,1950.0,150.0,2024-03-01,2025-12-21,16,0.04103967168262654,0.02188782489740082,0.02188782489740082,0.07692307692307693
1009,Signal 123 70g,General Grocery,100.0,33,22,3300.0,330.0,2024-01-18,2025-12-29,21,0.04514363885088919,0.030095759233926128,0.028727770177838577,0.1
1010,Signal 123 120g,General Grocery,150.0,17,8,2550.0,255.0,2024-02-27,2025-12-13,8,0.023255813953488372,0.01094391244870041,0.01094391244870041,0.1
1011,Closeup Red 30g,General Grocery,55.0,36,22,1980.0,180.0,2024-03-21,2025-12-29,20,0.049247606019151846,0.030095759233926128,0.027359781121751026,0.09090909090909091
1012,Closeup Red 120g,General Grocery,165.0,29,15,4785.0,377.0,2024-01-05,2025-11-09,14,0.03967168262653899,0.02051983584131327,0.019151846785225718,0.07878787878787878
1013,Closeup Blue 30g,General Grocery,55.0,30,16,1650.0,150.0,2024-01-08,2025-09-29,16,0.04103967168262654,0.02188782489740082,0.02188782489740082,0.09090909090909091
1014,Closeup Blue 120g,General Grocery,170.0,27,12,4590.0,417.15000000000003,2024-04-21,2025-12-08,12,0.036935704514363885,0.016415868673050615,0.016415868673050615,0.09088235294117648
1015,Closeup Black 120g,General Grocery,165.0,36,19,5940.0,468.0,2024-01-04,2025-12-18,19,0.049247606019151846,0.025991792065663474,0.025991792065663474,0.07878787878787878
1017,Clogard 70g,General Grocery,200.0,23,15,4600.0,460.0,2024-01-18,2025-11-30,15,0.03146374829001368,0.02051983584131327,0.02051983584131327,0.1
1018,Clogard 120g,General Grocery,240.0,24,12,5760.0,240.0,2024-01-24,2025-11-30,12,0.03283173734610123,0.016415868673050615,0.016415868673050615,0.041666666666666664
1019,Clogard 160g,General Grocery,145.0,36,16,5220.0,612.0,2024-01-02,2025-12-28,16,0.049247606019151846,0.02188782489740082,0.02188782489740082,0.11724137931034483
1020,Clogard (natural salt)70g,Staples & Dry Groceries,87.0,162,37,14094.0,1134.0,2024-01-22,2025-12-28,37,0.2216142270861833,0.0506155950752394,0.0506155950752394,0.08045977011494253
1021,Clogard (natural salt) 120g,Staples & Dry Groceries,124.0,241,55,29884.0,3374.0,2024-01-04,2025-12-18,52,0.32968536251709984,0.07523939808481532,0.07113543091655267,0.11290322580645161
1023,Sensodyne 40g,General Grocery,210.0,31,17,6510.0,310.0,2024-01-09,2025-12-08,17,0.04240766073871409,0.023255813953488372,0.023255813953488372,0.047619047619047616
1024,Sensodyne75g,General Grocery,390.0,24,12,9360.0,850.8,2024-04-27,2025-12-09,12,0.03283173734610123,0.016415868673050615,0.016415868673050615,0.09089743589743589
1025,ayush whitening 40g,General Grocery,65.0,32,16,2080.0,160.0,2024-01-01,2025-10-02,16,0.04377564979480164,0.02188782489740082,0.02188782489740082,0.07692307692307693
1026,ayush anti cavity 40g,General Grocery,65.0,35,16,2275.0,175.0,2024-01-27,2025-12-29,16,0.047879616963064295,0.02188782489740082,0.02188782489740082,0.07692307692307693
1027,ayush anti cavity 70g,General Grocery,105.0,27,11,2835.0,378.0,2024-01-03,2025-10-15,10,0.036935704514363885,0.015047879616963064,0.013679890560875513,0.13333333333333333
1028,Clogard Chooty 40g,General Grocery,110.0,30,13,3300.0,300.0,2024-01-08,2025-12-07,13,0.04103967168262654,0.017783857729138167,0.017783857729138167,0.09090909090909091
1029,Kekulu 40g,General Grocery,100.0,19,12,1900.0,171.0,2024-01-31,2025-04-07,12,0.025991792065663474,0.016415868673050615,0.016415868673050615,0.09
1030,Supirivicky 40g,General Grocery,55.0,36,18,1980.0,180.0,2024-01-08,2025-11-24,18,0.049247606019151846,0.024623803009575923,0.024623803009575923,0.09090909090909091
1031,Supirivicky mild 70g,General Grocery,90.0,26,10,2340.0,234.0,2024-01-06,2025-12-29,10,0.03556771545827633,0.013679890560875513,0.013679890560875513,0.1
1032,Supirivicky mild 110g,General Grocery,120.0,39,18,4680.0,468.0,2024-01-09,2025-12-20,18,0.0533515731874145,0.024623803009575923,0.024623803009575923,0.1
1033,Sudantha 45g,General Grocery,70.0,26,11,1820.0,156.0,2024-02-12,2025-11-15,10,0.03556771545827633,0.015047879616963064,0.013679890560875513,0.08571428571428572
1034,Sudantha 80g,General Grocery,100.0,35,23,3500.0,315.0,2024-01-23,2025-12-29,23,0.047879616963064295,0.03146374829001368,0.03146374829001368,0.09
1035,Baby Cheramy Cottonbuds,Baby & Kids,100.0,51,32,5100.0,408.0,2024-01-10,2025-12-30,31,0.06976744186046512,0.04377564979480164,0.04240766073871409,0.08
1036,Baby Cheramy Baby Talc 100g,Baby & Kids,105.0,40,24,4200.0,520.0,2024-02-02,2025-12-25,23,0.05471956224350205,0.03283173734610123,0.03146374829001368,0.12380952380952381
1037,Baby Cheramy Baby Cream 100ml,Baby & Kids,370.0,57,37,21090.0,2530.7999999999997,2024-01-03,2025-12-31,36,0.07797537619699042,0.0506155950752394,0.049247606019151846,0.11999999999999998
1038,Baby Cheramy Floral Cream 100ml,Baby & Kids,380.0,61,38,23180.0,610.0,2024-01-08,2025-12-28,38,0.08344733242134063,0.05198358413132695,0.05198358413132695,0.02631578947368421
1039,Baby Cheramy Herbal Cream 100ml,Baby & Kids,155.0,79,45,12245.0,1185.0,2024-01-03,2025-12-30,45,0.10807113543091655,0.06155950752393981,0.06155950752393981,0.0967741935483871
1040,Baby Cheramy Baby Cream 50ml,Baby & Kids,185.0,39,26,7215.0,865.8,2024-01-12,2025-12-29,25,0.0533515731874145,0.03556771545827633,0.03419972640218878,0.12
1041,Baby Cheramy Floral Cream50ml,Baby & Kids,185.0,47,28,8695.0,1043.3999999999999,2024-01-06,2025-12-26,27,0.06429548563611491,0.038303693570451436,0.036935704514363885,0.11999999999999998
1042,Baby Cheramy Herbal Cream 50ml,Baby & Kids,90.0,65,32,5850.0,520.0,2024-01-22,2025-12-24,30,0.08891928864569083,0.04377564979480164,0.04103967168262654,0.08888888888888889
1043,Baby Cheramy Oil 100ml,Baby & Kids,470.0,1535,345,721450.0,76750.0,2024-01-03,2025-12-29,286,2.0998632010943914,0.4719562243502052,0.3912448700410397,0.10638297872340426
1044,Baby Cheramy Oil 50ml,Baby & Kids,260.0,114,27,29640.0,3556.7999999999997,2024-01-02,2025-12-30,26,0.15595075239398085,0.036935704514363885,0.03556771545827633,0.12
1045,Baby Cheramy Cologne 50ml,Baby & Kids,165.0,50,34,8250.0,1031.0,2024-03-20,2025-11-27,34,0.06839945280437756,0.046511627906976744,0.046511627906976744,0.12496969696969697
1046,Silicon Teat (s),General Grocery,100.0,19,11,1900.0,152.0,2024-12-06,2025-12-10,11,0.025991792065663474,0.015047879616963064,0.015047879616963064,0.08
1047,Silicon Teat (s) new,General Grocery,120.0,17,9,2040.0,204.0,2024-01-25,2025-12-27,9,0.023255813953488372,0.012311901504787962,0.012311901504787962,0.1
1048,Silicon Teat (M),General Grocery,100.0,28,14,2800.0,224.0,2024-02-02,2025-11-22,14,0.038303693570451436,0.019151846785225718,0.019151846785225718,0.08
1049,Lacto Calamine powder 70g,General Grocery,360.0,19,13,6840.0,760.0,2024-02-04,2025-11-29,13,0.025991792065663474,0.017783857729138167,0.017783857729138167,0.1111111111111111
1050,Lacto Calamine Lotion 100ml,Personal Care,370.0,56,31,20720.0,1680.0,2024-01-22,2025-12-28,31,0.07660738714090287,0.04240766073871409,0.04240766073871409,0.08108108108108109
1051,Lacto Cream 43g,Personal Care,170.0,50,28,8500.0,750.0,2024-01-27,2025-12-30,28,0.06839945280437756,0.038303693570451436,0.038303693570451436,0.08823529411764706
1052,Feeding Bottle 240ml(blue),General Grocery,330.0,36,15,11880.0,1080.0,2024-04-23,2025-11-25,14,0.049247606019151846,0.02051983584131327,0.019151846785225718,0.09090909090909091
1054,Feeding Bottle 240ml (Blue),General Grocery,315.0,38,17,11970.0,950.0,2024-02-27,2025-12-25,16,0.05198358413132695,0.023255813953488372,0.02188782489740082,0.07936507936507936
1055,Feeding Bottle 240ml (Rose),General Grocery,315.0,21,12,6615.0,525.0,2024-01-08,2025-12-20,12,0.028727770177838577,0.016415868673050615,0.016415868673050615,0.07936507936507936
1058,Feeding Bottle 120ml (Blue),General Grocery,295.0,39,21,11505.0,585.0,2024-01-08,2025-11-12,20,0.0533515731874145,0.028727770177838577,0.027359781121751026,0.05084745762711865
1059,Feeding Bottle 120ml (Rose),General Grocery,295.0,29,18,8555.0,435.0,2024-01-03,2025-12-06,18,0.03967168262653899,0.024623803009575923,0.024623803009575923,0.05084745762711865
1060,P.Baby Cologne (magic) 50ml,Baby & Kids,170.0,666,372,113220.0,9990.0,2024-01-03,2025-12-28,287,0.9110807113543091,0.5088919288645691,0.39261285909712723,0.08823529411764706
1061,P.Baby Cologne (magic) 100ml,Baby & Kids,300.0,64,38,19200.0,1280.0,2024-04-23,2025-12-28,38,0.08755129958960328,0.05198358413132695,0.05198358413132695,0.06666666666666667
1062,P.Baby Cologne (Active)50ml,Baby & Kids,170.0,46,25,7820.0,690.0,2024-01-07,2025-11-14,24,0.06292749658002736,0.03419972640218878,0.03283173734610123,0.08823529411764706
1063,P.Baby Cologne (Bedtime)100ml,Baby & Kids,300.0,76,49,22800.0,1520.0,2024-02-04,2025-12-23,47,0.1039671682626539,0.06703146374829001,0.06429548563611491,0.06666666666666667
1064,P.Baby Cream (Floral) 200ml,Baby & Kids,260.0,44,30,11440.0,1448.92,2024-01-25,2025-11-03,30,0.060191518467852256,0.04103967168262654,0.04103967168262654,0.12665384615384617
1065,P.Baby Cream (Floral) 100ml,Baby & Kids,165.0,81,42,13365.0,1215.0,2024-01-27,2025-12-19,39,0.11080711354309165,0.057455540355677154,0.0533515731874145,0.09090909090909091
1066,P.Baby Cream (Active) 200ml,Baby & Kids,250.0,56,34,14000.0,1400.0,2024-01-29,2025-12-28,34,0.07660738714090287,0.046511627906976744,0.046511627906976744,0.1
1067,P.Baby Cream (Active) 100ml,Baby & Kids,165.0,59,35,9735.0,885.0,2024-01-27,2025-12-28,34,0.08071135430916553,0.047879616963064295,0.046511627906976744,0.09090909090909091
1068,P.Baby Cream (Bedtime) 50ml,Baby & Kids,90.0,60,35,5400.0,480.0,2024-01-05,2025-12-26,35,0.08207934336525308,0.047879616963064295,0.047879616963064295,0.08888888888888889
1069,P.Baby Cream (Bedtime) 100ml,Baby & Kids,170.0,661,376,112370.0,19830.0,2024-01-02,2025-12-31,287,0.9042407660738714,0.5143638850889193,0.39261285909712723,0.17647058823529413
1070,P.Baby Talc 90g,Baby & Kids,100.0,43,30,4300.0,344.0,2024-01-17,2025-12-31,30,0.058823529411764705,0.04103967168262654,0.04103967168262654,0.08
1071,K. Baby Cologne (venivel) 50ml,Baby & Kids,170.0,34,23,5780.0,510.0,2024-02-28,2025-12-22,23,0.046511627906976744,0.03146374829001368,0.03146374829001368,0.08823529411764706
1072,K. Baby Cologne (herbal) 50ml,Baby & Kids,170.0,69,39,11730.0,1035.0,2024-01-01,2025-12-21,37,0.09439124487004104,0.0533515731874145,0.0506155950752394,0.08823529411764706
1073,Panda Baby Cologne 50ml,Baby & Kids,160.0,60,38,9600.0,600.0,2024-01-13,2025-12-09,37,0.08207934336525308,0.05198358413132695,0.0506155950752394,0.0625
1074,Panda Baby Cream 100ml,Baby & Kids,165.0,32,21,5280.0,480.0,2024-01-08,2025-11-29,21,0.04377564979480164,0.028727770177838577,0.028727770177838577,0.09090909090909091
1075,P. Baby Shampoo 100ml,Baby & Kids,125.0,100,47,12500.0,1000.0,2024-01-03,2025-12-31,44,0.13679890560875513,0.06429548563611491,0.060191518467852256,0.08
1076,P. Baby Bodywash 100ml,Baby & Kids,150.0,72,43,10800.0,1080.0,2024-01-23,2025-11-28,41,0.09849521203830369,0.058823529411764705,0.0560875512995896,0.1
1077,P. Baby Soap (Babytime) 100g,Baby & Kids,74.0,586,353,43364.0,3943.78,2024-01-01,2025-12-31,264,0.801641586867305,0.4829001367989056,0.36114911080711354,0.09094594594594595
1078,P. Baby Soap (Aloe/Neem) 100g,Baby & Kids,67.0,686,395,45962.0,4802.0,2024-01-01,2025-12-30,297,0.9384404924760602,0.5403556771545828,0.4062927496580027,0.1044776119402985
1079,P. Baby Soap (Herbal) 100g,Baby & Kids,74.0,686,387,50764.0,4616.780000000001,2024-01-03,2025-12-26,288,0.9384404924760602,0.5294117647058824,0.39398084815321477,0.09094594594594596
1080,P. Baby Soap (Active) 95g /4,Baby & Kids,265.0,90,57,23850.0,2169.0,2024-01-09,2025-12-26,54,0.12311901504787962,0.07797537619699042,0.07387140902872777,0.09094339622641509
1081,P. Baby Soap (Pure) 95g / 4,Baby & Kids,265.0,94,58,24910.0,1880.0,2024-01-28,2025-12-13,55,0.12859097127222982,0.07934336525307797,0.07523939808481532,0.07547169811320754
1082,C.Baby Soap (floral)100g,Baby & Kids,70.0,760,413,53200.0,5054.0,2024-01-01,2025-12-31,295,1.039671682626539,0.5649794801641587,0.40355677154582764,0.095
1083,C.Baby Soap (floral) 75g / 5,Baby & Kids,240.0,72,37,17280.0,1440.0,2024-01-03,2025-12-27,35,0.09849521203830369,0.0506155950752394,0.047879616963064295,0.08333333333333333
1084,C.Baby Soap (Almond) 100g,Baby & Kids,75.0,96,51,7200.0,683.52,2024-02-06,2025-12-23,51,0.13132694938440492,0.06976744186046512,0.06976744186046512,0.09493333333333333
1085,C.Baby Soap (Almond) 75g / 5,Baby & Kids,265.0,75,46,19875.0,3375.0,2024-01-31,2025-11-11,44,0.10259917920656635,0.06292749658002736,0.060191518467852256,0.16981132075471697
1086,C.Baby Soap (Pokuru wada) 100g / 4,Baby & Kids,240.0,73,41,17520.0,1460.0,2024-01-20,2025-12-20,40,0.09986320109439124,0.0560875512995896,0.05471956224350205,0.08333333333333333
1087,C.Baby Soap (Kohomba) 100g / 4,Baby & Kids,240.0,92,51,22080.0,1840.0,2024-01-05,2025-12-13,47,0.12585499316005472,0.06976744186046512,0.06429548563611491,0.08333333333333333
1088,C.Baby Soap (Pichcha) 125g,Baby & Kids,75.0,410,238,30750.0,2870.0,2024-01-01,2025-12-31,183,0.560875512995896,0.32558139534883723,0.2503419972640219,0.09333333333333334
1089,C.Baby Soap (Pokuruwada) 125g,Baby & Kids,80.0,80,46,6400.0,608.0,2024-01-03,2025-12-23,45,0.1094391244870041,0.06292749658002736,0.06155950752393981,0.095
1090,C.Baby Soap (Kohomba) 125g,Baby & Kids,75.0,91,48,6825.0,637.0,2024-01-14,2025-12-28,46,0.12448700410396717,0.06566347469220246,0.06292749658002736,0.09333333333333334
1091,K. Baby Soap (Avocado) 90g,Baby & Kids,67.0,654,368,43818.0,3270.0,2024-01-01,2025-12-30,290,0.8946648426812586,0.5034199726402189,0.3967168262653899,0.07462686567164178
1092,K. Baby Soap (Avocado) 5pcs,Baby & Kids,235.0,90,50,21150.0,1350.0,2024-01-07,2025-12-31,48,0.12311901504787962,0.06839945280437756,0.06566347469220246,0.06382978723404255
1093,K. Baby Soap (Venivel) 90g,Baby & Kids,67.0,79,46,5293.0,395.0,2024-01-20,2025-12-28,45,0.10807113543091655,0.06292749658002736,0.06155950752393981,0.07462686567164178
1094,K. Baby Soap (Venivel) 5pcs,Baby & Kids,235.0,69,41,16215.0,1035.0,2024-01-02,2025-11-14,39,0.09439124487004104,0.0560875512995896,0.0533515731874145,0.06382978723404255
1095,K. Baby Soap (Floral) 90g,Baby & Kids,67.0,81,47,5427.0,405.0,2024-01-08,2025-12-06,44,0.11080711354309165,0.06429548563611491,0.060191518467852256,0.07462686567164178
1096,K. Baby Soap (Floral) 5pcs,Baby & Kids,235.0,74,40,17390.0,1110.0,2024-01-05,2025-11-19,36,0.1012311901504788,0.05471956224350205,0.049247606019151846,0.06382978723404255
1097,K. Baby Soap (Herbal) 90g,Baby & Kids,67.0,94,57,6298.0,470.0,2024-01-08,2025-12-06,57,0.12859097127222982,0.07797537619699042,0.07797537619699042,0.07462686567164178
1098,Rathmal Baby Soap 75g,Baby & Kids,60.0,669,378,40140.0,3345.0,2024-01-01,2025-12-31,295,0.9151846785225718,0.5170998632010944,0.40355677154582764,0.08333333333333333
1099,Rathmal Baby Soap 75g / 5,Baby & Kids,250.0,70,37,17500.0,1400.0,2024-03-06,2025-12-21,35,0.09575923392612859,0.0506155950752394,0.047879616963064295,0.08
1100,Delum Baby Soap 75g,Baby & Kids,60.0,90,49,5400.0,450.0,2024-01-12,2025-12-21,46,0.12311901504787962,0.06703146374829001,0.06292749658002736,0.08333333333333333
1101,Kekulu Soap 70g,Personal Care,50.0,87,55,4350.0,435.0,2024-01-15,2025-12-30,55,0.11901504787961696,0.07523939808481532,0.07523939808481532,0.1
1102,Baby Milk Soap 75g,Baby & Kids,100.0,654,383,65400.0,5232.0,2024-01-01,2025-12-25,306,0.8946648426812586,0.5239398084815321,0.4186046511627907,0.08
1103,Ben10 Baby cologne 100ml,Baby & Kids,265.0,44,34,11660.0,880.0,2024-01-17,2025-12-30,33,0.060191518467852256,0.046511627906976744,0.04514363885088919,0.07547169811320754
1104,AXE Body Perfume,Personal Care,250.0,70,41,17500.0,1750.0,2024-01-11,2025-12-17,39,0.09575923392612859,0.0560875512995896,0.0533515731874145,0.1
1106,B K After Shave 50ml,General Grocery,340.0,16,7,5440.0,320.0,2024-01-01,2025-05-05,7,0.02188782489740082,0.009575923392612859,0.009575923392612859,0.058823529411764705
1107,B K Hair Gel,Personal Care,220.0,71,39,15620.0,1420.0,2024-01-08,2025-12-07,37,0.09712722298221614,0.0533515731874145,0.0506155950752394,0.09090909090909091
1110,Kumarika Hair Oil 50ml,Personal Care,80.0,139,36,11120.0,1112.0,2024-01-25,2025-12-30,34,0.19015047879616964,0.049247606019151846,0.046511627906976744,0.1
1114,Kesha Hair oil (jasmine) 100ml,Personal Care,175.0,105,23,18375.0,1575.0,2024-02-14,2025-09-15,23,0.1436388508891929,0.03146374829001368,0.03146374829001368,0.08571428571428572
1115,Nerralu Hiar oil 100ml,Cooking Essentials,180.0,232,51,41760.0,4308.24,2024-01-18,2025-12-27,49,0.3173734610123119,0.06976744186046512,0.06703146374829001,0.10316666666666666
1116,7Oil,General Grocery,210.0,876,198,183960.0,18396.0,2024-01-02,2025-12-25,148,1.198358413132695,0.2708618331053352,0.2024623803009576,0.1
1117,7Oil Black Seed 50ml,General Grocery,110.0,77,19,8470.0,770.0,2024-01-21,2025-12-23,19,0.10533515731874145,0.025991792065663474,0.025991792065663474,0.09090909090909091
1118,Silicone oil 50ml,Cooking Essentials,310.0,248,54,76880.0,7440.0,2024-01-01,2025-12-20,50,0.3392612859097127,0.07387140902872777,0.06839945280437756,0.0967741935483871
1119,Silicone oil 25ml,Cooking Essentials,195.0,1636,385,319020.0,24540.0,2024-01-02,2025-12-31,286,2.238030095759234,0.5266757865937073,0.3912448700410397,0.07692307692307693
1120,Axe oil 3ml,Cooking Essentials,120.0,206,54,24720.0,3090.0,2024-01-21,2025-12-06,50,0.2818057455540356,0.07387140902872777,0.06839945280437756,0.125
1121,Axe oil 5ml,Cooking Essentials,200.0,1642,398,328400.0,32840.0,2024-01-01,2025-12-25,311,2.246238030095759,0.5444596443228454,0.42544459644322846,0.1
1122,Vaseline Sun+ 100ml,General Grocery,990.0,32,17,31680.0,4012.16,2024-01-20,2025-11-23,17,0.04377564979480164,0.023255813953488372,0.023255813953488372,0.12664646464646465
1123,Vaseline Cocoa 100ml,General Grocery,820.0,31,18,25420.0,310.0,2024-02-18,2025-12-30,17,0.04240766073871409,0.024623803009575923,0.023255813953488372,0.012195121951219513
1125,Vaseline Healthy 100ml,General Grocery,240.0,38,21,9120.0,950.0,2024-01-07,2025-12-22,21,0.05198358413132695,0.028727770177838577,0.028727770177838577,0.10416666666666667
1126,Vaseline Healthy 200ml,General Grocery,430.0,50,21,21500.0,1750.0,2024-04-05,2025-12-26,21,0.06839945280437756,0.028727770177838577,0.028727770177838577,0.08139534883720931
1127,Vaseline Deep 100ml,General Grocery,425.0,39,19,16575.0,2099.37,2024-02-04,2025-11-10,19,0.0533515731874145,0.025991792065663474,0.025991792065663474,0.12665882352941177
1128,Vaseline Intensive care 300ml,General Grocery,545.0,37,20,20165.0,1739.0,2024-01-03,2025-10-20,20,0.0506155950752394,0.027359781121751026,0.027359781121751026,0.08623853211009175
1129,Vaseline Advanced 300ml,General Grocery,850.0,40,22,34000.0,4000.0,2024-01-10,2025-12-13,22,0.05471956224350205,0.030095759233926128,0.030095759233926128,0.11764705882352941
1131,Ponds BB+ 18g,General Grocery,460.0,28,15,12880.0,1120.0,2024-02-17,2025-12-31,15,0.038303693570451436,0.02051983584131327,0.02051983584131327,0.08695652173913043
1132,Ponds BB+ 9g,General Grocery,290.0,20,10,5800.0,600.0,2024-03-22,2025-11-19,9,0.027359781121751026,0.013679890560875513,0.012311901504787962,0.10344827586206896
1133,Ponds White Beauty 23g,General Grocery,240.0,35,17,8400.0,875.0,2024-01-25,2025-12-17,17,0.047879616963064295,0.023255813953488372,0.023255813953488372,0.10416666666666667
1134,Fair&Lovely Ayurvedic 25g,General Grocery,240.0,41,20,9840.0,1025.0,2024-01-05,2025-12-31,19,0.0560875512995896,0.027359781121751026,0.025991792065663474,0.10416666666666667
1135,Glow & Lovely (malti vitamin)25g,Health & Medicine,225.0,33,15,7425.0,660.0,2024-01-16,2025-11-23,14,0.04514363885088919,0.02051983584131327,0.019151846785225718,0.08888888888888889
1136,Glow & Handsome Cream 25g,Personal Care,250.0,57,25,14250.0,1804.6200000000001,2024-04-03,2025-12-03,24,0.07797537619699042,0.03419972640218878,0.03283173734610123,0.12664
1138,Glow & Handsome Facewash 50g,General Grocery,280.0,44,20,12320.0,2053.48,2024-01-20,2025-12-13,19,0.060191518467852256,0.027359781121751026,0.025991792065663474,0.16667857142857143
1139,ayush Face Cream 25g,Personal Care,270.0,74,39,19980.0,2220.0,2024-01-06,2025-12-27,38,0.1012311901504788,0.0533515731874145,0.05198358413132695,0.1111111111111111
1140,ayush Face Wash 50g,Cleaning & Household,260.0,65,41,16900.0,2817.1000000000004,2024-01-01,2025-12-01,40,0.08891928864569083,0.0560875512995896,0.05471956224350205,0.16669230769230772
1141,ayush Face Wash 80g,Cleaning & Household,445.0,74,36,32930.0,5488.58,2024-01-01,2025-12-29,36,0.1012311901504788,0.049247606019151846,0.049247606019151846,0.1666741573033708
1142,Fair & Lovely Facewash 50g,General Grocery,250.0,58,24,14500.0,1740.0,2024-03-09,2025-12-23,24,0.07934336525307797,0.03283173734610123,0.03283173734610123,0.12
1145,Sunsilk Shampoo (Thick)80ml,Personal Care,160.0,389,223,62240.0,5835.0,2024-01-02,2025-12-30,177,0.5321477428180574,0.30506155950752395,0.2421340629274966,0.09375
1146,Sunsilk Shampoo (Coconut)80ml,Personal Care,180.0,177,44,31860.0,3540.0,2024-01-16,2025-12-17,44,0.2421340629274966,0.060191518467852256,0.060191518467852256,0.1111111111111111
1147,Sunsilk Shampoo (Almond)80ml,Personal Care,180.0,95,56,17100.0,1900.0,2024-01-05,2025-12-25,53,0.12995896032831739,0.07660738714090287,0.07250341997264022,0.1111111111111111
1148,Sunsilk Shampoo (Black)80ml,Personal Care,160.0,681,393,108960.0,0.0,2024-01-01,2025-12-31,297,0.9316005471956225,0.5376196990424077,0.4062927496580027,0.0
1149,Sunsilk Shampoo (Thick)180ml,Personal Care,240.0,92,42,22080.0,2760.0,2024-01-02,2025-12-20,40,0.12585499316005472,0.057455540355677154,0.05471956224350205,0.125
1150,Sunsilk Shampoo (Long)180ml,Personal Care,240.0,66,41,15840.0,1980.0,2024-03-01,2025-12-28,40,0.09028727770177838,0.0560875512995896,0.05471956224350205,0.125
1151,Sunsilk Shampoo (Black)180ml,Personal Care,265.0,1260,739,333900.0,79644.6,2024-01-01,2025-12-30,455,1.7236662106703147,1.0109439124487005,0.6224350205198358,0.23852830188679247
1152,Sunsilk Shampoo (Green Tea)180ml,Personal Care,300.0,610,339,183000.0,15250.0,2024-01-01,2025-12-30,265,0.8344733242134063,0.4637482900136799,0.3625170998632011,0.08333333333333333
1153,Sunsilk Shampoo (Almond)180ml,Personal Care,300.0,623,360,186900.0,15575.0,2024-01-03,2025-12-29,281,0.8522571819425444,0.49247606019151846,0.3844049247606019,0.08333333333333333
1154,Sunsilk Conditioner 80ml,Personal Care,160.0,44,26,7040.0,660.0,2024-01-02,2025-12-29,26,0.060191518467852256,0.03556771545827633,0.03556771545827633,0.09375
1155,Lifebuoy(Strong&long) 80ml,General Grocery,130.0,48,25,6240.0,720.0,2024-01-05,2025-12-30,25,0.06566347469220246,0.03419972640218878,0.03419972640218878,0.11538461538461539
1156,Lifebuoy(Strong&long) 180ml,General Grocery,520.0,39,20,20280.0,390.0,2024-02-20,2025-12-02,19,0.0533515731874145,0.027359781121751026,0.025991792065663474,0.019230769230769232
1157,Lifebuoy(anti dandruff)80ml,General Grocery,300.0,32,14,9600.0,960.0,2024-01-24,2025-09-30,14,0.04377564979480164,0.019151846785225718,0.019151846785225718,0.1
1158,Lifebuoy(anty dandruff)175ml,General Grocery,235.0,26,11,6110.0,630.24,2024-01-15,2025-12-13,11,0.03556771545827633,0.015047879616963064,0.015047879616963064,0.10314893617021277
1159,Lifebuoy(Herbal)80ml,General Grocery,130.0,28,14,3640.0,420.0,2024-02-15,2025-08-12,13,0.038303693570451436,0.019151846785225718,0.017783857729138167,0.11538461538461539
1160,Lifebuoy(Strong&Thick)175ml,General Grocery,215.0,36,17,7740.0,900.0,2024-02-06,2025-12-08,16,0.049247606019151846,0.023255813953488372,0.02188782489740082,0.11627906976744186
1161,Clear Shampoo (Soft care)80ml,Personal Care,185.0,61,37,11285.0,1163.8799999999999,2024-01-08,2025-12-24,36,0.08344733242134063,0.0506155950752394,0.049247606019151846,0.10313513513513513
1162,Clear Shampoo (Soft care)180ml,Personal Care,310.0,59,31,18290.0,1770.0,2024-01-24,2025-12-02,30,0.08071135430916553,0.04240766073871409,0.04103967168262654,0.0967741935483871
1163,Clear Shampoo (Ice Cool)180ml,Personal Care,325.0,628,370,204100.0,21050.56,2024-01-01,2025-12-30,280,0.8590971272229823,0.506155950752394,0.38303693570451436,0.10313846153846154
1164,Clear Shampoo (Men)80ml,Personal Care,195.0,70,40,13650.0,1050.0,2024-01-18,2025-12-31,40,0.09575923392612859,0.05471956224350205,0.05471956224350205,0.07692307692307693
1165,Dove Shampoo (Intense) 80ml,Personal Care,200.0,74,37,14800.0,1480.0,2024-01-02,2025-12-29,36,0.1012311901504788,0.0506155950752394,0.049247606019151846,0.1
1166,Dove Shampoo (Intense) 180ml,Personal Care,315.0,1378,763,434070.0,48230.0,2024-01-04,2025-12-31,453,1.8850889192886457,1.0437756497948016,0.6196990424076607,0.1111111111111111
1167,Dove Shampoo (Hair Fall) 80ml,Personal Care,200.0,67,42,13400.0,1340.0,2024-01-21,2025-12-29,41,0.09165526675786594,0.057455540355677154,0.0560875512995896,0.1
1168,Gotukola Shampoo 80ml,Personal Care,210.0,42,24,8820.0,840.0,2024-03-18,2025-12-28,24,0.057455540355677154,0.03283173734610123,0.03283173734610123,0.09523809523809523
1169,Head & Shoulders 70ml,General Grocery,230.0,24,11,5520.0,720.0,2024-02-12,2025-11-11,11,0.03283173734610123,0.015047879616963064,0.015047879616963064,0.13043478260869565
1170,L'Oreal Shampoo 82ml,Personal Care,290.0,50,30,14500.0,1500.0,2024-01-12,2025-12-31,29,0.06839945280437756,0.04103967168262654,0.03967168262653899,0.10344827586206896
1171,Dreamron Facial Wash,Cleaning & Household,290.0,66,44,19140.0,1980.0,2024-01-03,2025-12-28,42,0.09028727770177838,0.060191518467852256,0.057455540355677154,0.10344827586206896
1172,Lifebuoy Bodywash (Green Tea) 100ml,Beverages,99.0,184,67,18216.0,1656.0,2024-01-05,2025-12-26,63,0.25170998632010944,0.09165526675786594,0.08618331053351573,0.09090909090909091
1173,Lifebuoy Bodywash (Charcoal)100ml,General Grocery,99.0,37,19,3663.0,333.0,2024-01-18,2025-12-30,19,0.0506155950752394,0.025991792065663474,0.025991792065663474,0.09090909090909091
1174,Velvet Bodywash (Rose & Milk)140ml,Dairy & Chilled,210.0,99,48,20790.0,1980.0,2024-01-09,2025-12-01,48,0.1354309165526676,0.06566347469220246,0.06566347469220246,0.09523809523809523
1175,Veet Normal Skin 25g,General Grocery,200.0,21,8,4200.0,420.0,2024-04-01,2025-11-10,8,0.028727770177838577,0.01094391244870041,0.01094391244870041,0.1
1176,Veet Normal Skin 50g,General Grocery,280.0,37,20,10360.0,925.0,2024-01-30,2025-12-27,20,0.0506155950752394,0.027359781121751026,0.027359781121751026,0.08928571428571429
1177,Veet Sensitive Skin 25g,General Grocery,200.0,27,18,5400.0,540.0,2024-01-27,2025-11-23,18,0.036935704514363885,0.024623803009575923,0.024623803009575923,0.1
1178,Veet Dry Skin 25g,General Grocery,200.0,47,20,9400.0,940.0,2024-01-07,2025-12-29,20,0.06429548563611491,0.027359781121751026,0.027359781121751026,0.1
1179,Voodoo Talc 100g,General Grocery,135.0,17,8,2295.0,510.0,2024-02-05,2025-12-24,8,0.023255813953488372,0.01094391244870041,0.01094391244870041,0.2222222222222222
1180,Smart Pants (Softlove) 1pcs /L,General Grocery,45.0,37,20,1665.0,185.0,2024-01-16,2025-12-28,20,0.0506155950752394,0.027359781121751026,0.027359781121751026,0.1111111111111111
1181,Smart Pants (Softlove) 4pcs / M,General Grocery,260.0,31,15,8060.0,2170.0,2024-01-06,2025-12-29,15,0.04240766073871409,0.02051983584131327,0.02051983584131327,0.2692307692307692
1182,Smart Pants (Softlove) 1pcs / XL,General Grocery,45.0,53,25,2385.0,265.0,2024-01-13,2025-12-19,25,0.07250341997264022,0.03419972640218878,0.03419972640218878,0.1111111111111111
1183,Smart Pants (Softlove) 4pcs / L,General Grocery,225.0,35,23,7875.0,1225.0,2024-01-20,2025-12-24,23,0.047879616963064295,0.03146374829001368,0.03146374829001368,0.15555555555555556
1184,Smart Pants (Softlove) 9pcs /M,General Grocery,565.0,26,17,14690.0,1690.0,2024-01-18,2025-12-29,17,0.03556771545827633,0.023255813953488372,0.023255813953488372,0.11504424778761062
1185,Baby Diaper (Softlove) 5pcs /NB,Baby & Kids,190.0,76,37,14440.0,1520.0,2024-01-06,2025-12-25,35,0.1039671682626539,0.0506155950752394,0.047879616963064295,0.10526315789473684
1186,Baby Diaper (Softlove) 5pcs / S,Baby & Kids,210.0,536,333,112560.0,13400.0,2024-01-01,2025-12-30,258,0.7332421340629275,0.45554035567715456,0.35294117647058826,0.11904761904761904
1187,Baby Diaper (Softlove) 4pcs /M,Baby & Kids,210.0,1137,646,238770.0,28425.0,2024-01-01,2025-12-31,428,1.5554035567715458,0.8837209302325582,0.585499316005472,0.11904761904761904
1188,Baby Diaper (Softlove) 4pcs /L,Baby & Kids,210.0,1914,1127,401940.0,47850.0,2024-01-02,2025-12-31,543,2.6183310533515733,1.5417236662106704,0.7428180574555403,0.11904761904761904
1189,Baby Diaper (Softlove) 3pcs /XL,Baby & Kids,180.0,60,40,10800.0,1200.0,2024-01-18,2025-12-16,38,0.08207934336525308,0.05471956224350205,0.05198358413132695,0.1111111111111111
1190,Baby Diaper (Softlove) 1pcs /S,Baby & Kids,45.0,60,34,2700.0,300.0,2024-01-16,2025-12-25,34,0.08207934336525308,0.046511627906976744,0.046511627906976744,0.1111111111111111
1191,Pampers Pants 4/S,General Grocery,220.0,28,16,6160.0,560.0,2024-01-29,2025-11-03,16,0.038303693570451436,0.02188782489740082,0.02188782489740082,0.09090909090909091
1192,Pampers Pants 4 / L,General Grocery,240.0,43,21,10320.0,1075.0,2024-02-09,2025-11-20,19,0.058823529411764705,0.028727770177838577,0.025991792065663474,0.10416666666666667
1193,Pampers Pants 4/M,General Grocery,230.0,29,13,6670.0,580.0,2024-01-13,2025-12-01,13,0.03967168262653899,0.017783857729138167,0.017783857729138167,0.08695652173913043
1194,Huggies Pants 5/M,General Grocery,280.0,33,17,9240.0,990.0,2024-01-17,2025-11-26,16,0.04514363885088919,0.023255813953488372,0.02188782489740082,0.10714285714285714
1195,Eva Cotton Feel Wings 1p,General Grocery,15.0,32,17,480.0,96.0,2024-01-21,2025-12-04,17,0.04377564979480164,0.023255813953488372,0.023255813953488372,0.2
1196,Eva Cotton Feel Wings 10p,General Grocery,165.0,20,12,3300.0,400.0,2024-01-25,2025-12-31,12,0.027359781121751026,0.016415868673050615,0.016415868673050615,0.12121212121212122
1197,Eva Cotton Feel Wings 20p,General Grocery,295.0,36,19,10620.0,1180.08,2024-01-05,2025-11-26,19,0.049247606019151846,0.025991792065663474,0.025991792065663474,0.1111186440677966
1198,Eva Dritex Wings 1p,General Grocery,15.0,24,12,360.0,72.0,2024-01-08,2025-08-29,12,0.03283173734610123,0.016415868673050615,0.016415868673050615,0.2
1199,Eva Dritex Wings 10p,General Grocery,155.0,27,15,4185.0,405.0,2024-02-21,2025-12-09,15,0.036935704514363885,0.02051983584131327,0.02051983584131327,0.0967741935483871
1200,Eva Dritex Wings 20p,General Grocery,305.0,30,16,9150.0,1016.7,2024-01-15,2025-09-10,15,0.04103967168262654,0.02188782489740082,0.02051983584131327,0.11111475409836066
1201,Fems Ultra Dry 10p,General Grocery,160.0,38,16,6080.0,675.6400000000001,2024-01-05,2025-12-31,16,0.05198358413132695,0.02188782489740082,0.02188782489740082,0.11112500000000002
1202,Fems Cotton Feel  10p,General Grocery,145.0,22,13,3190.0,452.32,2024-04-20,2025-12-16,13,0.030095759233926128,0.017783857729138167,0.017783857729138167,0.14179310344827586
1203,Fems Superior 8p,General Grocery,170.0,39,18,6630.0,737.1,2024-01-13,2025-12-03,17,0.0533515731874145,0.024623803009575923,0.023255813953488372,0.1111764705882353
1204,Whisper Regular flow 10p,General Grocery,210.0,44,22,9240.0,1100.0,2024-01-26,2025-10-14,22,0.060191518467852256,0.030095759233926128,0.030095759233926128,0.11904761904761904
1205,Whisper Regular flow 20p,General Grocery,360.0,34,18,12240.0,1190.0,2024-01-27,2025-12-25,18,0.046511627906976744,0.024623803009575923,0.024623803009575923,0.09722222222222222
1206,Whisper Heavy flow 8p,General Grocery,210.0,32,16,6720.0,800.0,2024-01-08,2025-12-07,16,0.04377564979480164,0.02188782489740082,0.02188782489740082,0.11904761904761904
1207,O B,General Grocery,700.0,22,14,15400.0,3300.0,2024-02-14,2025-12-29,14,0.030095759233926128,0.019151846785225718,0.019151846785225718,0.21428571428571427
1208,Flora Tissue 15s,General Grocery,70.0,39,20,2730.0,429.0,2024-01-15,2025-11-19,20,0.0533515731874145,0.027359781121751026,0.027359781121751026,0.15714285714285714
1209,Flora Wet Wipes 10s,General Grocery,295.0,31,18,9145.0,1364.0,2024-01-16,2025-12-17,18,0.04240766073871409,0.024623803009575923,0.024623803009575923,0.14915254237288136
1210,Flora Facial Tissue 160s,General Grocery,475.0,40,20,19000.0,2840.0,2024-01-10,2025-11-30,19,0.05471956224350205,0.027359781121751026,0.025991792065663474,0.14947368421052631
1211,Flora Paper Serviettes 50s,General Grocery,200.0,34,15,6800.0,850.0,2024-01-27,2025-12-08,14,0.046511627906976744,0.02051983584131327,0.019151846785225718,0.125
1212,Flora Paper Serviettes 100s,General Grocery,395.0,22,10,8690.0,1298.0,2024-09-12,2025-12-21,10,0.030095759233926128,0.013679890560875513,0.013679890560875513,0.14936708860759493
1213,Flora Paper Towels,General Grocery,695.0,52,19,36140.0,780.0,2024-02-13,2025-12-25,19,0.07113543091655267,0.025991792065663474,0.025991792065663474,0.02158273381294964
1214,Flora Straws,General Grocery,130.0,22,15,2860.0,330.0,2024-01-02,2025-12-03,14,0.030095759233926128,0.02051983584131327,0.019151846785225718,0.11538461538461539
1215,Flora Plastic Cups,General Grocery,85.0,31,14,2635.0,403.0,2024-02-10,2025-12-04,14,0.04240766073871409,0.019151846785225718,0.019151846785225718,0.15294117647058825
1216,Flora Toothpicks 500nos,General Grocery,295.0,30,16,8850.0,1320.0,2024-06-26,2025-12-06,16,0.04103967168262654,0.02188782489740082,0.02188782489740082,0.14915254237288136
1217,Flora Toothpicks 200nos,General Grocery,85.0,42,21,3570.0,420.0,2024-01-28,2025-12-19,21,0.057455540355677154,0.028727770177838577,0.028727770177838577,0.11764705882352941
1218,Flora Paper Cups 12's,General Grocery,90.0,36,19,3240.0,360.0,2024-01-28,2025-12-10,19,0.049247606019151846,0.025991792065663474,0.025991792065663474,0.1111111111111111
1219,Flora Paper Cups 10's,General Grocery,90.0,30,10,2700.0,300.0,2024-02-26,2025-12-09,10,0.04103967168262654,0.013679890560875513,0.013679890560875513,0.1111111111111111
1220,Flora Paper Plates 10nos,General Grocery,130.0,30,14,3900.0,600.0,2024-01-27,2025-12-31,14,0.04103967168262654,0.019151846785225718,0.019151846785225718,0.15384615384615385
1221,N/S Facial Wash 50ml (Carrot),Cleaning & Household,175.0,74,40,12950.0,1332.0,2024-01-01,2025-12-03,38,0.1012311901504788,0.05471956224350205,0.05198358413132695,0.10285714285714286
1222,N/S Facial Wash 50ml (Papaya),Cleaning & Household,175.0,73,42,12775.0,1314.0,2024-01-01,2025-12-25,40,0.09986320109439124,0.057455540355677154,0.05471956224350205,0.10285714285714286
1223,N/S Facial Wash 50ml (Kohomba-Kaha),Cleaning & Household,160.0,65,41,10400.0,975.0,2024-02-09,2025-12-24,37,0.08891928864569083,0.0560875512995896,0.0506155950752394,0.09375
1224,N/S Facial Wash 50ml (Cucumber),Cleaning & Household,175.0,65,38,11375.0,1170.0,2024-01-12,2025-12-21,38,0.08891928864569083,0.05198358413132695,0.05198358413132695,0.10285714285714286
1225,N/S Facial Wash 100ml (Carrot),Cleaning & Household,330.0,661,382,218130.0,32719.5,2024-01-03,2025-12-31,286,0.9042407660738714,0.5225718194254446,0.3912448700410397,0.15
1226,N/S Facial Wash 100ml (Papaya),Cleaning & Household,300.0,68,37,20400.0,2380.0,2024-01-26,2025-12-30,36,0.09302325581395349,0.0506155950752394,0.049247606019151846,0.11666666666666667
1227,N/S Facial Wash 100ml (Cucumber),Cleaning & Household,330.0,73,44,24090.0,3613.5,2024-01-08,2025-12-24,43,0.09986320109439124,0.060191518467852256,0.058823529411764705,0.15
1228,N/S Body Lotion 50ml (Papaya),Personal Care,115.0,58,37,6670.0,1000.5,2024-01-03,2025-12-06,36,0.07934336525307797,0.0506155950752394,0.049247606019151846,0.15
1229,N/S Body Lotion 50ml (Avocado),Personal Care,175.0,61,37,10675.0,1601.25,2024-01-28,2025-12-28,34,0.08344733242134063,0.0506155950752394,0.046511627906976744,0.15
1230,N/S Body Lotion 50ml (Carrot),Personal Care,115.0,49,27,5635.0,845.25,2024-01-06,2025-12-08,27,0.06703146374829001,0.036935704514363885,0.036935704514363885,0.15
1231,N/S Body Lotion 50ml (Aloevera),Personal Care,115.0,40,22,4600.0,690.0,2024-03-06,2025-11-22,22,0.05471956224350205,0.030095759233926128,0.030095759233926128,0.15
1232,N/S Aloe 94% Gel 100ml,General Grocery,620.0,21,12,13020.0,1260.0,2024-04-20,2025-07-15,12,0.028727770177838577,0.016415868673050615,0.016415868673050615,0.0967741935483871
1233,N/S Aloe 94% Gel 50ml,General Grocery,340.0,23,13,7820.0,1173.0,2024-01-08,2025-12-11,13,0.03146374829001368,0.017783857729138167,0.017783857729138167,0.15
1234,N/S Godapara Shampoo 40ml,Personal Care,70.0,57,37,3990.0,598.5,2024-01-24,2025-12-25,36,0.07797537619699042,0.0506155950752394,0.049247606019151846,0.15
1235,Dandex Cooling+ 40ml,General Grocery,65.0,41,21,2665.0,820.0,2024-01-01,2025-12-27,21,0.0560875512995896,0.028727770177838577,0.028727770177838577,0.3076923076923077
1236,Dandex Nourished Shine 40ml,General Grocery,65.0,39,18,2535.0,780.0,2024-01-26,2025-12-19,17,0.0533515731874145,0.024623803009575923,0.023255813953488372,0.3076923076923077
1237,Dandex Anti Hair Fall 40ml,Personal Care,50.0,54,34,2700.0,270.0,2024-01-02,2025-12-22,34,0.07387140902872777,0.046511627906976744,0.046511627906976744,0.1
1238,Rexona Men V8,General Grocery,450.0,44,21,19800.0,3217.28,2024-01-09,2025-12-18,21,0.060191518467852256,0.028727770177838577,0.028727770177838577,0.1624888888888889
1239,Rexona Men Quantum Dry 25ml,General Grocery,250.0,41,19,10250.0,1025.0,2024-03-14,2025-12-15,19,0.0560875512995896,0.025991792065663474,0.025991792065663474,0.1
1240,Rexona Aloevera 25ml,General Grocery,250.0,39,26,9750.0,975.0,2024-01-27,2025-12-23,26,0.0533515731874145,0.03556771545827633,0.03556771545827633,0.1
1241,Rexona Powder Dry 25ml,General Grocery,250.0,38,19,9500.0,950.0,2024-01-13,2025-12-05,19,0.05198358413132695,0.025991792065663474,0.025991792065663474,0.1
1242,Dreamron Deo Roll On (Fresco),General Grocery,199.0,31,15,6169.0,744.0,2024-02-05,2025-12-23,15,0.04240766073871409,0.02051983584131327,0.02051983584131327,0.12060301507537688
1243,Dreamron Deo Roll On (Charm),General Grocery,199.0,54,26,10746.0,1296.0,2024-01-01,2025-12-24,26,0.07387140902872777,0.03556771545827633,0.03556771545827633,0.12060301507537688
1244,Dreamron Deo Roll On (Aqua),General Grocery,199.0,39,21,7761.0,936.0,2024-01-08,2025-12-30,20,0.0533515731874145,0.028727770177838577,0.027359781121751026,0.12060301507537688
1245,Rexona Men Ice Cool 25ml,General Grocery,250.0,17,11,4250.0,425.0,2024-01-24,2025-05-21,11,0.023255813953488372,0.015047879616963064,0.015047879616963064,0.1
1246,Velvet 100g (Sandalwood),General Grocery,65.0,44,26,2860.0,264.0,2024-01-11,2025-11-22,26,0.060191518467852256,0.03556771545827633,0.03556771545827633,0.09230769230769231
1247,Velvet 100g (Jasmine),General Grocery,72.0,27,14,1944.0,168.48000000000002,2024-01-03,2025-12-14,14,0.036935704514363885,0.019151846785225718,0.019151846785225718,0.08666666666666667
1248,Velvet 100g (Honey & Yoghurt),Dairy & Chilled,72.0,70,36,5040.0,436.8,2024-01-14,2025-12-10,34,0.09575923392612859,0.049247606019151846,0.046511627906976744,0.08666666666666667
1249,Velvet 100g (Kohomba & Aloe),General Grocery,65.0,17,12,1105.0,102.0,2024-02-05,2025-05-08,12,0.023255813953488372,0.016415868673050615,0.016415868673050615,0.09230769230769231
1250,Velvet 100g (Milk & Almond),Dairy & Chilled,65.0,138,73,8970.0,828.0,2024-01-21,2025-12-28,69,0.18878248974008208,0.09986320109439124,0.09439124487004104,0.09230769230769231
1251,Velvet 100g (Lavender),General Grocery,72.0,28,17,2016.0,174.72,2024-01-04,2025-12-22,16,0.038303693570451436,0.023255813953488372,0.02188782489740082,0.08666666666666667
1252,Chandanalepa Beauty Bar 100g,General Grocery,330.0,53,22,17490.0,1590.0,2024-01-07,2025-12-29,22,0.07250341997264022,0.030095759233926128,0.030095759233926128,0.09090909090909091
1253,Chandanalepa Herbal Cream 12g,Personal Care,250.0,682,386,170500.0,34100.0,2024-01-01,2025-12-31,306,0.93296853625171,0.5280437756497948,0.4186046511627907,0.2
1254,Chandanalepa Herbal Cream 20g,Personal Care,230.0,52,33,11960.0,1820.0,2024-02-13,2025-12-28,33,0.07113543091655267,0.04514363885088919,0.04514363885088919,0.15217391304347827
1255,ReeBonn Papaya Bodywash 100g,General Grocery,150.0,39,14,5850.0,702.0,2024-06-11,2025-11-22,13,0.0533515731874145,0.019151846785225718,0.017783857729138167,0.12
1256,Champion (Red Energy) 90g,General Grocery,60.0,35,25,2100.0,284.2,2024-02-21,2025-12-11,25,0.047879616963064295,0.03419972640218878,0.03419972640218878,0.13533333333333333
1257,ayush Aloevera 100g,General Grocery,75.0,40,18,3000.0,280.0,2024-01-07,2025-12-16,18,0.05471956224350205,0.024623803009575923,0.024623803009575923,0.09333333333333334
1258,ayush Saffron 100g,General Grocery,75.0,18,11,1350.0,126.0,2024-01-08,2025-12-15,11,0.024623803009575923,0.015047879616963064,0.015047879616963064,0.09333333333333334
1259,LUX Aloevera & Camellia 100g,General Grocery,70.0,14,9,980.0,112.0,2024-02-04,2025-12-04,9,0.019151846785225718,0.012311901504787962,0.012311901504787962,0.11428571428571428
1260,LUX Sweet Temptation 100g,Snacks & Confectionery,65.0,105,42,6825.0,735.0,2024-01-24,2025-12-31,39,0.1436388508891929,0.057455540355677154,0.0533515731874145,0.1076923076923077
1261,LUX Rose & Vitamin E 100g,Health & Medicine,80.0,16,6,1280.0,128.0,2024-01-16,2025-12-11,6,0.02188782489740082,0.008207934336525308,0.008207934336525308,0.1
1262,LUX Soft Touch 100g,General Grocery,65.0,36,16,2340.0,252.0,2024-02-01,2025-09-17,14,0.049247606019151846,0.02188782489740082,0.019151846785225718,0.1076923076923077
1263,LUX Nature Pure 100g,General Grocery,65.0,18,9,1170.0,126.0,2024-02-02,2025-12-31,9,0.024623803009575923,0.012311901504787962,0.012311901504787962,0.1076923076923077
1264,LUX Sandal & Cream 100g,Personal Care,68.0,60,35,4080.0,371.40000000000003,2024-01-07,2025-11-21,34,0.08207934336525308,0.047879616963064295,0.046511627906976744,0.09102941176470589
1265,Misumi Soap 90g,Personal Care,65.0,731,422,47515.0,3048.27,2024-01-02,2025-12-31,313,1.0,0.5772913816689467,0.42818057455540354,0.06415384615384616
1266,Lifebuoy Mild Care 100g,General Grocery,53.0,30,13,1590.0,150.0,2024-01-06,2025-12-29,13,0.04103967168262654,0.017783857729138167,0.017783857729138167,0.09433962264150944
1267,Lifebuoy Herbal 100g,General Grocery,53.0,17,9,901.0,85.0,2024-04-08,2025-11-27,9,0.023255813953488372,0.012311901504787962,0.012311901504787962,0.09433962264150944
1268,Lifebuoy Lemon Fresh 100g,General Grocery,70.0,30,15,2100.0,174.29999999999998,2024-02-08,2025-12-25,15,0.04103967168262654,0.02051983584131327,0.02051983584131327,0.08299999999999999
1270,Lifebuoy Turmeric 100g,Cooking Essentials,63.0,1980,457,124740.0,10355.4,2024-01-03,2025-12-31,327,2.7086183310533514,0.625170998632011,0.4473324213406293,0.08301587301587302
1271,Lifebuoy Total 10 100g,General Grocery,53.0,25,14,1325.0,125.0,2024-01-06,2025-11-26,14,0.03419972640218878,0.019151846785225718,0.019151846785225718,0.09433962264150944
1272,Lifebuoy Total 10 50g,General Grocery,32.0,40,19,1280.0,160.0,2024-01-14,2025-12-19,19,0.05471956224350205,0.025991792065663474,0.025991792065663474,0.125
1273,Kingdo 110g,General Grocery,50.0,40,19,2000.0,200.0,2024-01-27,2025-12-18,19,0.05471956224350205,0.025991792065663474,0.025991792065663474,0.1
1274,Sunlight  (Lemon)115g,Cleaning & Household,60.0,61,33,3660.0,292.19,2024-01-01,2025-12-31,32,0.08344733242134063,0.04514363885088919,0.04377564979480164,0.07983333333333334
1275,Sunlight ( Lime & Orange) 115g,Cleaning & Household,50.0,1644,935,82200.0,6576.0,2024-01-02,2025-12-30,488,2.2489740082079344,1.2790697674418605,0.667578659370725,0.08
1276,Sunlight  (Care) 115g,Cleaning & Household,50.0,620,363,31000.0,2480.0,2024-01-02,2025-12-30,276,0.8481532147742818,0.49658002735978113,0.37756497948016415,0.08
1277,Sunlight  (Care Pearls) 115g,Cleaning & Household,50.0,72,38,3600.0,288.0,2024-01-29,2025-12-27,38,0.09849521203830369,0.05198358413132695,0.05198358413132695,0.08
1278,Sunlight  (Nil Manel) 115g,Cleaning & Household,60.0,355,196,21300.0,1700.45,2024-01-01,2025-12-31,161,0.4856361149110807,0.26812585499316005,0.22024623803009577,0.07983333333333334
1279,Sunlight  (Promo),Cleaning & Household,204.0,87,51,17748.0,3818.43,2024-01-17,2025-11-21,49,0.11901504787961696,0.06976744186046512,0.06703146374829001,0.2151470588235294
1280,Lifebuoy (Promo),General Grocery,188.0,43,19,8084.0,774.0,2024-01-11,2025-12-16,19,0.058823529411764705,0.025991792065663474,0.025991792065663474,0.09574468085106383
1281,Lifebuoy Mild Care 200g,General Grocery,96.0,14,9,1344.0,84.0,2024-02-08,2025-08-24,9,0.019151846785225718,0.012311901504787962,0.012311901504787962,0.0625
1282,Health Soap 75g,Personal Care,60.0,53,33,3180.0,424.0,2024-02-03,2025-12-15,33,0.07250341997264022,0.04514363885088919,0.04514363885088919,0.13333333333333333
1283,Shield 100g,General Grocery,53.0,22,11,1166.0,110.0,2024-07-18,2025-11-15,11,0.030095759233926128,0.015047879616963064,0.015047879616963064,0.09433962264150944
1284,Khomba,General Grocery,80.0,26,15,2080.0,189.01999999999998,2024-01-04,2025-10-15,15,0.03556771545827633,0.02051983584131327,0.02051983584131327,0.090875
1285,Rani Sandalwood,General Grocery,80.0,31,18,2480.0,225.36999999999998,2024-02-19,2025-12-13,18,0.04240766073871409,0.024623803009575923,0.024623803009575923,0.09087499999999998
1286,Namal Soap,Personal Care,50.0,93,53,4650.0,465.0,2024-01-08,2025-12-24,52,0.12722298221614228,0.07250341997264022,0.07113543091655267,0.1
1287,Aththora Soap,Personal Care,50.0,86,50,4300.0,430.0,2024-01-13,2025-12-20,47,0.11764705882352941,0.06839945280437756,0.06429548563611491,0.1
1288,Senola Soap,Personal Care,50.0,1039,621,51950.0,5195.0,2024-01-01,2025-12-31,392,1.4213406292749657,0.8495212038303693,0.5362517099863201,0.1
1289,Aroma Bathing Bar 24pcs,General Grocery,240.0,42,20,10080.0,630.0,2024-01-28,2025-12-22,20,0.057455540355677154,0.027359781121751026,0.027359781121751026,0.0625
1290,Khomba 70g/5,General Grocery,240.0,30,14,7200.0,654.6,2024-02-21,2025-12-28,14,0.04103967168262654,0.019151846785225718,0.019151846785225718,0.09091666666666667
1291,Rani Sandalwood 70g/5,General Grocery,235.0,43,19,10105.0,860.0,2024-01-01,2025-12-23,19,0.058823529411764705,0.025991792065663474,0.025991792065663474,0.0851063829787234
1292,Vim Limes 100g,Cleaning & Household,70.0,87,53,6090.0,870.0,2024-01-04,2025-12-26,51,0.11901504787961696,0.07250341997264022,0.06976744186046512,0.14285714285714285
1293,Vim Lemon &Mint 100g,Cleaning & Household,25.0,57,35,1425.0,228.0,2024-02-19,2025-12-20,34,0.07797537619699042,0.047879616963064295,0.046511627906976744,0.16
1294,Vim Anti Bacterial 100g,Cleaning & Household,25.0,67,39,1675.0,268.0,2024-02-19,2025-11-26,37,0.09165526675786594,0.0533515731874145,0.0506155950752394,0.16
1295,Vim Limes 200g,Cleaning & Household,135.0,72,40,9720.0,1080.0,2024-01-03,2025-11-27,40,0.09849521203830369,0.05471956224350205,0.05471956224350205,0.1111111111111111
1296,Vim Limes (Promo),Cleaning & Household,180.0,770,444,138600.0,7700.0,2024-01-01,2025-12-31,314,1.0533515731874146,0.6073871409028728,0.42954856361149113,0.05555555555555555
1297,Vim Limes 400g,Cleaning & Household,265.0,349,220,92485.0,3490.0,2024-01-09,2025-12-31,172,0.4774281805745554,0.3009575923392613,0.23529411764705882,0.03773584905660377
1298,Vim Powder 650g,Cleaning & Household,400.0,65,38,26000.0,6500.0,2024-01-29,2025-12-29,37,0.08891928864569083,0.05198358413132695,0.0506155950752394,0.25
1299,Vim Floor Cleaner 200ml,Cleaning & Household,105.0,52,27,5460.0,780.0,2024-01-16,2025-12-23,26,0.07113543091655267,0.036935704514363885,0.03556771545827633,0.14285714285714285
1300,Vim Dishwash 250ml,Cleaning & Household,145.0,65,37,9425.0,857.35,2024-01-07,2025-12-21,36,0.08891928864569083,0.0506155950752394,0.049247606019151846,0.09096551724137932
1301,Vim Dishwash 500ml,Cleaning & Household,270.0,74,46,19980.0,4844.04,2024-01-08,2025-12-29,44,0.1012311901504788,0.06292749658002736,0.060191518467852256,0.24244444444444443
1302,Vim Dishwash (Extra+) 500ml,Cleaning & Household,230.0,50,26,11500.0,1500.0,2024-01-20,2025-12-06,26,0.06839945280437756,0.03556771545827633,0.03556771545827633,0.13043478260869565
1304,Clorex  500ml,General Grocery,220.0,25,12,5500.0,875.0,2024-01-18,2025-08-13,11,0.03419972640218878,0.016415868673050615,0.015047879616963064,0.1590909090909091
1305,Dash Car Wash  500ml,Cleaning & Household,480.0,80,45,38400.0,5760.0,2024-01-03,2025-11-30,43,0.1094391244870041,0.06155950752393981,0.058823529411764705,0.15
1306,Britol Tile Cleaner 500ml,Cleaning & Household,185.0,58,36,10730.0,1160.0,2024-01-06,2025-12-11,35,0.07934336525307797,0.049247606019151846,0.047879616963064295,0.10810810810810811
1307,BIO Clean (Floral) 200ml,General Grocery,115.0,29,16,3335.0,303.34000000000003,2024-03-24,2025-12-18,16,0.03967168262653899,0.02188782489740082,0.02188782489740082,0.09095652173913045
1308,BIO Clean (Aqua) 200ml,General Grocery,115.0,30,14,3450.0,313.8,2024-02-11,2025-11-12,14,0.04103967168262654,0.019151846785225718,0.019151846785225718,0.09095652173913044
1309,BIO Clean (Aqua) 500ml,General Grocery,215.0,22,10,4730.0,660.0,2024-01-11,2025-12-06,10,0.030095759233926128,0.013679890560875513,0.013679890560875513,0.13953488372093023
1310,BIO Clean (Citrus) 500ml,General Grocery,225.0,26,18,5850.0,531.6999999999999,2024-01-04,2025-12-28,18,0.03556771545827633,0.024623803009575923,0.024623803009575923,0.09088888888888888
1311,BIO Clean (Floral) 500ml,General Grocery,225.0,38,17,8550.0,777.1,2024-01-20,2025-11-23,17,0.05198358413132695,0.023255813953488372,0.023255813953488372,0.0908888888888889
1312,BIO Clean (Tile Cleaner) Floral,Cleaning & Household,230.0,69,37,15870.0,2070.0,2024-01-03,2025-12-29,36,0.09439124487004104,0.0506155950752394,0.049247606019151846,0.13043478260869565
1313,BIO Clean (Tile Cleaner) Cinnamon,Cleaning & Household,230.0,72,46,16560.0,2160.0,2024-02-05,2025-12-31,44,0.09849521203830369,0.06292749658002736,0.060191518467852256,0.13043478260869565
1314,BIO Clean (Tile Cleaner) Kohomba,Cleaning & Household,230.0,701,394,161230.0,21030.0,2024-01-01,2025-12-30,290,0.9589603283173734,0.5389876880984952,0.3967168262653899,0.13043478260869565
1315,Lysol Pine 200ml,General Grocery,125.0,21,12,2625.0,315.0,2024-01-27,2025-11-22,11,0.028727770177838577,0.016415868673050615,0.015047879616963064,0.12
1316,Lysol Pine 500ml,General Grocery,500.0,33,17,16500.0,1650.0,2024-01-22,2025-10-11,15,0.04514363885088919,0.023255813953488372,0.02051983584131327,0.1
1317,Lysol Citronella 200ml,General Grocery,125.0,35,17,4375.0,525.0,2024-01-24,2025-12-05,17,0.047879616963064295,0.023255813953488372,0.023255813953488372,0.12
1318,Lysol Citronella 500ml,General Grocery,240.0,31,17,7440.0,676.42,2024-02-05,2025-11-17,17,0.04240766073871409,0.023255813953488372,0.023255813953488372,0.09091666666666666
1319,Lysol Floral 200ml,General Grocery,130.0,23,12,2990.0,271.86,2024-01-08,2025-12-24,12,0.03146374829001368,0.016415868673050615,0.016415868673050615,0.09092307692307693
1320,Lysol Floral 500ml,General Grocery,240.0,23,10,5520.0,501.86,2024-02-02,2025-12-20,10,0.03146374829001368,0.013679890560875513,0.013679890560875513,0.09091666666666667
1321,Lysol Lavender 200ml,General Grocery,125.0,18,8,2250.0,270.0,2024-04-05,2025-12-14,8,0.024623803009575923,0.01094391244870041,0.01094391244870041,0.12
1322,Lysol Lavender 500ml,General Grocery,240.0,26,12,6240.0,567.3199999999999,2024-03-22,2025-12-19,12,0.03556771545827633,0.016415868673050615,0.016415868673050615,0.09091666666666666
1323,Lysol Citrus 200ml,General Grocery,125.0,23,13,2875.0,345.0,2024-01-21,2025-09-10,13,0.03146374829001368,0.017783857729138167,0.017783857729138167,0.12
1324,Lysol Jasmine 500ml,General Grocery,230.0,33,19,7590.0,990.0,2024-01-08,2025-12-30,19,0.04514363885088919,0.025991792065663474,0.025991792065663474,0.13043478260869565
1325,Harpic Fresh 200ml,Cleaning & Household,95.0,54,32,5130.0,540.0,2024-01-08,2025-12-29,31,0.07387140902872777,0.04377564979480164,0.04240766073871409,0.10526315789473684
1326,Harpic Fresh 500ml,Cleaning & Household,215.0,69,42,14835.0,1725.0,2024-02-06,2025-12-04,41,0.09439124487004104,0.057455540355677154,0.0560875512995896,0.11627906976744186
1327,Harpic Floral 200ml,Cleaning & Household,110.0,62,36,6820.0,620.0,2024-01-02,2025-12-29,35,0.08481532147742818,0.049247606019151846,0.047879616963064295,0.09090909090909091
1328,Harpic Floral 500ml,Cleaning & Household,480.0,48,30,23040.0,1440.0,2024-01-28,2025-12-27,29,0.06566347469220246,0.04103967168262654,0.03967168262653899,0.0625
1329,Harpic Power Plus 200ml,Cleaning & Household,110.0,370,226,40700.0,3700.0,2024-01-02,2025-12-30,180,0.506155950752394,0.3091655266757866,0.24623803009575923,0.09090909090909091
1330,Harpic Power Plus 500ml,Cleaning & Household,430.0,76,44,32680.0,380.0,2024-01-08,2025-12-29,41,0.1039671682626539,0.060191518467852256,0.0560875512995896,0.011627906976744186
1331,Harpic Citrus 200ml,Cleaning & Household,95.0,80,40,7600.0,800.0,2024-02-26,2025-12-30,39,0.1094391244870041,0.05471956224350205,0.0533515731874145,0.10526315789473684
1332,Harpic Citrus 500ml,Cleaning & Household,215.0,66,46,14190.0,1650.0,2024-01-28,2025-12-29,45,0.09028727770177838,0.06292749658002736,0.06155950752393981,0.11627906976744186
1333,Harpic Bathroom Cleaner 500ml,Cleaning & Household,220.0,72,44,15840.0,1800.0,2024-01-15,2025-12-28,43,0.09849521203830369,0.060191518467852256,0.058823529411764705,0.11363636363636363
1334,Britol Grout Cleaner 500ml,Cleaning & Household,210.0,81,41,17010.0,2025.0,2024-01-11,2025-12-14,40,0.11080711354309165,0.0560875512995896,0.05471956224350205,0.11904761904761904
1335,Teepol Dishwash Gel (Lime) 500ml,General Grocery,380.0,774,393,294120.0,23220.0,2024-01-01,2025-12-31,303,1.0588235294117647,0.5376196990424077,0.41450068399452805,0.07894736842105263
1336,Dettol  60ml,General Grocery,210.0,30,14,6300.0,300.0,2024-01-13,2025-12-28,13,0.04103967168262654,0.019151846785225718,0.017783857729138167,0.047619047619047616
1337,Dettol 110ml,General Grocery,150.0,24,14,3600.0,360.0,2024-01-23,2025-12-09,14,0.03283173734610123,0.019151846785225718,0.019151846785225718,0.1
1338,Dettol 210ml,General Grocery,270.0,46,18,12420.0,1150.0,2024-01-14,2025-12-09,18,0.06292749658002736,0.024623803009575923,0.024623803009575923,0.09259259259259259
1339,Dettol 500ml,General Grocery,1150.0,40,19,46000.0,6000.0,2024-04-10,2025-12-03,19,0.05471956224350205,0.025991792065663474,0.025991792065663474,0.13043478260869565
1340,Dettol  1L,General Grocery,850.0,24,12,20400.0,1320.0,2024-01-15,2025-05-21,12,0.03283173734610123,0.016415868673050615,0.016415868673050615,0.06470588235294118
1341,Jasmine Soap,Personal Care,60.0,125,60,7500.0,1250.0,2024-01-02,2025-12-22,56,0.17099863201094392,0.08207934336525308,0.07660738714090287,0.16666666666666666
1342,Dettol (Orange Burst) 70g,General Grocery,65.0,20,13,1300.0,100.0,2024-01-30,2025-12-30,13,0.027359781121751026,0.017783857729138167,0.017783857729138167,0.07692307692307693
1343,Dettol (Lasting Fresh) 70g,General Grocery,65.0,24,14,1560.0,154.32,2024-08-26,2025-11-30,14,0.03283173734610123,0.019151846785225718,0.019151846785225718,0.09892307692307692
1344,Dettol (Cool) 70g,General Grocery,135.0,35,18,4725.0,525.0,2024-01-01,2025-09-24,18,0.047879616963064295,0.024623803009575923,0.024623803009575923,0.1111111111111111
1345,Dettol (Skincare) 70g,General Grocery,65.0,30,15,1950.0,192.89999999999998,2024-01-06,2025-11-11,15,0.04103967168262654,0.02051983584131327,0.02051983584131327,0.0989230769230769
1346,Dettol (Original) 70g,General Grocery,65.0,33,15,2145.0,165.0,2024-02-03,2025-12-28,15,0.04514363885088919,0.02051983584131327,0.02051983584131327,0.07692307692307693
1347,Dettol (Original) 110g,General Grocery,78.0,39,21,3042.0,312.0,2024-02-02,2025-11-06,21,0.0533515731874145,0.028727770177838577,0.028727770177838577,0.10256410256410256
1348,Air Wick Lavender 475ml,General Grocery,830.0,27,13,22410.0,810.0,2024-02-11,2025-11-25,13,0.036935704514363885,0.017783857729138167,0.017783857729138167,0.03614457831325301
1349,Air Wick Green Apple 475ml,General Grocery,380.0,32,20,12160.0,960.0,2024-02-20,2025-12-08,20,0.04377564979480164,0.027359781121751026,0.027359781121751026,0.07894736842105263
1350,Air Wick Jasmine 475ml,General Grocery,830.0,55,29,45650.0,4400.0,2024-01-11,2025-10-29,29,0.07523939808481532,0.03967168262653899,0.03967168262653899,0.0963855421686747
1351,Air Wick Rose 475ml,General Grocery,830.0,18,11,14940.0,1080.0,2024-01-30,2025-12-06,11,0.024623803009575923,0.015047879616963064,0.015047879616963064,0.07228915662650602
1352,Air Wick Lavender (4in1) 50g,General Grocery,225.0,20,13,4500.0,600.0,2024-01-31,2025-12-21,13,0.027359781121751026,0.017783857729138167,0.017783857729138167,0.13333333333333333
1353,Air Wick Rose Dew (4in1) 50g,General Grocery,225.0,26,17,5850.0,531.96,2024-05-09,2025-12-29,17,0.03556771545827633,0.023255813953488372,0.023255813953488372,0.09093333333333334
1354,aer Pocket (power) 10g,General Grocery,150.0,25,13,3750.0,250.0,2024-04-07,2025-12-09,13,0.03419972640218878,0.017783857729138167,0.017783857729138167,0.06666666666666667
1355,aer Pocket (pteal) 10g,General Grocery,150.0,26,11,3900.0,260.0,2024-02-06,2025-12-06,11,0.03556771545827633,0.015047879616963064,0.015047879616963064,0.06666666666666667
1356,aer Pocket (morning) 10g,General Grocery,150.0,48,22,7200.0,480.0,2024-01-02,2025-12-04,21,0.06566347469220246,0.030095759233926128,0.028727770177838577,0.06666666666666667
1357,aer Pocket (violet) 10g,General Grocery,150.0,39,17,5850.0,390.0,2024-01-17,2025-08-27,17,0.0533515731874145,0.023255813953488372,0.023255813953488372,0.06666666666666667
1358,aer Pocket (bright) 10g,General Grocery,150.0,46,22,6900.0,460.0,2024-01-02,2025-12-30,21,0.06292749658002736,0.030095759233926128,0.028727770177838577,0.06666666666666667
1359,aer Pocket (fresh) 10g,General Grocery,150.0,27,16,4050.0,270.0,2024-01-27,2025-12-30,15,0.036935704514363885,0.02188782489740082,0.02051983584131327,0.06666666666666667
1360,aer Pocket (berry) 10g,General Grocery,150.0,37,18,5550.0,370.0,2024-01-27,2025-12-17,18,0.0506155950752394,0.024623803009575923,0.024623803009575923,0.06666666666666667
1361,aer Pocket (floral) 10g,General Grocery,150.0,33,19,4950.0,330.0,2024-01-05,2025-05-26,19,0.04514363885088919,0.025991792065663474,0.025991792065663474,0.06666666666666667
1362,Colin Glass Cleaner 250ml,Cleaning & Household,178.0,72,40,12816.0,1080.0,2024-01-01,2025-12-22,38,0.09849521203830369,0.05471956224350205,0.05198358413132695,0.08426966292134831
1363,Mortein Fast Kill 250ml,General Grocery,400.0,30,16,12000.0,1998.3,2024-01-08,2025-12-13,15,0.04103967168262654,0.02188782489740082,0.02051983584131327,0.166525
1364,Mortein Fast Kill 600ml,General Grocery,665.0,31,17,20615.0,1240.0,2024-01-10,2025-12-02,16,0.04240766073871409,0.023255813953488372,0.02188782489740082,0.06015037593984962
1365,Mortein Flying Insect Killer 250ml,General Grocery,385.0,38,19,14630.0,874.0,2024-01-04,2025-12-09,19,0.05198358413132695,0.025991792065663474,0.025991792065663474,0.05974025974025974
1366,Ninja Protector 300ml,General Grocery,395.0,42,20,16590.0,1134.0,2024-01-06,2025-12-24,20,0.057455540355677154,0.027359781121751026,0.027359781121751026,0.06835443037974684
1367,Mortein Mosquito Control Liquid 25ml,General Grocery,455.0,24,12,10920.0,1320.0,2024-01-25,2025-12-12,12,0.03283173734610123,0.016415868673050615,0.016415868673050615,0.12087912087912088
1368,Mortein Mosquito Control Liquid 35ml,General Grocery,490.0,25,15,12250.0,1250.0,2024-02-14,2025-12-25,14,0.03419972640218878,0.02051983584131327,0.019151846785225718,0.10204081632653061
1369,Mortein Mosquito Control Liquid 45ml,General Grocery,270.0,41,19,11070.0,1025.0,2024-01-10,2025-12-23,19,0.0560875512995896,0.025991792065663474,0.025991792065663474,0.09259259259259259
1371,Mortein Mosquito Control Liquid+Machine,General Grocery,830.0,35,19,29050.0,2800.0,2024-02-04,2025-12-27,18,0.047879616963064295,0.025991792065663474,0.024623803009575923,0.0963855421686747
1372,Mortein Rat Kill 25g,General Grocery,130.0,35,16,4550.0,1050.0,2024-01-18,2025-12-03,16,0.047879616963064295,0.02188782489740082,0.02188782489740082,0.23076923076923078
1373,Ninja Mosquito Control Liquid 30Nights 35ml,General Grocery,425.0,29,15,12325.0,1450.0,2024-01-11,2025-12-18,15,0.03967168262653899,0.02051983584131327,0.02051983584131327,0.11764705882352941
1374,Ninja Mosquito Control Liquid+Machine,General Grocery,750.0,30,19,22500.0,1500.0,2024-01-06,2025-12-22,18,0.04103967168262654,0.025991792065663474,0.024623803009575923,0.06666666666666667
1375,Ninja Power 10,General Grocery,180.0,27,16,4860.0,270.0,2024-01-26,2025-12-26,16,0.036935704514363885,0.02188782489740082,0.02188782489740082,0.05555555555555555
1376,HitLine Chalk,General Grocery,80.0,31,15,2480.0,248.0,2024-03-03,2025-12-29,15,0.04240766073871409,0.02051983584131327,0.02051983584131327,0.1
1377,Good knight Advanced,General Grocery,830.0,23,10,19090.0,1840.0,2024-01-07,2025-07-23,10,0.03146374829001368,0.013679890560875513,0.013679890560875513,0.0963855421686747
1378,Siddhalepa Balm 5g,Health & Medicine,60.0,20,12,1200.0,120.0,2024-01-24,2025-08-21,12,0.027359781121751026,0.016415868673050615,0.016415868673050615,0.1
1379,Siddhalepa Balm 10g,Health & Medicine,105.0,27,17,2835.0,283.5,2024-01-11,2025-12-07,16,0.036935704514363885,0.023255813953488372,0.02188782489740082,0.1
1380,Siddhalepa Balm 15g,Health & Medicine,155.0,20,12,3100.0,310.0,2024-01-24,2025-02-02,11,0.027359781121751026,0.016415868673050615,0.015047879616963064,0.1
1381,Siddhalepa Balm 25g,Health & Medicine,225.0,30,17,6750.0,675.0,2024-01-27,2025-12-17,17,0.04103967168262654,0.023255813953488372,0.023255813953488372,0.1
1382,Siddhalepa Balm 50g,Health & Medicine,350.0,45,24,15750.0,1575.0,2024-01-09,2025-12-01,24,0.06155950752393981,0.03283173734610123,0.03283173734610123,0.1
1383,Siddhalepa Inhaler,Health & Medicine,75.0,30,20,2250.0,240.0,2024-01-26,2025-11-27,19,0.04103967168262654,0.027359781121751026,0.025991792065663474,0.10666666666666667
1384,Siddhalepa Lakpeyawa,Health & Medicine,180.0,29,17,5220.0,870.0,2024-01-17,2025-12-02,16,0.03967168262653899,0.023255813953488372,0.02188782489740082,0.16666666666666666
1385,Siddhalepa Cough Syrup 200ml,Health & Medicine,280.0,36,17,10080.0,1080.0,2024-01-06,2025-12-13,17,0.049247606019151846,0.023255813953488372,0.023255813953488372,0.10714285714285714
1386,Siddhalepa Neelyadi Oil 100ml,Health & Medicine,280.0,92,17,25760.0,2760.0,2024-01-28,2025-12-06,16,0.12585499316005472,0.023255813953488372,0.02188782489740082,0.10714285714285714
1387,Siddhalepa Peenas Thailaya 100ml,Health & Medicine,300.0,26,16,7800.0,1040.0,2024-01-08,2025-12-24,16,0.03556771545827633,0.02188782489740082,0.02188782489740082,0.13333333333333333
1388,Iodex Balm 2.5g,Health & Medicine,35.0,31,19,1085.0,124.0,2024-01-08,2025-11-12,19,0.04240766073871409,0.025991792065663474,0.025991792065663474,0.11428571428571428
1389,Iodex Balm 5g,Health & Medicine,65.0,20,14,1300.0,100.0,2024-01-29,2025-12-30,14,0.027359781121751026,0.019151846785225718,0.019151846785225718,0.07692307692307693
1390,Iodex Balm 9g,Health & Medicine,190.0,27,14,5130.0,1080.0,2024-01-24,2025-12-29,14,0.036935704514363885,0.019151846785225718,0.019151846785225718,0.21052631578947367
1391,Iodex Headfast 4g,General Grocery,75.0,25,14,1875.0,250.0,2024-01-02,2025-12-07,14,0.03419972640218878,0.019151846785225718,0.019151846785225718,0.13333333333333333
1392,Vicks VapoRub 10ml,General Grocery,100.0,41,20,4100.0,410.0,2024-01-03,2025-11-10,20,0.0560875512995896,0.027359781121751026,0.027359781121751026,0.1
1393,Vicks Inhaler  0.5ml,Health & Medicine,95.0,24,16,2280.0,168.0,2024-02-10,2025-12-24,15,0.03283173734610123,0.02188782489740082,0.02051983584131327,0.07368421052631578
1394,S P Balm 3g,Health & Medicine,30.0,30,19,900.0,150.0,2024-01-21,2025-12-02,19,0.04103967168262654,0.025991792065663474,0.025991792065663474,0.16666666666666666
1395,S P Balm 7g,Health & Medicine,75.0,33,18,2475.0,330.0,2024-01-26,2025-12-26,18,0.04514363885088919,0.024623803009575923,0.024623803009575923,0.13333333333333333
1396,Link Samahan 10pkt,Health & Medicine,300.0,24,17,7200.0,1800.0,2024-02-28,2025-12-24,17,0.03283173734610123,0.023255813953488372,0.023255813953488372,0.25
1397,Link Paspanguwa 23g,General Grocery,100.0,30,19,3000.0,450.0,2024-01-11,2025-12-10,19,0.04103967168262654,0.025991792065663474,0.025991792065663474,0.15
1398,Siddhalepa Asamodagam 385ml,Health & Medicine,110.0,28,14,3080.0,420.0,2024-01-03,2025-11-23,14,0.038303693570451436,0.019151846785225718,0.019151846785225718,0.13636363636363635
1399,Kellogg's Oats 200g,Staples & Dry Groceries,200.0,220,55,44000.0,5280.0,2024-01-18,2025-12-27,51,0.3009575923392613,0.07523939808481532,0.06976744186046512,0.12
1400,Kellogg's Oats 450g,Staples & Dry Groceries,425.0,172,46,73100.0,8772.0,2024-01-23,2025-12-24,46,0.23529411764705882,0.06292749658002736,0.06292749658002736,0.12
1403,Kellogg's Chocos 26g,General Grocery,40.0,31,13,1240.0,124.0,2024-01-21,2025-11-23,13,0.04240766073871409,0.017783857729138167,0.017783857729138167,0.1
1404,Kellogg's Chocos 110g,General Grocery,260.0,32,19,8320.0,960.0,2024-01-18,2025-12-08,19,0.04377564979480164,0.025991792065663474,0.025991792065663474,0.11538461538461539
1405,Prima White Bread 500g,General Grocery,495.0,18,10,8910.0,891.0,2024-05-21,2025-11-12,10,0.024623803009575923,0.013679890560875513,0.013679890560875513,0.1
1406,Prima Crust Top Bread 400g,General Grocery,200.0,31,18,6200.0,1317.5,2024-05-20,2025-12-24,16,0.04240766073871409,0.024623803009575923,0.02188782489740082,0.2125
1407,Prima Family Bread 300g,General Grocery,190.0,29,18,5510.0,435.0,2024-01-18,2025-12-24,18,0.03967168262653899,0.024623803009575923,0.024623803009575923,0.07894736842105263
1408,Prima Wholemeal Bread 350g,General Grocery,370.0,34,16,12580.0,952.0,2024-01-08,2025-12-08,16,0.046511627906976744,0.02188782489740082,0.02188782489740082,0.07567567567567568
1409,Prima Burger Bun 130g,"Meat, Fish & Frozen",200.0,23,15,4600.0,276.0,2024-01-31,2025-11-22,15,0.03146374829001368,0.02051983584131327,0.02051983584131327,0.06
1410,Prima Tea Bun 75g,Beverages,60.0,1752,653,105120.0,13753.199999999999,2024-01-02,2025-12-31,420,2.39671682626539,0.893296853625171,0.5745554035567716,0.13083333333333333
1411,Prima Cream Bun 70g,Personal Care,60.0,74,39,4440.0,580.9,2024-01-09,2025-12-22,38,0.1012311901504788,0.0533515731874145,0.05198358413132695,0.13083333333333333
1412,Prima Cream Bun Chocolate (3in1),Personal Care,140.0,82,46,11480.0,656.0,2024-01-01,2025-12-01,45,0.1121751025991792,0.06292749658002736,0.06155950752393981,0.05714285714285714
1413,Prima Cream Bun Vanilla (3in1),Personal Care,140.0,77,48,10780.0,385.0,2024-01-05,2025-12-30,44,0.10533515731874145,0.06566347469220246,0.060191518467852256,0.03571428571428571
1414,Tipi Tip Onion 13g,General Grocery,40.0,48,21,1920.0,240.0,2024-02-04,2025-11-30,21,0.06566347469220246,0.028727770177838577,0.028727770177838577,0.125
1415,Tipi Tip Onion 50g,General Grocery,100.0,20,13,2000.0,240.0,2024-02-22,2025-11-08,13,0.027359781121751026,0.017783857729138167,0.017783857729138167,0.12
1416,Highland  Vanilla Milk 180ml,Dairy & Chilled,100.0,1670,871,167000.0,33400.0,2024-01-01,2025-12-30,487,2.284541723666211,1.1915184678522572,0.6662106703146374,0.2
1417,Highland Fresh Milk 450ml,Dairy & Chilled,200.0,146,74,29200.0,2920.0,2024-01-08,2025-12-04,70,0.1997264021887825,0.1012311901504788,0.09575923392612859,0.1
1418,Highland Fresh Milk 900ml,Dairy & Chilled,380.0,865,448,328700.0,34600.0,2024-01-01,2025-12-31,327,1.183310533515732,0.612859097127223,0.4473324213406293,0.10526315789473684
1419,Highland Butter (Salted) 200g,Dairy & Chilled,1100.0,921,477,1013100.0,119730.0,2024-01-01,2025-12-31,325,1.2599179206566347,0.652530779753762,0.44459644322845415,0.11818181818181818
1420,Highland Butter (Unsalted) 200g,Dairy & Chilled,1200.0,105,54,126000.0,2100.0,2024-01-03,2025-12-24,52,0.1436388508891929,0.07387140902872777,0.07113543091655267,0.016666666666666666
1421,Highland Set Yoghurt  90g,Dairy & Chilled,70.0,66,38,4620.0,1089.0,2024-01-14,2025-12-25,37,0.09028727770177838,0.05198358413132695,0.0506155950752394,0.2357142857142857
1422,Highland Milk Powder 400g,Dairy & Chilled,470.0,1037,550,487390.0,109766.45,2024-01-01,2025-12-31,375,1.4186046511627908,0.7523939808481532,0.5129958960328317,0.2252127659574468
1423,Highland Milk Powder (Low Fat) 400g,Dairy & Chilled,380.0,121,63,45980.0,0.0,2024-01-06,2025-12-18,60,0.16552667578659372,0.08618331053351573,0.08207934336525308,0.0
1424,Ambewela Fresh Milk 200ml,Dairy & Chilled,130.0,126,69,16380.0,2520.0,2024-01-06,2025-12-30,66,0.17236662106703146,0.09439124487004104,0.09028727770177838,0.15384615384615385
1425,Ambewela Fresh Milk 1L,Dairy & Chilled,520.0,101,57,52520.0,7070.0,2024-01-08,2025-12-28,54,0.1381668946648427,0.07797537619699042,0.07387140902872777,0.1346153846153846
1426,Ambewela Fresh Milk (vanilla) 1L,Dairy & Chilled,550.0,523,276,287650.0,26150.0,2024-01-01,2025-12-29,210,0.7154582763337893,0.37756497948016415,0.2872777017783858,0.09090909090909091
1428,Ambewela Fresh Milk (non-fat) 1L,Dairy & Chilled,520.0,109,59,56680.0,4905.0,2024-01-06,2025-12-19,57,0.1491108071135431,0.08071135430916553,0.07797537619699042,0.08653846153846154
1429,Daily Chocolate milk 180ml,Dairy & Chilled,130.0,131,63,17030.0,2620.0,2024-01-16,2025-12-12,60,0.17920656634746923,0.08618331053351573,0.08207934336525308,0.15384615384615385
1430,Daily Vanilla milk 180ml,Dairy & Chilled,130.0,459,235,59670.0,9180.0,2024-01-06,2025-12-31,178,0.627906976744186,0.32147742818057456,0.24350205198358413,0.15384615384615385
1431,Daily Iced Coffee 180ml,Beverages,65.0,141,49,9165.0,916.5,2024-01-01,2025-12-26,46,0.19288645690834474,0.06703146374829001,0.06292749658002736,0.1
1432,Daily Faluda milk 180ml,Dairy & Chilled,130.0,113,64,14690.0,2260.0,2024-01-05,2025-12-29,59,0.1545827633378933,0.08755129958960328,0.08071135430916553,0.15384615384615385
1434,My Juicee 180ml (Apple),General Grocery,120.0,52,24,6240.0,1040.0,2024-01-01,2025-11-03,24,0.07113543091655267,0.03283173734610123,0.03283173734610123,0.16666666666666666
1435,Kotmale Fresh Milk 1L,Dairy & Chilled,270.0,122,71,32940.0,3660.0,2024-02-02,2025-12-16,68,0.16689466484268126,0.09712722298221614,0.09302325581395349,0.1111111111111111
1436,Kotmale Vanilla milk 170ml,Dairy & Chilled,100.0,875,424,87500.0,17500.0,2024-01-01,2025-12-31,324,1.1969904240766074,0.5800273597811217,0.4432284541723666,0.2
1437,Kotmale Chocolate milk 170ml,Dairy & Chilled,50.0,141,69,7050.0,846.0,2024-01-05,2025-12-21,67,0.19288645690834474,0.09439124487004104,0.09165526675786594,0.12
1438,Kotmale Cheese wedges 60g,Dairy & Chilled,160.0,100,45,16000.0,1500.0,2024-01-05,2025-12-17,45,0.13679890560875513,0.06155950752393981,0.06155950752393981,0.09375
1439,Kotmale Cheese wedges 120g,Dairy & Chilled,560.0,78,41,43680.0,780.0,2024-01-01,2025-11-25,39,0.106703146374829,0.0560875512995896,0.0533515731874145,0.017857142857142856
1440,Happy Cow Cheese 120g,Dairy & Chilled,840.0,91,50,76440.0,3640.0,2024-01-06,2025-12-29,46,0.12448700410396717,0.06839945280437756,0.06292749658002736,0.047619047619047616
1441,Happy Cow Alpine 150g,General Grocery,1440.0,21,13,30240.0,2940.0,2024-01-03,2025-12-27,13,0.028727770177838577,0.017783857729138167,0.017783857729138167,0.09722222222222222
1442,Rich Life Cheese Wedges 120g,Dairy & Chilled,560.0,91,50,50960.0,1820.0,2024-01-05,2025-12-08,48,0.12448700410396717,0.06839945280437756,0.06566347469220246,0.03571428571428571
1443,Rich Life Set Yoghurt 500g,Dairy & Chilled,380.0,90,45,34200.0,2700.0,2024-01-04,2025-12-31,44,0.12311901504787962,0.06155950752393981,0.060191518467852256,0.07894736842105263
1444,Rich Life Set Yoghurt 950g,Dairy & Chilled,650.0,71,39,46150.0,3550.0,2024-01-03,2025-12-30,38,0.09712722298221614,0.0533515731874145,0.05198358413132695,0.07692307692307693
1445,Rich Life Set Kiri 500g,General Grocery,400.0,44,19,17600.0,2200.0,2024-02-13,2025-12-28,19,0.060191518467852256,0.025991792065663474,0.025991792065663474,0.125
1446,Rich Life Set Kiri 900g,General Grocery,700.0,30,15,21000.0,3000.0,2024-01-15,2025-12-10,15,0.04103967168262654,0.02051983584131327,0.02051983584131327,0.14285714285714285
1447,R.L Drinking Yoghurt (vanilla),Dairy & Chilled,150.0,128,67,19200.0,3840.0,2024-01-05,2025-12-29,63,0.17510259917920656,0.09165526675786594,0.08618331053351573,0.2
1448,A. Drinking Yoghurt (vanilla),Dairy & Chilled,160.0,115,62,18400.0,2300.0,2024-01-07,2025-12-24,62,0.1573187414500684,0.08481532147742818,0.08481532147742818,0.125
1449,Milo Drink 180ml,Beverages,130.0,2293,877,298090.0,34395.0,2024-01-01,2025-12-30,512,3.1367989056087553,1.1997264021887826,0.7004103967168263,0.11538461538461539
1450,Nescafe Ice Coffee 180ml,Beverages,150.0,152,56,22800.0,3040.0,2024-01-24,2025-12-23,54,0.2079343365253078,0.07660738714090287,0.07387140902872777,0.13333333333333333
1451,Sustagen 400g,General Grocery,3900.0,26,16,101400.0,9842.300000000001,2024-01-05,2025-12-14,16,0.03556771545827633,0.02188782489740082,0.02188782489740082,0.09706410256410257
1452,Anlene (Low fat milk powder) 400g,Dairy & Chilled,595.0,127,64,75565.0,5289.55,2024-01-06,2025-12-30,62,0.17373461012311903,0.08755129958960328,0.08481532147742818,0.07
1453,Bonlac (Non-fat) 400g,General Grocery,565.0,37,20,20905.0,5550.0,2024-01-20,2025-12-25,20,0.0506155950752394,0.027359781121751026,0.027359781121751026,0.26548672566371684
1454,Anchor Milk Powder 400g,Dairy & Chilled,1150.0,118,59,135700.0,5900.0,2024-01-02,2025-12-30,58,0.16142270861833105,0.08071135430916553,0.07934336525307797,0.043478260869565216
1455,Anchor Milk Powder 1kg,Dairy & Chilled,1195.0,110,59,131450.0,5390.0,2024-01-10,2025-12-25,55,0.15047879616963064,0.08071135430916553,0.07523939808481532,0.04100418410041841
1456,Ratthi Milk Powder 75g,Dairy & Chilled,75.0,101,50,7575.0,385.82,2024-01-13,2025-12-30,50,0.1381668946648427,0.06839945280437756,0.06839945280437756,0.05093333333333333
1457,Ratthi Milk Powder 160g,Dairy & Chilled,150.0,427,226,64050.0,4270.0,2024-01-02,2025-12-26,171,0.5841313269493844,0.3091655266757866,0.23392612859097128,0.06666666666666667
1459,Ratthi Milk Powder 400g,Dairy & Chilled,1150.0,150,70,172500.0,22500.0,2024-01-08,2025-12-15,66,0.2051983584131327,0.09575923392612859,0.09028727770177838,0.13043478260869565
1460,Ratthi Milk Powder 1kg,Dairy & Chilled,2990.0,142,75,424580.0,26980.0,2024-01-08,2025-12-31,72,0.19425444596443228,0.10259917920656635,0.09849521203830369,0.06354515050167224
1461,Maliban Milk  Powder 150g,Dairy & Chilled,140.0,121,66,16940.0,1210.0,2024-01-02,2025-12-18,63,0.16552667578659372,0.09028727770177838,0.08618331053351573,0.07142857142857142
1462,Maliban Milk  Powder 400g,Dairy & Chilled,480.0,131,68,62880.0,1965.0,2024-01-14,2025-11-20,63,0.17920656634746923,0.09302325581395349,0.08618331053351573,0.03125
1463,Maliban Milk  Powder 1kg,Dairy & Chilled,945.0,122,67,115290.0,5856.0,2024-01-10,2025-12-29,65,0.16689466484268126,0.09165526675786594,0.08891928864569083,0.050793650793650794
1464,Lakspray Milk Powder 400g,Dairy & Chilled,380.0,103,61,39140.0,1957.0,2024-01-04,2025-12-18,60,0.1409028727770178,0.08344733242134063,0.08207934336525308,0.05
1465,Pelwatte Milk Powder 400g,Dairy & Chilled,380.0,134,66,50920.0,1072.0,2024-01-18,2025-12-23,62,0.18331053351573187,0.09028727770177838,0.08481532147742818,0.021052631578947368
1467,Nestomalt  600g,General Grocery,525.0,35,16,18375.0,990.85,2024-02-18,2025-12-29,16,0.047879616963064295,0.02188782489740082,0.02188782489740082,0.05392380952380953
1469,Nestomalt 175g,General Grocery,165.0,26,15,4290.0,390.0,2024-02-03,2025-12-22,15,0.03556771545827633,0.02051983584131327,0.02051983584131327,0.09090909090909091
1470,Milo milk powder 400g,Dairy & Chilled,415.0,128,68,53120.0,5120.0,2024-01-01,2025-12-21,64,0.17510259917920656,0.09302325581395349,0.08755129958960328,0.0963855421686747
1472,Nescafe 3in1 18g,General Grocery,35.0,27,15,945.0,229.5,2024-02-15,2025-12-24,14,0.036935704514363885,0.02051983584131327,0.019151846785225718,0.24285714285714285
1473,Nescafe Classic 50g,General Grocery,840.0,33,17,27720.0,1320.0,2024-01-08,2025-12-25,16,0.04514363885088919,0.023255813953488372,0.02188782489740082,0.047619047619047616
1474,Nescafe Classic 100g,General Grocery,2000.0,16,8,32000.0,2776.3199999999997,2024-04-20,2025-12-17,8,0.02188782489740082,0.01094391244870041,0.01094391244870041,0.08675999999999999
1475,Nescafe Classic 200g,General Grocery,1745.0,25,10,43625.0,4875.0,2024-01-29,2025-12-31,10,0.03419972640218878,0.013679890560875513,0.013679890560875513,0.11174785100286533
1476,Nescafe Classic 1.2g,General Grocery,25.0,36,21,900.0,180.0,2024-05-10,2025-12-28,21,0.049247606019151846,0.028727770177838577,0.028727770177838577,0.2
1477,Milkmaid 510g,General Grocery,410.0,724,376,296840.0,28960.0,2024-01-05,2025-12-30,280,0.9904240766073872,0.5143638850889193,0.38303693570451436,0.0975609756097561
1478,White Sugar 1kg (Pkt),Staples & Dry Groceries,250.0,7924,1766,1981000.0,158480.0,2024-01-01,2025-12-31,598,10.839945280437757,2.415868673050616,0.8180574555403557,0.08
1479,White Sugar 1kg,Staples & Dry Groceries,230.0,8309,1849,1911070.0,166180.0,2024-01-01,2025-12-31,609,11.366621067031463,2.5294117647058822,0.8331053351573188,0.08695652173913043
1480,Milo milk powder 15g,Dairy & Chilled,20.0,112,56,2240.0,203.84,2024-01-13,2025-12-22,53,0.15321477428180574,0.07660738714090287,0.07250341997264022,0.091
1481,Milo milk powder 200g,Dairy & Chilled,225.0,127,68,28575.0,2815.59,2024-01-05,2025-12-08,64,0.17373461012311903,0.09302325581395349,0.08755129958960328,0.09853333333333333
1482,Nestomolt 28g,General Grocery,25.0,28,12,700.0,39.76,2024-04-17,2025-12-26,12,0.038303693570451436,0.016415868673050615,0.016415868673050615,0.056799999999999996
1483,NAN 1(350g),General Grocery,1200.0,36,19,43200.0,2880.0,2024-01-10,2025-10-22,19,0.049247606019151846,0.025991792065663474,0.025991792065663474,0.06666666666666667
1484,NAN 2 (350g),General Grocery,1200.0,23,12,27600.0,1840.0,2024-02-23,2025-12-09,12,0.03146374829001368,0.016415868673050615,0.016415868673050615,0.06666666666666667
1485,Nangrow 3 (300g),General Grocery,1050.0,25,14,26250.0,2601.25,2024-02-29,2025-12-31,14,0.03419972640218878,0.019151846785225718,0.019151846785225718,0.0990952380952381
1486,Nangrow 4 (300g),General Grocery,950.0,24,12,22800.0,1200.0,2024-02-27,2025-09-07,12,0.03283173734610123,0.016415868673050615,0.016415868673050615,0.05263157894736842
1487,Lactogen 1,General Grocery,590.0,30,14,17700.0,900.0,2024-01-19,2025-08-26,14,0.04103967168262654,0.019151846785225718,0.019151846785225718,0.05084745762711865
1488,Lactogen 2,General Grocery,580.0,41,18,23780.0,615.0,2024-01-23,2025-12-05,18,0.0560875512995896,0.024623803009575923,0.024623803009575923,0.02586206896551724
1489,Lactogrow 3,General Grocery,690.0,35,15,24150.0,1225.0,2024-01-10,2025-12-27,15,0.047879616963064295,0.02051983584131327,0.02051983584131327,0.050724637681159424
1490,Lactogrow 4,General Grocery,680.0,23,14,15640.0,759.0,2024-01-10,2025-11-15,14,0.03146374829001368,0.019151846785225718,0.019151846785225718,0.04852941176470588
1491,Cerelac Red Rice 250g,Staples & Dry Groceries,430.0,448,94,192640.0,22400.0,2024-01-11,2025-12-30,84,0.612859097127223,0.12859097127222982,0.11491108071135431,0.11627906976744186
1492,Cerelac Mixed Fruits 250g,General Grocery,430.0,54,24,23220.0,1722.6,2024-03-10,2025-11-23,23,0.07387140902872777,0.03283173734610123,0.03146374829001368,0.0741860465116279
1493,Cerelac Mixed Cereals,General Grocery,420.0,26,14,10920.0,569.4,2024-01-01,2025-12-30,14,0.03556771545827633,0.019151846785225718,0.019151846785225718,0.052142857142857144
1494,"Ceregrow Wheat,Honey&dates",General Grocery,480.0,32,16,15360.0,1104.0,2024-01-28,2025-12-29,14,0.04377564979480164,0.02188782489740082,0.019151846785225718,0.071875
1495,Ceregrow 4Grains 5Fruits,General Grocery,450.0,32,18,14400.0,800.0,2024-01-11,2025-12-22,17,0.04377564979480164,0.024623803009575923,0.023255813953488372,0.05555555555555555
1496,Tiara Layer Cake (Chocolate)310g,Snacks & Confectionery,260.0,2826,1005,734760.0,110214.0,2024-01-01,2025-12-31,507,3.86593707250342,1.3748290013679891,0.6935704514363885,0.15
1497,Tiara Layer Cake (Vanilla)310g,Snacks & Confectionery,260.0,205,62,53300.0,7995.0,2024-01-06,2025-12-22,60,0.280437756497948,0.08481532147742818,0.08207934336525308,0.15
1498,Tiara Layer Cake (Chocolate)480g,Snacks & Confectionery,440.0,126,50,55440.0,12600.0,2024-01-06,2025-12-30,49,0.17236662106703146,0.06839945280437756,0.06703146374829001,0.22727272727272727
1499,Tiara Layer Cake (Vanilla)480g,Snacks & Confectionery,400.0,692,225,276800.0,41520.0,2024-01-06,2025-12-30,185,0.9466484268125855,0.307797537619699,0.253077975376197,0.15
1500,Tiara Swiss Roll (Vanilla)200g,General Grocery,200.0,49,29,9800.0,1470.0,2024-01-01,2025-12-24,28,0.06703146374829001,0.03967168262653899,0.038303693570451436,0.15
1501,Tiara Swiss Roll (Chocolate)200g,Snacks & Confectionery,200.0,121,45,24200.0,3630.0,2024-01-13,2025-12-20,41,0.16552667578659372,0.06155950752393981,0.0560875512995896,0.15
1502,Little Lion Madeira Cake 325g,Snacks & Confectionery,580.0,150,48,87000.0,3000.0,2024-02-02,2025-12-30,45,0.2051983584131327,0.06566347469220246,0.06155950752393981,0.034482758620689655
1503,Little Lion Sponge Roll 200g,Cleaning & Household,520.0,70,38,36400.0,4900.0,2024-01-29,2025-12-31,36,0.09575923392612859,0.05198358413132695,0.049247606019151846,0.1346153846153846
1504,E /H Wonder Cone (Chocolate),Snacks & Confectionery,100.0,115,42,11500.0,2415.0,2024-02-05,2025-12-25,39,0.1573187414500684,0.057455540355677154,0.0533515731874145,0.21
1505,E/H Wonder Cone (Vanilla),General Grocery,100.0,29,18,2900.0,609.0,2024-01-08,2025-12-10,18,0.03967168262653899,0.024623803009575923,0.024623803009575923,0.21
1506,E/H Wonder Bar (Chocolate),Snacks & Confectionery,50.0,185,60,9250.0,1248.75,2024-01-02,2025-12-27,58,0.253077975376197,0.08207934336525308,0.07934336525307797,0.135
1507,E/H Wonder Bar (Vanilla),General Grocery,50.0,42,23,2100.0,283.5,2024-01-04,2025-12-28,23,0.057455540355677154,0.03146374829001368,0.03146374829001368,0.135
1508,E/H Wonder Bite (Vanilla),General Grocery,120.0,50,21,6000.0,500.0,2024-01-27,2025-12-27,20,0.06839945280437756,0.028727770177838577,0.027359781121751026,0.08333333333333333
1509,E/H Wonder Choc Shock,General Grocery,60.0,19,9,1140.0,152.0,2024-01-05,2025-12-28,9,0.025991792065663474,0.012311901504787962,0.012311901504787962,0.13333333333333333
1510,E/H Wonder Berry,General Grocery,60.0,36,19,2160.0,288.0,2024-01-08,2025-12-18,19,0.049247606019151846,0.025991792065663474,0.025991792065663474,0.13333333333333333
1511,E/H Choco Knight,General Grocery,60.0,44,19,2640.0,352.0,2024-01-06,2025-12-16,18,0.060191518467852256,0.025991792065663474,0.024623803009575923,0.13333333333333333
1512,E/H Bubble Gummy,General Grocery,60.0,22,13,1320.0,176.0,2024-01-14,2025-11-18,13,0.030095759233926128,0.017783857729138167,0.017783857729138167,0.13333333333333333
1513,E/H Cotton Candy,Snacks & Confectionery,60.0,128,46,7680.0,1024.0,2024-01-06,2025-11-17,43,0.17510259917920656,0.06292749658002736,0.058823529411764705,0.13333333333333333
1514,E/H 2 Bar,General Grocery,30.0,38,21,1140.0,152.0,2024-01-01,2025-12-30,20,0.05198358413132695,0.028727770177838577,0.027359781121751026,0.13333333333333333
1515,E/H Necto,General Grocery,20.0,28,16,560.0,84.0,2024-01-22,2025-12-20,16,0.038303693570451436,0.02188782489740082,0.02188782489740082,0.15
1516,E/H Ice Cream (Chocolate) 80ml,Personal Care,40.0,659,386,26360.0,4118.75,2024-01-03,2025-12-29,289,0.9015047879616963,0.5280437756497948,0.3953488372093023,0.15625
1517,E/H Ice Cream (Vanilla) 80ml,Personal Care,35.0,377,220,13195.0,2073.5,2024-01-08,2025-12-30,177,0.5157318741450069,0.3009575923392613,0.2421340629274966,0.15714285714285714
1518,E/H Ice Cream (Strawberry)80ml,Personal Care,40.0,66,41,2640.0,412.5,2024-01-06,2025-12-30,41,0.09028727770177838,0.0560875512995896,0.0560875512995896,0.15625
1519,E/H Ice Cream (Pani-cadju)80ml,Personal Care,60.0,61,34,3660.0,564.25,2024-01-08,2025-12-26,33,0.08344733242134063,0.046511627906976744,0.04514363885088919,0.15416666666666667
1520,"E/H Ice Cream (Fruit'n,Nut)80ml",Personal Care,50.0,53,30,2650.0,410.75,2024-01-28,2025-12-28,30,0.07250341997264022,0.04103967168262654,0.04103967168262654,0.155
1521,E/H Ice Cream (Choco Nut Vanilla)80ml,Personal Care,50.0,97,51,4850.0,751.75,2024-01-06,2025-12-31,51,0.1326949384404925,0.06976744186046512,0.06976744186046512,0.155
1522,ICE-MAN Tube Ice 1kg,General Grocery,300.0,47,21,14100.0,7520.0,2024-01-21,2025-12-17,21,0.06429548563611491,0.028727770177838577,0.028727770177838577,0.5333333333333333
1523,E/H Ice Cream (Vanilla)500ml,Personal Care,160.0,78,39,12480.0,2340.0,2024-03-09,2025-12-30,38,0.106703146374829,0.0533515731874145,0.05198358413132695,0.1875
1524,E/H Ice Cream (Vanilla) 1L,Personal Care,550.0,88,43,48400.0,4400.0,2024-01-30,2025-12-28,42,0.12038303693570451,0.058823529411764705,0.057455540355677154,0.09090909090909091
1525,E/H Ice Cream (Vanilla) 2L,Personal Care,1080.0,80,44,86400.0,10400.0,2024-01-02,2025-12-22,43,0.1094391244870041,0.060191518467852256,0.058823529411764705,0.12037037037037036
1526,E/H Ice Cream (Vanilla) 4L,Personal Care,1870.0,87,53,162690.0,10440.0,2024-01-05,2025-12-23,49,0.11901504787961696,0.07250341997264022,0.06703146374829001,0.06417112299465241
1527,E/H Ice Cream (Chocolate) 500ml,Personal Care,170.0,417,246,70890.0,9486.75,2024-01-03,2025-12-30,190,0.5704514363885089,0.33652530779753764,0.25991792065663477,0.1338235294117647
1528,E/H Ice Cream (Chocolate) 1L,Personal Care,600.0,64,44,38400.0,5120.0,2024-01-26,2025-12-27,44,0.08755129958960328,0.060191518467852256,0.060191518467852256,0.13333333333333333
1529,E/H Ice Cream (Chocolate) 2L,Personal Care,1180.0,74,42,87320.0,13320.0,2024-02-05,2025-12-29,41,0.1012311901504788,0.057455540355677154,0.0560875512995896,0.15254237288135594
1530,E/H Ice Cream (Chocolate) 4L,Personal Care,2200.0,107,70,235400.0,21400.0,2024-01-01,2025-12-27,65,0.146374829001368,0.09575923392612859,0.08891928864569083,0.09090909090909091
1531,E/H Ice Cream (Fruit & Nut)500ml,Personal Care,250.0,61,34,15250.0,1830.0,2024-01-12,2025-12-30,32,0.08344733242134063,0.046511627906976744,0.04377564979480164,0.12
1532,E/H Ice Cream (Fruit & Nut) 1L,Personal Care,420.0,61,35,25620.0,3431.25,2024-01-23,2025-12-29,34,0.08344733242134063,0.047879616963064295,0.046511627906976744,0.13392857142857142
1533,E/H Ice Cream (Fruit & Nut) 2L,Personal Care,740.0,42,28,31080.0,4998.0,2024-02-09,2025-12-31,26,0.057455540355677154,0.038303693570451436,0.03556771545827633,0.1608108108108108
1534,E/H Ice Cream (Fruit & Nut) 4L,Personal Care,1250.0,60,37,75000.0,12000.0,2024-01-14,2025-12-15,35,0.08207934336525308,0.0506155950752394,0.047879616963064295,0.16
1535,E/H Ice Cream (DoubleDelight) 1L,Personal Care,375.0,54,31,20250.0,3874.5,2024-01-07,2025-12-28,31,0.07387140902872777,0.04240766073871409,0.04240766073871409,0.19133333333333333
1536,E/H Ice Cream (Twist) 1L,Personal Care,650.0,63,39,40950.0,3150.0,2024-01-08,2025-12-27,39,0.08618331053351573,0.0533515731874145,0.0533515731874145,0.07692307692307693
1537,E/H Ice Cream (Hakuru Mix) 1L,Personal Care,400.0,66,41,26400.0,3531.0,2024-01-08,2025-12-28,38,0.09028727770177838,0.0560875512995896,0.05198358413132695,0.13375
1538,Flora Fat Spread 100g,General Grocery,310.0,23,12,7130.0,230.0,2024-04-20,2025-12-30,12,0.03146374829001368,0.016415868673050615,0.016415868673050615,0.03225806451612903
1539,Flora Fat Spread 250g,General Grocery,740.0,34,13,25160.0,680.0,2024-04-27,2025-12-16,12,0.046511627906976744,0.017783857729138167,0.016415868673050615,0.02702702702702703
1540,Meadowlea Fat-Spread 40g,General Grocery,45.0,29,13,1305.0,116.0,2024-01-02,2025-12-25,13,0.03967168262653899,0.017783857729138167,0.017783857729138167,0.08888888888888889
1541,Meadowlea Fat-Spread 100g,General Grocery,220.0,31,18,6820.0,1240.0,2024-01-30,2025-12-24,17,0.04240766073871409,0.024623803009575923,0.023255813953488372,0.18181818181818182
1542,Meadowlea Fat-Spread 250g,General Grocery,300.0,25,16,7500.0,750.0,2024-01-29,2025-11-26,16,0.03419972640218878,0.02188782489740082,0.02188782489740082,0.1
1543,Astra Fat-Spread 40g,General Grocery,100.0,17,10,1700.0,340.0,2024-01-14,2025-11-12,10,0.023255813953488372,0.013679890560875513,0.013679890560875513,0.2
1544,Astra Fat-Spread 100g,General Grocery,230.0,47,20,10810.0,1410.0,2024-01-24,2025-10-04,20,0.06429548563611491,0.027359781121751026,0.027359781121751026,0.13043478260869565
1545,Astra Fat-Spread 250g,General Grocery,580.0,19,10,11020.0,950.0,2024-02-06,2025-12-21,10,0.025991792065663474,0.013679890560875513,0.013679890560875513,0.08620689655172414
1546,Astra Fat-Spread 500g,General Grocery,1080.0,23,15,24840.0,2300.0,2024-02-23,2025-12-22,15,0.03146374829001368,0.02051983584131327,0.02051983584131327,0.09259259259259259
1547,Samaposha 200g,General Grocery,185.0,28,17,5180.0,560.0,2024-02-09,2025-11-22,16,0.038303693570451436,0.023255813953488372,0.02188782489740082,0.10810810810810811
1548,Samaposha Red-Rice 200g,Staples & Dry Groceries,80.0,369,82,29520.0,3321.0,2024-02-04,2025-12-26,76,0.5047879616963065,0.1121751025991792,0.1039671682626539,0.1125
1549,Sriposha 200g,General Grocery,90.0,26,12,2340.0,338.0,2024-02-15,2025-12-18,12,0.03556771545827633,0.016415868673050615,0.016415868673050615,0.14444444444444443
1550,Yaha Posha 200g,General Grocery,185.0,35,20,6475.0,525.0,2024-02-28,2025-11-15,20,0.047879616963064295,0.027359781121751026,0.027359781121751026,0.08108108108108109
1551,Maliban Tea 50g,Beverages,65.0,131,52,8515.0,1048.0,2024-01-03,2025-12-20,50,0.17920656634746923,0.07113543091655267,0.06839945280437756,0.12307692307692308
1552,Maliban Tea 100g,Beverages,130.0,185,66,24050.0,2775.0,2024-01-12,2025-12-21,64,0.253077975376197,0.09028727770177838,0.08755129958960328,0.11538461538461539
1553,Maliban Tea (Kahata-Poronduwa)50g,Beverages,45.0,218,76,9810.0,1090.0,2024-01-15,2025-12-28,73,0.2982216142270862,0.1039671682626539,0.09986320109439124,0.1111111111111111
1554,P.Baby Cologne (Pure-Gentle) 50ml,Baby & Kids,175.0,56,29,9800.0,1485.68,2024-01-15,2025-12-26,28,0.07660738714090287,0.03967168262653899,0.038303693570451436,0.1516
1556,Vaseline Intensive Care 100ml,General Grocery,355.0,28,15,9940.0,1260.0,2024-03-22,2025-12-11,15,0.038303693570451436,0.02051983584131327,0.02051983584131327,0.1267605633802817
1557,Vaseline Aloe Fresh 200ml,General Grocery,360.0,27,11,9720.0,1230.93,2024-01-25,2025-12-03,11,0.036935704514363885,0.015047879616963064,0.015047879616963064,0.12663888888888888
1558,Dreamron Conditioner 200ml,Personal Care,550.0,69,38,37950.0,4554.0,2024-01-08,2025-12-30,37,0.09439124487004104,0.05198358413132695,0.0506155950752394,0.12
1559,Dreamron Shampoo 200ml,Personal Care,530.0,87,51,46110.0,5533.2,2024-02-05,2025-12-31,49,0.11901504787961696,0.06976744186046512,0.06703146374829001,0.12
1560,Sunsilk Shampoo (Egg) 180ml,Personal Care,265.0,79,38,20935.0,2159.8599999999997,2024-01-22,2025-12-15,38,0.10807113543091655,0.05198358413132695,0.05198358413132695,0.1031698113207547
1561,Good Knight (Advanced)45ml,General Grocery,400.0,35,21,14000.0,700.0,2024-01-31,2025-12-21,21,0.047879616963064295,0.028727770177838577,0.028727770177838577,0.05
1562,Sun Silk Shampoo (King-coconut)80ML,Personal Care,160.0,1650,376,264000.0,79200.0,2024-01-04,2025-12-31,295,2.2571819425444595,0.5143638850889193,0.40355677154582764,0.3
1563,Watawala Tea 50g,Beverages,150.0,151,59,22650.0,1963.0,2024-01-16,2025-12-29,57,0.20656634746922026,0.08071135430916553,0.07797537619699042,0.08666666666666667
1564,Watawala Tea 100g,Beverages,295.0,3002,1117,885590.0,80513.64,2024-01-01,2025-12-30,544,4.106703146374829,1.5280437756497949,0.7441860465116279,0.09091525423728813
1565,Watawala Tea 200g,Beverages,580.0,160,59,92800.0,8436.8,2024-01-04,2025-11-30,55,0.2188782489740082,0.08071135430916553,0.07523939808481532,0.09091379310344827
1566,Watawala Tea 400g,Beverages,1140.0,1084,416,1235760.0,112345.76000000001,2024-01-03,2025-12-31,315,1.4829001367989056,0.5690834473324213,0.43091655266757867,0.09091228070175439
1567,Watawala Ayurvedic Tea 160g,Beverages,360.0,1852,685,666720.0,66672.0,2024-01-02,2025-12-31,433,2.533515731874145,0.9370725034199726,0.5923392612859097,0.1
1568,Zesta Tea (BOPF)  50g,Beverages,180.0,197,62,35460.0,3940.0,2024-01-15,2025-12-30,58,0.2694938440492476,0.08481532147742818,0.07934336525307797,0.1111111111111111
1569,Zesta Tea (BOPF) 100g,Beverages,360.0,1322,479,475920.0,52880.0,2024-01-01,2025-12-31,351,1.8084815321477428,0.655266757865937,0.4801641586867305,0.1111111111111111
1570,Zesta Tea (BOPF) 195g,Beverages,650.0,690,243,448500.0,34500.0,2024-01-04,2025-12-30,197,0.9439124487004104,0.332421340629275,0.2694938440492476,0.07692307692307693
1571,Zesta Tea Bags25(BOPF),Beverages,375.0,179,66,67125.0,13425.0,2024-01-03,2025-12-12,64,0.2448700410396717,0.09028727770177838,0.08755129958960328,0.2
1572,Zesta Tea Bags50(BOPF),Beverages,675.0,141,59,95175.0,10575.0,2024-01-19,2025-12-30,55,0.19288645690834474,0.08071135430916553,0.07523939808481532,0.1111111111111111
1573,Zesta Tea Bags 100(BOPF),Beverages,450.0,96,40,43200.0,3927.3599999999997,2024-02-18,2025-11-27,39,0.13132694938440492,0.05471956224350205,0.0533515731874145,0.09091111111111111
1574,Dilmah Leaf-Tea (BOPF) 100g,Beverages,150.0,978,371,146700.0,24450.0,2024-01-01,2025-12-30,280,1.3378932968536252,0.5075239398084815,0.38303693570451436,0.16666666666666666
1575,Dilmah Strong Tea 100g,Beverages,140.0,1317,462,184380.0,26340.0,2024-01-01,2025-12-31,331,1.801641586867305,0.6320109439124487,0.4528043775649795,0.14285714285714285
1576,Dilmah Tea-Bags 25,Beverages,135.0,129,50,17415.0,3225.0,2024-01-08,2025-12-23,47,0.17647058823529413,0.06839945280437756,0.06429548563611491,0.18518518518518517
1577,Laojee Tea 50g,Beverages,55.0,185,62,10175.0,1850.0,2024-01-01,2025-12-30,60,0.253077975376197,0.08481532147742818,0.08207934336525308,0.18181818181818182
1578,Laojee Tea 100g,Beverages,120.0,182,70,21840.0,3640.0,2024-01-08,2025-12-17,66,0.24897400820793433,0.09575923392612859,0.09028727770177838,0.16666666666666666
1579,Laojee Ginger Plus 90g,Cooking Essentials,150.0,160,39,24000.0,4000.0,2024-01-10,2025-11-28,39,0.2188782489740082,0.0533515731874145,0.0533515731874145,0.16666666666666666
1580,Ran Kahata 50g,General Grocery,45.0,25,16,1125.0,125.0,2024-03-01,2025-12-15,16,0.03419972640218878,0.02188782489740082,0.02188782489740082,0.1111111111111111
1581,Ran Kahata 100g,General Grocery,100.0,26,12,2600.0,234.0,2024-05-08,2025-12-28,12,0.03556771545827633,0.016415868673050615,0.016415868673050615,0.09
1582,Lipton Ceylonta Tea 50g,Beverages,68.0,162,70,11016.0,1002.7800000000001,2024-01-02,2025-12-22,67,0.2216142270861833,0.09575923392612859,0.09165526675786594,0.09102941176470589
1583,Lipton Ceylonta Tea 100g,Beverages,135.0,193,77,26055.0,2370.04,2024-01-01,2025-12-29,74,0.2640218878248974,0.10533515731874145,0.1012311901504788,0.09096296296296297
1584,Lipton Ceylonta Tea 200g,Beverages,270.0,1109,380,299430.0,27225.95,2024-01-11,2025-12-31,238,1.5170998632010944,0.5198358413132695,0.32558139534883723,0.09092592592592592
1585,Lipton Ceylonta Tea-Bags 50,Beverages,230.0,165,67,37950.0,5775.0,2024-01-08,2025-12-29,65,0.22571819425444598,0.09165526675786594,0.08891928864569083,0.15217391304347827
1586,Zesta Green Tea-Bags 25,Beverages,180.0,176,74,31680.0,3520.0,2024-01-08,2025-12-06,72,0.24076607387140903,0.1012311901504788,0.09849521203830369,0.1111111111111111
1587,Harischandra Coffee 20g,Beverages,90.0,187,65,16830.0,1870.0,2024-01-04,2025-12-23,60,0.2558139534883721,0.08891928864569083,0.08207934336525308,0.1111111111111111
1588,Harischandra Coffee 50g,Beverages,220.0,129,45,28380.0,2580.0,2024-01-13,2025-12-21,44,0.17647058823529413,0.06155950752393981,0.060191518467852256,0.09090909090909091
1589,Harischandra Coffee 100g,Beverages,440.0,163,65,71720.0,4890.0,2024-01-04,2025-12-25,63,0.22298221614227087,0.08891928864569083,0.08618331053351573,0.06818181818181818
1590,Lifebuoy Hand Sanitizer 50ml,General Grocery,175.0,20,10,3500.0,600.0,2024-02-15,2025-12-16,10,0.027359781121751026,0.013679890560875513,0.013679890560875513,0.17142857142857143
1591,Lifebuoy Hand Sanitizer 90ml,General Grocery,375.0,25,15,9375.0,1195.75,2024-02-11,2025-12-28,15,0.03419972640218878,0.02051983584131327,0.02051983584131327,0.12754666666666667
1592,My Doc Hand Sanitizer 50ml,General Grocery,220.0,26,12,5720.0,910.0,2024-01-30,2025-12-23,12,0.03556771545827633,0.016415868673050615,0.016415868673050615,0.1590909090909091
1593,My Doc Hand Sanitizer 150ml,General Grocery,300.0,27,15,8100.0,1080.0,2024-01-10,2025-11-17,15,0.036935704514363885,0.02051983584131327,0.02051983584131327,0.13333333333333333
1594,Medi Safe Hand Sanitizer 50ml,General Grocery,180.0,37,20,6660.0,740.0,2024-01-27,2025-12-22,20,0.0506155950752394,0.027359781121751026,0.027359781121751026,0.1111111111111111
1595,Medi Safe Hand Sanitizer 100ml,General Grocery,280.0,25,14,7000.0,750.0,2024-01-05,2025-12-23,14,0.03419972640218878,0.019151846785225718,0.019151846785225718,0.10714285714285714
1596,Dettol Hand Sanitizer 50ml,General Grocery,240.0,52,22,12480.0,1040.0,2024-01-08,2025-12-21,21,0.07113543091655267,0.030095759233926128,0.028727770177838577,0.08333333333333333
1597,Dettol Hand Sanitizer 200ml,General Grocery,780.0,21,10,16380.0,1260.0,2024-02-08,2025-12-28,10,0.028727770177838577,0.013679890560875513,0.013679890560875513,0.07692307692307693
1598,dash Hand Sanitizer 500ml,General Grocery,690.0,29,13,20010.0,1450.0,2024-06-20,2025-12-15,13,0.03967168262653899,0.017783857729138167,0.017783857729138167,0.07246376811594203
1599,Godrej Hair Colour Powder 3g,Personal Care,80.0,67,36,5360.0,574.19,2024-01-15,2025-12-26,35,0.09165526675786594,0.049247606019151846,0.047879616963064295,0.10712500000000001
1600,Godrej Hair Colour Powder 10g,Personal Care,200.0,45,32,9000.0,900.0,2024-01-21,2025-11-16,29,0.06155950752393981,0.04377564979480164,0.03967168262653899,0.1
1601,Godrej Hair Colour Shampoo 5ml,Personal Care,70.0,56,35,3920.0,420.0,2024-01-17,2025-12-26,33,0.07660738714090287,0.047879616963064295,0.04514363885088919,0.10714285714285714
1602,Godrej Hair Colour Shampoo 10ml,Personal Care,110.0,666,380,73260.0,9990.0,2024-01-02,2025-12-25,295,0.9110807113543091,0.5198358413132695,0.40355677154582764,0.13636363636363635
1603,Ravan Black Hair Colour Shampoo 10ml,Personal Care,90.0,57,33,5130.0,513.0,2024-01-29,2025-12-31,33,0.07797537619699042,0.04514363885088919,0.04514363885088919,0.1
1604,Ravan Black Hair Colour Shampoo 25ml,Personal Care,125.0,69,48,8625.0,1380.0,2024-01-10,2025-12-31,48,0.09439124487004104,0.06566347469220246,0.06566347469220246,0.16
1605,Abha Herbal Black Henna 10g,General Grocery,100.0,30,17,3000.0,300.0,2024-01-13,2025-12-18,16,0.04103967168262654,0.023255813953488372,0.02188782489740082,0.1
1606,Amin's Black Henna 10g,General Grocery,125.0,29,12,3625.0,290.0,2024-01-11,2025-08-18,12,0.03967168262653899,0.016415868673050615,0.016415868673050615,0.08
1607,Gillette Shaving Foam 98g,General Grocery,790.0,35,19,27650.0,2962.4,2024-03-29,2025-12-27,19,0.047879616963064295,0.025991792065663474,0.025991792065663474,0.10713924050632911
1608,Gillette Blue2,General Grocery,65.0,36,18,2340.0,250.56,2024-01-18,2025-12-06,18,0.049247606019151846,0.024623803009575923,0.024623803009575923,0.10707692307692308
1609,Gillette Blue2 Plus,General Grocery,70.0,24,14,1680.0,180.0,2024-02-02,2025-10-23,14,0.03283173734610123,0.019151846785225718,0.019151846785225718,0.10714285714285714
1610,Gillette Blue Simple3,General Grocery,100.0,31,19,3100.0,372.0,2024-01-08,2025-11-30,19,0.04240766073871409,0.025991792065663474,0.025991792065663474,0.12
1611,Gillette Blue3 Comfort,General Grocery,150.0,30,15,4500.0,720.0,2024-01-19,2025-10-03,15,0.04103967168262654,0.02051983584131327,0.02051983584131327,0.16
1612,Bic Sensitive 1,General Grocery,45.0,40,21,1800.0,160.0,2024-01-08,2025-12-24,21,0.05471956224350205,0.028727770177838577,0.028727770177838577,0.08888888888888889
1613,Bic Easy 2,General Grocery,150.0,30,16,4500.0,600.0,2024-01-08,2025-11-18,16,0.04103967168262654,0.02188782489740082,0.02188782489740082,0.13333333333333333
1614,Bic 3,General Grocery,100.0,31,16,3100.0,372.0,2024-02-05,2025-12-27,16,0.04240766073871409,0.02188782489740082,0.02188782489740082,0.12
1615,Bic Flex 3,General Grocery,150.0,21,13,3150.0,294.0,2024-01-21,2025-12-21,13,0.028727770177838577,0.017783857729138167,0.017783857729138167,0.09333333333333334
1616,Bic Twin Lady,General Grocery,65.0,20,11,1300.0,140.0,2024-02-22,2025-09-29,11,0.027359781121751026,0.015047879616963064,0.015047879616963064,0.1076923076923077
1617,Clear Men (Menthol) 180ml,General Grocery,340.0,33,14,11220.0,1155.0,2024-01-10,2025-12-31,13,0.04514363885088919,0.019151846785225718,0.017783857729138167,0.10294117647058823
1618,Lifebuoy Cool Fresh 100g,General Grocery,59.0,29,14,1711.0,142.1,2024-01-01,2025-12-18,14,0.03967168262653899,0.019151846785225718,0.019151846785225718,0.08305084745762711
1619,Revello Fantasy Milk 50g,Dairy & Chilled,120.0,155,73,18600.0,1860.0,2024-01-05,2025-12-31,71,0.21203830369357046,0.09986320109439124,0.09712722298221614,0.1
1620,Revello Fantasy Cashew 50g,General Grocery,350.0,51,25,17850.0,2550.0,2024-01-23,2025-12-08,25,0.06976744186046512,0.03419972640218878,0.03419972640218878,0.14285714285714285
1621,Revello Milk Chocolate 50g,Dairy & Chilled,350.0,145,74,50750.0,4350.0,2024-01-06,2025-12-27,66,0.19835841313269495,0.1012311901504788,0.09028727770177838,0.08571428571428572
1622,Revello Milk Chocolate 100g,Dairy & Chilled,690.0,184,88,126960.0,5520.0,2024-01-10,2025-12-25,80,0.25170998632010944,0.12038303693570451,0.1094391244870041,0.043478260869565216
1623,Choco-La Kiddies 12g,General Grocery,10.0,24,14,240.0,48.0,2024-01-28,2025-12-09,14,0.03283173734610123,0.019151846785225718,0.019151846785225718,0.2
1624,Choco-La Kiddies 20g,General Grocery,20.0,36,18,720.0,144.0,2024-01-07,2025-11-29,18,0.049247606019151846,0.024623803009575923,0.024623803009575923,0.2
1625,Choco-La Kiddies 30g,General Grocery,30.0,42,20,1260.0,126.0,2024-03-14,2025-12-26,20,0.057455540355677154,0.027359781121751026,0.027359781121751026,0.1
1626,Ritzbury Milk Chocolate 45g,Dairy & Chilled,130.0,1208,617,157040.0,36240.0,2024-01-02,2025-12-31,369,1.652530779753762,0.8440492476060192,0.5047879616963065,0.23076923076923078
1627,Ritzbury Bubbles 40g,General Grocery,50.0,30,14,1500.0,150.0,2024-01-14,2025-12-24,14,0.04103967168262654,0.019151846785225718,0.019151846785225718,0.1
1628,Ritzbury Bubbles 90g,General Grocery,100.0,38,17,3800.0,380.0,2024-02-23,2025-11-20,17,0.05198358413132695,0.023255813953488372,0.023255813953488372,0.1
1629,Ritzbury  Choco-la(Peanut) 50g,General Grocery,60.0,20,13,1200.0,120.0,2024-01-02,2025-12-26,12,0.027359781121751026,0.017783857729138167,0.016415868673050615,0.1
1630,Ritzbury Champ 26g,General Grocery,40.0,35,16,1400.0,140.0,2024-02-22,2025-12-09,15,0.047879616963064295,0.02188782489740082,0.02051983584131327,0.1
1631,Ritzbury Rave 26g,General Grocery,40.0,31,15,1240.0,124.0,2024-01-19,2025-11-16,14,0.04240766073871409,0.02051983584131327,0.019151846785225718,0.1
1632,Ritzbury Tropica 26g,General Grocery,40.0,31,17,1240.0,124.0,2024-01-11,2025-12-19,17,0.04240766073871409,0.023255813953488372,0.023255813953488372,0.1
1633,Ritzbury  Choco-Mo 40g,General Grocery,60.0,34,15,2040.0,204.0,2024-01-08,2025-12-28,15,0.046511627906976744,0.02051983584131327,0.02051983584131327,0.1
1634,Ritzbury  Choco-Mo 100g,General Grocery,130.0,43,21,5590.0,559.0,2024-01-23,2025-12-16,21,0.058823529411764705,0.028727770177838577,0.028727770177838577,0.1
1635,Ritzbury  Chunky-Choc (Classic)200g,General Grocery,220.0,1817,954,399740.0,39974.0,2024-01-01,2025-12-31,488,2.4856361149110806,1.305061559507524,0.667578659370725,0.1
1636,Ritzbury  Chunky-Choc (Moments)360g,General Grocery,330.0,46,21,15180.0,1518.0,2024-02-05,2025-12-30,21,0.06292749658002736,0.028727770177838577,0.028727770177838577,0.1
1637,Ritzbury  Choco-Mo (Moments)220g,General Grocery,240.0,32,16,7680.0,768.0,2024-02-05,2025-12-30,16,0.04377564979480164,0.02188782489740082,0.02188782489740082,0.1
1638,4GB Choxy (Cereal-bar)20g,Staples & Dry Groceries,25.0,171,43,4275.0,1197.0,2024-01-16,2025-11-26,41,0.23392612859097128,0.058823529411764705,0.0560875512995896,0.28
1639,MD Baking powder 50g,General Grocery,75.0,577,293,43275.0,4616.0,2024-01-02,2025-12-31,204,0.7893296853625171,0.4008207934336525,0.27906976744186046,0.10666666666666667
1640,MD Faluda Mix 125g,Beverages,105.0,127,45,13335.0,1270.0,2024-01-06,2025-12-30,43,0.17373461012311903,0.06155950752393981,0.058823529411764705,0.09523809523809523
1641,MD Faluda Mix 250g,Beverages,190.0,159,57,30210.0,2385.0,2024-01-12,2025-12-30,55,0.21751025991792067,0.07797537619699042,0.07523939808481532,0.07894736842105263
1642,Jelo Cocoa Powder 50g,General Grocery,125.0,26,15,3250.0,390.0,2024-03-07,2025-09-03,15,0.03556771545827633,0.02051983584131327,0.02051983584131327,0.12
1643,Jelo Cocoa Powder 100g,General Grocery,245.0,42,22,10290.0,1050.0,2024-01-28,2025-12-04,22,0.057455540355677154,0.030095759233926128,0.030095759233926128,0.10204081632653061
1644,Motha Baking Powder 50g,General Grocery,85.0,701,347,59585.0,5608.0,2024-01-03,2025-12-31,200,0.9589603283173734,0.4746922024623803,0.27359781121751026,0.09411764705882353
1645,Motha Baking Powder 100g,General Grocery,380.0,882,457,335160.0,26460.0,2024-01-02,2025-12-31,249,1.2065663474692203,0.625170998632011,0.34062927496580025,0.07894736842105263
1646,Motha Cornflour 100g,General Grocery,80.0,103,22,8240.0,824.0,2024-04-04,2025-12-29,22,0.1409028727770178,0.030095759233926128,0.030095759233926128,0.1
1647,Motha Cornflour 200g,General Grocery,185.0,967,222,178895.0,33845.0,2024-01-01,2025-12-29,180,1.3228454172366622,0.3036935704514364,0.24623803009575923,0.1891891891891892
1648,Motha Gelatine 30g,General Grocery,385.0,401,204,154385.0,24060.0,2024-01-08,2025-12-30,178,0.5485636114911081,0.27906976744186046,0.24350205198358413,0.15584415584415584
1649,Motha Custard Powder 100g,General Grocery,75.0,45,23,3375.0,315.0,2024-01-17,2025-12-31,22,0.06155950752393981,0.03146374829001368,0.030095759233926128,0.09333333333333334
1650,Motha Faluda Mix 100g,Beverages,160.0,158,62,25280.0,1580.0,2024-01-04,2025-12-27,59,0.2161422708618331,0.08481532147742818,0.08071135430916553,0.0625
1651,Motha Faluda Mix 200g,Beverages,285.0,157,55,44745.0,1570.0,2024-01-15,2025-12-25,52,0.21477428180574556,0.07523939808481532,0.07113543091655267,0.03508771929824561
1652,Motha Caramel (Pudding mix) 100g,Snacks & Confectionery,110.0,180,61,19800.0,1980.0,2024-01-02,2025-12-31,60,0.24623803009575923,0.08344733242134063,0.08207934336525308,0.1
1653,Motha Wattalappan (Pudding mix)110g,Snacks & Confectionery,110.0,788,261,86680.0,8668.0,2024-01-05,2025-12-31,199,1.0779753761969904,0.35704514363885087,0.2722298221614227,0.1
1654,Motha Cocoa Powder 100g,General Grocery,1050.0,44,22,46200.0,2200.0,2024-01-12,2025-12-01,21,0.060191518467852256,0.030095759233926128,0.028727770177838577,0.047619047619047616
1655,Motha Icing Sugar 250g,Staples & Dry Groceries,240.0,2623,579,629520.0,52460.0,2024-01-01,2025-12-28,307,3.588235294117647,0.7920656634746922,0.41997264021887826,0.08333333333333333
1656,Motha Icing Sugar 500g,Staples & Dry Groceries,265.0,2561,566,678665.0,66586.0,2024-01-04,2025-12-31,301,3.503419972640219,0.774281805745554,0.4117647058823529,0.09811320754716982
1657,Motha Icing Sugar 1kg,Staples & Dry Groceries,500.0,2852,683,1426000.0,142600.0,2024-01-01,2025-12-30,391,3.9015047879616964,0.9343365253077975,0.5348837209302325,0.1
1658,Motha Jelly (Mixed-Fruit) 100g,Snacks & Confectionery,100.0,185,67,18500.0,1480.0,2024-01-05,2025-12-26,65,0.253077975376197,0.09165526675786594,0.08891928864569083,0.08
1659,Motha Jelly (Mixed-Fruit) 200g,Snacks & Confectionery,180.0,173,56,31140.0,3114.0,2024-01-10,2025-12-29,54,0.23666210670314639,0.07660738714090287,0.07387140902872777,0.1
1660,Motha Jelly (Strawberry) 100g,Snacks & Confectionery,100.0,156,60,15600.0,1560.0,2024-01-17,2025-12-31,55,0.213406292749658,0.08207934336525308,0.07523939808481532,0.1
1661,Motha Jelly (Strawberry) 200g,Snacks & Confectionery,190.0,919,311,174610.0,17461.0,2024-01-02,2025-12-30,222,1.2571819425444597,0.42544459644322846,0.3036935704514364,0.1
1662,Motha Jelly (Greengage) 100g,Snacks & Confectionery,100.0,205,69,20500.0,1845.0,2024-01-06,2025-12-23,64,0.280437756497948,0.09439124487004104,0.08755129958960328,0.09
1663,Motha Jelly (Black Currant)100g,Snacks & Confectionery,95.0,139,54,13205.0,1112.0,2024-01-13,2025-12-30,53,0.19015047879616964,0.07387140902872777,0.07250341997264022,0.08421052631578947
1664,Motha Jelly (Strawberry) 500g,Snacks & Confectionery,425.0,173,53,73525.0,7352.5,2024-02-25,2025-12-08,52,0.23666210670314639,0.07250341997264022,0.07113543091655267,0.1
1665,Motha Jelly (Apple) 500g,Snacks & Confectionery,975.0,147,54,143325.0,3675.0,2024-01-03,2025-12-29,51,0.20109439124487005,0.07387140902872777,0.06976744186046512,0.02564102564102564
1666,Delmege Colouring (rose pink)28ml,General Grocery,90.0,44,22,3960.0,396.0,2024-01-05,2025-12-31,22,0.060191518467852256,0.030095759233926128,0.030095759233926128,0.1
1667,Delmege Colouring (blue)28ml,General Grocery,90.0,26,15,2340.0,234.0,2024-02-16,2025-12-20,14,0.03556771545827633,0.02051983584131327,0.019151846785225718,0.1
1668,Delmege Colouring (green)28ml,General Grocery,90.0,51,27,4590.0,459.0,2024-01-18,2025-09-03,26,0.06976744186046512,0.036935704514363885,0.03556771545827633,0.1
1669,Delmege Colouring (red)28ml,General Grocery,90.0,46,27,4140.0,414.0,2024-03-16,2025-12-01,25,0.06292749658002736,0.036935704514363885,0.03419972640218878,0.1
1670,Delmege Colouring (egg yellow)28ml,"Meat, Fish & Frozen",150.0,710,371,106500.0,10650.0,2024-01-01,2025-12-27,287,0.9712722298221614,0.5075239398084815,0.39261285909712723,0.1
1671,Delmege Essence (vanilla artificial)28ml,General Grocery,220.0,48,25,10560.0,960.0,2024-01-04,2025-12-22,25,0.06566347469220246,0.03419972640218878,0.03419972640218878,0.09090909090909091
1672,Delmege Essence (pineapple artificial)28ml,General Grocery,90.0,42,18,3780.0,378.0,2024-02-07,2025-11-17,18,0.057455540355677154,0.024623803009575923,0.024623803009575923,0.1
1673,Delmege Essence (orange artificial)28ml,General Grocery,90.0,37,18,3330.0,333.0,2024-01-04,2025-11-09,17,0.0506155950752394,0.024623803009575923,0.023255813953488372,0.1
1674,Sriposha 400g,General Grocery,175.0,22,14,3850.0,572.0,2024-01-24,2025-12-29,14,0.030095759233926128,0.019151846785225718,0.019151846785225718,0.14857142857142858
1675,Colin Glass Cleaner 500ml,Cleaning & Household,270.0,61,37,16470.0,1497.55,2024-03-06,2025-11-27,36,0.08344733242134063,0.0506155950752394,0.049247606019151846,0.09092592592592592
1676,Marshmelos 12pcs,General Grocery,120.0,31,14,3720.0,620.0,2024-01-14,2025-10-26,14,0.04240766073871409,0.019151846785225718,0.019151846785225718,0.16666666666666666
1677,Marshmelos 24pcs,General Grocery,230.0,29,17,6670.0,870.0,2024-01-05,2025-12-28,17,0.03967168262653899,0.023255813953488372,0.023255813953488372,0.13043478260869565
1678,Marshmelos 25pcs,General Grocery,210.0,32,17,6720.0,1280.0,2024-02-14,2025-12-09,17,0.04377564979480164,0.023255813953488372,0.023255813953488372,0.19047619047619047
1679,Marshmelos 50pcs,General Grocery,400.0,30,17,12000.0,1200.0,2024-02-25,2025-12-29,17,0.04103967168262654,0.023255813953488372,0.023255813953488372,0.1
1680,Baby Cheramy (bed time)100ml,Baby & Kids,260.0,56,34,14560.0,1843.52,2024-01-21,2025-10-26,33,0.07660738714090287,0.046511627906976744,0.04514363885088919,0.1266153846153846
1681,Baby Cheramy (angel fairy)100ml,Baby & Kids,260.0,68,34,17680.0,2238.56,2024-01-12,2025-12-18,34,0.09302325581395349,0.046511627906976744,0.046511627906976744,0.1266153846153846
1682,Baby Cheramy (lucky ducky)100ml,Baby & Kids,260.0,67,37,17420.0,2205.64,2024-01-21,2025-12-26,37,0.09165526675786594,0.0506155950752394,0.0506155950752394,0.1266153846153846
1683,Baby Cheramy (cuddly bunny)100ml,Baby & Kids,260.0,61,34,15860.0,2008.1200000000001,2024-01-15,2025-12-22,34,0.08344733242134063,0.046511627906976744,0.046511627906976744,0.12661538461538463
1684,Baby Cheramy (magic mist)100ml,Baby & Kids,260.0,62,37,16120.0,2041.04,2024-01-28,2025-12-30,36,0.08481532147742818,0.0506155950752394,0.049247606019151846,0.1266153846153846
1685,Baby Cheramy (floral)100g,Baby & Kids,105.0,57,30,5985.0,617.3100000000001,2024-01-27,2025-12-21,30,0.07797537619699042,0.04103967168262654,0.04103967168262654,0.10314285714285715
1686,Baby Cheramy (prickly heat)100g,Baby & Kids,135.0,53,35,7155.0,737.76,2024-01-10,2025-12-30,33,0.07250341997264022,0.047879616963064295,0.04514363885088919,0.10311111111111111
1687,Gold Cologne Spray (classic)50ml,Personal Care,420.0,67,38,28140.0,6493.64,2024-01-02,2025-12-06,37,0.09165526675786594,0.05198358413132695,0.0506155950752394,0.23076190476190478
1688,Gold Cologne Spray (arctic)50ml,Personal Care,420.0,60,39,25200.0,5815.2,2024-01-03,2025-12-27,38,0.08207934336525308,0.0533515731874145,0.05198358413132695,0.23076190476190475
1689,Gold Hair Cream 100ml,Personal Care,210.0,710,403,149100.0,9315.199999999999,2024-01-01,2025-12-30,305,0.9712722298221614,0.5512995896032832,0.4172366621067031,0.06247619047619047
1690,Gold Hair Gel 100ml,Personal Care,350.0,62,36,21700.0,2495.5,2024-01-30,2025-12-27,35,0.08481532147742818,0.049247606019151846,0.047879616963064295,0.115
1691,Dandex (nourished)80ml,General Grocery,130.0,31,17,4030.0,415.71,2024-01-09,2025-12-25,17,0.04240766073871409,0.023255813953488372,0.023255813953488372,0.10315384615384615
1692,Dandex (anti hair fall)80ml,Personal Care,130.0,63,39,8190.0,844.8299999999999,2024-02-01,2025-12-31,39,0.08618331053351573,0.0533515731874145,0.0533515731874145,0.10315384615384615
1693,Dandex (cooling)80ml,General Grocery,130.0,24,13,3120.0,321.84000000000003,2024-01-18,2025-12-28,13,0.03283173734610123,0.017783857729138167,0.017783857729138167,0.10315384615384617
1694,Dandex (deep clean)80ml,General Grocery,130.0,34,16,4420.0,455.94,2024-05-05,2025-12-01,16,0.046511627906976744,0.02188782489740082,0.02188782489740082,0.10315384615384615
1695,Paris Cologne Spray (floral)50ml,Personal Care,300.0,77,47,23100.0,3013.01,2024-01-11,2025-12-25,43,0.10533515731874145,0.06429548563611491,0.058823529411764705,0.13043333333333335
1696,Paris Cologne Spray (jasmine)50ml,Personal Care,300.0,60,28,18000.0,2347.8,2024-03-10,2025-12-24,27,0.08207934336525308,0.038303693570451436,0.036935704514363885,0.13043333333333335
1697,Paris Talc (sandalwood)85g,General Grocery,100.0,26,16,2600.0,268.06,2024-01-12,2025-12-24,16,0.03556771545827633,0.02188782489740082,0.02188782489740082,0.1031
1698,Paris Talc (floral)85g,General Grocery,100.0,19,9,1900.0,195.89,2024-02-10,2025-12-22,9,0.025991792065663474,0.012311901504787962,0.012311901504787962,0.1031
1699,Paris Talc (jasmine)85g,General Grocery,95.0,27,12,2565.0,264.33,2024-01-09,2025-12-29,12,0.036935704514363885,0.016415868673050615,0.016415868673050615,0.10305263157894737
1700,Velvet Hand Wash (rose)250ml,Cleaning & Household,220.0,77,47,16940.0,1648.57,2024-01-06,2025-12-31,45,0.10533515731874145,0.06429548563611491,0.06155950752393981,0.09731818181818182
1701,Velvet Hand Wash (lavender)250ml,Cleaning & Household,220.0,60,42,13200.0,1284.6,2024-01-11,2025-12-31,40,0.08207934336525308,0.057455540355677154,0.05471956224350205,0.09731818181818182
1702,Velvet Hand Wash Refill (lavender)200ml,Cleaning & Household,165.0,72,47,11880.0,1155.6000000000001,2024-01-06,2025-12-23,43,0.09849521203830369,0.06429548563611491,0.058823529411764705,0.09727272727272729
1703,Velvet Hand Wash Refill (water lily)200ml,Cleaning & Household,165.0,60,36,9900.0,963.0,2024-01-02,2025-12-28,35,0.08207934336525308,0.049247606019151846,0.047879616963064295,0.09727272727272727
1704,Kumarika Hair Oil 100ml,Personal Care,160.0,169,40,27040.0,2704.0,2024-01-01,2025-12-31,40,0.23119015047879618,0.05471956224350205,0.05471956224350205,0.1
1705,Clogard 40g,General Grocery,125.0,47,25,5875.0,526.4,2024-01-22,2025-12-26,24,0.06429548563611491,0.03419972640218878,0.03283173734610123,0.0896
1706,Clogard (Natural-Salt)40g,Staples & Dry Groceries,54.0,216,54,11664.0,1060.56,2024-01-12,2025-12-09,52,0.2954856361149111,0.07387140902872777,0.07113543091655267,0.09092592592592592
1707,ayush whitening 120g,General Grocery,165.0,16,9,2640.0,240.0,2024-01-24,2025-06-02,9,0.02188782489740082,0.012311901504787962,0.012311901504787962,0.09090909090909091
1708,Hair Care Cool 100ml,Personal Care,350.0,37,21,12950.0,1295.0,2024-02-24,2025-11-26,21,0.0506155950752394,0.028727770177838577,0.028727770177838577,0.1
1709,Denta Zig Zag (soft),General Grocery,60.0,24,10,1440.0,144.0,2024-07-03,2025-12-30,10,0.03283173734610123,0.013679890560875513,0.013679890560875513,0.1
1710,Denta Zig Zag (medium),General Grocery,130.0,22,13,2860.0,660.0,2024-02-12,2025-09-08,13,0.030095759233926128,0.017783857729138167,0.017783857729138167,0.23076923076923078
1711,Clogard Chooty (tooth-brush),General Grocery,50.0,21,12,1050.0,105.0,2024-04-03,2025-11-11,11,0.028727770177838577,0.016415868673050615,0.015047879616963064,0.1
1712,Clogard Smart-Plus,General Grocery,57.0,14,10,798.0,70.0,2024-01-22,2025-09-21,10,0.019151846785225718,0.013679890560875513,0.013679890560875513,0.08771929824561403
1713,Signal Triple Clean,General Grocery,55.0,35,15,1925.0,350.0,2024-05-19,2025-12-09,15,0.047879616963064295,0.02051983584131327,0.02051983584131327,0.18181818181818182
1714,Chicken Family Pack 400g,"Meat, Fish & Frozen",360.0,40,19,14400.0,3000.0,2024-01-09,2025-11-28,19,0.05471956224350205,0.025991792065663474,0.025991792065663474,0.20833333333333334
1715,Chicken Family Pack 700g,"Meat, Fish & Frozen",540.0,28,15,15120.0,3220.0,2024-03-14,2025-12-13,15,0.038303693570451436,0.02051983584131327,0.02051983584131327,0.21296296296296297
1716,Chicken Family Pack 900g,"Meat, Fish & Frozen",590.0,18,10,10620.0,810.0,2024-01-12,2025-12-27,10,0.024623803009575923,0.013679890560875513,0.013679890560875513,0.07627118644067797
1717,Chicken Half (Pussalla) 1kg,"Meat, Fish & Frozen",570.0,45,20,25650.0,2700.0,2024-01-05,2025-12-28,20,0.06155950752393981,0.027359781121751026,0.027359781121751026,0.10526315789473684
1718,LankaSoy (cuttlefish) 50g,General Grocery,35.0,26,15,910.0,130.0,2024-01-02,2025-10-28,15,0.03556771545827633,0.02051983584131327,0.02051983584131327,0.14285714285714285
1719,LankaSoy (chicken)50g,"Meat, Fish & Frozen",35.0,29,16,1015.0,145.0,2024-03-29,2025-11-19,16,0.03967168262653899,0.02188782489740082,0.02188782489740082,0.14285714285714285
1720,LankaSoy (curry)50g,Cooking Essentials,35.0,247,48,8645.0,1235.0,2024-03-11,2025-12-30,45,0.3378932968536252,0.06566347469220246,0.06155950752393981,0.14285714285714285
1721,LankaSoy (polos curry)90g,Cooking Essentials,75.0,2052,481,153900.0,10260.0,2024-01-03,2025-12-31,334,2.8071135430916554,0.6580027359781122,0.45690834473324216,0.06666666666666667
1722,LankaSoy (chilli chicken)90g,Cooking Essentials,80.0,287,66,22960.0,2870.0,2024-01-06,2025-12-27,64,0.39261285909712723,0.09028727770177838,0.08755129958960328,0.125
1723,LankaSoy (cuttlefish)90g,General Grocery,85.0,23,14,1955.0,230.0,2024-01-24,2025-12-01,14,0.03146374829001368,0.019151846785225718,0.019151846785225718,0.11764705882352941
1724,LankaSoy (curry)90g,Cooking Essentials,70.0,152,38,10640.0,760.0,2024-01-03,2025-12-30,37,0.2079343365253078,0.05198358413132695,0.0506155950752394,0.07142857142857142
1725,LankaSoy (chicken)90g,"Meat, Fish & Frozen",85.0,38,21,3230.0,380.0,2024-01-19,2025-11-15,20,0.05198358413132695,0.028727770177838577,0.027359781121751026,0.11764705882352941
1726,LankaSoy (devilled cuttlefish)90g,General Grocery,90.0,22,11,1980.0,220.0,2024-01-11,2025-12-04,11,0.030095759233926128,0.015047879616963064,0.015047879616963064,0.1111111111111111
1727,LankaSoy (devilled chicken)90g,"Meat, Fish & Frozen",90.0,20,12,1800.0,200.0,2024-01-05,2025-12-15,12,0.027359781121751026,0.016415868673050615,0.016415868673050615,0.1111111111111111
1728,LankaSoy (devilled prawn)90g,General Grocery,85.0,29,14,2465.0,290.0,2024-01-18,2025-11-11,14,0.03967168262653899,0.019151846785225718,0.019151846785225718,0.11764705882352941
1729,LankaSoy (fish)50g,"Meat, Fish & Frozen",60.0,32,14,1920.0,320.0,2024-01-02,2025-12-14,14,0.04377564979480164,0.019151846785225718,0.019151846785225718,0.16666666666666666
1730,FortuneSoya (chicken)90g,"Meat, Fish & Frozen",75.0,17,9,1275.0,170.0,2024-02-14,2025-12-25,9,0.023255813953488372,0.012311901504787962,0.012311901504787962,0.13333333333333333
1731,Rancrips PotatoChips (Hot&Spicy)60g,General Grocery,300.0,28,17,8400.0,2100.0,2024-03-25,2025-12-30,17,0.038303693570451436,0.023255813953488372,0.023255813953488372,0.25
1732,Rancrips PotatoChips (Cheese)60g,Dairy & Chilled,170.0,101,55,17170.0,5555.0,2024-01-08,2025-12-22,52,0.1381668946648427,0.07523939808481532,0.07113543091655267,0.3235294117647059
1733,Rancrips CassavaChips (Sea Solted)100g,General Grocery,120.0,29,14,3480.0,580.0,2024-01-04,2025-12-12,14,0.03967168262653899,0.019151846785225718,0.019151846785225718,0.16666666666666666
1734,Rancrips CassavaChips (Kochchi)100g,General Grocery,250.0,34,15,8500.0,1700.0,2024-01-25,2025-12-12,15,0.046511627906976744,0.02051983584131327,0.02051983584131327,0.2
1735,Rancrips CassavaChips (Hot&Spicy)100g,General Grocery,250.0,54,24,13500.0,2700.0,2024-01-22,2025-12-20,24,0.07387140902872777,0.03283173734610123,0.03283173734610123,0.2
1736,KIST Strawberry Flavoured-Melon jam510g,General Grocery,300.0,36,18,10800.0,900.0,2024-03-17,2025-08-27,18,0.049247606019151846,0.024623803009575923,0.024623803009575923,0.08333333333333333
1737,KIST Strawberry Flavoured-Melon jam300g,General Grocery,240.0,41,15,9840.0,984.0,2024-01-11,2025-12-16,15,0.0560875512995896,0.02051983584131327,0.02051983584131327,0.1
1738,KIST Strawberry Flavoured-Melon jam200g,General Grocery,160.0,30,14,4800.0,450.0,2024-01-02,2025-12-02,14,0.04103967168262654,0.019151846785225718,0.019151846785225718,0.09375
1739,KIST Mixed Fruit jam 200g,General Grocery,170.0,39,22,6630.0,663.0,2024-01-28,2025-10-02,22,0.0533515731874145,0.030095759233926128,0.030095759233926128,0.1
1740,KIST Mixed Fruit jam 300g,General Grocery,240.0,28,15,6720.0,672.0,2024-01-14,2025-07-04,15,0.038303693570451436,0.02051983584131327,0.02051983584131327,0.1
1741,KIST Woodapple jam 200g,General Grocery,160.0,45,23,7200.0,675.0,2024-01-31,2025-12-15,22,0.06155950752393981,0.03146374829001368,0.030095759233926128,0.09375
1742,KIST Woodapple jam 300g,General Grocery,220.0,36,17,7920.0,720.0,2024-01-14,2025-12-31,17,0.049247606019151846,0.023255813953488372,0.023255813953488372,0.09090909090909091
1743,KIST Pineapple jam 510g,General Grocery,335.0,26,15,8710.0,910.0,2024-04-30,2025-12-23,15,0.03556771545827633,0.02051983584131327,0.02051983584131327,0.1044776119402985
1744,MD jam cup100g,General Grocery,50.0,25,13,1250.0,125.0,2024-01-01,2025-12-07,13,0.03419972640218878,0.017783857729138167,0.017783857729138167,0.1
1745,MD jam cup 100g,General Grocery,50.0,23,13,1150.0,115.0,2024-01-04,2025-12-23,13,0.03146374829001368,0.017783857729138167,0.017783857729138167,0.1
1746,MD Mixed Fruit jam 500g,General Grocery,600.0,27,13,16200.0,1350.0,2024-01-17,2025-12-25,13,0.036935704514363885,0.017783857729138167,0.017783857729138167,0.08333333333333333
1747,MD Mixed Fruit jam 895g,General Grocery,1050.0,41,20,43050.0,4100.0,2024-01-12,2025-12-31,19,0.0560875512995896,0.027359781121751026,0.025991792065663474,0.09523809523809523
1748,MD Mango jam 500g,General Grocery,390.0,25,12,9750.0,2250.0,2024-01-13,2025-11-22,12,0.03419972640218878,0.016415868673050615,0.016415868673050615,0.23076923076923078
1749,MD pineapple jam 500g,General Grocery,930.0,25,12,23250.0,2000.0,2024-01-27,2025-11-28,12,0.03419972640218878,0.016415868673050615,0.016415868673050615,0.08602150537634409
1750,MD Strawberry jam 500g,General Grocery,900.0,36,15,32400.0,1800.0,2024-01-04,2025-12-07,15,0.049247606019151846,0.02051983584131327,0.02051983584131327,0.05555555555555555
1751,MD Woodapple jam 500g,General Grocery,300.0,37,17,11100.0,1110.0,2024-01-04,2025-11-02,15,0.0506155950752394,0.023255813953488372,0.02051983584131327,0.1
1752,MD Orange Marmalade 500g,General Grocery,435.0,31,15,13485.0,1395.0,2024-01-08,2025-12-21,15,0.04240766073871409,0.02051983584131327,0.02051983584131327,0.10344827586206896
1753,Sanex Toilet Tissue,General Grocery,72.0,123,31,8856.0,861.0,2024-05-07,2025-12-13,31,0.16826265389876882,0.04240766073871409,0.04240766073871409,0.09722222222222222
1754,Pedigree (Adult) 400g,General Grocery,485.0,38,23,18430.0,6417.44,2024-01-05,2025-12-06,23,0.05198358413132695,0.03146374829001368,0.03146374829001368,0.3482061855670103
1755,Pedigree (Puppy) 400g,General Grocery,390.0,34,17,13260.0,1600.38,2024-01-16,2025-12-27,17,0.046511627906976744,0.023255813953488372,0.023255813953488372,0.1206923076923077
1756,Gingelly Rolls 10pcs,General Grocery,150.0,31,16,4650.0,775.0,2024-05-12,2025-12-11,16,0.04240766073871409,0.02188782489740082,0.02188782489740082,0.16666666666666666
1757,Gingelly Rolls 25pcs,General Grocery,150.0,35,15,5250.0,875.0,2024-02-10,2025-12-28,14,0.047879616963064295,0.02051983584131327,0.019151846785225718,0.16666666666666666
1758,Gingelly Rolls 25pcs (L),General Grocery,250.0,52,26,13000.0,1820.0,2024-01-17,2025-11-27,24,0.07113543091655267,0.03556771545827633,0.03283173734610123,0.14
1759,CBL Choc-Shock 90g,General Grocery,300.0,28,12,8400.0,840.0,2024-01-17,2025-11-15,12,0.038303693570451436,0.016415868673050615,0.016415868673050615,0.1
1760,Keells Chicken Sausages 70g,"Meat, Fish & Frozen",65.0,38,17,2470.0,304.0,2024-01-24,2025-11-29,16,0.05198358413132695,0.023255813953488372,0.02188782489740082,0.12307692307692308
1761,Keells Chicken Sausages 100g,"Meat, Fish & Frozen",100.0,24,15,2400.0,288.0,2024-01-15,2025-12-27,15,0.03283173734610123,0.02051983584131327,0.02051983584131327,0.12
1762,Keells Chicken Sausages 150g,"Meat, Fish & Frozen",199.0,39,20,7761.0,936.0,2024-02-08,2025-11-23,20,0.0533515731874145,0.027359781121751026,0.027359781121751026,0.12060301507537688
1763,Keells Chicken Sausages 250g,"Meat, Fish & Frozen",335.0,17,12,5695.0,680.0,2024-04-07,2025-09-27,12,0.023255813953488372,0.016415868673050615,0.016415868673050615,0.11940298507462686
1764,Keells Chicken Sausages 500g,"Meat, Fish & Frozen",590.0,38,15,22420.0,3990.0,2024-01-24,2025-12-18,15,0.05198358413132695,0.02051983584131327,0.02051983584131327,0.17796610169491525
1765,Keells Chicken Meatballs 100g,"Meat, Fish & Frozen",110.0,41,21,4510.0,902.0,2024-03-31,2025-12-20,21,0.0560875512995896,0.028727770177838577,0.028727770177838577,0.2
1766,Keells Chicken Meatballs 200g,"Meat, Fish & Frozen",210.0,12,8,2520.0,300.0,2024-02-01,2025-10-17,8,0.016415868673050615,0.01094391244870041,0.01094391244870041,0.11904761904761904
1767,Keells Chicken Meatballs 500g,"Meat, Fish & Frozen",500.0,36,15,18000.0,2448.0,2024-01-18,2025-12-09,15,0.049247606019151846,0.02051983584131327,0.02051983584131327,0.136
1768,Keells Chunky  Chicken 210g,"Meat, Fish & Frozen",260.0,26,14,6760.0,1144.0,2024-01-04,2025-12-20,14,0.03556771545827633,0.019151846785225718,0.019151846785225718,0.16923076923076924
1769,Keells Cheese & Onion 250g,Dairy & Chilled,400.0,103,55,41200.0,5150.0,2024-01-01,2025-12-29,53,0.1409028727770178,0.07523939808481532,0.07250341997264022,0.125
1770,Keells Chicken Bockwurst 400g,"Meat, Fish & Frozen",499.0,29,17,14471.0,1276.0,2024-01-19,2025-10-05,16,0.03967168262653899,0.023255813953488372,0.02188782489740082,0.08817635270541083
1771,Keells Cheeesy Blast 170g,General Grocery,300.0,39,17,11700.0,1365.0,2024-02-11,2025-12-26,16,0.0533515731874145,0.023255813953488372,0.02188782489740082,0.11666666666666667
1772,Keells Chicken Ham 150g,"Meat, Fish & Frozen",700.0,21,16,14700.0,1680.0,2024-02-08,2025-12-10,16,0.028727770177838577,0.02188782489740082,0.02188782489740082,0.11428571428571428
1773,Keells Chicken Mini-Kievs 12pcs,"Meat, Fish & Frozen",390.0,34,21,13260.0,1190.0,2024-01-27,2025-12-11,21,0.046511627906976744,0.028727770177838577,0.028727770177838577,0.08974358974358974
1774,Keells Chicken Drumsticks 6pcs,"Meat, Fish & Frozen",400.0,29,12,11600.0,1392.0,2024-01-01,2025-11-27,12,0.03967168262653899,0.016415868673050615,0.016415868673050615,0.12
1775,Keells Kochchi-Bite 16pcs,General Grocery,320.0,21,13,6720.0,735.0,2024-01-10,2025-12-30,13,0.028727770177838577,0.017783857729138167,0.017783857729138167,0.109375
1776,Elephant House Back-Bacon 150g,General Grocery,1050.0,40,19,42000.0,6000.0,2024-01-04,2025-12-08,19,0.05471956224350205,0.025991792065663474,0.025991792065663474,0.14285714285714285
1777,Elephant House Back-Bacon 1kg,General Grocery,8110.0,37,16,300070.0,4070.0,2024-01-18,2025-12-25,16,0.0506155950752394,0.02188782489740082,0.02188782489740082,0.013563501849568433
1778,Keells French-Fries 225g,General Grocery,560.0,17,12,9520.0,1020.0,2024-03-15,2025-12-31,12,0.023255813953488372,0.016415868673050615,0.016415868673050615,0.10714285714285714
1779,Keells French-Fries 500g,General Grocery,550.0,33,18,18150.0,3960.0,2024-01-30,2025-12-21,18,0.04514363885088919,0.024623803009575923,0.024623803009575923,0.21818181818181817
1780,Farm Frites  French-Fries 1kg,General Grocery,1405.0,21,13,29505.0,11235.0,2024-01-10,2025-09-15,13,0.028727770177838577,0.017783857729138167,0.017783857729138167,0.3807829181494662
1781,MDK Chinese Rolls (Fish) 5pcs,"Meat, Fish & Frozen",260.0,31,16,8060.0,1240.0,2024-01-04,2025-12-31,16,0.04240766073871409,0.02188782489740082,0.02188782489740082,0.15384615384615385
1782,MDK Chinese Rolls (Chicken) 5pcs,"Meat, Fish & Frozen",144.0,20,9,2880.0,380.0,2024-01-28,2025-09-09,9,0.027359781121751026,0.012311901504787962,0.012311901504787962,0.13194444444444445
1783,MDK Patties (Fish) 5pcs,"Meat, Fish & Frozen",129.5,34,15,4403.0,595.0,2024-01-14,2025-12-25,15,0.046511627906976744,0.02051983584131327,0.02051983584131327,0.13513513513513514
1784,Farm House Chicken Sausages 450g,"Meat, Fish & Frozen",690.0,40,20,27600.0,3600.0,2024-03-21,2025-12-24,20,0.05471956224350205,0.027359781121751026,0.027359781121751026,0.13043478260869565
1785,Asiri Ddevilled Peanuts 75g,General Grocery,120.0,40,18,4800.0,960.0,2024-01-23,2025-12-07,16,0.05471956224350205,0.024623803009575923,0.02188782489740082,0.2
1786,Asiri Ddevilled Peanuts 100g,General Grocery,135.0,19,12,2565.0,513.0,2024-01-08,2025-12-07,12,0.025991792065663474,0.016415868673050615,0.016415868673050615,0.2
1787,Asiri Roasted Peanuts 90g,General Grocery,220.0,22,16,4840.0,440.0,2024-01-14,2025-12-28,16,0.030095759233926128,0.02188782489740082,0.02188782489740082,0.09090909090909091
1788,Asiri Salted Peanuts 90g,General Grocery,120.0,45,17,5400.0,1080.0,2024-01-21,2025-11-01,17,0.06155950752393981,0.023255813953488372,0.023255813953488372,0.2
1789,Asiri Ddevilled Dhal 100g,Staples & Dry Groceries,60.0,1680,404,100800.0,20160.0,2024-01-01,2025-12-31,310,2.2982216142270864,0.5526675786593708,0.4240766073871409,0.2
1790,Asiri Rice Flour Savoury (Onion)25g,Staples & Dry Groceries,20.0,1027,242,20540.0,4108.0,2024-01-06,2025-12-27,193,1.4049247606019153,0.33105335157318744,0.2640218878248974,0.2
1791,Asiri Rice Flour Savoury (Onion)80g,Staples & Dry Groceries,60.0,1508,329,90480.0,18096.0,2024-01-01,2025-12-29,213,2.0629274965800275,0.45006839945280436,0.2913816689466484,0.2
1792,Asiri Rice Flour Savoury (Garlic)25g,Staples & Dry Groceries,20.0,339,72,6780.0,1356.0,2024-01-01,2025-12-29,63,0.4637482900136799,0.09849521203830369,0.08618331053351573,0.2
1793,Asiri Rice Flour Savoury (Garlic)80g,Staples & Dry Groceries,60.0,238,52,14280.0,2856.0,2024-01-25,2025-12-30,46,0.32558139534883723,0.07113543091655267,0.06292749658002736,0.2
1794,Asiri Cocktail Mixture 60g,General Grocery,60.0,28,17,1680.0,336.0,2024-01-12,2025-12-27,17,0.038303693570451436,0.023255813953488372,0.023255813953488372,0.2
1795,Asiri Cocktail Mixture 100g,General Grocery,100.0,29,15,2900.0,580.0,2024-01-02,2025-12-28,15,0.03967168262653899,0.02051983584131327,0.02051983584131327,0.2
1796,Asiri Hot-Mix 60g,General Grocery,60.0,16,12,960.0,192.0,2024-02-08,2025-12-30,12,0.02188782489740082,0.016415868673050615,0.016415868673050615,0.2
1797,Asiri Cassava Chips 50g,Snacks & Confectionery,60.0,152,51,9120.0,1824.0,2024-01-05,2025-12-28,51,0.2079343365253078,0.06976744186046512,0.06976744186046512,0.2
1798,Asiri Plums 100g,General Grocery,140.0,43,19,6020.0,1204.0,2024-01-01,2025-12-14,18,0.058823529411764705,0.025991792065663474,0.024623803009575923,0.2
1799,Asiri Sugar Candy 100g60,Staples & Dry Groceries,60.0,2018,494,121080.0,24216.0,2024-01-04,2025-12-31,361,2.7606019151846786,0.6757865937072504,0.493844049247606,0.2
1800,Asiri Dates 200g,General Grocery,160.0,32,16,5120.0,1024.0,2024-01-12,2025-09-12,15,0.04377564979480164,0.02188782489740082,0.02051983584131327,0.2
1801,CBL Super Cream Cracker 85g,Personal Care,90.0,428,266,38520.0,3852.0,2024-01-01,2025-12-31,208,0.585499316005472,0.36388508891928867,0.28454172366621067,0.1
1802,CBL Super Cream Cracker 125g,Personal Care,80.0,108,67,8640.0,864.0,2024-01-08,2025-12-30,61,0.14774281805745554,0.09165526675786594,0.08344733242134063,0.1
1803,CBL Super Cream Cracker 190g,Personal Care,110.0,103,64,11330.0,1133.0,2024-01-02,2025-12-27,63,0.1409028727770178,0.08755129958960328,0.08618331053351573,0.1
1804,CBL Super Cream Cracker 230g,Personal Care,230.0,125,71,28750.0,2875.0,2024-01-05,2025-12-29,67,0.17099863201094392,0.09712722298221614,0.09165526675786594,0.1
1805,CBL Super Cream Cracker 490g,Personal Care,480.0,110,64,52800.0,5280.0,2024-01-11,2025-12-22,60,0.15047879616963064,0.08755129958960328,0.08207934336525308,0.1
1806,Maliban Smart Cream Cracker 125g,Personal Care,80.0,76,48,6080.0,950.0,2024-01-24,2025-12-10,46,0.1039671682626539,0.06566347469220246,0.06292749658002736,0.15625
1807,Maliban Smart Cream Cracker 190g,Personal Care,110.0,685,417,75350.0,7535.0,2024-01-01,2025-12-30,310,0.9370725034199726,0.5704514363885089,0.4240766073871409,0.1
1808,Maliban Smart Cream Cracker 230g,Personal Care,130.0,814,476,105820.0,10582.0,2024-01-01,2025-12-31,353,1.1135430916552667,0.6511627906976745,0.4829001367989056,0.1
1809,Maliban Smart Cream Cracker 500g,Personal Care,480.0,131,66,62880.0,6288.0,2024-01-02,2025-12-31,61,0.17920656634746923,0.09028727770177838,0.08344733242134063,0.1
1810,SCAN Jumbo Peanut 15g,General Grocery,60.0,21,11,1260.0,210.0,2024-02-17,2025-09-10,10,0.028727770177838577,0.015047879616963064,0.013679890560875513,0.16666666666666666
1811,SCAN Jumbo Peanut 40g,General Grocery,110.0,32,17,3520.0,784.0,2024-02-24,2025-09-19,17,0.04377564979480164,0.023255813953488372,0.023255813953488372,0.22272727272727272
1812,SCAN Jumbo Peanut 80g,General Grocery,175.0,30,15,5250.0,524.6999999999999,2024-02-08,2025-12-14,15,0.04103967168262654,0.02051983584131327,0.02051983584131327,0.09994285714285712
1813,SCAN Jumbo Peanut 150g,General Grocery,310.0,35,19,10850.0,1085.0,2024-01-17,2025-12-14,18,0.047879616963064295,0.025991792065663474,0.024623803009575923,0.1
1814,SCAN Jumbo Peanut (Chilli)15g,Cooking Essentials,40.0,242,70,9680.0,968.0,2024-02-03,2025-12-13,66,0.33105335157318744,0.09575923392612859,0.09028727770177838,0.1
1815,SCAN Jumbo Peanut (Chilli)40g,Cooking Essentials,110.0,293,72,32230.0,3223.0,2024-01-01,2025-12-24,66,0.4008207934336525,0.09849521203830369,0.09028727770177838,0.1
1816,SCAN Jumbo Peanut (Chilli)80g,Cooking Essentials,320.0,219,53,70080.0,4380.0,2024-01-02,2025-12-22,51,0.29958960328317374,0.07250341997264022,0.06976744186046512,0.0625
1817,Astra Fat-Spread 1kg,General Grocery,1700.0,28,14,47600.0,5600.0,2024-02-04,2025-11-11,14,0.038303693570451436,0.019151846785225718,0.019151846785225718,0.11764705882352941
1818,CBL Bran Cracker 160g,Snacks & Confectionery,100.0,1309,446,130900.0,13090.0,2024-01-01,2025-12-31,324,1.7906976744186047,0.6101231190150479,0.4432284541723666,0.1
1819,CBL Bran Cracker 240g,Snacks & Confectionery,140.0,211,71,29540.0,2954.0,2024-01-01,2025-12-26,66,0.28864569083447333,0.09712722298221614,0.09028727770177838,0.1
1820,CBL Cheese Cracker 100g,Dairy & Chilled,150.0,418,216,62700.0,8360.0,2024-01-02,2025-12-30,177,0.5718194254445964,0.2954856361149111,0.2421340629274966,0.13333333333333333
1821,CBL Cheese Cracker 200g,Dairy & Chilled,270.0,125,61,33750.0,3375.0,2024-01-02,2025-12-29,59,0.17099863201094392,0.08344733242134063,0.08071135430916553,0.1
1822,CBL Sun Cracker 95g,Snacks & Confectionery,70.0,1325,488,92750.0,9275.0,2024-01-03,2025-12-29,318,1.8125854993160055,0.667578659370725,0.43502051983584133,0.1
1823,CBL Sun Cracker (Salt & Pepper)95g,Staples & Dry Groceries,70.0,364,84,25480.0,2548.0,2024-01-08,2025-12-30,80,0.49794801641586867,0.11491108071135431,0.1094391244870041,0.1
1824,Maliban Spicy Crackers 170g,General Grocery,150.0,58,35,8700.0,870.0,2024-01-19,2025-12-14,34,0.07934336525307797,0.047879616963064295,0.046511627906976744,0.1
1825,Maliban Bran Crackers 210g,General Grocery,160.0,89,44,14240.0,2225.0,2024-01-02,2025-12-30,41,0.12175102599179206,0.060191518467852256,0.0560875512995896,0.15625
1826,Maliban Chocolate Cream 100g,Personal Care,130.0,101,56,13130.0,3030.0,2024-01-12,2025-12-25,54,0.1381668946648427,0.07660738714090287,0.07387140902872777,0.23076923076923078
1827,Maliban Chocolate Cream 400g,Personal Care,250.0,96,55,24000.0,2400.0,2024-01-31,2025-12-27,53,0.13132694938440492,0.07523939808481532,0.07250341997264022,0.1
1828,Maliban Custard Cream 100g,Personal Care,70.0,60,37,4200.0,420.0,2024-01-04,2025-12-30,35,0.08207934336525308,0.0506155950752394,0.047879616963064295,0.1
1829,Maliban Orange Cream 100g,Personal Care,65.0,54,34,3510.0,351.0,2024-02-18,2025-12-31,32,0.07387140902872777,0.046511627906976744,0.04377564979480164,0.1
1830,Maliban Doubles Cream 100g,Personal Care,80.0,60,36,4800.0,480.0,2024-01-24,2025-12-23,36,0.08207934336525308,0.049247606019151846,0.049247606019151846,0.1
1831,Maliban Gold Marie 75g,General Grocery,50.0,27,17,1350.0,256.5,2024-02-02,2025-12-07,17,0.036935704514363885,0.023255813953488372,0.023255813953488372,0.19
1832,Maliban Gold Marie 230g,General Grocery,130.0,56,26,7280.0,728.0,2024-01-02,2025-12-17,26,0.07660738714090287,0.03556771545827633,0.03556771545827633,0.1
1833,Maliban Gold Marie 330g,General Grocery,210.0,17,8,3570.0,892.5,2024-01-16,2025-05-14,8,0.023255813953488372,0.01094391244870041,0.01094391244870041,0.25
1834,Maliban Ginger Biscuit 80g,Cooking Essentials,70.0,277,67,19390.0,1939.0,2024-01-13,2025-12-27,65,0.3789329685362517,0.09165526675786594,0.08891928864569083,0.1
1835,Maliban Ginger Biscuit 240g,Cooking Essentials,160.0,317,73,50720.0,5072.0,2024-01-11,2025-12-29,68,0.43365253077975374,0.09986320109439124,0.09302325581395349,0.1
1836,Maliban Ginger Biscuit 370g,Cooking Essentials,200.0,4121,955,824200.0,82420.0,2024-01-01,2025-12-30,498,5.637482900136799,1.3064295485636115,0.6812585499316005,0.1
1837,Maliban Lemon Puff 100g,General Grocery,75.0,22,15,1650.0,165.0,2024-01-16,2025-12-30,14,0.030095759233926128,0.02051983584131327,0.019151846785225718,0.1
1838,Maliban Lemon Puff 200g,General Grocery,140.0,37,16,5180.0,148.0,2024-02-23,2025-09-10,16,0.0506155950752394,0.02188782489740082,0.02188782489740082,0.02857142857142857
1839,Maliban Lemon Puff 400g,General Grocery,280.0,32,16,8960.0,256.0,2024-01-30,2025-12-06,16,0.04377564979480164,0.02188782489740082,0.02188782489740082,0.02857142857142857
1840,Maliban Chocolate Puff 100g,Snacks & Confectionery,80.0,134,52,10720.0,1072.0,2024-02-03,2025-12-22,49,0.18331053351573187,0.07113543091655267,0.06703146374829001,0.1
1841,Maliban Chocolate Puff 200g,Snacks & Confectionery,140.0,177,63,24780.0,2478.0,2024-01-14,2025-12-24,59,0.2421340629274966,0.08618331053351573,0.08071135430916553,0.1
1842,CBL Chocolate Cream 100g,Personal Care,75.0,96,51,7200.0,720.0,2024-01-19,2025-12-30,50,0.13132694938440492,0.06976744186046512,0.06839945280437756,0.1
1843,CBL Chocolate Cream 210g,Personal Care,140.0,71,42,9940.0,2272.0,2024-01-19,2025-12-17,39,0.09712722298221614,0.057455540355677154,0.0533515731874145,0.22857142857142856
1844,CBL Chocolate Cream 400g,Personal Care,270.0,85,52,22950.0,2295.0,2024-02-04,2025-12-23,51,0.11627906976744186,0.07113543091655267,0.06976744186046512,0.1
1845,CBL Bourbon Biscuits 100g,Snacks & Confectionery,80.0,221,71,17680.0,1768.0,2024-01-02,2025-12-22,64,0.3023255813953488,0.09712722298221614,0.08755129958960328,0.1
1846,CBL Milk Short Cake 200g,Dairy & Chilled,130.0,128,57,16640.0,1664.0,2024-01-18,2025-12-04,55,0.17510259917920656,0.07797537619699042,0.07523939808481532,0.1
1847,CBL Milk Short Cake 85g,Dairy & Chilled,60.0,142,73,8520.0,852.0,2024-01-13,2025-12-12,70,0.19425444596443228,0.09986320109439124,0.09575923392612859,0.1
1848,CBL Tifin Original  125g,General Grocery,100.0,34,20,3400.0,340.0,2024-02-29,2025-12-01,20,0.046511627906976744,0.027359781121751026,0.027359781121751026,0.1
1849,CBL Tifin Onion  125g,General Grocery,100.0,37,20,3700.0,370.0,2024-02-18,2025-12-23,20,0.0506155950752394,0.027359781121751026,0.027359781121751026,0.1
1850,CBL Hawaian Cookies 100g,General Grocery,130.0,393,201,51090.0,3930.0,2024-01-01,2025-12-31,165,0.5376196990424077,0.2749658002735978,0.22571819425444598,0.07692307692307693
1851,CBL Hawaian Cookies 200g,General Grocery,130.0,97,52,12610.0,1261.0,2024-01-04,2025-12-17,47,0.1326949384404925,0.07113543091655267,0.06429548563611491,0.1
1852,CBL Ginger Biscuits 85g,Cooking Essentials,70.0,3012,703,210840.0,30120.0,2024-01-01,2025-12-31,426,4.120383036935705,0.9616963064295485,0.5827633378932968,0.14285714285714285
1853,CBL Ginger Biscuits 400g,Cooking Essentials,240.0,4725,1122,1134000.0,136080.0,2024-01-01,2025-12-31,551,6.46374829001368,1.5348837209302326,0.7537619699042407,0.12
1854,CBL Nice Biscuits  100g,Snacks & Confectionery,70.0,5959,2151,417130.0,50055.6,2024-01-01,2025-12-31,660,8.151846785225718,2.942544459644323,0.9028727770177839,0.12
1855,CBL Nice Biscuits  400g,Snacks & Confectionery,230.0,167,60,38410.0,3841.0,2024-01-13,2025-12-26,55,0.22845417236662108,0.08207934336525308,0.07523939808481532,0.1
1856,CBL Kalo Biscuits 90g,Snacks & Confectionery,80.0,227,80,18160.0,1816.0,2024-01-04,2025-12-14,72,0.31053351573187415,0.1094391244870041,0.09849521203830369,0.1
1857,CBL Chocolate Chip Cookies 100g,Snacks & Confectionery,130.0,192,81,24960.0,2496.0,2024-01-09,2025-12-31,79,0.26265389876880985,0.11080711354309165,0.10807113543091655,0.1
1858,CBL Tikiri Marie 80g,General Grocery,45.0,38,20,1710.0,213.56,2024-02-07,2025-12-13,20,0.05198358413132695,0.027359781121751026,0.027359781121751026,0.1248888888888889
1859,CBL Tikiri Marie 360g,General Grocery,180.0,34,19,6120.0,612.0,2024-01-05,2025-11-28,19,0.046511627906976744,0.025991792065663474,0.025991792065663474,0.1
1860,CBL Lite Marie 50g,General Grocery,25.0,29,18,725.0,72.5,2024-01-03,2025-12-03,18,0.03967168262653899,0.024623803009575923,0.024623803009575923,0.1
1861,CBL Milk Shorties 75g,Dairy & Chilled,40.0,110,60,4400.0,440.0,2024-01-09,2025-12-30,58,0.15047879616963064,0.08207934336525308,0.07934336525307797,0.1
1862,CBL Milk Shorties 325g,Dairy & Chilled,140.0,142,72,19880.0,1988.0,2024-01-03,2025-12-29,69,0.19425444596443228,0.09849521203830369,0.09439124487004104,0.1
1863,CBL Chocolate Puff 100g,Snacks & Confectionery,70.0,186,67,13020.0,1302.0,2024-01-02,2025-12-31,62,0.25444596443228457,0.09165526675786594,0.08481532147742818,0.1
1864,CBL Chocolate Puff 200g,Snacks & Confectionery,250.0,178,57,44500.0,1780.0,2024-01-10,2025-12-21,56,0.24350205198358413,0.07797537619699042,0.07660738714090287,0.04
1865,CBL Lemon Puff 100g,General Grocery,70.0,35,16,2450.0,245.0,2024-01-01,2025-11-09,16,0.047879616963064295,0.02188782489740082,0.02188782489740082,0.1
1866,CBL Lemon Puff  200g,General Grocery,250.0,29,16,7250.0,290.0,2024-01-19,2025-12-31,16,0.03967168262653899,0.02188782489740082,0.02188782489740082,0.04
1867,CBL Milk Cream 110g,Personal Care,60.0,85,51,5100.0,510.0,2024-01-01,2025-12-06,50,0.11627906976744186,0.06976744186046512,0.06839945280437756,0.1
1868,CBL Ringo 50g,General Grocery,20.0,44,23,880.0,88.0,2024-02-01,2025-12-22,23,0.060191518467852256,0.03146374829001368,0.03146374829001368,0.1
1869,CBL Chocolate Wafers 85g,Snacks & Confectionery,80.0,136,52,10880.0,1088.0,2024-01-03,2025-12-28,48,0.18604651162790697,0.07113543091655267,0.06566347469220246,0.1
1870,Little Lion Choco Cookies 180g,General Grocery,190.0,826,421,156940.0,19617.5,2024-01-01,2025-12-31,320,1.1299589603283173,0.5759233926128591,0.4377564979480164,0.125
1871,Little Lion Batter Carol 270g,General Grocery,160.0,39,17,6240.0,975.0,2024-03-24,2025-12-23,16,0.0533515731874145,0.023255813953488372,0.02188782489740082,0.15625
1872,Little Lion Batter Carol 95g,General Grocery,65.0,30,16,1950.0,243.6,2024-02-11,2025-12-30,15,0.04103967168262654,0.02188782489740082,0.02051983584131327,0.12492307692307691
1873,Little Lion Wafers (Vanilla) 225g,General Grocery,140.0,61,29,8540.0,854.0,2024-01-02,2025-12-26,27,0.08344733242134063,0.03967168262653899,0.036935704514363885,0.1
1874,Little Lion Wafers (Chocolate) 225g,Snacks & Confectionery,150.0,169,66,25350.0,4056.0,2024-01-08,2025-12-18,63,0.23119015047879618,0.09028727770177838,0.08618331053351573,0.16
1875,Little Lion Wafers (Choco-Vanilla)400g,General Grocery,240.0,48,21,11520.0,1152.0,2024-02-13,2025-12-31,19,0.06566347469220246,0.028727770177838577,0.025991792065663474,0.1
1876,CBL Wafers (Lemon) 400g,General Grocery,260.0,38,18,9880.0,988.0,2024-01-27,2025-06-06,17,0.05198358413132695,0.024623803009575923,0.023255813953488372,0.1
1877,Dettol Hand Wash (skin care)200ml,Cleaning & Household,300.0,79,51,23700.0,2154.33,2024-01-04,2025-12-30,47,0.10807113543091655,0.06976744186046512,0.06429548563611491,0.0909
1878,Dettol Hand Wash (sensitive) 200ml,Cleaning & Household,300.0,1087,610,326100.0,29642.489999999998,2024-01-01,2025-12-31,400,1.4870041039671682,0.8344733242134063,0.5471956224350205,0.0909
1879,Dettol Hand Wash (cucumber)200ml,Cleaning & Household,290.0,60,34,17400.0,1500.0,2024-01-02,2025-12-18,33,0.08207934336525308,0.046511627906976744,0.04514363885088919,0.08620689655172414
1880,Dettol Hand Wash (original)200ml,Cleaning & Household,300.0,75,49,22500.0,2045.25,2024-01-13,2025-12-28,46,0.10259917920656635,0.06703146374829001,0.06292749658002736,0.0909
1881,Dettol Hand Wash Refill (original)175ml,Cleaning & Household,190.0,84,45,15960.0,1344.0,2024-01-24,2025-12-23,45,0.11491108071135431,0.06155950752393981,0.06155950752393981,0.08421052631578947
1882,Dettol Hand Wash Refill (sensitive)175ml,Cleaning & Household,190.0,656,381,124640.0,10496.0,2024-01-01,2025-12-28,287,0.8974008207934336,0.521203830369357,0.39261285909712723,0.08421052631578947
1883,Dettol Hand Wash Refill (skincare)175ml,Cleaning & Household,190.0,421,246,79990.0,6736.0,2024-01-02,2025-12-31,177,0.5759233926128591,0.33652530779753764,0.2421340629274966,0.08421052631578947
1884,Dettol Hand Wash Refill (orange)175ml,Cleaning & Household,190.0,92,52,17480.0,1472.0,2024-01-08,2025-12-31,50,0.12585499316005472,0.07113543091655267,0.06839945280437756,0.08421052631578947
1885,Champion Hand Wash (DelumRed)250ml,Cleaning & Household,265.0,62,35,16430.0,1550.0,2024-01-18,2025-12-16,33,0.08481532147742818,0.047879616963064295,0.04514363885088919,0.09433962264150944
1886,Sun Hand Wash 500ml,Cleaning & Household,360.0,58,35,20880.0,2030.0,2024-01-01,2025-12-01,35,0.07934336525307797,0.047879616963064295,0.047879616963064295,0.09722222222222222
1887,Britol Hand Wash 750ml (Lime),Cleaning & Household,350.0,86,54,30100.0,1290.0,2024-01-26,2025-12-31,51,0.11764705882352941,0.07387140902872777,0.06976744186046512,0.04285714285714286
1888,Lifebuoy Hand Wash 200ml (Orange),Cleaning & Household,225.0,79,50,17775.0,1580.0,2024-02-05,2025-12-26,49,0.10807113543091655,0.06839945280437756,0.06703146374829001,0.08888888888888889
1889,Lifebuoy Hand Wash 180ml (Orange),Cleaning & Household,160.0,74,41,11840.0,888.0,2024-01-20,2025-12-20,41,0.1012311901504788,0.0560875512995896,0.0560875512995896,0.075
1890,Lifebuoy Hand Wash 200ml (Mild Care),Cleaning & Household,225.0,71,40,15975.0,1420.0,2024-01-16,2025-12-16,39,0.09712722298221614,0.05471956224350205,0.0533515731874145,0.08888888888888889
1891,Lifebuoy Hand Wash 200ml (Green Tea),Cleaning & Household,225.0,656,393,147600.0,13120.0,2024-01-02,2025-12-26,299,0.8974008207934336,0.5376196990424077,0.40902872777017785,0.08888888888888889
1892,Lifebuoy Hand Wash 200ml (Charcoal),Cleaning & Household,225.0,70,46,15750.0,1400.0,2024-01-08,2025-12-23,45,0.09575923392612859,0.06292749658002736,0.06155950752393981,0.08888888888888889
1895,Comfort  Safe & Soft 860ml,General Grocery,780.0,23,14,17940.0,1380.0,2024-01-08,2025-10-27,13,0.03146374829001368,0.019151846785225718,0.017783857729138167,0.07692307692307693
1896,Comfort Shine & Freshness 220ml,General Grocery,230.0,20,11,4600.0,400.0,2024-03-24,2025-12-07,11,0.027359781121751026,0.015047879616963064,0.015047879616963064,0.08695652173913043
1897,Comfort Anti Bacterial 220ml,General Grocery,280.0,33,19,9240.0,1650.0,2024-04-06,2025-12-24,19,0.04514363885088919,0.025991792065663474,0.025991792065663474,0.17857142857142858
1898,Sunlight Care Liquid (Pearls)600ml,Cleaning & Household,185.0,68,39,12580.0,1020.0,2024-01-17,2025-12-22,38,0.09302325581395349,0.0533515731874145,0.05198358413132695,0.08108108108108109
1899,Sunlight Care Liquid (naturals) 600ml,Cleaning & Household,195.0,57,34,11115.0,1140.0,2024-01-12,2025-12-27,34,0.07797537619699042,0.046511627906976744,0.046511627906976744,0.10256410256410256
1900,Sunlight Care Liquid (naturals)1L,Cleaning & Household,325.0,1184,711,384800.0,29600.0,2024-01-02,2025-12-31,462,1.6196990424076607,0.9726402188782489,0.6320109439124487,0.07692307692307693
1901,Surf Excel Matic (Liquid)500ml,General Grocery,345.0,27,19,9315.0,810.0,2024-01-03,2025-12-30,18,0.036935704514363885,0.025991792065663474,0.024623803009575923,0.08695652173913043
1902,Surf Excel Matic (Liquid)1.02L,General Grocery,570.0,55,26,31350.0,2200.0,2024-01-12,2025-12-07,26,0.07523939808481532,0.03556771545827633,0.03556771545827633,0.07017543859649122
1903,All Out Liquid (Floral) 500ml,General Grocery,345.0,27,12,9315.0,810.0,2024-05-02,2025-12-25,12,0.036935704514363885,0.016415868673050615,0.016415868673050615,0.08695652173913043
1904,Rin Lemon-Rose 200g,Cleaning & Household,40.0,1192,700,47680.0,4768.0,2024-01-01,2025-12-30,436,1.6306429548563612,0.957592339261286,0.5964432284541724,0.1
1905,Rin Lemon-Rose 500g,Cleaning & Household,90.0,64,35,5760.0,512.0,2024-01-10,2025-12-27,34,0.08755129958960328,0.047879616963064295,0.046511627906976744,0.08888888888888889
1906,Rin Lemon-Rose 1kg,Cleaning & Household,170.0,59,36,10030.0,912.14,2024-01-10,2025-12-15,36,0.08071135430916553,0.049247606019151846,0.049247606019151846,0.09094117647058823
1907,Sunlight Care naturals 200g,Cleaning & Household,50.0,50,31,2500.0,250.0,2024-01-17,2025-12-21,30,0.06839945280437756,0.04240766073871409,0.04103967168262654,0.1
1908,Sunlight Care naturals 1kg,Cleaning & Household,220.0,83,45,18260.0,1826.0,2024-01-20,2025-12-24,40,0.11354309165526676,0.06155950752393981,0.05471956224350205,0.1
1910,Sunlight 2in1 (Rose) 1kg,Cleaning & Household,320.0,102,54,32640.0,3570.0,2024-01-12,2025-12-28,54,0.13953488372093023,0.07387140902872777,0.07387140902872777,0.109375
1911,Sunlight 2in1 (Jasmine) 60g,Cleaning & Household,10.0,58,32,580.0,58.0,2024-01-04,2025-12-25,32,0.07934336525307797,0.04377564979480164,0.04377564979480164,0.1
1912,Sunlight 2in1 (Jasmine) 1kg,Cleaning & Household,170.0,76,47,12920.0,1140.0,2024-01-01,2025-12-28,47,0.1039671682626539,0.06429548563611491,0.06429548563611491,0.08823529411764706
1913,Sunlight 2in1 (Lemon) 60g,Cleaning & Household,10.0,80,37,800.0,80.0,2024-02-17,2025-12-28,36,0.1094391244870041,0.0506155950752394,0.049247606019151846,0.1
1914,Sunlight 2in1 (Lemon) 400g,Cleaning & Household,80.0,52,34,4160.0,364.0,2024-03-27,2025-12-29,34,0.07113543091655267,0.046511627906976744,0.046511627906976744,0.0875
1915,Sunlight 2in1 (Lemon) 1kg,Cleaning & Household,215.0,1698,952,365070.0,76410.0,2024-01-02,2025-12-31,503,2.322845417236662,1.302325581395349,0.6880984952120383,0.20930232558139536
1916,Sunlight 2in1 (Sakura) 200g,Cleaning & Household,40.0,85,47,3400.0,340.0,2024-01-01,2025-12-22,44,0.11627906976744186,0.06429548563611491,0.060191518467852256,0.1
1917,Sunlight Care Pearls 200g,Cleaning & Household,50.0,79,41,3950.0,395.0,2024-01-12,2025-12-11,39,0.10807113543091655,0.0560875512995896,0.0533515731874145,0.1
1918,Surf excel (Aloevera) 30g,General Grocery,10.0,55,25,550.0,55.0,2024-01-25,2025-12-24,25,0.07523939808481532,0.03419972640218878,0.03419972640218878,0.1
1919,Surf excel (Aloevera) 60g,General Grocery,20.0,55,34,1100.0,110.0,2024-01-21,2025-12-23,34,0.07523939808481532,0.046511627906976744,0.046511627906976744,0.1
1920,Surf excel (Aloevera) 250g,General Grocery,99.0,37,22,3663.0,333.0,2024-02-05,2025-11-18,22,0.0506155950752394,0.030095759233926128,0.030095759233926128,0.09090909090909091
1921,Surf excel (Aloevera) 500g,General Grocery,175.0,27,20,4725.0,405.0,2024-01-27,2025-12-29,19,0.036935704514363885,0.027359781121751026,0.025991792065663474,0.08571428571428572
1922,Surf excel (Aloevera) 1kg,General Grocery,280.0,41,24,11480.0,820.0,2024-03-27,2025-12-30,23,0.0560875512995896,0.03283173734610123,0.03146374829001368,0.07142857142857142
1923,Surf excel Matic 500g,General Grocery,210.0,32,16,6720.0,640.0,2024-04-18,2025-12-10,16,0.04377564979480164,0.02188782489740082,0.02188782489740082,0.09523809523809523
1924,Surf excel Matic 1kg,General Grocery,680.0,31,16,21080.0,930.0,2024-01-20,2025-12-22,15,0.04240766073871409,0.02188782489740082,0.02051983584131327,0.04411764705882353
1925,Surf excel Hygienic 30g,General Grocery,10.0,42,21,420.0,42.0,2024-03-13,2025-12-08,21,0.057455540355677154,0.028727770177838577,0.028727770177838577,0.1
1926,Bubble Detergent Powder 500g,Cleaning & Household,140.0,1242,720,173880.0,24840.0,2024-01-02,2025-12-31,447,1.6990424076607387,0.9849521203830369,0.6114911080711354,0.14285714285714285
1927,Diva Power (Germ-Guard) 400g,Cleaning & Household,90.0,80,49,7200.0,720.0,2024-01-14,2025-12-31,46,0.1094391244870041,0.06703146374829001,0.06292749658002736,0.1
1928,Diva Power (Germ-Guard) 1kg,Cleaning & Household,185.0,71,39,13135.0,1065.0,2024-02-14,2025-12-23,38,0.09712722298221614,0.0533515731874145,0.05198358413132695,0.08108108108108109
1929,Diva Power (Colour-Guard) 400g,Cleaning & Household,90.0,82,51,7380.0,738.0,2024-01-10,2025-12-13,51,0.1121751025991792,0.06976744186046512,0.06976744186046512,0.1
1930,Diva Power (Colour-Guard) 1kg,Cleaning & Household,195.0,94,47,18330.0,1513.4,2024-01-26,2025-12-18,44,0.12859097127222982,0.06429548563611491,0.060191518467852256,0.08256410256410257
1931,Diva Fresh (Jasmine) 200g,Cleaning & Household,90.0,79,46,7110.0,790.0,2024-01-20,2025-12-20,46,0.10807113543091655,0.06292749658002736,0.06292749658002736,0.1111111111111111
1932,Diva Power (Colour-Guard) 40g,Cleaning & Household,10.0,60,38,600.0,60.0,2024-01-03,2025-12-16,36,0.08207934336525308,0.05198358413132695,0.049247606019151846,0.1
1933,Diva Power (Germ-Guard) 40g,Cleaning & Household,10.0,70,39,700.0,70.0,2024-01-01,2025-12-27,39,0.09575923392612859,0.0533515731874145,0.0533515731874145,0.1
1934,Diva Fresh (Jasmine) 400g,Cleaning & Household,170.0,640,372,108800.0,12800.0,2024-01-01,2025-12-30,282,0.8755129958960328,0.5088919288645691,0.3857729138166895,0.11764705882352941
1935,Diva Fresh (Jasmine) 1kg,Cleaning & Household,320.0,70,41,22400.0,700.0,2024-01-10,2025-12-30,41,0.09575923392612859,0.0560875512995896,0.0560875512995896,0.03125
1936,Diva Fresh (Aqua) 200g,Cleaning & Household,35.0,76,40,2660.0,228.0,2024-01-15,2025-12-22,40,0.1039671682626539,0.05471956224350205,0.05471956224350205,0.08571428571428572
1937,Diva Fresh (Sepalika) 400g,Cleaning & Household,75.0,643,368,48225.0,4501.0,2024-01-02,2025-12-31,277,0.8796169630642955,0.5034199726402189,0.3789329685362517,0.09333333333333334
1938,Diva Fresh (Rose) 60g,Cleaning & Household,25.0,75,47,1875.0,1125.0,2024-01-06,2025-12-13,46,0.10259917920656635,0.06429548563611491,0.06292749658002736,0.6
1939,Diva Fresh (Purple lotus) 60g,Cleaning & Household,25.0,684,401,17100.0,10260.0,2024-01-02,2025-12-30,296,0.9357045143638851,0.5485636114911081,0.4049247606019152,0.6
1940,britol super 45g,General Grocery,10.0,32,17,320.0,32.0,2024-01-06,2025-12-22,16,0.04377564979480164,0.023255813953488372,0.02188782489740082,0.1
1941,britol super 1kg,General Grocery,165.0,37,17,6105.0,555.0,2024-01-14,2025-10-27,17,0.0506155950752394,0.023255813953488372,0.023255813953488372,0.09090909090909091
1942,Harpc & Lysol (promo),General Grocery,395.0,35,20,13825.0,1575.0,2024-01-04,2025-12-29,19,0.047879616963064295,0.027359781121751026,0.025991792065663474,0.11392405063291139
1943,Sunquick Fruit-Cocktail 330ml,General Grocery,660.0,28,16,18480.0,1680.0,2024-01-07,2025-11-28,16,0.038303693570451436,0.02188782489740082,0.02188782489740082,0.09090909090909091
1944,Sunquick Fruit-Cocktail 840ml,General Grocery,790.0,29,15,22910.0,2175.0,2024-02-17,2025-12-08,15,0.03967168262653899,0.02051983584131327,0.02051983584131327,0.0949367088607595
1945,Sunquick Orange 330ml,General Grocery,420.0,18,14,7560.0,1260.0,2024-01-02,2025-05-17,14,0.024623803009575923,0.019151846785225718,0.019151846785225718,0.16666666666666666
1946,Sunquick Orange 840ml,General Grocery,790.0,25,13,19750.0,1875.0,2024-01-04,2025-12-30,12,0.03419972640218878,0.017783857729138167,0.016415868673050615,0.0949367088607595
1947,Sunquick Guava & Strawberry 330ml,General Grocery,430.0,27,16,11610.0,1161.0,2024-02-04,2025-11-24,16,0.036935704514363885,0.02188782489740082,0.02188782489740082,0.1
1948,MD Mixed Fruit Jam 150g,General Grocery,260.0,22,14,5720.0,220.0,2024-02-25,2025-12-01,14,0.030095759233926128,0.019151846785225718,0.019151846785225718,0.038461538461538464
1949,MD Mixed Fruit Jam 225g,General Grocery,320.0,13,10,4160.0,260.0,2024-02-03,2025-12-22,10,0.017783857729138167,0.013679890560875513,0.013679890560875513,0.0625
1950,MD Mixed Fruit Jam 300g,General Grocery,250.0,21,10,5250.0,472.5,2024-02-11,2025-11-28,10,0.028727770177838577,0.013679890560875513,0.013679890560875513,0.09
1951,MD Strawberry Jam 150g,General Grocery,240.0,30,14,7200.0,660.0,2024-01-06,2025-12-20,14,0.04103967168262654,0.019151846785225718,0.019151846785225718,0.09166666666666666
1952,MD Strawberry Jam 225g,General Grocery,190.0,28,16,5320.0,483.0,2024-01-03,2025-12-31,16,0.038303693570451436,0.02188782489740082,0.02188782489740082,0.09078947368421053
1953,MD Strawberry Jam 300g,General Grocery,250.0,37,19,9250.0,1513.3,2024-01-20,2025-12-25,19,0.0506155950752394,0.025991792065663474,0.025991792065663474,0.1636
1954,MD Pineapple Jam 150g,General Grocery,240.0,42,18,10080.0,916.4399999999999,2024-01-07,2025-12-06,18,0.057455540355677154,0.024623803009575923,0.024623803009575923,0.09091666666666666
1955,MD Pineapple Jam 225g,General Grocery,320.0,28,15,8960.0,560.0,2024-04-30,2025-12-19,15,0.038303693570451436,0.02051983584131327,0.02051983584131327,0.0625
1956,MD Mango Chutney 300g,General Grocery,260.0,39,22,10140.0,920.4,2024-01-24,2025-12-25,22,0.0533515731874145,0.030095759233926128,0.030095759233926128,0.09076923076923077
1957,MD Mango Chutney 460g,General Grocery,330.0,23,17,7590.0,690.0,2024-01-07,2025-11-01,17,0.03146374829001368,0.023255813953488372,0.023255813953488372,0.09090909090909091
1958,MD Tomato Sauce 400g,Cooking Essentials,280.0,198,48,55440.0,5039.099999999999,2024-01-10,2025-12-17,43,0.2708618331053352,0.06566347469220246,0.058823529411764705,0.09089285714285714
1959,MD Tomato Paste 250g,General Grocery,290.0,24,12,6960.0,600.0,2024-01-23,2025-12-21,12,0.03283173734610123,0.016415868673050615,0.016415868673050615,0.08620689655172414
1960,MD Tomato Puree245g,General Grocery,270.0,26,16,7020.0,650.0,2024-01-14,2025-12-13,16,0.03556771545827633,0.02188782489740082,0.02188782489740082,0.09259259259259259
1961,Edinborough Tomato370g,General Grocery,275.0,23,13,6325.0,778.5500000000001,2024-02-21,2025-12-29,13,0.03146374829001368,0.017783857729138167,0.017783857729138167,0.1230909090909091
1962,Edinborough Chilli Paste 325g,Cooking Essentials,420.0,213,55,89460.0,4260.0,2024-01-28,2025-12-16,51,0.2913816689466484,0.07523939808481532,0.06976744186046512,0.047619047619047616
1963,Edinborough Chilli Paste 100g,Cooking Essentials,175.0,256,62,44800.0,3840.0,2024-02-05,2025-12-21,57,0.35020519835841313,0.08481532147742818,0.07797537619699042,0.08571428571428572
1964,Edinborough Mango Chutney 450g,General Grocery,625.0,54,25,33750.0,1350.0,2024-01-21,2025-12-19,24,0.07387140902872777,0.03419972640218878,0.03283173734610123,0.04
1965,Edinborough Mango Chutney 200g,General Grocery,165.0,33,19,5445.0,495.0,2024-03-09,2025-12-30,18,0.04514363885088919,0.025991792065663474,0.024623803009575923,0.09090909090909091
1966,Edinborough Lime Pickle200g,General Grocery,295.0,22,14,6490.0,330.0,2024-01-20,2025-12-03,14,0.030095759233926128,0.019151846785225718,0.019151846785225718,0.05084745762711865
1967,Edinborough Mustard Cream165g,Cooking Essentials,185.0,2081,476,384985.0,77017.81,2024-01-02,2025-12-30,317,2.846785225718194,0.6511627906976745,0.43365253077975374,0.20005405405405405
1968,Edinborough Mustard Cream350g,Cooking Essentials,350.0,271,70,94850.0,29902.14,2024-01-12,2025-12-22,67,0.3707250341997264,0.09575923392612859,0.09165526675786594,0.31525714285714285
1969,Edinborough Mustard Cream695g,Cooking Essentials,560.0,316,76,176960.0,22391.760000000002,2024-01-02,2025-12-26,72,0.4322845417236662,0.1039671682626539,0.09849521203830369,0.1265357142857143
1970,Mity Mushrooms425g,General Grocery,370.0,35,18,12950.0,2275.0,2024-03-24,2025-12-21,18,0.047879616963064295,0.024623803009575923,0.024623803009575923,0.17567567567567569
1971,Mity Baby Corn 425g,Baby & Kids,320.0,62,35,19840.0,1240.0,2024-01-02,2025-12-22,33,0.08481532147742818,0.047879616963064295,0.04514363885088919,0.0625
1973,Mity Green Peas400g,General Grocery,205.0,30,17,6150.0,150.0,2024-04-23,2025-12-13,17,0.04103967168262654,0.023255813953488372,0.023255813953488372,0.024390243902439025
1974,Edinborough Mayonnaise200g,General Grocery,400.0,48,29,19200.0,4368.0,2024-01-11,2025-12-25,29,0.06566347469220246,0.03967168262653899,0.03967168262653899,0.2275
1975,Edinborough Mayonnaise350g,General Grocery,395.0,36,22,14220.0,360.0,2024-02-17,2025-09-11,22,0.049247606019151846,0.030095759233926128,0.030095759233926128,0.02531645569620253
1976,Edinborough Fish Sauce350ml,"Meat, Fish & Frozen",350.0,17,9,5950.0,170.0,2024-02-10,2025-09-21,9,0.023255813953488372,0.012311901504787962,0.012311901504787962,0.02857142857142857
1977,Edinborough Chilli Sauce230g,Cooking Essentials,170.0,1802,417,306340.0,18020.0,2024-01-04,2025-12-30,319,2.4651162790697674,0.5704514363885089,0.4363885088919289,0.058823529411764705
1978,Edinborough B.B.Q Sauce350ml,General Grocery,580.0,652,329,378160.0,26080.0,2024-01-01,2025-12-30,262,0.8919288645690835,0.45006839945280436,0.35841313269493846,0.06896551724137931
1979,Edinborough Oyster Sauce385g,General Grocery,350.0,41,17,14350.0,410.0,2024-04-16,2025-12-21,17,0.0560875512995896,0.023255813953488372,0.023255813953488372,0.02857142857142857
1980,Edinborough Soya Sauce100ml,Cooking Essentials,230.0,223,53,51290.0,6690.0,2024-01-14,2025-12-27,52,0.30506155950752395,0.07250341997264022,0.07113543091655267,0.13043478260869565
1981,Edinborough Soya Sauce650ml,Cooking Essentials,220.0,239,49,52580.0,5975.0,2024-01-11,2025-12-30,45,0.32694938440492477,0.06703146374829001,0.06155950752393981,0.11363636363636363
1982,Edinborough Chocolate Topping270ml,Snacks & Confectionery,1100.0,171,63,188100.0,17100.0,2024-01-10,2025-12-30,60,0.23392612859097128,0.08618331053351573,0.08207934336525308,0.09090909090909091
1983,KIST Tomato Sauce865g,General Grocery,600.0,24,14,14400.0,480.0,2024-03-15,2025-11-23,14,0.03283173734610123,0.019151846785225718,0.019151846785225718,0.03333333333333333
1984,KIST Tomato Sauce400g,General Grocery,490.0,18,14,8820.0,720.0,2024-02-23,2025-12-06,14,0.024623803009575923,0.019151846785225718,0.019151846785225718,0.08163265306122448
1985,KIST Tomato Sauce200g,General Grocery,170.0,19,12,3230.0,190.0,2024-02-01,2025-06-05,11,0.025991792065663474,0.016415868673050615,0.015047879616963064,0.058823529411764705
1986,KIST Tomato Sauce 2L,Cooking Essentials,700.0,133,37,93100.0,13300.0,2024-01-09,2025-11-27,36,0.18194254445964433,0.0506155950752394,0.049247606019151846,0.14285714285714285
1987,KIST Tomato Sauce 4L,Cooking Essentials,2500.0,179,43,447500.0,17900.0,2024-01-07,2025-12-16,41,0.2448700410396717,0.058823529411764705,0.0560875512995896,0.04
1988,KIST Chilli Sauce190g,Cooking Essentials,170.0,207,50,35190.0,2070.0,2024-01-02,2025-12-30,48,0.28317373461012313,0.06839945280437756,0.06566347469220246,0.058823529411764705
1989,KIST Chilli Sauce375g,Cooking Essentials,325.0,252,55,81900.0,6300.0,2024-01-06,2025-12-22,54,0.3447332421340629,0.07523939808481532,0.07387140902872777,0.07692307692307693
1990,KIST Kithul Treacle340ml,General Grocery,280.0,22,9,6160.0,220.0,2024-01-03,2025-04-19,9,0.030095759233926128,0.012311901504787962,0.012311901504787962,0.03571428571428571
1991,Edinborough Coconut Vinegar350ml,Cooking Essentials,90.0,201,48,18090.0,2010.0,2024-01-12,2025-12-28,47,0.2749658002735978,0.06566347469220246,0.06429548563611491,0.1111111111111111
1992,Edinborough Coconut Vinegar750ml,Cooking Essentials,135.0,171,45,23085.0,855.0,2024-01-08,2025-12-31,44,0.23392612859097128,0.06155950752393981,0.060191518467852256,0.037037037037037035
1993,Edinborough Lime Seasoning200ml,General Grocery,270.0,29,18,7830.0,1450.0,2024-02-07,2025-11-29,18,0.03967168262653899,0.024623803009575923,0.024623803009575923,0.18518518518518517
1994,Edinborough Artificial Vinegar350ml,General Grocery,65.0,36,20,2340.0,180.0,2024-02-15,2025-12-05,20,0.049247606019151846,0.027359781121751026,0.027359781121751026,0.07692307692307693
1995,Edinborough Tomato Sauce200g,General Grocery,85.0,32,17,2720.0,160.0,2024-01-16,2025-12-21,17,0.04377564979480164,0.023255813953488372,0.023255813953488372,0.058823529411764705
1996,KVC Tomato Sauce400g,General Grocery,150.0,704,358,105600.0,7040.0,2024-01-02,2025-12-31,268,0.9630642954856361,0.4897400820793434,0.36662106703146374,0.06666666666666667
1997,Choco Peanut Butter325g,General Grocery,600.0,380,189,228000.0,3800.0,2024-01-02,2025-12-31,160,0.5198358413132695,0.2585499316005472,0.2188782489740082,0.016666666666666666
1998,Crunchy Peanut Butter325g,General Grocery,500.0,1224,634,612000.0,61200.0,2024-01-01,2025-12-31,407,1.6744186046511629,0.8673050615595075,0.5567715458276333,0.1
1999,Astra Mayonnaise295ml,General Grocery,495.0,23,11,11385.0,230.0,2024-02-02,2025-11-27,11,0.03146374829001368,0.015047879616963064,0.015047879616963064,0.020202020202020204
2000,Coopoliva Green Olives358ml,General Grocery,1390.0,106,60,147340.0,26812.7,2024-01-07,2025-11-17,57,0.14500683994528044,0.08207934336525308,0.07797537619699042,0.18197841726618705
2001,Bulerias Black Olives358ml,General Grocery,470.0,27,12,12690.0,270.0,2024-05-27,2025-12-23,11,0.036935704514363885,0.016415868673050615,0.015047879616963064,0.02127659574468085
2002,Ocean Star Canned Fish 425g,"Meat, Fish & Frozen",360.0,2071,1047,745560.0,72485.0,2024-01-01,2025-12-31,526,2.8331053351573185,1.4322845417236663,0.719562243502052,0.09722222222222222
2003,Ocean Star Canned Fish 155g,"Meat, Fish & Frozen",200.0,1500,789,300000.0,15000.0,2024-01-01,2025-12-30,468,2.0519835841313268,1.079343365253078,0.640218878248974,0.05
2004,E.H Chicken Meat Balls 400g,"Meat, Fish & Frozen",300.0,44,24,13200.0,1100.0,2024-01-04,2025-12-27,24,0.060191518467852256,0.03283173734610123,0.03283173734610123,0.08333333333333333
2005,Marina Sun Flower Oil 500ml,Cooking Essentials,460.0,297,74,136620.0,14850.0,2024-02-06,2025-12-23,69,0.4062927496580027,0.1012311901504788,0.09439124487004104,0.10869565217391304
2006,Marina Sun Flower Oil 1L,Cooking Essentials,890.0,315,82,280350.0,29925.0,2024-01-03,2025-12-07,77,0.43091655266757867,0.1121751025991792,0.10533515731874145,0.10674157303370786
2007,Marina Coconut Oil 200ml,Cooking Essentials,188.0,1603,347,301364.0,28854.0,2024-01-07,2025-12-30,232,2.1928864569083446,0.4746922024623803,0.3173734610123119,0.09574468085106383
2008,Marina Coconut Oil 350ml,Cooking Essentials,322.0,4707,1104,1515654.0,127089.0,2024-01-01,2025-12-31,557,6.439124487004104,1.5102599179206566,0.761969904240766,0.08385093167701864
2009,Marina Coconut Oil 675ml,Cooking Essentials,670.0,2087,449,1398290.0,250440.0,2024-01-08,2025-12-31,235,2.8549931600547196,0.6142270861833106,0.32147742818057456,0.1791044776119403
2010,Marina Coconut Oil 500ml,Cooking Essentials,450.0,1249,282,562050.0,49960.0,2024-01-02,2025-12-31,214,1.7086183310533516,0.3857729138166895,0.292749658002736,0.08888888888888889
2011,Marina Cooking Oil 500ml,Cooking Essentials,420.0,250,56,105000.0,12500.0,2024-01-02,2025-12-29,54,0.34199726402188785,0.07660738714090287,0.07387140902872777,0.11904761904761904
2012,Marina Vegetable Oil 500ml,Cooking Essentials,390.0,1815,443,707850.0,63525.0,2024-01-01,2025-12-31,325,2.4829001367989054,0.6060191518467852,0.44459644322845415,0.08974358974358974
2013,Marina Coconut Milk 400ml,Dairy & Chilled,225.0,1670,398,375750.0,41750.0,2024-01-02,2025-12-25,261,2.284541723666211,0.5444596443228454,0.35704514363885087,0.1111111111111111
2014,Fortune Vegetable Oil 200ml,Cooking Essentials,340.0,264,55,89760.0,5280.0,2024-01-19,2025-12-12,52,0.36114911080711354,0.07523939808481532,0.07113543091655267,0.058823529411764705
2015,Fortune Vegetable Oil 500ml,Cooking Essentials,650.0,306,66,198900.0,15300.0,2024-01-06,2025-12-27,62,0.4186046511627907,0.09028727770177838,0.08481532147742818,0.07692307692307693
2016,Fortune Coconut Oil 675ml,Cooking Essentials,550.0,2065,483,1135750.0,103250.0,2024-01-01,2025-12-30,347,2.8248974008207934,0.6607387140902873,0.4746922024623803,0.09090909090909091
2017,Turkey Cooking Oil 1L,Cooking Essentials,890.0,963,242,857070.0,57780.0,2024-01-08,2025-12-27,188,1.317373461012312,0.33105335157318744,0.25718194254445964,0.06741573033707865
2018,Coopoliva Olive Oil 250ml,Cooking Essentials,2690.0,458,108,1232020.0,87020.0,2024-01-01,2025-12-26,98,0.6265389876880985,0.14774281805745554,0.13406292749658003,0.07063197026022305
2019,Harischandra Noodles 400g,Staples & Dry Groceries,150.0,4254,1019,638100.0,114858.0,2024-01-01,2025-12-31,543,5.819425444596443,1.3939808481532148,0.7428180574555403,0.18
2020,Harischandra Noodles 400g (2minutes),Staples & Dry Groceries,150.0,3428,804,514200.0,85700.0,2024-01-01,2025-12-30,480,4.6894664842681255,1.0998632010943912,0.6566347469220246,0.16666666666666666
2021,Harischandra Thosai Mixture 400g,General Grocery,250.0,34,18,8500.0,850.0,2024-01-10,2025-12-31,18,0.046511627906976744,0.024623803009575923,0.024623803009575923,0.1
2022,Harischandra Kurakkan Flour 400g,Staples & Dry Groceries,400.0,172,37,68800.0,8600.0,2024-02-02,2025-12-09,37,0.23529411764705882,0.0506155950752394,0.0506155950752394,0.125
2023,San Remo Pasta (Elbows) 500g,Staples & Dry Groceries,425.0,191,52,81175.0,7640.0,2024-01-09,2025-12-25,51,0.2612859097127223,0.07113543091655267,0.06976744186046512,0.09411764705882353
2024,San Remo Pasta (Small Shells) 500g,Staples & Dry Groceries,425.0,223,53,94775.0,15536.41,2024-01-06,2025-12-23,51,0.30506155950752395,0.07250341997264022,0.06976744186046512,0.16392941176470588
2025,San Remo Pasta (Spirals) 500g,Staples & Dry Groceries,425.0,226,53,96050.0,9040.0,2024-01-01,2025-12-30,51,0.3091655266757866,0.07250341997264022,0.06976744186046512,0.09411764705882353
2026,San Remo Spaghetti 500g,General Grocery,425.0,24,13,10200.0,960.0,2024-01-12,2025-12-08,13,0.03283173734610123,0.017783857729138167,0.017783857729138167,0.09411764705882353
2027,Verda Spaghetti 400g,General Grocery,720.0,47,18,33840.0,5547.41,2024-02-17,2025-12-15,18,0.06429548563611491,0.024623803009575923,0.024623803009575923,0.16393055555555555
2028,Sera Festive Noodles 325g,Staples & Dry Groceries,130.0,182,47,23660.0,2366.0,2024-02-02,2025-12-31,46,0.24897400820793433,0.06429548563611491,0.06292749658002736,0.1
2029,Sera Regular Noodles 400g,Staples & Dry Groceries,120.0,1466,357,175920.0,17592.0,2024-01-01,2025-12-31,274,2.0054719562243504,0.4883720930232558,0.3748290013679891,0.1
2030,Prima Kottu-Mee (Hot'n'Spicy) 80g,General Grocery,70.0,36,15,2520.0,414.0,2024-01-04,2025-08-25,15,0.049247606019151846,0.02051983584131327,0.02051983584131327,0.16428571428571428
2031,Prima Kottu-Mee (Masala) 78g,General Grocery,60.0,55,26,3300.0,330.0,2024-01-02,2025-12-19,25,0.07523939808481532,0.03556771545827633,0.03419972640218878,0.1
2032,Prima Kottu-Mee (Cheese&Onion)80g,Dairy & Chilled,60.0,86,44,5160.0,516.0,2024-01-29,2025-12-20,42,0.11764705882352941,0.060191518467852256,0.057455540355677154,0.1
2033,Prima Kottu-Mee (Chicken) 78g,"Meat, Fish & Frozen",60.0,37,18,2220.0,222.0,2024-01-11,2025-12-29,17,0.0506155950752394,0.024623803009575923,0.023255813953488372,0.1
2034,Prima Toppz 80g,General Grocery,62.0,30,17,1860.0,210.0,2024-02-12,2025-12-10,17,0.04103967168262654,0.023255813953488372,0.023255813953488372,0.11290322580645161
2035,Prima Stella Chicken 74g,"Meat, Fish & Frozen",60.0,32,20,1920.0,192.0,2024-03-01,2025-12-30,20,0.04377564979480164,0.027359781121751026,0.027359781121751026,0.1
2036,Prima Instant Noodles 345g,Staples & Dry Groceries,220.0,1582,386,348040.0,82264.0,2024-01-01,2025-12-31,282,2.1641586867305063,0.5280437756497948,0.3857729138166895,0.23636363636363636
2038,Raigam Deveni Batha 350g,General Grocery,330.0,39,21,12870.0,1170.0,2024-01-05,2025-10-25,20,0.0533515731874145,0.028727770177838577,0.027359781121751026,0.09090909090909091
2040,Edinborough Nelli Syrup 750ml,General Grocery,360.0,22,12,7920.0,1630.42,2024-02-09,2025-12-10,12,0.030095759233926128,0.016415868673050615,0.016415868673050615,0.20586111111111113
2041,Edinborough Rose Syrup,General Grocery,300.0,30,15,9000.0,2160.0,2024-01-27,2025-12-08,15,0.04103967168262654,0.02051983584131327,0.02051983584131327,0.24
2042,Edinborough Eazy Cheezy (Cheddar)260g,General Grocery,350.0,25,15,8750.0,1049.75,2024-01-12,2025-12-17,15,0.03419972640218878,0.02051983584131327,0.02051983584131327,0.11997142857142858
2043,Edinborough Eazy Cheezy 260g,General Grocery,440.0,22,14,9680.0,1742.4,2024-03-29,2025-12-08,13,0.030095759233926128,0.019151846785225718,0.017783857729138167,0.18000000000000002
2044,Edinborough Tomato Sauce 230g,Cooking Essentials,170.0,193,51,32810.0,4826.93,2024-01-02,2025-12-23,50,0.2640218878248974,0.06976744186046512,0.06839945280437756,0.14711764705882355
2045,Edinborough Tomato Sauce 405g,Cooking Essentials,280.0,4326,1039,1211280.0,164388.0,2024-01-01,2025-12-31,540,5.917920656634747,1.4213406292749657,0.7387140902872777,0.1357142857142857
2046,Edinborough Tomato Sauce 375g,Cooking Essentials,180.0,4095,1018,737100.0,73710.0,2024-01-01,2025-12-31,540,5.601915184678522,1.3926128590971272,0.7387140902872777,0.1
2047,Edinborough Chilli Sauce 405g,Cooking Essentials,290.0,1627,385,471830.0,68350.27,2024-01-01,2025-12-31,290,2.225718194254446,0.5266757865937073,0.3967168262653899,0.14486206896551726
2048,Edinborough Oyster Sauce 210g,Cooking Essentials,340.0,1596,380,542640.0,63840.0,2024-01-01,2025-12-31,278,2.1833105335157317,0.5198358413132695,0.3803009575923393,0.11764705882352941
2049,Mity Sesame Oil 200ml,Cooking Essentials,650.0,283,66,183950.0,33394.0,2024-01-17,2025-12-10,64,0.387140902872777,0.09028727770177838,0.08755129958960328,0.18153846153846154
2050,Delmage Essence 200ml,General Grocery,290.0,30,13,8700.0,300.0,2024-01-06,2025-12-22,13,0.04103967168262654,0.017783857729138167,0.017783857729138167,0.034482758620689655
2051,Motha Jelly (apple)200g,Snacks & Confectionery,190.0,735,247,139650.0,7350.0,2024-01-02,2025-12-29,189,1.0054719562243501,0.3378932968536252,0.2585499316005472,0.05263157894736842
2052,Motha Jelly (apple)100g,Snacks & Confectionery,100.0,195,64,19500.0,1950.0,2024-01-12,2025-12-29,61,0.2667578659370725,0.08755129958960328,0.08344733242134063,0.1
2053,Motha Cocoa Powder 50g,General Grocery,140.0,46,26,6440.0,460.0,2024-01-06,2025-11-15,25,0.06292749658002736,0.03556771545827633,0.03419972640218878,0.07142857142857142
2054,Kelloggs Corn flakes 120g,General Grocery,330.0,41,18,13530.0,1230.0,2024-01-18,2025-11-28,18,0.0560875512995896,0.024623803009575923,0.024623803009575923,0.09090909090909091
2055,Maggi Coconut Milk Powder 25g,Dairy & Chilled,40.0,1231,274,49240.0,4924.0,2024-01-02,2025-12-30,214,1.6839945280437756,0.3748290013679891,0.292749658002736,0.1
2056,Maggi Coconut Milk Powder 125g,Dairy & Chilled,210.0,7686,1804,1614060.0,99918.0,2024-01-01,2025-12-30,631,10.514363885088919,2.4678522571819426,0.8632010943912448,0.06190476190476191
2058,Maggi Coconut Milk Powder 1kg,Dairy & Chilled,3450.0,428,111,1476600.0,75726.04,2024-01-02,2025-11-28,101,0.585499316005472,0.1518467852257182,0.1381668946648427,0.051284057971014485
2059,Renuka Coconut Milk Powder 300g,Dairy & Chilled,495.0,3070,737,1519650.0,61400.0,2024-01-01,2025-12-29,457,4.199726402188783,1.0082079343365253,0.625170998632011,0.04040404040404041
2060,Maggi Chicken Cubes 4g,"Meat, Fish & Frozen",25.0,17,11,425.0,255.0,2024-02-20,2025-12-31,11,0.023255813953488372,0.015047879616963064,0.015047879616963064,0.6
2061,Maggi Papare Spicy Chicken 74g,"Meat, Fish & Frozen",65.0,27,13,1755.0,152.28,2024-02-06,2025-12-08,13,0.036935704514363885,0.017783857729138167,0.017783857729138167,0.08676923076923077
2062,Maggi Papare Kottu 77g,General Grocery,60.0,33,18,1980.0,198.0,2024-02-02,2025-12-30,18,0.04514363885088919,0.024623803009575923,0.024623803009575923,0.1
2063,Maggi Chicken 73g,"Meat, Fish & Frozen",65.0,45,19,2925.0,270.0,2024-01-24,2025-12-25,19,0.06155950752393981,0.025991792065663474,0.025991792065663474,0.09230769230769231
2064,Anchor PediaPro (1-2 years) 350g,Dairy & Chilled,755.0,81,41,61155.0,8800.65,2024-01-10,2025-12-30,41,0.11080711354309165,0.0560875512995896,0.0560875512995896,0.1439072847682119
2065,Anchor PediaPro (2-5 years) 350g,Dairy & Chilled,695.0,83,42,57685.0,4037.95,2024-01-25,2025-12-11,40,0.11354309165526676,0.057455540355677154,0.05471956224350205,0.06999999999999999
2066,CocaCola 250ml,General Grocery,120.0,61,30,7320.0,1220.0,2024-01-02,2025-12-23,28,0.08344733242134063,0.04103967168262654,0.038303693570451436,0.16666666666666666
2067,CocaCola 400ml,General Grocery,200.0,47,23,9400.0,846.0,2024-01-03,2025-12-21,22,0.06429548563611491,0.03146374829001368,0.030095759233926128,0.09
2068,CocaCola 1050ml,General Grocery,300.0,1835,954,550500.0,36700.0,2024-01-01,2025-12-31,485,2.510259917920657,1.305061559507524,0.6634746922024624,0.06666666666666667
2069,CocaCola 1.5L,General Grocery,420.0,1858,957,780360.0,37160.0,2024-01-01,2025-12-31,494,2.5417236662106704,1.3091655266757867,0.6757865937072504,0.047619047619047616
2070,Sprite 250ml,Beverages,120.0,668,243,80160.0,13360.0,2024-01-02,2025-12-31,183,0.9138166894664843,0.332421340629275,0.2503419972640219,0.16666666666666666
2071,Sprite 400ml,Beverages,200.0,160,55,32000.0,2880.0,2024-01-04,2025-12-29,51,0.2188782489740082,0.07523939808481532,0.06976744186046512,0.09
2072,Sprite 1050ml,Beverages,300.0,222,74,66600.0,4440.0,2024-01-07,2025-12-20,67,0.3036935704514364,0.1012311901504788,0.09165526675786594,0.06666666666666667
2073,Sprite 1.5L,Beverages,420.0,141,57,59220.0,5640.0,2024-01-14,2025-12-31,54,0.19288645690834474,0.07797537619699042,0.07387140902872777,0.09523809523809523
2074,Fanta 1050ml,Beverages,300.0,160,53,48000.0,2400.0,2024-01-01,2025-12-28,51,0.2188782489740082,0.07250341997264022,0.06976744186046512,0.05
2075,Milkmaid 390g,General Grocery,350.0,58,31,20300.0,2320.0,2024-01-18,2025-12-08,31,0.07934336525307797,0.04240766073871409,0.04240766073871409,0.11428571428571428
2076,Fanta 1.5ml,Beverages,400.0,176,61,70400.0,3520.0,2024-01-07,2025-12-09,61,0.24076607387140903,0.08344733242134063,0.08344733242134063,0.05
2077,Fanta Cream soda 400ml,Personal Care,80.0,69,37,5520.0,552.0,2024-01-10,2025-11-26,35,0.09439124487004104,0.0506155950752394,0.047879616963064295,0.1
2078,Portello 1050ml,General Grocery,250.0,33,15,8250.0,990.0,2024-01-18,2025-12-22,15,0.04514363885088919,0.02051983584131327,0.02051983584131327,0.12
2079,Portello 1.5L,General Grocery,200.0,54,21,10800.0,540.0,2024-01-01,2025-11-12,21,0.07387140902872777,0.028727770177838577,0.028727770177838577,0.05
2080,Lion Club Soda 400ml,General Grocery,100.0,36,19,3600.0,288.0,2024-02-11,2025-12-10,18,0.049247606019151846,0.025991792065663474,0.024623803009575923,0.08
2081,Lion Club Soda 1050ml,General Grocery,180.0,29,17,5220.0,580.0,2024-01-08,2025-10-16,17,0.03967168262653899,0.023255813953488372,0.023255813953488372,0.1111111111111111
2082,Lion Club Soda 1.5L,General Grocery,150.0,26,16,3900.0,260.0,2024-01-25,2025-12-26,16,0.03556771545827633,0.02188782489740082,0.02188782489740082,0.06666666666666667
2083,Lion Ginger Beer 400ml,Cooking Essentials,150.0,215,50,32250.0,3225.0,2024-01-19,2025-12-07,50,0.29411764705882354,0.06839945280437756,0.06839945280437756,0.1
2084,Elephant House Soda 500ml,General Grocery,120.0,15,9,1800.0,225.0,2024-05-05,2025-12-29,9,0.02051983584131327,0.012311901504787962,0.012311901504787962,0.125
2085,Elephant House Soda 1.5L,General Grocery,250.0,37,17,9250.0,925.0,2024-04-28,2025-12-31,17,0.0506155950752394,0.023255813953488372,0.023255813953488372,0.1
2086,Elephant House Tonic 500ml,General Grocery,200.0,17,12,3400.0,340.0,2024-09-26,2025-12-17,12,0.023255813953488372,0.016415868673050615,0.016415868673050615,0.1
2087,Elephant House Necto 500ml,General Grocery,200.0,41,19,8200.0,820.0,2024-02-05,2025-12-21,19,0.0560875512995896,0.025991792065663474,0.025991792065663474,0.1
2088,Elephant House Necto 1L,General Grocery,300.0,28,14,8400.0,560.0,2024-01-09,2025-12-31,14,0.038303693570451436,0.019151846785225718,0.019151846785225718,0.06666666666666667
2089,Elephant House Necto 2L,General Grocery,250.0,36,16,9000.0,540.0,2024-03-28,2025-11-11,16,0.049247606019151846,0.02188782489740082,0.02188782489740082,0.06
2090,Elephant House Orange Crush 500ml,General Grocery,200.0,39,17,7800.0,780.0,2024-04-21,2025-12-18,17,0.0533515731874145,0.023255813953488372,0.023255813953488372,0.1
2091,Elephant House Orange Crush 1L,General Grocery,300.0,30,16,9000.0,600.0,2024-01-25,2025-11-28,16,0.04103967168262654,0.02188782489740082,0.02188782489740082,0.06666666666666667
2092,Elephant House Orange Crush 2L,General Grocery,250.0,30,14,7500.0,450.0,2024-01-02,2025-11-13,14,0.04103967168262654,0.019151846785225718,0.019151846785225718,0.06
2093,Elephant House Cream Soda 500ml,Personal Care,200.0,54,33,10800.0,1080.0,2024-01-10,2025-12-29,33,0.07387140902872777,0.04514363885088919,0.04514363885088919,0.1
2094,Elephant House Cream Soda 1L,Personal Care,300.0,64,35,19200.0,1280.0,2024-01-08,2025-12-01,35,0.08755129958960328,0.047879616963064295,0.047879616963064295,0.06666666666666667
2095,Elephant House Cream Soda 2L,Personal Care,250.0,61,34,15250.0,915.0,2024-01-03,2025-12-16,33,0.08344733242134063,0.046511627906976744,0.04514363885088919,0.06
2096,Elephant House Ginger Beer 500ml,Cooking Essentials,200.0,219,56,43800.0,4380.0,2024-01-08,2025-12-31,56,0.29958960328317374,0.07660738714090287,0.07660738714090287,0.1
2097,Elephant House Ginger Beer 1.5L,Cooking Essentials,400.0,229,56,91600.0,6870.0,2024-01-01,2025-12-20,56,0.31326949384404923,0.07660738714090287,0.07660738714090287,0.075
2098,Marmite 55g,General Grocery,200.0,32,21,6400.0,418.88,2024-01-24,2025-12-08,21,0.04377564979480164,0.028727770177838577,0.028727770177838577,0.06545
2100,Prima Swiss Roll 225g,General Grocery,325.0,28,15,9100.0,1260.0,2024-01-21,2025-11-13,15,0.038303693570451436,0.02051983584131327,0.02051983584131327,0.13846153846153847
2101,BunTalk Cream Bun (3in1),Personal Care,120.0,56,34,6720.0,560.0,2024-01-10,2025-12-01,33,0.07660738714090287,0.046511627906976744,0.04514363885088919,0.08333333333333333
2102,BunTalk Rusk 80g,General Grocery,100.0,42,23,4200.0,420.0,2024-01-21,2025-11-06,22,0.057455540355677154,0.03146374829001368,0.030095759233926128,0.1
2103,BunTalk Better Biscuit 10pcs,Snacks & Confectionery,100.0,193,71,19300.0,1930.0,2024-01-04,2025-12-28,68,0.2640218878248974,0.09712722298221614,0.09302325581395349,0.1
2104,Kandos Milk Choco 10g,Dairy & Chilled,10.0,788,406,7880.0,1576.0,2024-01-02,2025-12-30,304,1.0779753761969904,0.5554035567715458,0.4158686730506156,0.2
2105,Kandos Milk Choco 20g,Dairy & Chilled,20.0,146,77,2920.0,584.0,2024-01-05,2025-12-31,75,0.1997264021887825,0.10533515731874145,0.10259917920656635,0.2
2106,Kandos Milk Choco 50g,Dairy & Chilled,50.0,98,50,4900.0,980.0,2024-01-15,2025-12-26,50,0.13406292749658003,0.06839945280437756,0.06839945280437756,0.2
2107,Kandos Milk Choco 45g,Dairy & Chilled,120.0,127,63,15240.0,3048.0,2024-01-29,2025-12-17,58,0.17373461012311903,0.08618331053351573,0.07934336525307797,0.2
2108,Kandos Nut Milk Choco 40g,Dairy & Chilled,50.0,115,55,5750.0,1150.0,2024-01-01,2025-12-14,54,0.1573187414500684,0.07523939808481532,0.07387140902872777,0.2
2109,Kandos Milk Extra Creamy 100g,Dairy & Chilled,300.0,122,71,36600.0,7320.0,2024-01-01,2025-12-29,68,0.16689466484268126,0.09712722298221614,0.09302325581395349,0.2
2110,Kandos Crispy Malt 105g,General Grocery,120.0,34,18,4080.0,816.0,2024-01-21,2025-12-27,17,0.046511627906976744,0.024623803009575923,0.023255813953488372,0.2
2111,Kandos Cracker Jack 45g,Snacks & Confectionery,120.0,211,71,25320.0,5064.0,2024-01-10,2025-12-22,63,0.28864569083447333,0.09712722298221614,0.08618331053351573,0.2
2112,Kandos Cashewnut 45g,General Grocery,140.0,48,22,6720.0,1344.0,2024-01-15,2025-12-23,22,0.06566347469220246,0.030095759233926128,0.030095759233926128,0.2
2113,Kandos Cashewnut  100g,General Grocery,320.0,45,24,14400.0,3600.0,2024-01-26,2025-11-22,24,0.06155950752393981,0.03283173734610123,0.03283173734610123,0.25
2114,Kandos Choconuts 70g,General Grocery,80.0,30,19,2400.0,480.0,2024-01-05,2025-12-17,19,0.04103967168262654,0.025991792065663474,0.025991792065663474,0.2
2115,Kandos Choconuts 90g,General Grocery,100.0,32,14,3200.0,640.0,2024-01-05,2025-12-18,14,0.04377564979480164,0.019151846785225718,0.019151846785225718,0.2
2116,Kandos Promises 120g,General Grocery,370.0,21,16,7770.0,1554.0,2024-01-15,2025-12-21,16,0.028727770177838577,0.02188782489740082,0.02188782489740082,0.2
2117,Signal Fighter (T.B),General Grocery,62.0,25,13,1550.0,275.0,2024-04-13,2025-10-08,13,0.03419972640218878,0.017783857729138167,0.017783857729138167,0.1774193548387097
2118,Signal Deep Clean (T.B),General Grocery,73.0,26,17,1898.0,284.96000000000004,2024-02-19,2025-11-21,17,0.03556771545827633,0.023255813953488372,0.023255813953488372,0.15013698630136987
2119,Rexona Powder Dry Whitening 50ml,General Grocery,450.0,33,18,14850.0,2412.96,2024-01-23,2025-12-07,18,0.04514363885088919,0.024623803009575923,0.024623803009575923,0.1624888888888889
2120,Rexona Passion 25ml,General Grocery,250.0,30,15,7500.0,1218.6,2024-02-04,2025-12-22,15,0.04103967168262654,0.02051983584131327,0.02051983584131327,0.16247999999999999
2121,Dove Shampoo (Oxygen) 180ml,Personal Care,315.0,80,47,25200.0,4200.0,2024-01-10,2025-12-26,47,0.1094391244870041,0.06429548563611491,0.06429548563611491,0.16666666666666666
2122,Sunsilk Shampoo (Egg) 80ml,Personal Care,125.0,77,45,9625.0,993.3000000000001,2024-01-16,2025-12-15,44,0.10533515731874145,0.06155950752393981,0.060191518467852256,0.10320000000000001
2123,Pears Baby Soap (Pure & Gentle) 95g,Baby & Kids,82.0,89,52,7298.0,1310.97,2024-01-08,2025-12-08,52,0.12175102599179206,0.07113543091655267,0.07113543091655267,0.1796341463414634
2124,Vaseline Healthy Bright 100ml,General Grocery,260.0,28,16,7280.0,1166.48,2024-01-24,2025-12-11,16,0.038303693570451436,0.02188782489740082,0.02188782489740082,0.16023076923076923
2126,Sunlight 2in1 (Rose) 200g,Cleaning & Household,90.0,665,388,59850.0,6650.0,2024-01-02,2025-12-30,299,0.9097127222982216,0.53077975376197,0.40902872777017785,0.1111111111111111
2127,Sunlight 2in1 (Rose) 400g,Cleaning & Household,80.0,43,29,3440.0,313.04,2024-03-24,2025-12-17,27,0.058823529411764705,0.03967168262653899,0.036935704514363885,0.09100000000000001
2128,Sunlight 2in1 (Rose) 550g,Cleaning & Household,99.0,59,36,5841.0,531.0,2024-06-15,2025-12-16,34,0.08071135430916553,0.049247606019151846,0.046511627906976744,0.09090909090909091
2129,Sunlight 2in1 (Sakura) 550g,Cleaning & Household,99.0,56,34,5544.0,504.0,2024-03-23,2025-12-31,32,0.07660738714090287,0.046511627906976744,0.04377564979480164,0.09090909090909091
2130,Prima Pittu Flour 1kg,Staples & Dry Groceries,135.0,1371,314,185085.0,6855.0,2024-01-04,2025-12-29,205,1.8755129958960328,0.42954856361149113,0.280437756497948,0.037037037037037035
2131,Prima Chakki Atta Flour 1kg,Staples & Dry Groceries,175.0,209,53,36575.0,5225.0,2024-02-09,2025-12-31,53,0.2859097127222982,0.07250341997264022,0.07250341997264022,0.14285714285714285
2132,Prima Family Flour 1kg,Staples & Dry Groceries,245.0,170,45,41650.0,4250.0,2024-01-02,2025-12-22,42,0.23255813953488372,0.06155950752393981,0.057455540355677154,0.10204081632653061
2133,A&S Red Rice Flour 900g,Staples & Dry Groceries,360.0,325,79,117000.0,4875.0,2024-01-07,2025-12-17,73,0.44459644322845415,0.10807113543091655,0.09986320109439124,0.041666666666666664
2134,Asoka Red Rice Flour 900g,Staples & Dry Groceries,165.0,1121,253,184965.0,5605.0,2024-01-01,2025-12-31,186,1.533515731874145,0.34610123119015046,0.25444596443228457,0.030303030303030304
2135,Lanka Salt 1kg,Staples & Dry Groceries,120.0,237,42,28440.0,4740.0,2024-02-08,2025-12-30,40,0.32421340629274964,0.057455540355677154,0.05471956224350205,0.16666666666666666
2136,Wijaya Table Salt 400g,Staples & Dry Groceries,60.0,210,58,12600.0,2100.0,2024-01-27,2025-11-19,53,0.2872777017783858,0.07934336525307797,0.07250341997264022,0.16666666666666666
2137,Lanka Table Salt 400g,Staples & Dry Groceries,100.0,176,47,17600.0,8800.0,2024-01-25,2025-12-29,46,0.24076607387140903,0.06429548563611491,0.06292749658002736,0.5
2138,Raigam Table Salt 400g,Staples & Dry Groceries,55.0,190,45,10450.0,950.0,2024-01-10,2025-12-23,44,0.25991792065663477,0.06155950752393981,0.060191518467852256,0.09090909090909091
2139,Biscuit Powder 300g,Snacks & Confectionery,90.0,191,75,17190.0,3820.0,2024-01-03,2025-12-23,70,0.2612859097127223,0.10259917920656635,0.09575923392612859,0.2222222222222222
2140,Mini Chips (tomato flavour)27g,Snacks & Confectionery,40.0,143,48,5720.0,715.0,2024-01-05,2025-12-14,46,0.19562243502051985,0.06566347469220246,0.06292749658002736,0.125
2141,Mini Chips (curry flavour)27g,Cooking Essentials,40.0,1630,401,65200.0,8150.0,2024-01-01,2025-12-31,302,2.2298221614227085,0.5485636114911081,0.4131326949384405,0.125
2142,Litro Gas 12.5kg,General Grocery,3773.7799999999997,24,13,90570.72,4266.72,2024-01-03,2025-11-19,13,0.03283173734610123,0.017783857729138167,0.017783857729138167,0.04710926445102789
2143,Litro Gas 37.5kg,General Grocery,16592.0,47,24,779824.0,27824.0,2024-01-29,2025-12-24,24,0.06429548563611491,0.03283173734610123,0.03283173734610123,0.03567984570877531
2144,Litro Gas 5kg,General Grocery,1532.47,32,19,49039.04,2305.6,2024-02-11,2025-11-18,18,0.04377564979480164,0.025991792065663474,0.024623803009575923,0.0470156022630133
2145,Litro Gas 2.4kg,General Grocery,727.1,28,14,20358.8,966.5600000000001,2024-05-06,2025-11-26,14,0.038303693570451436,0.019151846785225718,0.019151846785225718,0.047476275615458675
2146,Litro Gas Accessory Pack,General Grocery,1340.0,40,18,53600.0,5800.0,2024-01-06,2025-10-07,18,0.05471956224350205,0.024623803009575923,0.024623803009575923,0.10820895522388059
2147,Litro Gas Regulators,General Grocery,2300.0,27,14,62100.0,8100.0,2024-01-06,2025-12-29,14,0.036935704514363885,0.019151846785225718,0.019151846785225718,0.13043478260869565
2148,Hose,General Grocery,800.0,9,6,7200.0,900.0,2024-02-13,2025-08-30,6,0.012311901504787962,0.008207934336525308,0.008207934336525308,0.125
2149,Prima Kottu Mee 67g,General Grocery,105.0,21,13,2205.0,105.0,2024-01-15,2025-12-22,12,0.028727770177838577,0.017783857729138167,0.016415868673050615,0.047619047619047616
2150,Maggi Seasoning Powder 500g,General Grocery,1250.0,22,11,27500.0,1322.2,2024-02-05,2025-12-13,11,0.030095759233926128,0.015047879616963064,0.015047879616963064,0.048080000000000005
2151,Laxapana 9v,General Grocery,350.0,27,14,9450.0,1134.0,2024-05-20,2025-12-01,14,0.036935704514363885,0.019151846785225718,0.019151846785225718,0.12
2152,Orange AA 1.5V,General Grocery,40.0,35,16,1400.0,175.0,2024-01-23,2025-12-09,16,0.047879616963064295,0.02188782489740082,0.02188782489740082,0.125
2153,Singer AAA 1.5V,General Grocery,45.0,38,22,1710.0,228.0,2024-01-08,2025-11-14,22,0.05198358413132695,0.030095759233926128,0.030095759233926128,0.13333333333333333
2154,Singer R20P 1.5v,General Grocery,110.0,40,18,4400.0,800.0,2024-02-13,2025-10-28,17,0.05471956224350205,0.024623803009575923,0.023255813953488372,0.18181818181818182
2155,Multi Plug,General Grocery,220.0,23,13,5060.0,920.0,2024-01-09,2025-12-14,13,0.03146374829001368,0.017783857729138167,0.017783857729138167,0.18181818181818182
2156,Philips Classic Tone 40W,General Grocery,100.0,21,12,2100.0,210.0,2024-01-09,2025-12-17,12,0.028727770177838577,0.016415868673050615,0.016415868673050615,0.1
2157,Philips Classic Tone 60w,General Grocery,100.0,56,26,5600.0,560.0,2024-01-03,2025-12-30,26,0.07660738714090287,0.03556771545827633,0.03556771545827633,0.1
2158,Philips Classic Tone 75w,General Grocery,100.0,26,13,2600.0,260.0,2024-01-09,2025-09-26,13,0.03556771545827633,0.017783857729138167,0.017783857729138167,0.1
2159,Philips Classic Tone 100w,General Grocery,100.0,23,12,2300.0,230.0,2024-02-18,2025-12-08,12,0.03146374829001368,0.016415868673050615,0.016415868673050615,0.1
2160,Red Bull 250ml,General Grocery,750.0,21,13,15750.0,1050.0,2024-01-29,2025-12-23,13,0.028727770177838577,0.017783857729138167,0.017783857729138167,0.06666666666666667
2161,Kist Ride 250ml,General Grocery,350.0,25,13,8750.0,250.0,2024-01-27,2025-09-15,13,0.03419972640218878,0.017783857729138167,0.017783857729138167,0.02857142857142857
2162,Wijaya Chilli Pieces 50g,Cooking Essentials,57.0,1027,243,58539.0,11297.0,2024-01-01,2025-12-30,197,1.4049247606019153,0.332421340629275,0.2694938440492476,0.19298245614035087
2163,Wijaya Chilli Pieces 100g,Cooking Essentials,114.0,308,68,35112.0,6776.0,2024-01-14,2025-12-21,64,0.4213406292749658,0.09302325581395349,0.08755129958960328,0.19298245614035087
2164,Wijaya Chilli Pieces 250g,Cooking Essentials,285.0,1021,243,290985.0,56155.0,2024-01-07,2025-12-27,196,1.39671682626539,0.332421340629275,0.26812585499316005,0.19298245614035087
2165,Wijaya Chilli Pieces 500g,Cooking Essentials,450.0,259,57,116550.0,11655.0,2024-01-09,2025-12-25,53,0.3543091655266758,0.07797537619699042,0.07250341997264022,0.1
2166,Wijaya Chilli Powder 50g,Cooking Essentials,57.0,247,66,14079.0,1729.0,2024-02-12,2025-12-29,66,0.3378932968536252,0.09028727770177838,0.09028727770177838,0.12280701754385964
2167,Wijaya Chilli Powder 100g,Cooking Essentials,114.0,315,74,35910.0,6930.0,2024-01-01,2025-12-23,70,0.43091655266757867,0.1012311901504788,0.09575923392612859,0.19298245614035087
2168,Wijaya Chilli Powder 250g,Cooking Essentials,285.0,220,54,62700.0,12100.0,2024-01-09,2025-12-08,53,0.3009575923392613,0.07387140902872777,0.07250341997264022,0.19298245614035087
2169,Wijaya Chilli Powder 500g,Cooking Essentials,470.0,243,61,114210.0,15795.0,2024-01-01,2025-12-28,59,0.332421340629275,0.08344733242134063,0.08071135430916553,0.13829787234042554
2170,Wijaya Curry Powder 50g,Cooking Essentials,50.0,3525,835,176250.0,17625.0,2024-01-01,2025-12-30,476,4.822161422708619,1.1422708618331054,0.6511627906976745,0.1
2171,Wijaya Curry Powder 100g,Cooking Essentials,102.0,1507,351,153714.0,19591.0,2024-01-08,2025-12-31,232,2.0615595075239397,0.4801641586867305,0.3173734610123119,0.12745098039215685
2172,Wijaya Curry Powder 250g,Cooking Essentials,450.0,4532,1028,2039400.0,226600.0,2024-01-01,2025-12-31,509,6.199726402188783,1.4062927496580027,0.6963064295485636,0.1111111111111111
2173,Wijaya Pepper Powder 25g,Cooking Essentials,55.0,316,75,17380.0,2212.0,2024-01-05,2025-12-26,73,0.4322845417236662,0.10259917920656635,0.09986320109439124,0.12727272727272726
2174,Wijaya Pepper Powder 50g,Cooking Essentials,118.0,256,62,30208.0,5888.0,2024-01-06,2025-12-17,58,0.35020519835841313,0.08481532147742818,0.07934336525307797,0.19491525423728814
2175,Wijaya Pepper Powder 100g,Cooking Essentials,236.0,307,72,72452.0,14122.0,2024-01-07,2025-12-27,66,0.41997264021887826,0.09849521203830369,0.09028727770177838,0.19491525423728814
2176,Wijaya Roasted Curry Powder 50g,Cooking Essentials,55.0,1863,430,102465.0,13041.0,2024-01-02,2025-12-31,319,2.548563611491108,0.5882352941176471,0.4363885088919289,0.12727272727272726
2177,Wijaya Roasted Chilly Powder 100g,General Grocery,128.0,40,21,5120.0,520.0,2024-02-08,2025-11-10,21,0.05471956224350205,0.028727770177838577,0.028727770177838577,0.1015625
2178,Wijaya Meat Curry Powder 50g,Cooking Essentials,90.0,314,76,28260.0,4396.0,2024-01-08,2025-11-15,73,0.42954856361149113,0.1039671682626539,0.09986320109439124,0.15555555555555556
2179,Wijaya Mustard Powder 50g,Cooking Essentials,40.0,240,60,9600.0,1440.0,2024-01-22,2025-12-31,58,0.3283173734610123,0.08207934336525308,0.07934336525307797,0.15
2180,Wijaya Mustard Seeds 50g,Cooking Essentials,30.0,274,60,8220.0,1370.0,2024-01-08,2025-12-30,58,0.3748290013679891,0.08207934336525308,0.07934336525307797,0.16666666666666666
2181,Wijaya Mustard Seeds 100g,Cooking Essentials,50.0,281,61,14050.0,2248.0,2024-01-02,2025-12-26,61,0.3844049247606019,0.08344733242134063,0.08344733242134063,0.16
2182,Wijaya Coriander Seeds 50g,General Grocery,38.0,44,19,1672.0,220.0,2024-01-10,2025-12-21,19,0.060191518467852256,0.025991792065663474,0.025991792065663474,0.13157894736842105
2183,Wijaya Fenugreek 50g,General Grocery,35.0,25,15,875.0,250.0,2024-03-09,2025-12-29,15,0.03419972640218878,0.02051983584131327,0.02051983584131327,0.2857142857142857
2184,Wijaya Fenugreek 100g,General Grocery,50.0,32,17,1600.0,256.0,2024-01-10,2025-12-28,17,0.04377564979480164,0.023255813953488372,0.023255813953488372,0.16
2185,Wijaya Sago 100g,General Grocery,50.0,40,20,2000.0,320.0,2024-02-27,2025-12-27,19,0.05471956224350205,0.027359781121751026,0.025991792065663474,0.16
2186,Wijaya Gram Flour 400g,Staples & Dry Groceries,180.0,192,53,34560.0,3840.0,2024-01-01,2025-12-27,52,0.26265389876880985,0.07250341997264022,0.07113543091655267,0.1111111111111111
2187,Wijaya Garcinia 50g,General Grocery,45.0,18,12,810.0,90.0,2024-01-05,2025-12-15,12,0.024623803009575923,0.016415868673050615,0.016415868673050615,0.1111111111111111
2188,Wijaya Pappadam 70g,General Grocery,150.0,29,15,4350.0,580.0,2024-01-16,2025-11-21,15,0.03967168262653899,0.02051983584131327,0.02051983584131327,0.13333333333333333
2189,Freelan Meat Curry Powder 50g,Cooking Essentials,130.0,245,59,31850.0,7350.0,2024-01-18,2025-12-17,55,0.33515731874145005,0.08071135430916553,0.07523939808481532,0.23076923076923078
2190,Freelan Meat Curry Powder 250g,Cooking Essentials,420.0,1650,399,693000.0,148500.0,2024-01-02,2025-12-30,304,2.2571819425444595,0.5458276333789329,0.4158686730506156,0.21428571428571427
2191,Freelan Meat Curry Powder 20g,Cooking Essentials,25.0,235,60,5875.0,940.0,2024-01-13,2025-12-31,57,0.32147742818057456,0.08207934336525308,0.07797537619699042,0.16
2192,Freelan Curry Powder 50g,Cooking Essentials,46.0,284,63,13064.0,1704.0,2024-01-08,2025-12-08,60,0.38850889192886456,0.08618331053351573,0.08207934336525308,0.13043478260869565
2193,Freelan Chilli  Powder 50g,Cooking Essentials,50.0,206,51,10300.0,1648.0,2024-01-07,2025-12-29,47,0.2818057455540356,0.06976744186046512,0.06429548563611491,0.16
2194,Freelan Chilli  Powder 100g,Cooking Essentials,100.0,1952,461,195200.0,23424.0,2024-01-01,2025-12-30,336,2.6703146374829,0.6306429548563611,0.45964432284541723,0.12
2195,Freelan Chilli  Pieces 50g,Cooking Essentials,50.0,334,83,16700.0,2672.0,2024-01-07,2025-12-31,81,0.45690834473324216,0.11354309165526676,0.11080711354309165,0.16
2196,Freelan Chilli  Pieces 100g,Cooking Essentials,100.0,307,64,30700.0,3684.0,2024-01-07,2025-12-21,61,0.41997264021887826,0.08755129958960328,0.08344733242134063,0.12
2197,Freelan Dhall Curry Mix 50g,Cooking Essentials,50.0,245,67,12250.0,1960.0,2024-01-04,2025-12-25,65,0.33515731874145005,0.09165526675786594,0.08891928864569083,0.16
2198,Freelan Papadam 60g,General Grocery,80.0,28,16,2240.0,224.0,2024-01-12,2025-12-15,15,0.038303693570451436,0.02188782489740082,0.02051983584131327,0.1
2199,Freelan Rasam 90g,General Grocery,90.0,27,15,2430.0,270.0,2024-01-19,2025-12-26,15,0.036935704514363885,0.02051983584131327,0.02051983584131327,0.1111111111111111
2200,Knorr mix 8g,General Grocery,25.0,30,13,750.0,90.0,2024-02-04,2025-06-17,13,0.04103967168262654,0.017783857729138167,0.017783857729138167,0.12
2201,Aji-No-Moto 35g,General Grocery,75.0,41,17,3075.0,328.0,2024-01-01,2025-12-13,17,0.0560875512995896,0.023255813953488372,0.023255813953488372,0.10666666666666667
2202,Bawani Pappadam 70g,General Grocery,83.0,25,12,2075.0,250.0,2024-01-07,2025-12-06,12,0.03419972640218878,0.016415868673050615,0.016415868673050615,0.12048192771084337
2203,Turmeric Paste 50g,Cooking Essentials,125.0,279,63,34875.0,4185.0,2024-01-02,2025-12-17,58,0.3816689466484268,0.08618331053351573,0.07934336525307797,0.12
2204,Goraka Paste 100g,General Grocery,80.0,702,357,56160.0,7020.0,2024-01-01,2025-12-31,275,0.960328317373461,0.4883720930232558,0.3761969904240766,0.125
2205,Goraka Paste 250g,General Grocery,150.0,971,493,145650.0,24275.0,2024-01-05,2025-12-30,345,1.3283173734610123,0.6744186046511628,0.4719562243502052,0.16666666666666666
2206,Knorr Buriyani Mix,General Grocery,100.0,29,17,2900.0,435.0,2024-01-14,2025-12-20,17,0.03967168262653899,0.023255813953488372,0.023255813953488372,0.15
2207,Sapthami Incense Sticks,General Grocery,100.0,48,24,4800.0,720.0,2024-01-23,2025-12-22,24,0.06566347469220246,0.03283173734610123,0.03283173734610123,0.15
2208,Asoka Super7 Incense Sticks,General Grocery,90.0,29,17,2610.0,290.0,2024-01-03,2025-12-06,17,0.03967168262653899,0.023255813953488372,0.023255813953488372,0.1111111111111111
2209,Amritha Incense Sticks (sandalwood),General Grocery,100.0,37,19,3700.0,555.0,2024-01-07,2025-11-08,19,0.0506155950752394,0.025991792065663474,0.025991792065663474,0.15
2210,Amritha Incense Sticks (4in1),General Grocery,150.0,32,17,4800.0,800.0,2024-02-08,2025-12-21,17,0.04377564979480164,0.023255813953488372,0.023255813953488372,0.16666666666666666
2211,Amritha Incense Sticks (Lavender),General Grocery,150.0,20,13,3000.0,600.0,2024-01-30,2025-09-21,13,0.027359781121751026,0.017783857729138167,0.017783857729138167,0.2
2212,Amritha Incense Sticks (Jasmine),General Grocery,85.0,28,16,2380.0,364.0,2024-04-16,2025-12-29,16,0.038303693570451436,0.02188782489740082,0.02188782489740082,0.15294117647058825
2213,Amritha Incense Sticks,General Grocery,150.0,27,15,4050.0,675.0,2024-01-16,2025-10-07,15,0.036935704514363885,0.02051983584131327,0.02051983584131327,0.16666666666666666
2214,Amritha Incense Sticks (Red-Rose),General Grocery,150.0,21,13,3150.0,525.0,2024-01-10,2025-12-14,13,0.028727770177838577,0.017783857729138167,0.017783857729138167,0.16666666666666666
2215,Amritha Incense Sticks (gia),General Grocery,100.0,24,12,2400.0,360.0,2024-04-09,2025-12-10,12,0.03283173734610123,0.016415868673050615,0.016415868673050615,0.15
2216,Amaa Incense Sticks,General Grocery,50.0,26,18,1300.0,208.0,2024-01-02,2025-12-21,18,0.03556771545827633,0.024623803009575923,0.024623803009575923,0.16
2217,Anarva Incense Sticks,General Grocery,80.0,29,16,2320.0,290.0,2024-01-18,2025-10-21,16,0.03967168262653899,0.02188782489740082,0.02188782489740082,0.125
2218,Sadew Incense Sticks,General Grocery,50.0,26,15,1300.0,208.0,2024-01-28,2025-12-29,15,0.03556771545827633,0.02051983584131327,0.02051983584131327,0.16
2219,Super Six Incense Sticks,General Grocery,20.0,32,16,640.0,96.0,2024-01-01,2025-11-23,16,0.04377564979480164,0.02188782489740082,0.02188782489740082,0.15
2220,Soorya Incense Sticks,General Grocery,80.0,20,10,1600.0,200.0,2024-01-06,2025-12-10,10,0.027359781121751026,0.013679890560875513,0.013679890560875513,0.125
2221,Ganesha Incense Sticks,General Grocery,85.0,46,21,3910.0,690.0,2024-04-18,2025-12-20,21,0.06292749658002736,0.028727770177838577,0.028727770177838577,0.17647058823529413
2222,Pooja Candle Wicks,General Grocery,10.0,33,17,330.0,66.0,2024-01-08,2025-11-01,16,0.04514363885088919,0.023255813953488372,0.02188782489740082,0.2
2223,Seedevi Candle Wicks,General Grocery,35.0,32,18,1120.0,224.0,2024-03-22,2025-12-26,17,0.04377564979480164,0.024623803009575923,0.023255813953488372,0.2
2224,Sumudu Sambrani,General Grocery,60.0,46,21,2760.0,690.0,2024-01-12,2025-12-31,20,0.06292749658002736,0.028727770177838577,0.027359781121751026,0.25
2225,Royal Candles (large),General Grocery,320.0,23,16,7360.0,2760.0,2024-01-29,2025-10-28,16,0.03146374829001368,0.02188782489740082,0.02188782489740082,0.375
2226,Royal Candles (Small),General Grocery,240.0,64,32,15360.0,2560.0,2024-01-19,2025-12-29,32,0.08755129958960328,0.04377564979480164,0.04377564979480164,0.16666666666666666
2227,Cavadi Camphor,General Grocery,350.0,19,12,6650.0,950.0,2024-01-01,2025-12-21,12,0.025991792065663474,0.016415868673050615,0.016415868673050615,0.14285714285714285
2228,Britol Air Freshener (lavender)45g,General Grocery,120.0,33,18,3960.0,660.0,2024-01-11,2025-12-22,18,0.04514363885088919,0.024623803009575923,0.024623803009575923,0.16666666666666666
2229,Britol Air Freshener (Rose)45g,General Grocery,120.0,27,12,3240.0,540.0,2024-01-11,2025-11-23,12,0.036935704514363885,0.016415868673050615,0.016415868673050615,0.16666666666666666
2230,Britol Air Freshener (gardenia)45g,General Grocery,120.0,24,15,2880.0,480.0,2024-02-20,2025-12-28,15,0.03283173734610123,0.02051983584131327,0.02051983584131327,0.16666666666666666
2231,Mosq-Guard  55ml,General Grocery,375.0,21,16,7875.0,1575.0,2024-01-03,2025-12-31,16,0.028727770177838577,0.02188782489740082,0.02188782489740082,0.2
2232,Siddhalepa Bee-Honey 90ml,Health & Medicine,400.0,27,18,10800.0,1350.0,2024-02-29,2025-12-30,18,0.036935704514363885,0.024623803009575923,0.024623803009575923,0.125
2233,Siddhalepa Mahanarayana Oil 30ml,Health & Medicine,140.0,100,18,14000.0,2000.0,2024-01-08,2025-12-09,17,0.13679890560875513,0.024623803009575923,0.023255813953488372,0.14285714285714285
2234,Siddhalepa Neelayadi Oil 30ml,Health & Medicine,85.0,71,17,6035.0,710.0,2024-01-26,2025-11-30,17,0.09712722298221614,0.023255813953488372,0.023255813953488372,0.11764705882352941
2235,Siddhalepa Castor Oil 30ml,Health & Medicine,110.0,61,15,6710.0,1220.0,2024-02-13,2025-11-09,15,0.08344733242134063,0.02051983584131327,0.02051983584131327,0.18181818181818182
2236,Siddhalepa Pas Oil 30ml,Health & Medicine,75.0,63,17,4725.0,630.0,2024-01-30,2025-11-23,17,0.08618331053351573,0.023255813953488372,0.023255813953488372,0.13333333333333333
2237,Siddhalepa Siddhartha Oil 30ml,Health & Medicine,125.0,35,10,4375.0,525.0,2024-08-05,2025-12-04,9,0.047879616963064295,0.013679890560875513,0.012311901504787962,0.12
2238,Siddhalepa Batu Oil 30ml,Health & Medicine,115.0,79,15,9085.0,1185.0,2024-01-16,2025-11-25,13,0.10807113543091655,0.02051983584131327,0.017783857729138167,0.13043478260869565
2239,Siddhalepa Ghee Oil 30ml,Health & Medicine,130.0,59,15,7670.0,885.0,2024-01-30,2025-12-02,15,0.08071135430916553,0.02051983584131327,0.02051983584131327,0.11538461538461539
2240,Siddhalepa Mustard Oil 30ml,Health & Medicine,100.0,154,33,15400.0,1540.0,2024-01-14,2025-11-18,30,0.2106703146374829,0.04514363885088919,0.04103967168262654,0.1
2241,Siddhalepa Peenas Oil 30ml,Health & Medicine,115.0,77,18,8855.0,1155.0,2024-01-14,2025-11-29,18,0.10533515731874145,0.024623803009575923,0.024623803009575923,0.13043478260869565
2242,Siddhalepa Pinda Oil 30ml,Health & Medicine,130.0,105,25,13650.0,1575.0,2024-02-13,2025-11-06,23,0.1436388508891929,0.03419972640218878,0.03146374829001368,0.11538461538461539
2243,Siddhalepa Gingelly Oil 30ml,Health & Medicine,100.0,70,18,7000.0,840.0,2024-01-20,2025-11-28,18,0.09575923392612859,0.024623803009575923,0.024623803009575923,0.12
2244,Siddhalepa Sarwavishadi Oil 30ml,Health & Medicine,130.0,61,14,7930.0,915.0,2024-01-23,2025-12-09,13,0.08344733242134063,0.019151846785225718,0.017783857729138167,0.11538461538461539
2245,Siddhalepa Kolasleshma Oil 30ml,Health & Medicine,140.0,71,15,9940.0,1420.0,2024-01-11,2025-11-24,14,0.09712722298221614,0.02051983584131327,0.019151846785225718,0.14285714285714285
2246,Siddhalepa Vatha Oil 30ml,Health & Medicine,120.0,31,7,3720.0,465.0,2024-05-04,2025-12-31,7,0.04240766073871409,0.009575923392612859,0.009575923392612859,0.125
2249,Sponge Scourer 4in1,Cleaning & Household,40.0,69,35,2760.0,690.0,2024-01-10,2025-12-24,34,0.09439124487004104,0.047879616963064295,0.046511627906976744,0.25
2250,Sponge Double Layer,Cleaning & Household,25.0,65,41,1625.0,325.0,2024-01-11,2025-12-30,40,0.08891928864569083,0.0560875512995896,0.05471956224350205,0.2
2251,Sponge Single,Cleaning & Household,20.0,68,44,1360.0,272.0,2024-01-02,2025-12-04,43,0.09302325581395349,0.060191518467852256,0.058823529411764705,0.2
2252,Steel Scourer 30g,General Grocery,60.0,28,19,1680.0,280.0,2024-01-06,2025-11-12,19,0.038303693570451436,0.025991792065663474,0.025991792065663474,0.16666666666666666
2253,Brush,General Grocery,35.0,46,24,1610.0,230.0,2024-01-06,2025-12-31,23,0.06292749658002736,0.03283173734610123,0.03146374829001368,0.14285714285714285
2254,Soap Box,Personal Care,50.0,50,33,2500.0,750.0,2024-02-29,2025-12-05,33,0.06839945280437756,0.04514363885088919,0.04514363885088919,0.3
2255,Water (Rainbow) 500ml,Beverages,35.0,126,37,4410.0,1575.0,2024-01-16,2025-12-07,35,0.17236662106703146,0.0506155950752394,0.047879616963064295,0.35714285714285715
2256,Water (Rainbow) 1000ml,Beverages,130.0,129,50,16770.0,3870.0,2024-01-08,2025-12-30,49,0.17647058823529413,0.06839945280437756,0.06703146374829001,0.23076923076923078
2257,Water (Nature's)1500ml,Beverages,70.0,154,55,10780.0,4620.0,2024-01-22,2025-12-29,50,0.2106703146374829,0.07523939808481532,0.06839945280437756,0.42857142857142855
2258,Water  18.9L,Beverages,450.0,150,50,67500.0,15000.0,2024-01-06,2025-12-17,47,0.2051983584131327,0.06839945280437756,0.06429548563611491,0.2222222222222222
2259,Kizz Strawberry Drink 215ml,Beverages,100.0,149,54,14900.0,745.0,2024-01-07,2025-12-28,53,0.20383036935704515,0.07387140902872777,0.07250341997264022,0.05
2260,Kizz Apple Drink 215ml,Beverages,100.0,154,57,15400.0,770.0,2024-01-01,2025-12-28,54,0.2106703146374829,0.07797537619699042,0.07387140902872777,0.05
2261,Sunquick  Orange Fruit Drink 200ml,Beverages,60.0,1187,404,71220.0,5935.0,2024-01-01,2025-12-29,298,1.6238030095759235,0.5526675786593708,0.4076607387140903,0.08333333333333333
2262,Kist Apple Juice 1L,Beverages,450.0,143,52,64350.0,1430.0,2024-01-08,2025-12-25,49,0.19562243502051985,0.07113543091655267,0.06703146374829001,0.022222222222222223
2263,Kist Green Apple Juice 1L,Beverages,450.0,148,55,66600.0,1480.0,2024-01-12,2025-12-31,52,0.2024623803009576,0.07523939808481532,0.07113543091655267,0.022222222222222223
2264,Highland Chocolate Milk 180ml,Dairy & Chilled,100.0,120,60,12000.0,2400.0,2024-01-06,2025-12-24,59,0.16415868673050615,0.08207934336525308,0.08071135430916553,0.2
2265,Rich Life Mixed Berry 200ml,General Grocery,75.0,28,18,2100.0,238.0,2024-01-05,2025-12-08,18,0.038303693570451436,0.024623803009575923,0.024623803009575923,0.11333333333333333
2266,Rasath Tripale Yoghurt 80g,Dairy & Chilled,40.0,101,50,4040.0,505.0,2024-01-07,2025-12-27,49,0.1381668946648427,0.06839945280437756,0.06703146374829001,0.125
2267,Rasath Watalappan 80ml,General Grocery,60.0,35,19,2100.0,525.0,2024-02-04,2025-12-20,18,0.047879616963064295,0.025991792065663474,0.024623803009575923,0.25
2268,Rasath jelly Pudin 80ml,Snacks & Confectionery,50.0,151,51,7550.0,755.0,2024-01-07,2025-12-30,51,0.20656634746922026,0.06976744186046512,0.06976744186046512,0.1
2269,Highland Dairy Ice Cream (vanilla)1L,Personal Care,260.0,78,50,20280.0,780.0,2024-01-05,2025-12-26,48,0.106703146374829,0.06839945280437756,0.06566347469220246,0.038461538461538464
2270,Highland Dairy Ice Cream (vanilla)2L,Personal Care,470.0,63,37,29610.0,630.0,2024-01-08,2025-12-31,37,0.08618331053351573,0.0506155950752394,0.0506155950752394,0.02127659574468085
2271,Highland Dairy Ice Cream (coffee)1L,Personal Care,350.0,41,25,14350.0,410.0,2024-01-12,2025-12-28,25,0.0560875512995896,0.03419972640218878,0.03419972640218878,0.02857142857142857
2272,Highland Dairy Ice Cream (chocolate)1L,Personal Care,270.0,67,39,18090.0,670.0,2024-01-10,2025-12-22,38,0.09165526675786594,0.0533515731874145,0.05198358413132695,0.037037037037037035
2273,Highland Dairy Ice Cream (butter scotch)1L,Personal Care,350.0,651,391,227850.0,6510.0,2024-01-01,2025-12-31,288,0.8905608755129959,0.5348837209302325,0.39398084815321477,0.02857142857142857
2274,MDK Koththu Rotti 1kg,General Grocery,375.0,28,17,10500.0,1540.0,2024-01-13,2025-12-12,17,0.038303693570451436,0.023255813953488372,0.023255813953488372,0.14666666666666667
2275,MDK Parata Rotti 500g,General Grocery,170.0,23,12,3910.0,230.0,2024-01-19,2025-07-26,12,0.03146374829001368,0.016415868673050615,0.016415868673050615,0.058823529411764705
2276,T.R.M. Kekulu Rice 1kg,Staples & Dry Groceries,100.0,1962,463,196200.0,9810.0,2024-01-01,2025-12-30,324,2.6839945280437756,0.6333789329685362,0.4432284541723666,0.05
2277,Ruby Supiri White Rice 1kg,Staples & Dry Groceries,220.0,1226,247,269720.0,24520.0,2024-01-01,2025-12-23,182,1.6771545827633378,0.3378932968536252,0.24897400820793433,0.09090909090909091
2278,Araliya Premium Keeri Samba Rice 1kg,Staples & Dry Groceries,150.0,321,76,48150.0,1605.0,2024-01-03,2025-12-30,70,0.43912448700410395,0.1039671682626539,0.09575923392612859,0.03333333333333333
2279,Araliya Premium Samba Rice 1kg,Staples & Dry Groceries,150.0,4121,998,618150.0,41210.0,2024-01-01,2025-12-30,504,5.637482900136799,1.3652530779753762,0.6894664842681258,0.06666666666666667
2280,Araliya Premium Nadu Rice 1kg,Staples & Dry Groceries,120.0,4869,1098,584280.0,19476.0,2024-01-01,2025-12-31,512,6.660738714090288,1.5020519835841313,0.7004103967168263,0.03333333333333333
2281,Red Split Lentils (Cup) 1kg,General Grocery,440.0,36,21,15840.0,900.0,2024-01-24,2025-12-08,21,0.049247606019151846,0.028727770177838577,0.028727770177838577,0.056818181818181816
2282,ProMate (CR80=),General Grocery,130.0,28,15,3640.0,728.0,2024-01-19,2025-11-03,14,0.038303693570451436,0.02051983584131327,0.019151846785225718,0.2
2283,ProMate (CR80#),General Grocery,130.0,39,19,5070.0,1014.0,2024-01-18,2025-12-20,19,0.0533515731874145,0.025991792065663474,0.025991792065663474,0.2
2284,ProMate (CR120=),General Grocery,185.0,26,14,4810.0,962.0,2024-03-28,2025-12-04,14,0.03556771545827633,0.019151846785225718,0.019151846785225718,0.2
2285,ProMate (CR120#),General Grocery,185.0,27,18,4995.0,999.0,2024-02-18,2025-11-11,18,0.036935704514363885,0.024623803009575923,0.024623803009575923,0.2
2286,ProMate (CR160=),General Grocery,240.0,38,21,9120.0,1824.0,2024-04-04,2025-12-28,21,0.05198358413132695,0.028727770177838577,0.028727770177838577,0.2
2287,ProMate (CR200=),General Grocery,290.0,20,11,5800.0,1160.0,2024-02-01,2025-12-04,11,0.027359781121751026,0.015047879616963064,0.015047879616963064,0.2
2288,Atlas Blank Book 80page,Stationery,50.0,30,15,1500.0,240.0,2024-01-04,2025-10-24,15,0.04103967168262654,0.02051983584131327,0.02051983584131327,0.16
2289,Atlas Double Ruled Book 80page,Stationery,50.0,40,17,2000.0,320.0,2024-01-14,2025-12-18,17,0.05471956224350205,0.023255813953488372,0.023255813953488372,0.16
2290,Atlas Single Ruled Book 80page,Stationery,80.0,47,27,3760.0,470.0,2024-01-30,2025-12-30,26,0.06429548563611491,0.036935704514363885,0.03556771545827633,0.125
2291,Atlas Square Rule Book 80page,Stationery,80.0,47,26,3760.0,705.0,2024-01-05,2025-12-31,26,0.06429548563611491,0.03556771545827633,0.03556771545827633,0.1875
2292,Atlas Single Ruled Book 120page,Stationery,70.0,359,189,25130.0,3769.5,2024-01-01,2025-12-29,151,0.4911080711354309,0.2585499316005472,0.20656634746922026,0.15
2293,Atlas Single Ruled Book 160page,Stationery,95.0,392,206,37240.0,5880.0,2024-01-01,2025-12-31,162,0.5362517099863201,0.2818057455540356,0.2216142270861833,0.15789473684210525
2294,Atlas Single Ruled Book 200page,Stationery,125.0,708,366,88500.0,12744.0,2024-01-01,2025-12-30,192,0.9685362517099864,0.5006839945280438,0.26265389876880985,0.144
2295,Atlas Square Ruled Book 120page,Stationery,70.0,39,24,2730.0,409.5,2024-01-12,2025-12-17,23,0.0533515731874145,0.03283173734610123,0.03146374829001368,0.15
2296,Atlas Square Ruled Book 160page,Stationery,85.0,38,22,3230.0,456.0,2024-01-04,2025-12-06,20,0.05198358413132695,0.030095759233926128,0.027359781121751026,0.1411764705882353
2297,Atlas Square Ruled Book 200page,Stationery,90.0,38,21,3420.0,380.0,2024-01-01,2025-07-28,21,0.05198358413132695,0.028727770177838577,0.028727770177838577,0.1111111111111111
2298,Atlas CR Book Single Ruled (40p),Stationery,65.0,54,32,3510.0,351.0,2024-01-03,2025-12-08,32,0.07387140902872777,0.04377564979480164,0.04377564979480164,0.1
2299,Atlas CR Book Single Ruled (80p),Stationery,180.0,390,205,70200.0,7800.0,2024-01-01,2025-12-31,168,0.533515731874145,0.280437756497948,0.22982216142270862,0.1111111111111111
2300,Atlas CR Book Single Ruled (120p),Stationery,160.0,50,26,8000.0,1650.0,2024-01-02,2025-12-25,24,0.06839945280437756,0.03556771545827633,0.03283173734610123,0.20625
2301,Atlas CR Book Single Ruled (160p),Stationery,350.0,58,23,20300.0,2900.0,2024-01-06,2025-12-30,23,0.07934336525307797,0.03146374829001368,0.03146374829001368,0.14285714285714285
2302,Chamara CR Book Single Ruled (80p),Stationery,110.0,56,24,6160.0,1120.0,2024-01-10,2025-12-08,23,0.07660738714090287,0.03283173734610123,0.03146374829001368,0.18181818181818182
2303,Atlas CR Book Square Ruled (80p),Stationery,105.0,441,223,46305.0,6615.0,2024-01-01,2025-12-31,178,0.6032831737346102,0.30506155950752395,0.24350205198358413,0.14285714285714285
2304,Atlas CR Book Square Ruled (120p),Stationery,250.0,471,247,117750.0,23550.0,2024-01-02,2025-12-28,182,0.6443228454172366,0.3378932968536252,0.24897400820793433,0.2
2305,Atlas CR Book Square Ruled (160p),Stationery,195.0,40,20,7800.0,1200.0,2024-01-18,2025-12-22,18,0.05471956224350205,0.027359781121751026,0.024623803009575923,0.15384615384615385
2306,Atlas CR Book Square Ruled (200p),Stationery,240.0,26,17,6240.0,1040.0,2024-01-14,2025-10-10,17,0.03556771545827633,0.023255813953488372,0.023255813953488372,0.16666666666666666
2307,Passy Perfume Spray 22ml,Personal Care,220.0,52,32,11440.0,2340.0,2024-01-24,2025-11-23,30,0.07113543091655267,0.04377564979480164,0.04103967168262654,0.20454545454545456
2308,Passy Perfume Spray (Midnight)22ml,Personal Care,220.0,51,32,11220.0,2295.0,2024-01-17,2025-12-24,31,0.06976744186046512,0.04377564979480164,0.04240766073871409,0.20454545454545456
2309,Passy Perfume Spray(Wonder)22ml,Personal Care,220.0,55,34,12100.0,2475.0,2024-01-08,2025-12-10,34,0.07523939808481532,0.046511627906976744,0.046511627906976744,0.20454545454545456
2310,Absolute Red Perfume Spray 22ml,Personal Care,220.0,42,26,9240.0,1890.0,2024-01-19,2025-12-10,26,0.057455540355677154,0.03556771545827633,0.03556771545827633,0.20454545454545456
2312,Cameellia Perfume Spray 60ml,Personal Care,370.0,55,38,20350.0,3300.0,2024-01-28,2025-12-27,37,0.07523939808481532,0.05198358413132695,0.0506155950752394,0.16216216216216217
2313,Royal Marriage 22ml,General Grocery,200.0,32,18,6400.0,1600.0,2024-01-02,2025-12-06,18,0.04377564979480164,0.024623803009575923,0.024623803009575923,0.25
2314,9X Natural Spray 22ml,General Grocery,200.0,24,13,4800.0,1200.0,2024-01-26,2025-12-04,13,0.03283173734610123,0.017783857729138167,0.017783857729138167,0.25
2315,Cool Blue Natural Spray 23ml,General Grocery,200.0,31,16,6200.0,1550.0,2024-01-04,2025-12-15,16,0.04240766073871409,0.02188782489740082,0.02188782489740082,0.25
2316,Blue For Lady Natural Spray 23ml,General Grocery,200.0,46,21,9200.0,2300.0,2024-01-12,2025-12-27,21,0.06292749658002736,0.028727770177838577,0.028727770177838577,0.25
2317,Sweet Love Natural Spray 23ml,Snacks & Confectionery,200.0,143,52,28600.0,7150.0,2024-01-01,2025-12-30,50,0.19562243502051985,0.07113543091655267,0.06839945280437756,0.25
2318,Maliban Custard Cream 410g,Personal Care,210.0,65,46,13650.0,1842.75,2024-01-01,2025-12-22,43,0.08891928864569083,0.06292749658002736,0.058823529411764705,0.135
2319,Kist Orange Nectar 1L,Beverages,270.0,141,57,38070.0,4758.75,2024-03-11,2025-12-30,56,0.19288645690834474,0.07797537619699042,0.07660738714090287,0.125
2320,Kist Woodapple Nectar 1L,Beverages,270.0,110,46,29700.0,3712.5,2024-01-20,2025-12-25,44,0.15047879616963064,0.06292749658002736,0.060191518467852256,0.125
2321,Kist Apple Nectar 500ml,Beverages,150.0,158,57,23700.0,2962.5,2024-01-03,2025-12-27,53,0.2161422708618331,0.07797537619699042,0.07250341997264022,0.125
2322,Kist Apple Nectar 1L,Beverages,270.0,175,56,47250.0,5906.25,2024-01-09,2025-12-25,55,0.2393980848153215,0.07660738714090287,0.07523939808481532,0.125
2323,Kist Mixed Fruit Nectar 200ml,Beverages,60.0,556,205,33360.0,3836.4,2024-01-06,2025-12-31,168,0.7606019151846786,0.280437756497948,0.22982216142270862,0.115
2324,Kist Mixed Fruit Nectar 500ml,Beverages,150.0,167,60,25050.0,3131.25,2024-01-03,2025-12-30,58,0.22845417236662108,0.08207934336525308,0.07934336525307797,0.125
2325,Kist Mixed Fruit Nectar 1L,Beverages,550.0,151,58,83050.0,7550.0,2024-01-04,2025-12-30,56,0.20656634746922026,0.07934336525307797,0.07660738714090287,0.09090909090909091
2326,Kist Mango Nectar 200ml,Beverages,60.0,173,64,10380.0,1193.7,2024-01-02,2025-12-31,62,0.23666210670314639,0.08755129958960328,0.08481532147742818,0.115
2327,Kist Mango Nectar 500ml,Beverages,150.0,126,50,18900.0,2362.5,2024-02-05,2025-12-31,50,0.17236662106703146,0.06839945280437756,0.06839945280437756,0.125
2328,Kist Mango Nectar 1L,Beverages,270.0,153,58,41310.0,5163.75,2024-01-02,2025-12-12,56,0.20930232558139536,0.07934336525307797,0.07660738714090287,0.125
2329,"Kome Rice Cracker 45g (B,B,Q)",Staples & Dry Groceries,60.0,1119,263,67140.0,6714.0,2024-01-01,2025-12-30,208,1.5307797537619698,0.359781121751026,0.28454172366621067,0.1
2330,"Kome Rice Cracker 90G (B,B,Q)",Staples & Dry Groceries,120.0,2110,466,253200.0,25320.0,2024-01-01,2025-12-31,331,2.886456908344733,0.6374829001367989,0.4528043775649795,0.1
2331,CBL Chocolate Marie 90g,Snacks & Confectionery,55.0,189,59,10395.0,1039.5,2024-01-08,2025-12-29,57,0.2585499316005472,0.08071135430916553,0.07797537619699042,0.1
2332,CBL Chocolate Marie 200g,Snacks & Confectionery,130.0,193,56,25090.0,2509.0,2024-01-02,2025-12-27,53,0.2640218878248974,0.07660738714090287,0.07250341997264022,0.1
2333,CBL Milk Cream Biscuits 390g,Personal Care,200.0,632,357,126400.0,12640.0,2024-01-01,2025-12-30,272,0.8645690834473324,0.4883720930232558,0.37209302325581395,0.1
2334,CBL Wafer Stix 55g vanilla,Snacks & Confectionery,120.0,155,64,18600.0,1550.0,2024-01-05,2025-12-31,55,0.21203830369357046,0.08755129958960328,0.07523939808481532,0.08333333333333333
2336,White Rice Flour 400g,Staples & Dry Groceries,80.0,1244,286,99520.0,10661.08,2024-01-03,2025-12-31,207,1.7017783857729138,0.3912448700410397,0.28317373461012313,0.107125
2337,Hopper Mixture 400g,General Grocery,150.0,44,19,6600.0,1002.32,2024-01-23,2025-11-15,19,0.060191518467852256,0.025991792065663474,0.025991792065663474,0.15186666666666668
2338,CBL Wafers (Vanilla) 400g,General Grocery,260.0,47,22,12220.0,1222.0,2024-02-29,2025-12-18,20,0.06429548563611491,0.030095759233926128,0.027359781121751026,0.1
2339,Maliban Snackers 25g,General Grocery,25.0,65,28,1625.0,162.5,2024-03-05,2025-12-14,28,0.08891928864569083,0.038303693570451436,0.038303693570451436,0.1
2340,CBL Onion Biscuits 30g,Snacks & Confectionery,30.0,188,69,5640.0,564.0,2024-01-05,2025-12-22,66,0.25718194254445964,0.09439124487004104,0.09028727770177838,0.1
2341,CBL Cheese Buttons Biscuits 30g,Dairy & Chilled,30.0,145,72,4350.0,435.0,2024-01-08,2025-12-26,67,0.19835841313269495,0.09849521203830369,0.09165526675786594,0.1
2342,CBL Savoury Nuts Biscuits 30g,Snacks & Confectionery,30.0,1091,400,32730.0,3273.0,2024-01-01,2025-12-30,292,1.4924760601915186,0.5471956224350205,0.399452804377565,0.1
2343,Maliban Chick Bits 30g,General Grocery,30.0,40,17,1200.0,120.0,2024-02-17,2025-12-30,17,0.05471956224350205,0.023255813953488372,0.023255813953488372,0.1
2344,Coconut Oil 750ml (loose),Cooking Essentials,720.0,4932,1131,3551040.0,197280.0,2024-01-01,2025-12-31,516,6.746922024623803,1.5471956224350205,0.7058823529411765,0.05555555555555555
2345,Ruby White Samba 1kg,Staples & Dry Groceries,130.0,168,41,21840.0,840.0,2024-01-18,2025-12-29,38,0.22982216142270862,0.0560875512995896,0.05198358413132695,0.038461538461538464
2346,Knorr Chicken Cubes 10g,"Meat, Fish & Frozen",60.0,40,20,2400.0,400.0,2024-01-26,2025-12-12,20,0.05471956224350205,0.027359781121751026,0.027359781121751026,0.16666666666666666
2347,R.L Drinking Yoghurt 180ml (Classic),Dairy & Chilled,150.0,114,57,17100.0,3420.0,2024-01-12,2025-12-30,56,0.15595075239398085,0.07797537619699042,0.07660738714090287,0.2
2348,Glucorasa jujubes 100g,General Grocery,180.0,32,17,5760.0,640.0,2024-01-02,2025-12-29,17,0.04377564979480164,0.023255813953488372,0.023255813953488372,0.1111111111111111
2349,Gold Leaf 12s,General Grocery,1920.0,29,15,55680.0,1818.3,2024-02-11,2025-12-24,15,0.03967168262653899,0.02051983584131327,0.02051983584131327,0.03265625
2350,Gold Leaf 1s,General Grocery,160.0,14,9,2240.0,73.08,2024-01-08,2025-08-04,8,0.019151846785225718,0.012311901504787962,0.01094391244870041,0.032625
2351,J.P. Gold 1s,General Grocery,45.0,17,8,765.0,23.8,2024-01-18,2025-11-03,8,0.023255813953488372,0.01094391244870041,0.01094391244870041,0.031111111111111114
2352,Dunhill Switch 1s,General Grocery,95.0,41,22,3895.0,164.0,2024-01-08,2025-11-20,22,0.0560875512995896,0.030095759233926128,0.030095759233926128,0.042105263157894736
2354,Dunhill Double Switch 1s,General Grocery,145.0,29,17,4205.0,195.17000000000002,2024-01-08,2025-12-30,17,0.03967168262653899,0.023255813953488372,0.023255813953488372,0.04641379310344828
2355,Dunhill International 1s,General Grocery,75.0,33,16,2475.0,253.44,2024-01-08,2025-12-12,16,0.04514363885088919,0.02188782489740082,0.02188782489740082,0.1024
2356,Gold Leaf Cool 12s,General Grocery,780.0,20,13,15600.0,415.20000000000005,2024-01-20,2025-11-14,13,0.027359781121751026,0.017783857729138167,0.017783857729138167,0.026615384615384617
2357,Iodex Head Fast 9g,General Grocery,200.0,29,17,5800.0,580.0,2024-01-21,2025-10-27,17,0.03967168262653899,0.023255813953488372,0.023255813953488372,0.1
2358,Iodex Head Fast 18g,General Grocery,230.0,31,17,7130.0,763.84,2024-01-01,2025-12-19,17,0.04240766073871409,0.023255813953488372,0.023255813953488372,0.1071304347826087
2359,Iodex 18g,General Grocery,200.0,49,26,9800.0,1050.07,2024-01-29,2025-12-25,25,0.06703146374829001,0.03556771545827633,0.03419972640218878,0.10715
2360,Sweet Pop 50g,Snacks & Confectionery,70.0,145,48,10150.0,2900.0,2024-01-09,2025-12-23,46,0.19835841313269495,0.06566347469220246,0.06292749658002736,0.2857142857142857
2361,Soorya Wax Matches,General Grocery,20.0,30,18,600.0,150.0,2024-01-15,2025-12-08,18,0.04103967168262654,0.024623803009575923,0.024623803009575923,0.25
2362,Burj Lighter,General Grocery,50.0,26,13,1300.0,520.0,2024-01-17,2025-09-30,13,0.03556771545827633,0.017783857729138167,0.017783857729138167,0.4
2363,Nail Clippers,General Grocery,70.0,16,10,1120.0,320.0,2024-12-10,2025-12-02,9,0.02188782489740082,0.013679890560875513,0.012311901504787962,0.2857142857142857
2364,Fems Aya 10p,General Grocery,99.0,25,13,2475.0,275.0,2024-01-28,2025-11-17,13,0.03419972640218878,0.017783857729138167,0.017783857729138167,0.1111111111111111
2365,Cheramy Nappy Wash Powder 1kg,Baby & Kids,530.0,66,35,34980.0,4429.26,2024-01-24,2025-12-20,34,0.09028727770177838,0.047879616963064295,0.046511627906976744,0.12662264150943398
2366,Maliban Kahata Poronduwa Tea100g,General Grocery,90.0,38,18,3420.0,380.0,2024-02-16,2025-12-12,18,0.05198358413132695,0.024623803009575923,0.024623803009575923,0.1111111111111111
2367,Aluminium Foil 37.5sq.ft,General Grocery,565.0,1607,382,907955.0,160700.0,2024-01-01,2025-12-31,290,2.198358413132695,0.5225718194254446,0.3967168262653899,0.17699115044247787
2368,Onion 1kg,General Grocery,280.0,26,14,7280.0,780.0,2024-01-30,2025-12-31,14,0.03556771545827633,0.019151846785225718,0.019151846785225718,0.10714285714285714
2369,Dry Fish 1kg,"Meat, Fish & Frozen",900.0,29,16,26100.0,4350.0,2024-01-17,2025-12-01,15,0.03967168262653899,0.02188782489740082,0.02051983584131327,0.16666666666666666
2370,Garlic 1kg,Cooking Essentials,450.0,226,51,101700.0,9040.0,2024-01-01,2025-12-03,48,0.3091655266757866,0.06976744186046512,0.06566347469220246,0.08888888888888889
2371,Cooking Oil 750ml (loose),Cooking Essentials,750.0,1639,394,1229250.0,114730.0,2024-01-05,2025-12-30,301,2.2421340629274966,0.5389876880984952,0.4117647058823529,0.09333333333333334
2372,Staples No10,General Grocery,25.0,26,15,650.0,78.0,2024-01-15,2025-12-21,15,0.03556771545827633,0.02051983584131327,0.02051983584131327,0.12
2373,Dates 1kg,General Grocery,600.0,17,14,10200.0,2890.0,2024-01-14,2025-12-08,13,0.023255813953488372,0.019151846785225718,0.017783857729138167,0.2833333333333333
2374,Plums 1kg,General Grocery,800.0,23,13,18400.0,4600.0,2024-03-24,2025-12-05,13,0.03146374829001368,0.017783857729138167,0.017783857729138167,0.25
2375,Flora Paper Serviettes 25's,General Grocery,60.0,25,15,1500.0,425.0,2024-05-01,2025-12-25,15,0.03419972640218878,0.02051983584131327,0.02051983584131327,0.2833333333333333
2376,Flora Paper Plates 7'',General Grocery,125.0,17,11,2125.0,901.0,2024-01-19,2025-12-31,11,0.023255813953488372,0.015047879616963064,0.015047879616963064,0.424
2377,Shanthi Sambarani 50g,General Grocery,50.0,20,11,1000.0,333.4,2024-02-13,2025-12-08,11,0.027359781121751026,0.015047879616963064,0.015047879616963064,0.3334
2378,Zesta Tea (BOPF) 390g,Beverages,540.0,2810,1003,1517400.0,137942.9,2024-01-01,2025-12-30,534,3.8440492476060193,1.372093023255814,0.7305061559507524,0.09090740740740741
2379,Zesta Tea (BOPF) 490g,Beverages,1625.0,156,54,253500.0,3900.0,2024-01-30,2025-12-25,53,0.213406292749658,0.07387140902872777,0.07250341997264022,0.015384615384615385
2380,Red Bull 355ml,General Grocery,550.0,40,20,22000.0,5477.6,2024-01-29,2025-12-27,20,0.05471956224350205,0.027359781121751026,0.027359781121751026,0.2489818181818182
2381,Red Bull (Suger Free)250ml,General Grocery,900.0,35,20,31500.0,4946.2,2024-01-24,2025-12-04,20,0.047879616963064295,0.027359781121751026,0.027359781121751026,0.15702222222222223
2382,Rich Life Cheese Slices 5's,Dairy & Chilled,270.0,75,41,20250.0,2025.0,2024-01-30,2025-12-27,38,0.10259917920656635,0.0560875512995896,0.05198358413132695,0.1
2383,Happy Cow Cheese 113g,Dairy & Chilled,420.0,69,39,28980.0,3715.65,2024-01-05,2025-11-30,35,0.09439124487004104,0.0533515731874145,0.047879616963064295,0.12821428571428573
2384,Mars Bars 33g,General Grocery,135.0,45,21,6075.0,733.05,2024-01-02,2025-12-27,21,0.06155950752393981,0.028727770177838577,0.028727770177838577,0.12066666666666666
2385,Snickers 50g,General Grocery,230.0,35,19,8050.0,2202.55,2024-01-15,2025-12-24,19,0.047879616963064295,0.025991792065663474,0.025991792065663474,0.27360869565217394
2386,Snickers 32g,General Grocery,135.0,25,12,3375.0,407.25,2024-02-01,2025-06-21,12,0.03419972640218878,0.016415868673050615,0.016415868673050615,0.12066666666666667
2387,Pedigree (Adult) 90g,General Grocery,95.0,27,14,2565.0,309.69,2024-02-04,2025-11-11,14,0.036935704514363885,0.019151846785225718,0.019151846785225718,0.12073684210526316
2388,Pedigree (Puppy) 90g,General Grocery,95.0,34,18,3230.0,389.98,2024-03-25,2025-12-06,18,0.046511627906976744,0.024623803009575923,0.024623803009575923,0.12073684210526317
2389,Bite mixture 1kg,General Grocery,600.0,20,12,12000.0,3000.0,2024-03-17,2025-12-23,12,0.027359781121751026,0.016415868673050615,0.016415868673050615,0.25
2390,Bite Cassava 1kg,General Grocery,700.0,17,13,11900.0,3400.0,2024-04-07,2025-12-06,13,0.023255813953488372,0.017783857729138167,0.017783857729138167,0.2857142857142857
2391,Peanut 1kg,General Grocery,1000.0,40,19,40000.0,8000.0,2024-01-10,2025-12-21,17,0.05471956224350205,0.025991792065663474,0.023255813953488372,0.2
2392,CBL Choc Shock 30g,General Grocery,100.0,42,21,4200.0,420.0,2024-05-29,2025-12-26,21,0.057455540355677154,0.028727770177838577,0.028727770177838577,0.1
2393,Kist Tomato Sauce 15g,Cooking Essentials,20.0,1751,431,35020.0,3502.0,2024-01-02,2025-12-31,320,2.395348837209302,0.5896032831737346,0.4377564979480164,0.1
2394,Gram 1kg,Staples & Dry Groceries,360.0,289,71,104040.0,8670.0,2024-01-09,2025-12-31,67,0.3953488372093023,0.09712722298221614,0.09165526675786594,0.08333333333333333
2395,DCL Instant Yeast 5/11g,General Grocery,110.0,47,24,5170.0,470.0,2024-02-14,2025-12-27,23,0.06429548563611491,0.03283173734610123,0.03146374829001368,0.09090909090909091
2396,DCL Instant Yeast 11g,General Grocery,110.0,54,29,5940.0,540.0,2024-01-06,2025-12-22,28,0.07387140902872777,0.03967168262653899,0.038303693570451436,0.09090909090909091
2397,Atlas Square Ruled 1/2'',Stationery,55.0,354,195,19470.0,7172.04,2024-01-01,2025-12-29,154,0.4842681258549932,0.2667578659370725,0.2106703146374829,0.36836363636363634
2398,Atlas Square Ruled 1'',Stationery,50.0,66,35,3300.0,1007.16,2024-01-02,2025-12-16,33,0.09028727770177838,0.047879616963064295,0.04514363885088919,0.30519999999999997
2399,Atlas Single Ruled 1/2'',Stationery,55.0,447,224,24585.0,9020.46,2024-01-01,2025-12-31,172,0.6114911080711354,0.3064295485636115,0.23529411764705882,0.36690909090909085
2400,Atlas Single Ruled 1'',Stationery,50.0,57,28,2850.0,865.26,2024-01-10,2025-08-15,27,0.07797537619699042,0.038303693570451436,0.036935704514363885,0.3036
2401,Atlas CR Book Single Ruled (200p),Stationery,235.0,638,314,149930.0,39549.62,2024-01-01,2025-12-31,194,0.8727770177838577,0.42954856361149113,0.265389876880985,0.2637872340425532
2402,Mortein Fast Kill 400ml,General Grocery,1350.0,25,15,33750.0,3750.0,2024-01-23,2025-12-20,15,0.03419972640218878,0.02051983584131327,0.02051983584131327,0.1111111111111111
2403,Nestomalt Tin 400g,General Grocery,425.0,43,20,18275.0,1034.58,2024-01-17,2025-12-08,20,0.058823529411764705,0.027359781121751026,0.027359781121751026,0.05661176470588235
2404,Maggi Daiya (Chilli Chicken)76g,Cooking Essentials,70.0,197,53,13790.0,1195.79,2024-01-02,2025-12-17,49,0.2694938440492476,0.07250341997264022,0.06703146374829001,0.08671428571428572
2405,Maggi Daiya (Spicy Blast) 76g,General Grocery,70.0,19,12,1330.0,115.33000000000001,2024-01-01,2025-11-30,12,0.025991792065663474,0.016415868673050615,0.016415868673050615,0.08671428571428573
2406,A&S White Rice Flour 900g,Staples & Dry Groceries,359.0,285,69,102315.0,11970.0,2024-01-01,2025-12-25,68,0.3898768809849521,0.09439124487004104,0.09302325581395349,0.116991643454039
2407,E/H Ice Cream (Strawberry) 1L,Personal Care,600.0,40,25,24000.0,3200.0,2024-01-16,2025-12-12,25,0.05471956224350205,0.03419972640218878,0.03419972640218878,0.13333333333333333
2408,E/H Ice Cream (Karutha Kolumban) 1L,Personal Care,400.0,46,28,18400.0,2461.0,2024-03-15,2025-12-26,27,0.06292749658002736,0.038303693570451436,0.036935704514363885,0.13375
2409,Highland Dairy Ice Cream (chocolate) 2L,Personal Care,500.0,67,39,33500.0,4020.0,2024-01-24,2025-11-26,39,0.09165526675786594,0.0533515731874145,0.0533515731874145,0.12
2410,E/H Ice Cream (Strawberry) 2L,Personal Care,560.0,49,27,27440.0,5145.0,2024-03-21,2025-12-26,26,0.06703146374829001,0.036935704514363885,0.03556771545827633,0.1875
2411,Camellia Parfum (ventura) 22ml,General Grocery,190.0,32,16,6080.0,912.0,2024-01-19,2025-12-12,15,0.04377564979480164,0.02188782489740082,0.02051983584131327,0.15
2412,Camellia Parfum (Romantic) 22ml,General Grocery,190.0,36,23,6840.0,1026.0,2024-01-08,2025-12-16,23,0.049247606019151846,0.03146374829001368,0.03146374829001368,0.15
2413,Camellia Parfum (Sunny) 22ml,General Grocery,190.0,23,12,4370.0,655.5,2024-01-16,2025-12-21,12,0.03146374829001368,0.016415868673050615,0.016415868673050615,0.15
2414,Camellia Parfum (Classy) 22ml,General Grocery,190.0,22,13,4180.0,627.0,2024-02-14,2025-10-17,13,0.030095759233926128,0.017783857729138167,0.017783857729138167,0.15
2415,Camellia Parfum (Energy) 22ml,General Grocery,190.0,26,12,4940.0,741.0,2024-02-06,2025-12-13,12,0.03556771545827633,0.016415868673050615,0.016415868673050615,0.15
2416,Camellia Parfum (Purity) 22ml,General Grocery,190.0,31,20,5890.0,883.5,2024-02-24,2025-12-21,19,0.04240766073871409,0.027359781121751026,0.025991792065663474,0.15
2417,Yardley Body Spray (Navy),General Grocery,740.0,32,16,23680.0,3552.0,2024-02-17,2025-10-25,15,0.04377564979480164,0.02188782489740082,0.02051983584131327,0.15
2418,Yardley Body Spray (Original),General Grocery,740.0,33,15,24420.0,3663.0,2024-01-05,2025-11-27,15,0.04514363885088919,0.02051983584131327,0.02051983584131327,0.15
2419,Yardley Body Spray (Classic),General Grocery,740.0,23,13,17020.0,2553.0,2024-01-18,2025-09-23,13,0.03146374829001368,0.017783857729138167,0.017783857729138167,0.15
2420,Enchanteur Cologne Romantic 120ml,Personal Care,390.0,70,39,27300.0,4095.0,2024-02-07,2025-12-28,39,0.09575923392612859,0.0533515731874145,0.0533515731874145,0.15
2421,Enchanteur Cologne Glamour 120ml,Personal Care,390.0,54,35,21060.0,3159.0,2024-01-05,2025-12-02,34,0.07387140902872777,0.047879616963064295,0.046511627906976744,0.15
2422,Enchanteur Talc Alluring 50g,General Grocery,240.0,44,23,10560.0,1584.0,2024-01-17,2025-11-28,23,0.060191518467852256,0.03146374829001368,0.03146374829001368,0.15
2423,Enchanteur Talc Romantic 50g,General Grocery,240.0,53,23,12720.0,1908.0,2024-01-18,2025-12-26,23,0.07250341997264022,0.03146374829001368,0.03146374829001368,0.15
2424,Mint Paper Serviettes 100's,General Grocery,350.0,47,26,16450.0,2350.0,2024-01-07,2025-12-17,25,0.06429548563611491,0.03556771545827633,0.03419972640218878,0.14285714285714285
2425,Maliban Chocolate Cream 200g,Personal Care,240.0,401,243,96240.0,8020.0,2024-01-07,2025-12-31,198,0.5485636114911081,0.332421340629275,0.2708618331053352,0.08333333333333333
2426,paper,General Grocery,15.0,36,22,540.0,180.0,2024-02-13,2025-12-29,22,0.049247606019151846,0.030095759233926128,0.030095759233926128,0.3333333333333333
2427,Disposable Protective Masks 1pcs,General Grocery,15.0,38,19,570.0,266.0,2024-01-31,2025-12-28,19,0.05198358413132695,0.025991792065663474,0.025991792065663474,0.4666666666666667
2428,K.N 95 Masks,General Grocery,50.0,31,14,1550.0,682.0,2024-01-05,2025-12-27,14,0.04240766073871409,0.019151846785225718,0.019151846785225718,0.44
2429,Jaggery 250g,General Grocery,90.0,21,13,1890.0,420.0,2024-04-02,2025-12-12,13,0.028727770177838577,0.017783857729138167,0.017783857729138167,0.2222222222222222
2430,Little Lion Batter Carol 360g,General Grocery,200.0,31,17,6200.0,775.0,2024-01-23,2025-11-17,17,0.04240766073871409,0.023255813953488372,0.023255813953488372,0.125
2431,Little Lion Date Cake 375g,Snacks & Confectionery,690.0,126,53,86940.0,1260.0,2024-01-08,2025-12-26,51,0.17236662106703146,0.07250341997264022,0.06976744186046512,0.014492753623188406
2432,Little Lion Milky Cookies 200g,General Grocery,170.0,911,470,154870.0,35301.25,2024-01-01,2025-12-31,322,1.2462380300957592,0.6429548563611491,0.44049247606019154,0.22794117647058823
2433,Golden Cow Baby Rusks (apple) 70g,Baby & Kids,140.0,76,39,10640.0,1170.4,2024-01-15,2025-12-23,36,0.1039671682626539,0.0533515731874145,0.049247606019151846,0.11000000000000001
2434,Golden Cow Baby Rusks (apple) 110g,Baby & Kids,220.0,55,36,12100.0,1331.0,2024-01-14,2025-12-25,36,0.07523939808481532,0.049247606019151846,0.049247606019151846,0.11
2435,Golden Cow Baby Rusks (Banana) 70g,Baby & Kids,140.0,46,31,6440.0,708.4,2024-01-11,2025-12-10,30,0.06292749658002736,0.04240766073871409,0.04103967168262654,0.11
2436,Golden Cow Baby Rusks (Banana) 110g,Baby & Kids,220.0,72,38,15840.0,1742.3999999999999,2024-01-05,2025-12-28,38,0.09849521203830369,0.05198358413132695,0.05198358413132695,0.10999999999999999
2437,Golden Cow Baby Rusks (Original) 70g,Baby & Kids,140.0,72,42,10080.0,1108.8,2024-01-12,2025-12-30,39,0.09849521203830369,0.057455540355677154,0.0533515731874145,0.11
2438,Keels Chunky Chicken 500g,"Meat, Fish & Frozen",1460.0,46,19,67160.0,2760.0,2024-01-06,2025-12-21,18,0.06292749658002736,0.025991792065663474,0.024623803009575923,0.0410958904109589
2439,Verda Pasta (Penne Rigate) 400g,Staples & Dry Groceries,298.0,238,56,70924.0,11628.68,2024-01-05,2025-12-12,52,0.32558139534883723,0.07660738714090287,0.07113543091655267,0.16395973154362417
2440,Verda Pasta (Elbow) 400g,Staples & Dry Groceries,298.0,215,49,64070.0,10504.9,2024-01-23,2025-12-27,47,0.29411764705882354,0.06703146374829001,0.06429548563611491,0.16395973154362414
2441,Verda Pasta (Shell big ) 400g,Staples & Dry Groceries,298.0,210,52,62580.0,17633.7,2024-01-20,2025-12-29,50,0.2872777017783858,0.07113543091655267,0.06839945280437756,0.2817785234899329
2442,Verda Pasta (Spirals) 400g,Staples & Dry Groceries,298.0,234,50,69732.0,11433.24,2024-01-09,2025-12-29,49,0.320109439124487,0.06839945280437756,0.06703146374829001,0.16395973154362417
2443,Heins Tuna Flakes in s/f oil 185g,Cooking Essentials,680.0,216,50,146880.0,6480.0,2024-01-21,2025-12-13,48,0.2954856361149111,0.06839945280437756,0.06566347469220246,0.04411764705882353
2444,Pfanner Green Apple 1L,General Grocery,1590.0,20,11,31800.0,1800.0,2024-01-03,2025-12-25,11,0.027359781121751026,0.015047879616963064,0.015047879616963064,0.05660377358490566
2445,Fontana Cranberry Fruit Drink 1L,Beverages,1580.0,134,45,211720.0,24120.0,2024-01-17,2025-12-27,44,0.18331053351573187,0.06155950752393981,0.060191518467852256,0.11392405063291139
2446,Keels Frankie (Chicken sausages)100g,"Meat, Fish & Frozen",150.0,20,11,3000.0,300.0,2024-01-14,2025-12-07,11,0.027359781121751026,0.015047879616963064,0.015047879616963064,0.1
2447,Keels Frankie (Cheesy Blast)100g,General Grocery,200.0,40,20,8000.0,1160.0,2024-01-01,2025-08-16,19,0.05471956224350205,0.027359781121751026,0.025991792065663474,0.145
2448,Keels Kochchi (Chicken sausages)200g,"Meat, Fish & Frozen",260.0,22,14,5720.0,572.0,2024-05-28,2025-12-14,14,0.030095759233926128,0.019151846785225718,0.019151846785225718,0.1
2449,Duracell Battery AA,General Grocery,210.0,28,17,5880.0,420.0,2024-01-18,2025-12-17,17,0.038303693570451436,0.023255813953488372,0.023255813953488372,0.07142857142857142
2450,Duracell Battery AAA,General Grocery,120.0,30,16,3600.0,1091.7,2024-01-05,2025-08-13,16,0.04103967168262654,0.02188782489740082,0.02188782489740082,0.30325
2451,Happy Cow Cheese 24's,Dairy & Chilled,3650.0,89,52,324850.0,57850.0,2024-01-02,2025-12-27,51,0.12175102599179206,0.07113543091655267,0.06976744186046512,0.1780821917808219
2452,Happy Cow Cheese 10's(Mozzarella),Dairy & Chilled,623.0,82,42,51086.0,6549.34,2024-01-11,2025-12-31,42,0.1121751025991792,0.057455540355677154,0.057455540355677154,0.12820224719101123
2453,Prima Swiss Roll (Coffee) 225g,Beverages,325.0,167,55,54275.0,7515.0,2024-01-12,2025-12-31,53,0.22845417236662108,0.07523939808481532,0.07250341997264022,0.13846153846153847
2454,Atlas Pastels 12,Stationery,110.0,45,23,4950.0,900.0,2024-01-12,2025-12-24,22,0.06155950752393981,0.03146374829001368,0.030095759233926128,0.18181818181818182
2455,Atlas Pastels 24,Stationery,160.0,45,23,7200.0,900.0,2024-01-15,2025-12-26,23,0.06155950752393981,0.03146374829001368,0.03146374829001368,0.125
2456,Atlas Colour Pencils 6,Stationery,125.0,598,313,74750.0,8970.0,2024-01-01,2025-12-28,196,0.8180574555403557,0.42818057455540354,0.26812585499316005,0.12
2457,Atlas Kidz Clay 100g,Stationery,90.0,435,226,39150.0,6525.0,2024-01-01,2025-12-28,181,0.5950752393980848,0.3091655266757866,0.2476060191518468,0.16666666666666666
2458,Rathna Stapler pins,General Grocery,35.0,28,18,980.0,224.0,2024-02-21,2025-12-27,18,0.038303693570451436,0.024623803009575923,0.024623803009575923,0.22857142857142856
2459,Atlas Super Glu 3g,Stationery,45.0,48,26,2160.0,384.0,2024-01-16,2025-12-03,24,0.06566347469220246,0.03556771545827633,0.03283173734610123,0.17777777777777778
2460,Atlas Binder Glue Pen 40g,Stationery,80.0,637,334,50960.0,9555.0,2024-01-01,2025-12-30,200,0.8714090287277702,0.45690834473324216,0.27359781121751026,0.1875
2461,Atlas Binder Glue 40g,Stationery,40.0,561,300,22440.0,4488.0,2024-01-01,2025-12-27,179,0.7674418604651163,0.4103967168262654,0.2448700410396717,0.2
2462,Atlas Precise Ruler 6'',Stationery,20.0,53,27,1060.0,212.0,2024-01-02,2025-12-23,27,0.07250341997264022,0.036935704514363885,0.036935704514363885,0.2
2463,Atlas Precise Ruler 12'',Stationery,80.0,37,20,2960.0,370.0,2024-01-02,2025-12-03,20,0.0506155950752394,0.027359781121751026,0.027359781121751026,0.125
2464,Rathna Mathset 4pcs,General Grocery,110.0,32,17,3520.0,640.0,2024-01-05,2025-12-17,17,0.04377564979480164,0.023255813953488372,0.023255813953488372,0.18181818181818182
2469,Fevigum,General Grocery,60.0,35,15,2100.0,700.0,2024-01-06,2025-12-10,15,0.047879616963064295,0.02051983584131327,0.02051983584131327,0.3333333333333333
2470,Atlas BIG,Stationery,10.0,30,17,300.0,60.0,2024-01-18,2025-11-28,17,0.04103967168262654,0.023255813953488372,0.023255813953488372,0.2
2471,Tea (loose) 100g,Beverages,120.0,169,68,20280.0,6760.0,2024-01-02,2025-12-27,65,0.23119015047879618,0.09302325581395349,0.08891928864569083,0.3333333333333333
2472,Revello Chocolate (Cashew) 100g,Snacks & Confectionery,280.0,164,65,45920.0,6068.0,2024-01-19,2025-12-31,63,0.2243502051983584,0.08891928864569083,0.08618331053351573,0.13214285714285715
2473,Revello Chocolate (Cashew) 170g,Snacks & Confectionery,430.0,144,58,61920.0,7488.0,2024-01-02,2025-12-25,54,0.19699042407660738,0.07934336525307797,0.07387140902872777,0.12093023255813953
2474,Revello Chocolate (Cashew) 50g,Snacks & Confectionery,350.0,157,52,54950.0,4710.0,2024-01-07,2025-12-23,50,0.21477428180574556,0.07113543091655267,0.06839945280437756,0.08571428571428572
2475,Revello Chocolate (Crispies) 170g,Snacks & Confectionery,360.0,140,48,50400.0,5040.0,2024-01-03,2025-12-30,47,0.19151846785225718,0.06566347469220246,0.06429548563611491,0.1
2476,Revello Chocolate (Milk) 170g,Dairy & Chilled,360.0,136,80,48960.0,4896.0,2024-01-10,2025-12-26,75,0.18604651162790697,0.1094391244870041,0.10259917920656635,0.1
2477,Revello Chocolate (Hazelnut) 170g,Snacks & Confectionery,490.0,123,52,60270.0,6027.0,2024-01-12,2025-12-29,52,0.16826265389876882,0.07113543091655267,0.07113543091655267,0.1
2478,Ritzbury Chocolate (Peanut) 45g,Snacks & Confectionery,70.0,2756,967,192920.0,19292.0,2024-01-01,2025-12-31,502,3.7701778385772915,1.3228454172366622,0.6867305061559508,0.1
2479,Ritzbury Chocolate (Crispy) 45g,Snacks & Confectionery,70.0,175,63,12250.0,1225.0,2024-01-01,2025-12-31,58,0.2393980848153215,0.08618331053351573,0.07934336525307797,0.1
2480,Ritzbury Chunky Choc 60g,General Grocery,70.0,25,14,1750.0,175.0,2024-01-04,2025-12-26,14,0.03419972640218878,0.019151846785225718,0.019151846785225718,0.1
2481,Ritzbury Chunky Choc 120g,General Grocery,130.0,17,8,2210.0,221.0,2024-01-14,2025-10-16,8,0.023255813953488372,0.01094391244870041,0.01094391244870041,0.1
2482,Ritzbury Chocolate Fingers 200g,Snacks & Confectionery,200.0,153,51,30600.0,3060.0,2024-01-19,2025-12-16,51,0.20930232558139536,0.06976744186046512,0.06976744186046512,0.1
2483,Ritzbury Black Magic 20g,General Grocery,20.0,25,13,500.0,50.0,2024-01-18,2025-11-11,13,0.03419972640218878,0.017783857729138167,0.017783857729138167,0.1
2484,Ritzbury Pebbles (Party Time) 180g,General Grocery,380.0,57,24,21660.0,2280.0,2024-01-09,2025-12-01,24,0.07797537619699042,0.03283173734610123,0.03283173734610123,0.10526315789473684
2485,Ritzbury Chit-Chat 10g,General Grocery,10.0,37,20,370.0,37.0,2024-01-18,2025-12-20,19,0.0506155950752394,0.027359781121751026,0.025991792065663474,0.1
2486,Ritzbury Choc-A-Nut 7g,General Grocery,10.0,38,18,380.0,38.0,2024-02-08,2025-12-08,18,0.05198358413132695,0.024623803009575923,0.024623803009575923,0.1
2487,Ritzbury Popit 9g,General Grocery,10.0,23,12,230.0,23.0,2024-01-28,2025-10-25,12,0.03146374829001368,0.016415868673050615,0.016415868673050615,0.1
2488,Ritzbury Pebbles 8g,General Grocery,10.0,45,21,450.0,45.0,2024-01-15,2025-12-17,21,0.06155950752393981,0.028727770177838577,0.028727770177838577,0.1
2490,Chandanalepa Lemongrass 100g,General Grocery,195.0,36,20,7020.0,1263.6,2024-02-01,2025-11-30,20,0.049247606019151846,0.027359781121751026,0.027359781121751026,0.18
2491,Chandanalepa Charcoal 100g,General Grocery,195.0,18,11,3510.0,631.8000000000001,2024-02-22,2025-12-04,11,0.024623803009575923,0.015047879616963064,0.015047879616963064,0.18000000000000002
2492,Giniraja Ayurvedic Herbal Oil 30ml,Cooking Essentials,170.0,241,54,40970.0,7374.6,2024-01-21,2025-12-30,51,0.32968536251709984,0.07387140902872777,0.06976744186046512,0.18000000000000002
2493,Giniraja Balm 10g,Health & Medicine,100.0,21,12,2100.0,378.0,2024-02-07,2025-11-14,12,0.028727770177838577,0.016415868673050615,0.016415868673050615,0.18
2494,Yaha Posha 500g,General Grocery,195.0,55,25,10725.0,1072.5,2024-01-05,2025-12-18,24,0.07523939808481532,0.03419972640218878,0.03283173734610123,0.1
2495,Vitagen (Vanilla Flavored) 400g,General Grocery,1600.0,65,33,104000.0,12480.0,2024-01-22,2025-12-30,31,0.08891928864569083,0.04514363885088919,0.04240766073871409,0.12
2496,Curd,Dairy & Chilled,400.0,99,58,39600.0,6930.0,2024-01-11,2025-12-24,54,0.1354309165526676,0.07934336525307797,0.07387140902872777,0.175
2497,E/H Wonder Cone (Berry) 120ml,General Grocery,90.0,29,14,2610.0,319.0,2024-02-03,2025-11-02,14,0.03967168262653899,0.019151846785225718,0.019151846785225718,0.12222222222222222
2498,Imorich Wonder Cone (BiueBerry) 120ml,General Grocery,120.0,31,15,3720.0,449.5,2024-02-19,2025-12-14,15,0.04240766073871409,0.02051983584131327,0.02051983584131327,0.12083333333333333
2499,Imorich Wonder Cone (Cooki Cream) 120ml,Personal Care,120.0,622,376,74640.0,9019.0,2024-01-02,2025-12-29,282,0.8508891928864569,0.5143638850889193,0.3857729138166895,0.12083333333333333
2500,Heavenly Magic Cappuccino,General Grocery,110.0,33,17,3630.0,580.8000000000001,2024-02-15,2025-12-17,17,0.04514363885088919,0.023255813953488372,0.023255813953488372,0.16000000000000003
2501,Magic Fantastick 75ml,General Grocery,75.0,47,19,3525.0,470.0,2024-01-17,2025-12-29,19,0.06429548563611491,0.025991792065663474,0.025991792065663474,0.13333333333333333
2502,Magic Divul Ice Cream 75ml,Personal Care,30.0,53,35,1590.0,254.4,2024-03-06,2025-12-13,35,0.07250341997264022,0.047879616963064295,0.047879616963064295,0.16
2503,Atlas Writing Papers 100's,Stationery,160.0,57,29,9120.0,1140.0,2024-01-29,2025-12-25,29,0.07797537619699042,0.03967168262653899,0.03967168262653899,0.125
2504,Atlas Max pen,Stationery,25.0,619,320,15475.0,3095.0,2024-01-01,2025-12-29,205,0.8467852257181943,0.4377564979480164,0.280437756497948,0.2
2505,Happydent Chewing Gum,General Grocery,75.0,18,9,1350.0,180.0,2024-04-17,2025-12-07,9,0.024623803009575923,0.012311901504787962,0.012311901504787962,0.13333333333333333
2506,Siddhalepa Bee Honey 30ml,Health & Medicine,150.0,31,16,4650.0,930.0,2024-08-02,2025-10-10,16,0.04240766073871409,0.02188782489740082,0.02188782489740082,0.2
2507,Mango 2B Pencil,Stationery,20.0,578,320,11560.0,1156.0,2024-01-01,2025-12-27,201,0.7906976744186046,0.4377564979480164,0.2749658002735978,0.1
2509,Water (Leisure) 5L,Beverages,350.0,176,66,61600.0,17600.0,2024-01-07,2025-12-30,65,0.24076607387140903,0.09028727770177838,0.08891928864569083,0.2857142857142857
2510,Kakulu-Samba Rice 1kg,Staples & Dry Groceries,240.0,1869,462,448560.0,74760.0,2024-01-01,2025-12-30,345,2.556771545827633,0.6320109439124487,0.4719562243502052,0.16666666666666666
2511,Pears Baby Soap (Rathmal)95g,Baby & Kids,74.0,52,34,3848.0,349.96000000000004,2024-01-18,2025-10-29,34,0.07113543091655267,0.046511627906976744,0.046511627906976744,0.09094594594594596
2512,Pears Baby Soap (Aloevera) 95g,Baby & Kids,70.0,1592,896,111440.0,10141.04,2024-01-02,2025-12-31,488,2.1778385772913817,1.225718194254446,0.667578659370725,0.09100000000000001
2513,Pears Baby Soap (Venivel) 95g,Baby & Kids,70.0,1197,700,83790.0,7624.89,2024-01-01,2025-12-31,455,1.637482900136799,0.957592339261286,0.6224350205198358,0.091
2514,Pears Baby Oil (Olive Oil) 100ml,Baby & Kids,140.0,3718,901,520520.0,65920.14,2024-01-01,2025-12-31,511,5.0861833105335155,1.2325581395348837,0.6990424076607387,0.12664285714285714
2515,Lifebuoy Hand Wash(Total-10)180ml,Cleaning & Household,175.0,386,219,67550.0,6967.3,2024-01-02,2025-12-31,174,0.5280437756497948,0.29958960328317374,0.23803009575923392,0.10314285714285715
2516,Lifebuoy Hand Wash(Total-10)200ml,Cleaning & Household,250.0,62,37,15500.0,1598.98,2024-01-02,2025-12-16,35,0.08481532147742818,0.0506155950752394,0.047879616963064295,0.10316
2517,Sunlight Care Liquid 1L,Cleaning & Household,300.0,1183,710,354900.0,32272.24,2024-01-02,2025-12-31,444,1.6183310533515731,0.9712722298221614,0.6073871409028728,0.09093333333333334
2518,Horlicks 400g,General Grocery,475.0,23,13,10925.0,666.77,2024-01-29,2025-11-30,13,0.03146374829001368,0.017783857729138167,0.017783857729138167,0.06103157894736842
2519,Viva 400g,General Grocery,475.0,25,13,11875.0,2016.0,2024-01-03,2025-12-28,13,0.03419972640218878,0.017783857729138167,0.017783857729138167,0.16976842105263157
2520,BIC Chrome Platinum 1Blade,General Grocery,25.0,40,22,1000.0,250.0,2024-01-08,2025-12-04,21,0.05471956224350205,0.030095759233926128,0.028727770177838577,0.25
2521,Denta Comfort (Soft),General Grocery,60.0,37,21,2220.0,266.4,2024-01-07,2025-12-28,20,0.0506155950752394,0.028727770177838577,0.027359781121751026,0.12
2522,Denta Comfort (Medium),General Grocery,60.0,44,23,2640.0,316.8,2024-01-15,2025-12-04,23,0.060191518467852256,0.03146374829001368,0.03146374829001368,0.12000000000000001
2523,Denta Kid (Soft),General Grocery,60.0,30,18,1800.0,216.0,2024-01-16,2025-10-20,18,0.04103967168262654,0.024623803009575923,0.024623803009575923,0.12
2524,Dove Conditioner (Intense Repair) 180ml,Personal Care,330.0,53,29,17490.0,2915.0,2024-01-21,2025-12-14,29,0.07250341997264022,0.03967168262653899,0.03967168262653899,0.16666666666666666
2525,Dove Conditioner (Intense Repair) 80ml,Personal Care,200.0,57,33,11400.0,1900.38,2024-01-08,2025-12-27,32,0.07797537619699042,0.04514363885088919,0.04377564979480164,0.16670000000000001
2526,P.Baby Colongne (Bedtime) 50ml,Baby & Kids,170.0,64,35,10880.0,1377.92,2024-01-28,2025-12-28,35,0.08755129958960328,0.047879616963064295,0.047879616963064295,0.12664705882352942
2527,Sunlight (Lemon & Rose) 115g,Cleaning & Household,55.0,97,50,5335.0,425.83,2024-01-07,2025-12-17,46,0.1326949384404925,0.06839945280437756,0.06292749658002736,0.07981818181818182
2528,Ambewela Fresh Milk (Chocolate) 1L,Dairy & Chilled,290.0,871,476,252590.0,32331.519999999997,2024-01-03,2025-12-30,333,1.1915184678522572,0.6511627906976745,0.45554035567715456,0.12799999999999997
2529,Brown Suger 1kg,General Grocery,280.0,20,13,5600.0,800.0,2024-02-29,2025-12-15,13,0.027359781121751026,0.017783857729138167,0.017783857729138167,0.14285714285714285
2530,Habala Flakes 1kg,General Grocery,180.0,21,14,3780.0,420.0,2024-01-02,2025-09-03,14,0.028727770177838577,0.019151846785225718,0.019151846785225718,0.1111111111111111
2531,CBL Custard Cream 240g,Personal Care,130.0,74,47,9620.0,962.0,2024-01-11,2025-12-31,46,0.1012311901504788,0.06429548563611491,0.06292749658002736,0.1
2532,CBL Milk Cream 255g,Personal Care,150.0,93,53,13950.0,1395.0,2024-01-06,2025-11-30,51,0.12722298221614228,0.07250341997264022,0.06976744186046512,0.1
2533,CBL Wafers 85g (Vanilla),General Grocery,75.0,380,183,28500.0,3420.0,2024-01-03,2025-12-31,147,0.5198358413132695,0.2503419972640219,0.20109439124487005,0.12
2534,CBL Lemon Wafers 85g,General Grocery,75.0,20,14,1500.0,180.0,2024-01-17,2025-12-29,14,0.027359781121751026,0.019151846785225718,0.019151846785225718,0.12
2535,CBL Potato Cracker 110g,Snacks & Confectionery,80.0,1202,430,96160.0,9616.0,2024-01-05,2025-12-29,314,1.6443228454172367,0.5882352941176471,0.42954856361149113,0.1
2536,CBL Snak Cracker Biscuits 30g,Snacks & Confectionery,30.0,740,262,22200.0,2220.0,2024-01-05,2025-12-31,208,1.012311901504788,0.35841313269493846,0.28454172366621067,0.1
2537,Dreamron Black Henna (5minutes),General Grocery,165.0,50,23,8250.0,1500.0,2024-01-08,2025-12-29,23,0.06839945280437756,0.03146374829001368,0.03146374829001368,0.18181818181818182
2538,Ravan Black Hair Colour Shampoo 15ml,Personal Care,100.0,60,40,6000.0,600.0,2024-01-28,2025-12-06,39,0.08207934336525308,0.05471956224350205,0.0533515731874145,0.1
2539,BIC Shaving Foam (2in1) 100ml,General Grocery,195.0,39,20,7605.0,780.0,2024-01-14,2025-12-24,20,0.0533515731874145,0.027359781121751026,0.027359781121751026,0.10256410256410256
2540,Rancrisp Potato Chips (Barbecue)60g,Snacks & Confectionery,300.0,602,212,180600.0,45150.0,2024-01-06,2025-12-30,178,0.8235294117647058,0.29001367989056087,0.24350205198358413,0.25
2541,Rancrips Potato Chips(Lightly sea salted),Snacks & Confectionery,300.0,163,57,48900.0,12225.0,2024-01-23,2025-12-25,54,0.22298221614227087,0.07797537619699042,0.07387140902872777,0.25
2542,Rancrips Cassava Chips (Original)100g,Snacks & Confectionery,120.0,113,48,13560.0,2712.0,2024-01-08,2025-12-18,46,0.1545827633378933,0.06566347469220246,0.06292749658002736,0.2
2543,Link Samahan 30pkt,Health & Medicine,750.0,31,16,23250.0,3487.5,2024-01-11,2025-12-09,16,0.04240766073871409,0.02188782489740082,0.02188782489740082,0.15
2544,Link Kesha Hair Oil (Classic)100ml,Personal Care,175.0,211,52,36925.0,3692.5,2024-01-04,2025-12-31,50,0.28864569083447333,0.07113543091655267,0.06839945280437756,0.1
2545,Link Kesha Hair Oil (Lite)100ml,Personal Care,175.0,197,35,34475.0,3447.5,2024-02-22,2025-12-22,35,0.2694938440492476,0.047879616963064295,0.047879616963064295,0.1
2546,Morison Gripe Mixture 100ml,General Grocery,150.0,18,15,2700.0,405.0,2024-01-08,2025-11-15,15,0.024623803009575923,0.02051983584131327,0.02051983584131327,0.15
2547,Panadol Liquid 10ml,Health & Medicine,400.0,26,14,10400.0,520.0,2024-02-26,2025-10-16,14,0.03556771545827633,0.019151846785225718,0.019151846785225718,0.05
2548,CBL Samaposha 500g,General Grocery,420.0,27,16,11340.0,1080.0,2024-01-01,2025-12-16,16,0.036935704514363885,0.02188782489740082,0.02188782489740082,0.09523809523809523
2549,AURA Incense Sticks (Araliya),General Grocery,100.0,23,12,2300.0,460.0,2024-01-07,2025-12-02,12,0.03146374829001368,0.016415868673050615,0.016415868673050615,0.2
2550,AURA Incense Sticks (Blue Lotus),General Grocery,100.0,45,24,4500.0,900.0,2024-01-17,2025-12-20,24,0.06155950752393981,0.03283173734610123,0.03283173734610123,0.2
2551,AURA Incense Sticks (Kumudu),General Grocery,100.0,42,24,4200.0,840.0,2024-01-12,2025-12-17,23,0.057455540355677154,0.03283173734610123,0.03146374829001368,0.2
2552,AURA Incense Sticks (Sandalwood),General Grocery,100.0,23,14,2300.0,460.0,2024-02-22,2025-12-18,14,0.03146374829001368,0.019151846785225718,0.019151846785225718,0.2
2553,AURA Incense Sticks (Night Queen),General Grocery,100.0,25,14,2500.0,500.0,2024-01-21,2025-12-24,14,0.03419972640218878,0.019151846785225718,0.019151846785225718,0.2
2554,AURA Incense Sticks (Rose),General Grocery,100.0,38,21,3800.0,760.0,2024-01-06,2025-12-05,20,0.05198358413132695,0.028727770177838577,0.027359781121751026,0.2
2555,AURA Incense Sticks (Orchid),General Grocery,100.0,38,17,3800.0,760.0,2024-05-08,2025-08-07,15,0.05198358413132695,0.023255813953488372,0.02051983584131327,0.2
2556,AURA Incense Sticks (Coffee),Beverages,100.0,153,52,15300.0,3060.0,2024-01-02,2025-12-06,50,0.20930232558139536,0.07113543091655267,0.06839945280437756,0.2
2557,AURA Incense Sticks (Kewada),General Grocery,100.0,32,16,3200.0,640.0,2024-01-05,2025-12-11,16,0.04377564979480164,0.02188782489740082,0.02188782489740082,0.2
2558,Dettol Original (Promo),General Grocery,130.0,18,11,2340.0,475.2,2024-04-27,2025-12-11,11,0.024623803009575923,0.015047879616963064,0.015047879616963064,0.20307692307692307
2559,Dettol Cool (Promo),General Grocery,130.0,32,17,4160.0,844.48,2024-04-10,2025-12-30,17,0.04377564979480164,0.023255813953488372,0.023255813953488372,0.203
2560,Edinborough Corn Flour 500g,Staples & Dry Groceries,450.0,253,56,113850.0,12650.0,2024-01-05,2025-12-30,52,0.34610123119015046,0.07660738714090287,0.07113543091655267,0.1111111111111111
2561,Edinborough Fish Sauce 190ml,Cooking Essentials,370.0,202,52,74740.0,14140.0,2024-01-10,2025-12-16,50,0.2763337893296854,0.07113543091655267,0.06839945280437756,0.1891891891891892
2562,Atlas Binder Glu 100g,Stationery,85.0,41,19,3485.0,615.0,2024-01-06,2025-12-17,19,0.0560875512995896,0.025991792065663474,0.025991792065663474,0.17647058823529413
2563,Atlas Binder Glu 200g,Stationery,150.0,37,22,5550.0,740.0,2024-01-04,2025-12-30,22,0.0506155950752394,0.030095759233926128,0.030095759233926128,0.13333333333333333
2564,Atlas Glu Liquid Pen 40ml,Stationery,55.0,47,23,2585.0,705.0,2024-01-17,2025-12-21,22,0.06429548563611491,0.03146374829001368,0.030095759233926128,0.2727272727272727
2565,Atlas Glu Liquid 50ml,Stationery,35.0,61,29,2135.0,427.0,2024-01-13,2025-12-20,29,0.08344733242134063,0.03967168262653899,0.03967168262653899,0.2
2566,Atlas Glu Liquid 20ml,Stationery,20.0,46,20,920.0,184.0,2024-01-02,2025-12-30,20,0.06292749658002736,0.027359781121751026,0.027359781121751026,0.2
2567,Atlas Correction Bottle,Stationery,80.0,36,19,2880.0,540.0,2024-01-10,2025-11-27,19,0.049247606019151846,0.025991792065663474,0.025991792065663474,0.1875
2568,Atlas Pencils (Yellow),Stationery,20.0,653,340,13060.0,2612.0,2024-01-01,2025-12-29,218,0.893296853625171,0.46511627906976744,0.2982216142270862,0.2
2569,Atlas Colour Pencils,Stationery,260.0,661,335,171860.0,19830.0,2024-01-01,2025-12-31,201,0.9042407660738714,0.4582763337893297,0.2749658002735978,0.11538461538461539
2570,Atlas White Board Marker,Stationery,90.0,386,195,34740.0,5790.0,2024-01-01,2025-12-30,154,0.5280437756497948,0.2667578659370725,0.2106703146374829,0.16666666666666666
2571,Atlas Big Mistakes,Stationery,40.0,46,22,1840.0,368.0,2024-01-06,2025-12-17,22,0.06292749658002736,0.030095759233926128,0.030095759233926128,0.2
2572,Atlas Adhesive Tape 1'',Stationery,45.0,50,26,2250.0,375.0,2024-01-07,2025-11-15,26,0.06839945280437756,0.03556771545827633,0.03556771545827633,0.16666666666666666
2573,Adhesive Tape 2'' (brown),General Grocery,80.0,41,19,3280.0,1230.0,2024-01-14,2025-12-14,19,0.0560875512995896,0.025991792065663474,0.025991792065663474,0.375
2574,Fuji Tape pvc,General Grocery,60.0,31,15,1860.0,465.0,2024-02-02,2025-12-26,15,0.04240766073871409,0.02051983584131327,0.02051983584131327,0.25
2575,Atlas Adhesive Tape 1/2'',Stationery,20.0,639,319,12780.0,3195.0,2024-01-01,2025-12-28,201,0.8741450068399452,0.4363885088919289,0.2749658002735978,0.25
2576,Atlas Permanent Marker,Stationery,85.0,42,23,3570.0,210.0,2024-01-01,2025-12-28,23,0.057455540355677154,0.03146374829001368,0.03146374829001368,0.058823529411764705
2577,Sun Thread  200m,General Grocery,50.0,29,17,1450.0,290.0,2024-02-07,2025-12-10,17,0.03967168262653899,0.023255813953488372,0.023255813953488372,0.2
2578,Note Book,Stationery,35.0,44,22,1540.0,550.0,2024-01-27,2025-12-22,22,0.060191518467852256,0.030095759233926128,0.030095759233926128,0.35714285714285715
2579,Bill Book (small),Stationery,70.0,391,200,27370.0,9775.0,2024-01-04,2025-12-29,160,0.5348837209302325,0.27359781121751026,0.2188782489740082,0.35714285714285715
2580,Professional Decoration Balloons 50pcs,General Grocery,450.0,29,17,13050.0,4350.0,2024-01-21,2025-12-28,17,0.03967168262653899,0.023255813953488372,0.023255813953488372,0.3333333333333333
2581,Maliban Veggie Cracker 170g,Snacks & Confectionery,150.0,199,70,29850.0,2985.0,2024-01-10,2025-12-26,67,0.2722298221614227,0.09575923392612859,0.09165526675786594,0.1
2582,Diva Fresh (Rose & Lime) 1kg,Cleaning & Household,320.0,89,50,28480.0,890.0,2024-01-06,2025-12-31,50,0.12175102599179206,0.06839945280437756,0.06839945280437756,0.03125
2583,Diva Fresh (Rose & Lime) 550g,Cleaning & Household,90.0,82,52,7380.0,671.5799999999999,2024-01-11,2025-12-22,51,0.1121751025991792,0.07113543091655267,0.06976744186046512,0.09099999999999998
2584,Diva Fresh (Rose & Lime) 400g,Cleaning & Household,170.0,57,33,9690.0,1140.0,2024-01-05,2025-12-17,31,0.07797537619699042,0.04514363885088919,0.04240766073871409,0.11764705882352941
2585,Diva Fresh (Lavender) 550g,Cleaning & Household,90.0,61,39,5490.0,499.59,2024-02-11,2025-12-23,37,0.08344733242134063,0.0533515731874145,0.0506155950752394,0.091
2586,Marina Cooking Oil 1L,Cooking Essentials,800.0,179,56,143200.0,15215.0,2024-01-02,2025-12-24,54,0.2448700410396717,0.07660738714090287,0.07387140902872777,0.10625
2587,Playing Cards,General Grocery,125.0,33,20,4125.0,1485.0,2024-01-10,2025-11-25,20,0.04514363885088919,0.027359781121751026,0.027359781121751026,0.36
2588,CBL Snak Cracker 170g,Snacks & Confectionery,180.0,218,77,39240.0,3924.0,2024-01-01,2025-12-25,71,0.2982216142270862,0.10533515731874145,0.09712722298221614,0.1
2589,CBL Cheese Buttons 215g,Dairy & Chilled,350.0,100,46,35000.0,3500.0,2024-01-01,2025-12-05,46,0.13679890560875513,0.06292749658002736,0.06292749658002736,0.1
2590,Star Vanilla Flavour 28ml,General Grocery,130.0,50,24,6500.0,649.5,2024-07-08,2025-12-18,24,0.06839945280437756,0.03283173734610123,0.03283173734610123,0.09992307692307692
2592,Sunquick Mixed Fruit Drink 200ml,Beverages,60.0,795,276,47700.0,4770.0,2024-01-04,2025-12-31,201,1.0875512995896033,0.37756497948016415,0.2749658002735978,0.1
2593,Rathna Keeri Samba Rice 1kg,Staples & Dry Groceries,240.0,268,54,64320.0,4020.0,2024-01-08,2025-12-29,50,0.36662106703146374,0.07387140902872777,0.06839945280437756,0.0625
2594,CBL Wafers (Chocolate) 400g,Snacks & Confectionery,260.0,152,59,39520.0,3952.0,2024-01-01,2025-12-29,58,0.2079343365253078,0.08071135430916553,0.07934336525307797,0.1
2595,Pelwatte Set Yoghurt 80g,Dairy & Chilled,40.0,87,42,3480.0,1218.0,2024-01-02,2025-12-25,40,0.11901504787961696,0.057455540355677154,0.05471956224350205,0.35
2596,Prima Stalla Set Yoghurt 80g,Dairy & Chilled,45.0,73,41,3285.0,949.0,2024-03-25,2025-12-29,39,0.09986320109439124,0.0560875512995896,0.0533515731874145,0.28888888888888886
2597,Kellogg's Corn Flakes 250g,General Grocery,500.0,35,19,17500.0,2100.0,2024-01-24,2025-11-27,19,0.047879616963064295,0.025991792065663474,0.025991792065663474,0.12
2598,Kellogg's Chocos 250g,General Grocery,500.0,34,14,17000.0,2040.0,2024-01-14,2025-12-24,14,0.046511627906976744,0.019151846785225718,0.019151846785225718,0.12
2599,Motha Custard Powder (Banana) 100g,General Grocery,75.0,47,26,3525.0,324.77,2024-01-10,2025-12-23,26,0.06429548563611491,0.03556771545827633,0.03556771545827633,0.09213333333333333
2600,Motha Custard Powder (Strawberry) 100g,General Grocery,75.0,46,26,3450.0,317.86,2024-01-15,2025-12-15,26,0.06292749658002736,0.03556771545827633,0.03556771545827633,0.09213333333333333
2601,Eno (Orange) 5g,General Grocery,70.0,19,11,1330.0,190.0,2024-02-12,2025-12-21,11,0.025991792065663474,0.015047879616963064,0.015047879616963064,0.14285714285714285
2602,Glow & Handsome Cream 50g,Personal Care,395.0,62,30,24490.0,3100.0,2024-01-02,2025-12-29,30,0.08481532147742818,0.04103967168262654,0.04103967168262654,0.12658227848101267
2603,Rin Detergent Powder 500g,Cleaning & Household,90.0,1223,720,110070.0,10016.369999999999,2024-01-02,2025-12-31,445,1.6730506155950753,0.9849521203830369,0.6087551299589603,0.091
2606,Sunlight Detergent Powder 55g,Cleaning & Household,10.0,73,44,730.0,66.43,2024-01-29,2025-12-24,41,0.09986320109439124,0.060191518467852256,0.0560875512995896,0.09100000000000001
2607,Super Glue 3g,Stationery,75.0,44,26,3300.0,660.0,2024-01-10,2025-12-14,26,0.060191518467852256,0.03556771545827633,0.03556771545827633,0.2
2608,Half Chicken 1kg,"Meat, Fish & Frozen",570.0,26,15,14820.0,1300.0,2024-04-26,2025-12-07,15,0.03556771545827633,0.02051983584131327,0.02051983584131327,0.08771929824561403
2609,Wijaya Pepper Powder 250g,Cooking Essentials,525.0,233,59,122325.0,12815.0,2024-01-02,2025-12-14,57,0.31874145006839943,0.08071135430916553,0.07797537619699042,0.10476190476190476
2610,Wijaya Roasted Fenugreek 100g,General Grocery,70.0,20,12,1400.0,200.0,2024-01-12,2025-12-22,12,0.027359781121751026,0.016415868673050615,0.016415868673050615,0.14285714285714285
2611,Vendol Venivel Soap 80g,Personal Care,60.0,97,57,5820.0,873.0,2024-01-01,2025-12-31,55,0.1326949384404925,0.07797537619699042,0.07523939808481532,0.15
2612,Lysol (Citrus) 500ml,General Grocery,335.0,41,17,13735.0,1435.0,2024-01-19,2025-12-16,15,0.0560875512995896,0.023255813953488372,0.02051983584131327,0.1044776119402985
2613,CBL Wafers (Vanilla) 170g,General Grocery,120.0,50,23,6000.0,600.0,2024-04-30,2025-12-11,23,0.06839945280437756,0.03146374829001368,0.03146374829001368,0.1
2614,Pelwatte Milk Powder 1kg,Dairy & Chilled,945.0,129,67,121905.0,1290.0,2024-01-03,2025-12-14,64,0.17647058823529413,0.09165526675786594,0.08755129958960328,0.010582010582010581
2615,3 Ply Face Mask 50pcs,General Grocery,350.0,28,12,9800.0,1400.0,2024-01-16,2025-11-16,12,0.038303693570451436,0.016415868673050615,0.016415868673050615,0.14285714285714285
2616,Kumarika Scalp & Hair Oil,Personal Care,300.0,158,38,47400.0,4736.84,2024-01-05,2025-12-26,37,0.2161422708618331,0.05198358413132695,0.0506155950752394,0.09993333333333333
2617,Diva Fresh (Sepalika & Lime) 1kg,Cleaning & Household,320.0,337,207,107840.0,3370.0,2024-01-03,2025-12-28,162,0.46101231190150477,0.28317373461012313,0.2216142270861833,0.03125
2618,Dove Hair Fall Rescue Shampoo 180ml,Personal Care,750.0,85,46,63750.0,4250.0,2024-01-05,2025-11-22,43,0.11627906976744186,0.06292749658002736,0.058823529411764705,0.06666666666666667
2619,Surf Excel (Aloe vera) 120g,General Grocery,50.0,44,21,2200.0,200.2,2024-02-17,2025-12-25,19,0.060191518467852256,0.028727770177838577,0.025991792065663474,0.091
2620,Cheramy Nappy Wash Powder 400g,Baby & Kids,245.0,52,34,12740.0,1158.04,2024-01-02,2025-11-30,34,0.07113543091655267,0.046511627906976744,0.046511627906976744,0.09089795918367347
2621,Baby Cheramy Baby Cologne 100ml,Baby & Kids,285.0,84,45,23940.0,3030.72,2024-01-03,2025-12-15,44,0.11491108071135431,0.06155950752393981,0.060191518467852256,0.12659649122807018
2622,Baby Cheramy Baby Cologne 50ml,Baby & Kids,165.0,1188,686,196020.0,24805.44,2024-01-02,2025-12-31,407,1.6251709986320109,0.9384404924760602,0.5567715458276333,0.12654545454545454
2623,Paspanguwa  1pkt,General Grocery,50.0,35,19,1750.0,350.0,2024-03-28,2025-12-26,19,0.047879616963064295,0.025991792065663474,0.025991792065663474,0.2
2624,CBL Lankasoy (Fish Flavour) 50g,"Meat, Fish & Frozen",60.0,30,13,1800.0,180.0,2024-01-08,2025-12-17,13,0.04103967168262654,0.017783857729138167,0.017783857729138167,0.1
2625,Moldivefish (Dry) 1kg,General Grocery,1900.0,22,14,41800.0,4400.0,2024-01-06,2025-05-01,14,0.030095759233926128,0.019151846785225718,0.019151846785225718,0.10526315789473684
2626,Comfort Lily Fresh 220ml,General Grocery,230.0,28,14,6440.0,140.0,2024-02-27,2025-12-31,14,0.038303693570451436,0.019151846785225718,0.019151846785225718,0.021739130434782608
2627,Comfort Morning Fresh 220ml,General Grocery,285.0,36,19,10260.0,1440.0,2024-01-21,2025-12-17,19,0.049247606019151846,0.025991792065663474,0.025991792065663474,0.14035087719298245
2628,CBL Super Cream Cracker 330g,Personal Care,330.0,101,56,33330.0,3333.0,2024-01-16,2025-12-24,54,0.1381668946648427,0.07660738714090287,0.07387140902872777,0.1
2629,Prima Self Raising Flour 1kg,Staples & Dry Groceries,170.0,2372,501,403240.0,40324.0,2024-01-03,2025-12-31,281,3.244870041039672,0.6853625170998632,0.3844049247606019,0.1
2630,Prima Twist Noodles 400g,Staples & Dry Groceries,135.0,210,46,28350.0,2835.0,2024-01-06,2025-12-27,46,0.2872777017783858,0.06292749658002736,0.06292749658002736,0.1
2631,Prima KottuMee (Cup) 64g,General Grocery,105.0,22,13,2310.0,231.0,2024-02-01,2025-12-21,13,0.030095759233926128,0.017783857729138167,0.017783857729138167,0.1
2632,Kotmale Fresh Milk 180ml,Dairy & Chilled,50.0,468,239,23400.0,3276.0,2024-01-01,2025-12-31,195,0.640218878248974,0.32694938440492477,0.2667578659370725,0.14
2633,Kotmale Chocolate Flavoured Milk 170ml,Dairy & Chilled,100.0,136,74,13600.0,2720.0,2024-01-07,2025-12-31,73,0.18604651162790697,0.1012311901504788,0.09986320109439124,0.2
2634,Kotmale Milk With Oats 1L,Dairy & Chilled,280.0,830,435,232400.0,30975.6,2024-01-03,2025-12-31,304,1.1354309165526675,0.5950752393980848,0.4158686730506156,0.13328571428571429
2635,Happy Cow Cheese Spread 150g,Dairy & Chilled,580.0,96,43,55680.0,4627.2,2024-01-04,2025-12-30,43,0.13132694938440492,0.058823529411764705,0.058823529411764705,0.08310344827586207
2636,Maliban Wafers Lemon Cream 90g,Personal Care,75.0,688,400,51600.0,6446.5599999999995,2024-01-01,2025-12-30,306,0.9411764705882353,0.5471956224350205,0.4186046511627907,0.12493333333333333
2637,Golden Cow Baby Rusks (Original) 110g,Baby & Kids,220.0,59,38,12980.0,1427.8,2024-01-11,2025-12-28,35,0.08071135430916553,0.05198358413132695,0.047879616963064295,0.11
2638,Champion (Cool Mint) 90g,General Grocery,55.0,26,18,1430.0,81.12,2024-01-27,2025-11-25,18,0.03556771545827633,0.024623803009575923,0.024623803009575923,0.05672727272727273
2639,Aloe Miracle Foot Care Cream 50ml,Personal Care,320.0,69,39,22080.0,3312.0,2024-01-13,2025-12-28,39,0.09439124487004104,0.0533515731874145,0.0533515731874145,0.15
2640,MyDoc Sanitizer Liquid 500ml,General Grocery,725.0,23,11,16675.0,2167.75,2024-01-15,2025-12-13,11,0.03146374829001368,0.015047879616963064,0.015047879616963064,0.13
2641,Aroma Detergent Powder (Lotus) 1kg,Cleaning & Household,175.0,62,33,10850.0,1085.0,2024-02-12,2025-11-15,33,0.08481532147742818,0.04514363885088919,0.04514363885088919,0.1
2642,Aroma Detergent Powder (Jasmine) 1kg,Cleaning & Household,175.0,75,40,13125.0,1312.5,2024-01-01,2025-11-27,39,0.10259917920656635,0.05471956224350205,0.0533515731874145,0.1
2643,Aroma Detergent Powder (Rose) 1kg,Cleaning & Household,175.0,73,41,12775.0,1277.5,2024-01-16,2025-12-28,40,0.09986320109439124,0.0560875512995896,0.05471956224350205,0.1
2644,Britol Car Wash Liquid 500ml,Cleaning & Household,190.0,74,43,14060.0,740.0,2024-01-01,2025-11-25,40,0.1012311901504788,0.058823529411764705,0.05471956224350205,0.05263157894736842
2645,Plaza Canned Fish 425g,"Meat, Fish & Frozen",390.0,802,410,312780.0,20050.0,2024-01-01,2025-12-31,311,1.0971272229822162,0.560875512995896,0.42544459644322846,0.0641025641025641
2646,Choco-La Milk 90g,Dairy & Chilled,100.0,112,70,11200.0,1120.0,2024-01-10,2025-12-29,67,0.15321477428180574,0.09575923392612859,0.09165526675786594,0.1
2647,Ritzbury Milk Choco (Cashew) 45g,Dairy & Chilled,180.0,111,63,19980.0,3330.0,2024-01-15,2025-12-30,57,0.1518467852257182,0.08618331053351573,0.07797537619699042,0.16666666666666666
2648,Link Samahan 1pkt,Health & Medicine,25.0,20,12,500.0,50.0,2024-04-29,2025-12-28,12,0.027359781121751026,0.016415868673050615,0.016415868673050615,0.1
2649,Ayush Saffron Face Cream 50g,Personal Care,475.0,70,44,33250.0,4210.5,2024-01-04,2025-12-02,43,0.09575923392612859,0.060191518467852256,0.058823529411764705,0.12663157894736843
2650,Glow & Lovely  25g,General Grocery,270.0,36,16,9720.0,1231.2,2024-02-17,2025-11-17,16,0.049247606019151846,0.02188782489740082,0.02188782489740082,0.12666666666666668
2651,Lifebuoy Venivel 100g,General Grocery,59.0,27,15,1593.0,132.3,2024-01-16,2025-12-02,14,0.036935704514363885,0.02051983584131327,0.019151846785225718,0.08305084745762713
2652,Dettol Lasting Fresh 110g,General Grocery,78.0,28,17,2184.0,180.32000000000002,2024-01-22,2025-11-13,17,0.038303693570451436,0.023255813953488372,0.023255813953488372,0.08256410256410257
2653,Dettol Orange Burst 110g,General Grocery,78.0,28,15,2184.0,180.32,2024-01-28,2025-12-16,15,0.038303693570451436,0.02051983584131327,0.02051983584131327,0.08256410256410256
2654,Dettol Cool 110g,General Grocery,78.0,31,19,2418.0,199.64000000000001,2024-02-06,2025-12-29,19,0.04240766073871409,0.025991792065663474,0.025991792065663474,0.08256410256410257
2655,Sunsilk Shampoo (Black Shine) 80ml,Personal Care,125.0,77,46,9625.0,993.3000000000001,2024-02-05,2025-12-29,45,0.10533515731874145,0.06292749658002736,0.06155950752393981,0.10320000000000001
2657,Clear Shampoo (Men) 80ml,Personal Care,195.0,69,38,13455.0,1388.28,2024-01-04,2025-12-11,37,0.09439124487004104,0.05198358413132695,0.0506155950752394,0.10317948717948718
2658,Dettol Hand Sanitiser 50ml,General Grocery,240.0,37,21,8880.0,807.34,2024-01-30,2025-12-19,21,0.0506155950752394,0.028727770177838577,0.028727770177838577,0.09091666666666667
2659,Wijaya Coffee 20g,Beverages,60.0,123,47,7380.0,738.0,2024-01-07,2025-12-21,47,0.16826265389876882,0.06429548563611491,0.06429548563611491,0.1
2660,Wijaya Coffee 50g,Beverages,150.0,152,55,22800.0,2280.0,2024-01-27,2025-12-22,50,0.2079343365253078,0.07523939808481532,0.06839945280437756,0.1
2661,Wijaya Coffee 100g,Beverages,300.0,159,60,47700.0,4770.0,2024-01-17,2025-12-18,57,0.21751025991792067,0.08207934336525308,0.07797537619699042,0.1
2663,Dialog,General Grocery,50.0,24,12,1200.0,48.0,2024-02-05,2025-12-23,12,0.03283173734610123,0.016415868673050615,0.016415868673050615,0.04
2664,Dhal 1kg,Staples & Dry Groceries,300.0,167,43,50100.0,8350.0,2024-01-13,2025-12-23,40,0.22845417236662108,0.058823529411764705,0.05471956224350205,0.16666666666666666
2665,Pure Dale Kirithe 400g,General Grocery,380.0,46,22,17480.0,920.0,2024-01-13,2025-12-13,21,0.06292749658002736,0.030095759233926128,0.028727770177838577,0.05263157894736842
2666,Sausages,General Grocery,410.0,21,11,8610.0,1890.0,2024-02-27,2025-12-23,11,0.028727770177838577,0.015047879616963064,0.015047879616963064,0.21951219512195122
2667,Anchor Newdale Yoghurt 80g,Dairy & Chilled,70.0,86,45,6020.0,860.0,2024-01-27,2025-12-30,43,0.11764705882352941,0.06155950752393981,0.058823529411764705,0.14285714285714285
2668,Fortune Vegetable Oil 1L,Cooking Essentials,1190.0,316,61,376040.0,28440.0,2024-01-04,2025-12-30,61,0.4322845417236662,0.08344733242134063,0.08344733242134063,0.07563025210084033
2669,San Remo Pasta (Penne) 500g,Staples & Dry Groceries,425.0,971,234,412675.0,67649.57,2024-01-01,2025-12-28,191,1.3283173734610123,0.320109439124487,0.2612859097127223,0.1639294117647059
2670,Baby Cheramy Herbal Cologne 50ml,Baby & Kids,165.0,63,34,10395.0,1315.44,2024-01-08,2025-12-21,34,0.08618331053351573,0.046511627906976744,0.046511627906976744,0.12654545454545454
2671,Britol Hand Wash 750ml,Cleaning & Household,375.0,52,32,19500.0,1950.0,2024-01-15,2025-12-24,29,0.07113543091655267,0.04377564979480164,0.03967168262653899,0.1
2672,Britol Hand Sanitizer 100ml,General Grocery,250.0,29,15,7250.0,725.0,2024-01-18,2025-11-27,15,0.03967168262653899,0.02051983584131327,0.02051983584131327,0.1
2673,Mr' Pop Snacks 25g,General Grocery,50.0,44,21,2200.0,440.0,2024-04-15,2025-12-27,20,0.060191518467852256,0.028727770177838577,0.027359781121751026,0.2
2674,CBL Choco Cream 400g,Personal Care,230.0,67,42,15410.0,1541.0,2024-04-22,2025-12-21,41,0.09165526675786594,0.057455540355677154,0.0560875512995896,0.1
2675,Dash Sanitizer Liquid 500ml,General Grocery,690.0,22,15,15180.0,1518.0,2024-02-07,2025-12-28,15,0.030095759233926128,0.02051983584131327,0.02051983584131327,0.1
2676,Rancrisp Cashew 50g,General Grocery,210.0,31,21,6510.0,620.0,2024-01-18,2025-12-02,21,0.04240766073871409,0.028727770177838577,0.028727770177838577,0.09523809523809523
2677,Laxapana Battery (AA),General Grocery,125.0,37,16,4625.0,925.0,2024-01-22,2025-12-25,16,0.0506155950752394,0.02188782489740082,0.02188782489740082,0.2
2678,Freelan Kurakkan Flour 200g,Staples & Dry Groceries,205.0,1012,224,207460.0,30360.0,2024-01-05,2025-12-31,175,1.3844049247606018,0.3064295485636115,0.2393980848153215,0.14634146341463414
2679,Godrej Sanitizer Spray 85ml,General Grocery,299.0,41,21,12259.0,1114.38,2024-01-18,2025-11-26,21,0.0560875512995896,0.028727770177838577,0.028727770177838577,0.09090301003344482
2680,Vaseline Aloe 100ml,General Grocery,425.0,41,17,17425.0,615.0,2024-01-24,2025-11-17,17,0.0560875512995896,0.023255813953488372,0.023255813953488372,0.03529411764705882
2681,Glow & Lovely Face Wash 50g,Cleaning & Household,220.0,91,51,20020.0,3336.9700000000003,2024-01-13,2025-12-23,49,0.12448700410396717,0.06976744186046512,0.06703146374829001,0.16668181818181818
2682,Pond's Facewash 50g,General Grocery,250.0,41,21,10250.0,1708.47,2024-01-14,2025-12-20,21,0.0560875512995896,0.028727770177838577,0.028727770177838577,0.16668
2683,Lifebuoy Shampoo 80ml,Personal Care,99.0,687,378,68013.0,7014.27,2024-01-03,2025-12-30,301,0.9398084815321477,0.5170998632010944,0.4117647058823529,0.10313131313131314
2684,Rin Detergent Powder 1kg,Cleaning & Household,170.0,1355,786,230350.0,20948.3,2024-01-02,2025-12-30,472,1.853625170998632,1.0752393980848154,0.6456908344733242,0.09094117647058823
2685,Maliban Chick Bits 80g,General Grocery,110.0,30,17,3300.0,330.0,2024-01-03,2025-12-29,17,0.04103967168262654,0.023255813953488372,0.023255813953488372,0.1
2686,Glucose-D,General Grocery,70.0,39,20,2730.0,390.0,2024-01-25,2025-11-21,20,0.0533515731874145,0.027359781121751026,0.027359781121751026,0.14285714285714285
2687,Chocolate 93g,Snacks & Confectionery,270.0,114,43,30780.0,5700.0,2024-01-09,2025-12-17,43,0.15595075239398085,0.058823529411764705,0.058823529411764705,0.18518518518518517
2688,CBL Milk Shorties 70g,Dairy & Chilled,35.0,113,52,3955.0,395.5,2024-01-16,2025-12-22,49,0.1545827633378933,0.07113543091655267,0.06703146374829001,0.1
2689,CBL Wafer Stix 20g,Snacks & Confectionery,40.0,157,60,6280.0,785.0,2024-01-10,2025-12-28,56,0.21477428180574556,0.08207934336525308,0.07660738714090287,0.125
2690,Dettol Plaster (10),Health & Medicine,80.0,30,21,2400.0,480.0,2024-03-13,2025-11-02,21,0.04103967168262654,0.028727770177838577,0.028727770177838577,0.2
2691,Maliban milk Powder 60g,Dairy & Chilled,60.0,500,250,30000.0,2500.0,2024-01-05,2025-12-29,190,0.6839945280437757,0.34199726402188785,0.25991792065663477,0.08333333333333333
2692,Motha Gelatine 100g,General Grocery,375.0,379,188,142125.0,13742.539999999999,2024-01-04,2025-12-31,150,0.518467852257182,0.25718194254445964,0.2051983584131327,0.09669333333333333
2693,Fontana Apple Juice 1L,Beverages,1420.0,163,63,231460.0,37943.14,2024-01-06,2025-12-25,62,0.22298221614227087,0.08618331053351573,0.08481532147742818,0.16392957746478873
2694,Bagrry's Corn Flakes 250g,General Grocery,560.0,41,22,22960.0,2943.3900000000003,2024-01-03,2025-12-29,22,0.0560875512995896,0.030095759233926128,0.030095759233926128,0.12819642857142857
2695,Bagrry's Choco + 375g,General Grocery,795.0,26,17,20670.0,2650.1800000000003,2024-01-11,2025-11-15,17,0.03556771545827633,0.023255813953488372,0.023255813953488372,0.12821383647798743
2696,Sesame &Ginger Mixed Jaggery 250g,Cooking Essentials,110.0,182,47,20020.0,2730.0,2024-01-09,2025-12-24,43,0.24897400820793433,0.06429548563611491,0.058823529411764705,0.13636363636363635
2697,Ginger Cookies  175g,Cooking Essentials,110.0,322,79,35420.0,4830.0,2024-01-06,2025-12-30,76,0.44049247606019154,0.10807113543091655,0.1039671682626539,0.13636363636363635
2698,Kist Orange Juice 1L,Beverages,450.0,732,263,329400.0,41175.0,2024-01-01,2025-12-30,195,1.0013679890560876,0.359781121751026,0.2667578659370725,0.125
2699,Kist Grape Juice 1L,Beverages,550.0,112,43,61600.0,7700.0,2024-01-02,2025-12-20,41,0.15321477428180574,0.058823529411764705,0.0560875512995896,0.125
2700,Kist Mixed Fruit Juice 1L,Beverages,450.0,1034,356,465300.0,58162.5,2024-01-03,2025-12-31,222,1.414500683994528,0.48700410396716826,0.3036935704514364,0.125
2701,Highland Curd 510g,Dairy & Chilled,360.0,96,50,34560.0,960.0,2024-01-24,2025-12-22,47,0.13132694938440492,0.06839945280437756,0.06429548563611491,0.027777777777777776
2702,Highland Curd 950g,Dairy & Chilled,650.0,105,47,68250.0,5250.0,2024-01-01,2025-12-30,46,0.1436388508891929,0.06429548563611491,0.06292749658002736,0.07692307692307693
2703,Highland Milk Powder 1kg,Dairy & Chilled,945.0,100,55,94500.0,3960.0,2024-01-04,2025-12-22,52,0.13679890560875513,0.07523939808481532,0.07113543091655267,0.0419047619047619
2704,BIO Clean (Green) 200ML,General Grocery,115.0,29,16,3335.0,303.34000000000003,2024-06-12,2025-12-29,16,0.03967168262653899,0.02188782489740082,0.02188782489740082,0.09095652173913045
2705,BIC Shaving Foam (Sensitive) 100ml,General Grocery,500.0,9,8,4500.0,450.0,2024-04-06,2025-04-26,8,0.012311901504787962,0.01094391244870041,0.01094391244870041,0.1
2706,Sunquick Fruit Drink 200ml,Beverages,60.0,161,54,9660.0,966.0,2024-01-01,2025-12-27,54,0.22024623803009577,0.07387140902872777,0.07387140902872777,0.1
2707,Valmelix Cough Syrup 100ml,Health & Medicine,190.0,25,16,4750.0,500.0,2024-04-30,2025-12-24,16,0.03419972640218878,0.02188782489740082,0.02188782489740082,0.10526315789473684
2708,Silicon Teat (L),General Grocery,120.0,42,19,5040.0,630.0,2024-01-13,2025-12-08,19,0.057455540355677154,0.025991792065663474,0.025991792065663474,0.125
2709,Atlas Highlighter Pen (Pink),Stationery,65.0,34,19,2210.0,632.06,2024-01-19,2025-12-31,19,0.046511627906976744,0.025991792065663474,0.025991792065663474,0.286
2710,Atlas Highlighter Pen (Yelo),Stationery,65.0,392,196,25480.0,7287.28,2024-01-01,2025-12-27,154,0.5362517099863201,0.26812585499316005,0.2106703146374829,0.286
2711,Atlas Highlighter Pen (Green),Stationery,65.0,45,25,2925.0,836.55,2024-01-15,2025-06-09,25,0.06155950752393981,0.03419972640218878,0.03419972640218878,0.286
2712,Atlas Highlighter Pen (Orange),Stationery,65.0,40,20,2600.0,743.6,2024-01-04,2025-11-05,20,0.05471956224350205,0.027359781121751026,0.027359781121751026,0.28600000000000003
2713,Sera Turmeric Powder 25g,Cooking Essentials,190.0,2953,720,561070.0,44295.0,2024-01-01,2025-12-31,457,4.039671682626539,0.9849521203830369,0.625170998632011,0.07894736842105263
2714,Happy Cow Cream Cheese 140g,Personal Care,530.0,64,34,33920.0,4348.16,2024-01-23,2025-12-27,31,0.08755129958960328,0.046511627906976744,0.04240766073871409,0.12818867924528302
2715,Cream Cheese Natural 150g,Personal Care,680.0,53,27,36040.0,4620.54,2024-02-24,2025-12-15,27,0.07250341997264022,0.036935704514363885,0.036935704514363885,0.12820588235294117
2716,Pelwatte Butter 200g,Dairy & Chilled,450.0,732,382,329400.0,21960.0,2024-01-04,2025-12-30,225,1.0013679890560876,0.5225718194254446,0.307797537619699,0.06666666666666667
2717,Mentos Mint Toffee 33.8g,Snacks & Confectionery,100.0,160,61,16000.0,3200.0,2024-01-15,2025-12-31,56,0.2188782489740082,0.08344733242134063,0.07660738714090287,0.2
2718,Mentos Fruit Toffee 33.8g,Snacks & Confectionery,100.0,132,45,13200.0,2640.0,2024-01-28,2025-12-30,43,0.18057455540355677,0.06155950752393981,0.058823529411764705,0.2
2719,Glucorasa Jujubes 250g,General Grocery,250.0,30,20,7500.0,1740.0,2024-01-05,2025-11-23,19,0.04103967168262654,0.027359781121751026,0.025991792065663474,0.232
2720,Glucorasa Jujubes 40g,General Grocery,55.0,37,20,2035.0,462.5,2024-01-15,2025-12-29,18,0.0506155950752394,0.027359781121751026,0.024623803009575923,0.22727272727272727
2721,Chocolate Fingers 45g,Snacks & Confectionery,50.0,152,52,7600.0,760.0,2024-01-01,2025-12-28,52,0.2079343365253078,0.07113543091655267,0.07113543091655267,0.1
2722,Chocolate Fingers 27g,Snacks & Confectionery,30.0,184,63,5520.0,552.0,2024-01-23,2025-12-20,57,0.25170998632010944,0.08618331053351573,0.07797537619699042,0.1
2723,Chocolate Coated Cookies 40g,Snacks & Confectionery,60.0,234,81,14040.0,2340.0,2024-01-10,2025-12-30,74,0.320109439124487,0.11080711354309165,0.1012311901504788,0.16666666666666666
2724,Chocolate Coated Cookies 100g,Snacks & Confectionery,150.0,261,79,39150.0,3915.0,2024-01-04,2025-12-29,74,0.35704514363885087,0.10807113543091655,0.1012311901504788,0.1
2725,Pebbles 8g,General Grocery,10.0,21,15,210.0,42.0,2024-01-06,2025-12-07,15,0.028727770177838577,0.02051983584131327,0.02051983584131327,0.2
2726,Royal Cashew Nuts 30g,General Grocery,160.0,28,16,4480.0,840.0,2024-02-12,2025-11-05,16,0.038303693570451436,0.02188782489740082,0.02188782489740082,0.1875
2727,Royal Cashew Nut 50g,General Grocery,295.0,27,20,7965.0,1215.0,2024-01-03,2025-12-25,19,0.036935704514363885,0.027359781121751026,0.025991792065663474,0.15254237288135594
2728,Royal Cashew Nut 100g,General Grocery,590.0,27,16,15930.0,2430.0,2024-04-02,2025-12-29,16,0.036935704514363885,0.02188782489740082,0.02188782489740082,0.15254237288135594
2729,Royal Cashew Nut (Salted) 80g,General Grocery,440.0,46,22,20240.0,4048.0,2024-01-04,2025-12-28,22,0.06292749658002736,0.030095759233926128,0.030095759233926128,0.2
2730,Royal Cashew Nut (Hot & Spicy) 80g,General Grocery,440.0,35,16,15400.0,3080.0,2024-01-12,2025-12-22,16,0.047879616963064295,0.02188782489740082,0.02188782489740082,0.2
2731,Royal Mixed Nut 50g,General Grocery,400.0,29,17,11600.0,3480.0,2024-01-12,2025-10-12,17,0.03967168262653899,0.023255813953488372,0.023255813953488372,0.3
2732,Royal Cassava Chips 70g,Snacks & Confectionery,100.0,113,49,11300.0,2260.0,2024-01-23,2025-12-31,48,0.1545827633378933,0.06703146374829001,0.06566347469220246,0.2
2733,Kotmale Mozzarella Cheese 200g,Dairy & Chilled,490.0,125,59,61250.0,11875.0,2024-01-04,2025-12-30,55,0.17099863201094392,0.08071135430916553,0.07523939808481532,0.19387755102040816
2734,Kist Mixed Fruit Jam 510g,General Grocery,335.0,22,11,7370.0,737.0,2024-01-06,2025-11-24,11,0.030095759233926128,0.015047879616963064,0.015047879616963064,0.1
2735,Kist Mango Jam 510g,General Grocery,335.0,46,23,15410.0,1541.0,2024-01-13,2025-11-27,23,0.06292749658002736,0.03146374829001368,0.03146374829001368,0.1
2736,Maldive Fish Bottle 100g,Cooking Essentials,230.0,1694,408,389620.0,152460.0,2024-01-01,2025-12-30,298,2.317373461012312,0.5581395348837209,0.4076607387140903,0.391304347826087
2737,Little Lion Lincoln Biscuit 330g,Snacks & Confectionery,150.0,1069,367,160350.0,20043.75,2024-01-09,2025-12-31,224,1.4623803009575924,0.5020519835841313,0.3064295485636115,0.125
2738,Sustagen 400g (Chocolate),Snacks & Confectionery,3900.0,162,56,631800.0,61325.100000000006,2024-01-05,2025-12-17,56,0.2216142270861833,0.07660738714090287,0.07660738714090287,0.09706410256410257
2739,Black Knight Hair Gel 30ml,Personal Care,115.0,64,36,7360.0,788.48,2024-01-16,2025-12-28,36,0.08755129958960328,0.049247606019151846,0.049247606019151846,0.1071304347826087
2741,Black Knight 50ml,General Grocery,445.0,24,12,10680.0,1144.32,2024-01-02,2025-10-28,12,0.03283173734610123,0.016415868673050615,0.016415868673050615,0.10714606741573034
2742,Rich Life Iced Coffee 180ml,Beverages,130.0,118,49,15340.0,0.0,2024-01-13,2025-12-29,47,0.16142270861833105,0.06703146374829001,0.06429548563611491,0.0
2743,Rich Life Iced Coffee 1L,Beverages,620.0,114,45,70680.0,2280.0,2024-01-12,2025-12-31,44,0.15595075239398085,0.06155950752393981,0.060191518467852256,0.03225806451612903
2744,Mini Chips (Chilli) 27g,Cooking Essentials,40.0,315,71,12600.0,1575.0,2024-02-07,2025-12-02,67,0.43091655266757867,0.09712722298221614,0.09165526675786594,0.125
2745,Panda Baby Soap (Honey & Almond) 75g,Baby & Kids,63.0,87,44,5481.0,578.5500000000001,2024-01-06,2025-12-26,44,0.11901504787961696,0.060191518467852256,0.060191518467852256,0.10555555555555557
2746,Misumi Romansu Soap 90g,Personal Care,68.0,711,405,48348.0,5097.87,2024-01-02,2025-12-31,302,0.9726402188782489,0.5540355677154583,0.4131326949384405,0.10544117647058823
2747,Delum Baby Soap (75g/5),Baby & Kids,250.0,76,48,19000.0,2004.8799999999999,2024-02-14,2025-12-27,47,0.1039671682626539,0.06566347469220246,0.06429548563611491,0.10551999999999999
2748,Daily Strawberry Milk 180ml,Dairy & Chilled,130.0,124,71,16120.0,2480.0,2024-01-14,2025-12-21,67,0.16963064295485636,0.09712722298221614,0.09165526675786594,0.15384615384615385
2749,Kellogg's Oats Jar,Staples & Dry Groceries,750.0,208,48,156000.0,18720.0,2024-01-01,2025-12-22,47,0.28454172366621067,0.06566347469220246,0.06429548563611491,0.12
2750,Kellogg's Corn Flakes 475g (1L Milk Free),Dairy & Chilled,825.0,124,62,102300.0,12276.0,2024-01-04,2025-12-28,58,0.16963064295485636,0.08481532147742818,0.07934336525307797,0.12
2751,Face Was 50ml,General Grocery,170.0,53,26,9010.0,1621.8,2024-01-05,2025-12-24,23,0.07250341997264022,0.03556771545827633,0.03146374829001368,0.18
2752,Face Wash 50ml,Cleaning & Household,170.0,70,43,11900.0,2142.0,2024-01-01,2025-12-24,42,0.09575923392612859,0.058823529411764705,0.057455540355677154,0.18
2753,Plastic Cloth Clips 24,General Grocery,130.0,21,11,2730.0,630.0,2024-02-02,2025-09-14,11,0.028727770177838577,0.015047879616963064,0.015047879616963064,0.23076923076923078
2755,Cloth Clips 12,General Grocery,70.0,28,15,1960.0,560.0,2024-02-13,2025-08-02,14,0.038303693570451436,0.02051983584131327,0.019151846785225718,0.2857142857142857
2756,AXE Deodorant Bodyspray 150ml,General Grocery,740.0,37,17,27380.0,4448.88,2024-01-21,2025-12-04,17,0.0506155950752394,0.023255813953488372,0.023255813953488372,0.1624864864864865
2757,AXE Deodorant Bodyspray 17ml,General Grocery,250.0,36,16,9000.0,1623.24,2024-01-08,2025-11-19,16,0.049247606019151846,0.02188782489740082,0.02188782489740082,0.18036
2759,Sunsilk Shampoo 80ml,Personal Care,125.0,53,34,6625.0,683.7,2024-01-01,2025-11-25,34,0.07250341997264022,0.046511627906976744,0.046511627906976744,0.1032
2761,Pond's Day Cream 23g,Personal Care,275.0,40,24,11000.0,1833.6000000000001,2024-01-21,2025-12-13,24,0.05471956224350205,0.03283173734610123,0.03283173734610123,0.1666909090909091
2762,Vaseline Deep Restore 200ml,General Grocery,360.0,39,16,14040.0,1778.01,2024-02-24,2025-12-11,16,0.0533515731874145,0.02188782489740082,0.02188782489740082,0.12663888888888888
2763,Vaseline Green Tea 100ml,Beverages,275.0,133,54,36575.0,4632.389999999999,2024-01-10,2025-12-30,50,0.18194254445964433,0.07387140902872777,0.06839945280437756,0.12665454545454544
2764,Signal Strong Teeth 160g,General Grocery,150.0,42,20,6300.0,572.88,2024-01-27,2025-12-18,20,0.057455540355677154,0.027359781121751026,0.027359781121751026,0.09093333333333334
2765,ayush anti cavity toothpaste 120g,Personal Care,165.0,106,61,17490.0,1590.0,2024-01-17,2025-12-18,60,0.14500683994528044,0.08344733242134063,0.08207934336525308,0.09090909090909091
2766,Lipton Ceylonta 100 Tea bags,Beverages,430.0,198,72,85140.0,7739.82,2024-01-08,2025-12-27,67,0.2708618331053352,0.09849521203830369,0.09165526675786594,0.09090697674418605
2769,Lifebuoy Hand Wash 180ml,Cleaning & Household,175.0,68,39,11900.0,1227.4,2024-01-04,2025-12-13,38,0.09302325581395349,0.0533515731874145,0.05198358413132695,0.10314285714285715
2770,Lifebuoy Kohomba 100g,General Grocery,63.0,34,17,2142.0,214.2,2024-01-30,2025-12-10,16,0.046511627906976744,0.023255813953488372,0.02188782489740082,0.09999999999999999
2771,Wijaya Turmeric Powder 50g,Cooking Essentials,300.0,243,55,72900.0,6621.75,2024-01-13,2025-12-29,52,0.332421340629275,0.07523939808481532,0.07113543091655267,0.09083333333333334
2772,Wijaya Coriander Seeds 100g,General Grocery,75.0,20,14,1500.0,180.0,2024-03-28,2025-12-24,14,0.027359781121751026,0.019151846785225718,0.019151846785225718,0.12
2773,Wijaya Noodles 400g,Staples & Dry Groceries,145.0,1660,402,240700.0,39840.0,2024-01-03,2025-12-31,303,2.270861833105335,0.5499316005471956,0.41450068399452805,0.16551724137931034
2774,CBL Snak Cracker 260g,Snacks & Confectionery,330.0,948,324,312840.0,31284.0,2024-01-01,2025-12-31,228,1.2968536251709986,0.4432284541723666,0.3119015047879617,0.1
2775,CBL Onion Biscuits 170g,Snacks & Confectionery,180.0,222,77,39960.0,3996.0,2024-01-06,2025-12-29,71,0.3036935704514364,0.10533515731874145,0.09712722298221614,0.1
2776,CBL Wafer Stix 55g chocolate,Snacks & Confectionery,120.0,142,55,17040.0,1420.0,2024-01-16,2025-12-26,53,0.19425444596443228,0.07523939808481532,0.07250341997264022,0.08333333333333333
2777,Robin Liquid Blue 75ml,General Grocery,80.0,38,17,3040.0,276.26,2024-03-04,2025-11-17,16,0.05198358413132695,0.023255813953488372,0.02188782489740082,0.090875
2778,Mars Bars 51g,General Grocery,190.0,49,20,9310.0,1123.57,2024-01-17,2025-12-29,20,0.06703146374829001,0.027359781121751026,0.027359781121751026,0.12068421052631578
2779,Kist Grapes Juice 200ml,Beverages,110.0,123,44,13530.0,1691.25,2024-01-09,2025-12-28,44,0.16826265389876882,0.060191518467852256,0.060191518467852256,0.125
2780,Kist Green Apple Juice 200ml,Beverages,90.0,169,61,15210.0,1521.0,2024-01-12,2025-12-23,58,0.23119015047879618,0.08344733242134063,0.07934336525307797,0.1
2781,Kist Apple Juice 200ml,Beverages,200.0,95,30,19000.0,1900.0,2024-01-06,2025-11-25,29,0.12995896032831739,0.04103967168262654,0.03967168262653899,0.1
2782,Cinthol Lime Soap 100g,Personal Care,75.0,692,408,51900.0,6767.759999999999,2024-01-01,2025-12-30,300,0.9466484268125855,0.5581395348837209,0.4103967168262654,0.1304
2783,Kist Orange Juice 200ml,Beverages,90.0,143,59,12870.0,1287.0,2024-01-09,2025-12-29,54,0.19562243502051985,0.08071135430916553,0.07387140902872777,0.1
2784,Kist Aloevera Drink 500ml,Beverages,160.0,718,264,114880.0,14360.0,2024-01-02,2025-12-31,202,0.9822161422708618,0.36114911080711354,0.2763337893296854,0.125
2785,Kist Aloevera Drink  200ml,Beverages,70.0,148,54,10360.0,1191.4,2024-01-05,2025-12-24,53,0.2024623803009576,0.07387140902872777,0.07250341997264022,0.115
2786,Kist Woodapple Nectar 500ml,Beverages,150.0,133,49,19950.0,2493.75,2024-01-10,2025-12-29,47,0.18194254445964433,0.06703146374829001,0.06429548563611491,0.125
2787,Kist Passion Fruit Nectar 1L,Beverages,270.0,115,47,31050.0,3881.25,2024-01-17,2025-12-24,46,0.1573187414500684,0.06429548563611491,0.06292749658002736,0.125
2788,Kist Guava Nectar 1L,Beverages,270.0,134,48,36180.0,4522.5,2024-01-02,2025-12-31,46,0.18331053351573187,0.06566347469220246,0.06292749658002736,0.125
2789,Imorich Ice Cream,Personal Care,120.0,55,30,6600.0,550.0,2024-01-08,2025-11-22,28,0.07523939808481532,0.04103967168262654,0.038303693570451436,0.08333333333333333
2790,Revello Crispies Chocolate 100g,Snacks & Confectionery,240.0,127,46,30480.0,3048.0,2024-01-07,2025-12-11,45,0.17373461012311903,0.06292749658002736,0.06155950752393981,0.1
2791,Revello Fruit & Nut  Chocolate 170g,Snacks & Confectionery,400.0,992,357,396800.0,39680.0,2024-01-02,2025-12-31,210,1.3570451436388509,0.4883720930232558,0.2872777017783858,0.1
2792,Ritzbury Cashew Chocolate 93g,Snacks & Confectionery,340.0,173,56,58820.0,6920.0,2024-01-05,2025-12-26,54,0.23666210670314639,0.07660738714090287,0.07387140902872777,0.11764705882352941
2793,Laxapana Alkaline AA,General Grocery,85.0,20,11,1700.0,203.4,2024-02-24,2025-12-11,11,0.027359781121751026,0.015047879616963064,0.015047879616963064,0.11964705882352941
2794,New Fenol 750ml,General Grocery,280.0,25,14,7000.0,700.0,2024-01-04,2025-12-31,14,0.03419972640218878,0.019151846785225718,0.019151846785225718,0.1
2795,BIO Clean (Green) 500ml,General Grocery,225.0,29,14,6525.0,593.05,2024-04-04,2025-10-30,13,0.03967168262653899,0.019151846785225718,0.017783857729138167,0.09088888888888888
2796,Fanta Orange 400ml,Beverages,200.0,157,49,31400.0,2826.0,2024-01-08,2025-12-19,48,0.21477428180574556,0.06703146374829001,0.06566347469220246,0.09
2797,Prima Semolina 500g,General Grocery,130.0,24,16,3120.0,312.0,2024-04-28,2025-12-30,16,0.03283173734610123,0.02188782489740082,0.02188782489740082,0.1
2798,Ice Cream,Personal Care,470.0,74,38,34780.0,2960.0,2024-01-09,2025-12-27,37,0.1012311901504788,0.05198358413132695,0.0506155950752394,0.0851063829787234
2799,Gold Wet Shine Hair Gel,Personal Care,235.0,47,28,11045.0,1364.41,2024-01-18,2025-12-27,27,0.06429548563611491,0.038303693570451436,0.036935704514363885,0.12353191489361703
2800,Baby Cheramy Bottle Wash 400ml,Baby & Kids,350.0,67,35,23450.0,2131.94,2024-01-20,2025-12-20,35,0.09165526675786594,0.047879616963064295,0.047879616963064295,0.09091428571428571
2801,Velvet Hand Wash Refill (Rose) 200ml,Cleaning & Household,165.0,76,44,12540.0,1219.8,2024-02-04,2025-12-30,43,0.1039671682626539,0.060191518467852256,0.058823529411764705,0.09727272727272727
2802,Misumi Kiyo Soap 90g,Personal Care,68.0,100,50,6800.0,717.0,2024-02-04,2025-12-07,49,0.13679890560875513,0.06839945280437756,0.06703146374829001,0.10544117647058823
2803,Misumi Momo Soap 90g,Personal Care,68.0,387,227,26316.0,2774.79,2024-01-01,2025-12-28,182,0.5294117647058824,0.31053351573187415,0.24897400820793433,0.10544117647058823
2804,Royal Cashew Nut 200g,General Grocery,900.0,28,13,25200.0,5040.0,2024-01-29,2025-10-17,13,0.038303693570451436,0.017783857729138167,0.017783857729138167,0.2
2805,Rich Life Set Kiri 120g,General Grocery,110.0,30,17,3300.0,600.0,2024-01-21,2025-12-02,17,0.04103967168262654,0.023255813953488372,0.023255813953488372,0.18181818181818182
2806,Fontana Orange Juice 1L,Beverages,1720.0,188,66,323360.0,53016.0,2024-01-02,2025-12-26,64,0.25718194254445964,0.09028727770177838,0.08755129958960328,0.16395348837209303
2807,Flora Toothpicks,General Grocery,75.0,45,22,3375.0,495.0,2024-02-11,2025-12-31,20,0.06155950752393981,0.030095759233926128,0.027359781121751026,0.14666666666666667
2808,Maliban Cracker Thins 190g,Snacks & Confectionery,150.0,245,93,36750.0,3675.0,2024-01-21,2025-12-30,88,0.33515731874145005,0.12722298221614228,0.12038303693570451,0.1
2809,Lakspray,General Grocery,1200.0,28,14,33600.0,560.0,2024-01-05,2025-12-31,14,0.038303693570451436,0.019151846785225718,0.019151846785225718,0.016666666666666666
2810,Soya 90g,Cooking Essentials,65.0,204,48,13260.0,1020.0,2024-01-07,2025-12-29,47,0.27906976744186046,0.06566347469220246,0.06429548563611491,0.07692307692307693
2811,Whisper Ultra XL 15s,General Grocery,390.0,36,19,14040.0,1504.44,2024-01-07,2025-11-08,18,0.049247606019151846,0.025991792065663474,0.024623803009575923,0.10715384615384616
2812,Whisper Ultra XL+ 15s,General Grocery,450.0,37,20,16650.0,1783.77,2024-02-19,2025-12-26,20,0.0506155950752394,0.027359781121751026,0.027359781121751026,0.10713333333333333
2813,Velvet 100g (Rose),General Grocery,72.0,31,15,2232.0,193.44,2024-02-29,2025-11-19,15,0.04240766073871409,0.02051983584131327,0.02051983584131327,0.08666666666666667
2814,Baby Cheramy Shampoo 100ml,Baby & Kids,160.0,1179,683,188640.0,19146.96,2024-01-01,2025-12-31,435,1.612859097127223,0.9343365253077975,0.5950752393980848,0.10149999999999999
2815,Baby Laundry Wash Liquid 650ml,Baby & Kids,590.0,84,48,49560.0,6200.04,2024-01-23,2025-12-10,46,0.11491108071135431,0.06566347469220246,0.06292749658002736,0.12510169491525425
2816,CBL Cheese Buttons 170g,Dairy & Chilled,220.0,80,37,17600.0,1760.0,2024-01-08,2025-12-14,35,0.1094391244870041,0.0506155950752394,0.047879616963064295,0.1
2817,Lemon Swiss Roll 225g,General Grocery,325.0,31,16,10075.0,1395.0,2024-01-08,2025-12-01,15,0.04240766073871409,0.02188782489740082,0.02051983584131327,0.13846153846153847
2818,Strawberry Topping 270ml,General Grocery,450.0,42,21,18900.0,2352.42,2024-01-17,2025-12-01,21,0.057455540355677154,0.028727770177838577,0.028727770177838577,0.12446666666666667
2819,Mixedfruit Jam 1.4kg,General Grocery,800.0,52,23,41600.0,5255.12,2024-01-22,2025-12-16,23,0.07113543091655267,0.03146374829001368,0.03146374829001368,0.126325
2820,Whole Gherkins 375g,General Grocery,300.0,45,19,13500.0,3857.4,2024-01-02,2025-12-29,18,0.06155950752393981,0.025991792065663474,0.024623803009575923,0.28573333333333334
2821,Maliban Wafers (Chocolate) 90g,Snacks & Confectionery,80.0,219,70,17520.0,1752.0,2024-01-08,2025-12-30,68,0.29958960328317374,0.09575923392612859,0.09302325581395349,0.1
2822,Maliban Krisco 170g,General Grocery,380.0,33,19,12540.0,990.0,2024-01-27,2025-11-21,19,0.04514363885088919,0.025991792065663474,0.025991792065663474,0.07894736842105263
2823,Imorre Choco Delight 90g,General Grocery,180.0,42,21,7560.0,756.0,2024-02-20,2025-12-28,21,0.057455540355677154,0.028727770177838577,0.028727770177838577,0.1
2824,Dimo Lumin AA,General Grocery,55.0,18,11,990.0,309.06,2024-01-20,2025-12-01,11,0.024623803009575923,0.015047879616963064,0.015047879616963064,0.31218181818181817
2825,Kurakkan Cracker 100g,Staples & Dry Groceries,100.0,313,72,31300.0,3130.0,2024-01-02,2025-12-28,68,0.42818057455540354,0.09849521203830369,0.09302325581395349,0.1
2826,CBL Savoury Nuts 170g,General Grocery,200.0,45,24,9000.0,900.0,2024-01-13,2025-12-17,24,0.06155950752393981,0.03283173734610123,0.03283173734610123,0.1
2827,Turmeric 25g,Cooking Essentials,200.0,247,65,49400.0,4940.0,2024-01-09,2025-12-28,63,0.3378932968536252,0.08891928864569083,0.08618331053351573,0.1
2828,Happy Cow Cheese 10's,Dairy & Chilled,1680.0,105,58,176400.0,22614.9,2024-01-04,2025-12-25,53,0.1436388508891929,0.07934336525307797,0.07250341997264022,0.12820238095238096
2829,Lux Jasmine 100g,General Grocery,80.0,35,21,2800.0,280.0,2024-01-02,2025-12-04,21,0.047879616963064295,0.028727770177838577,0.028727770177838577,0.1
2830,Glucose-D 100g,General Grocery,100.0,28,15,2800.0,560.0,2024-01-18,2025-11-03,14,0.038303693570451436,0.02051983584131327,0.019151846785225718,0.2
2831,P.Baby (Aloevera) 100ml,Baby & Kids,170.0,34,25,5780.0,680.0,2024-01-13,2025-10-23,24,0.046511627906976744,0.03419972640218878,0.03283173734610123,0.11764705882352941
2832,Closeup Toothpaste 120g,Personal Care,170.0,1268,749,215560.0,25360.0,2024-01-01,2025-12-30,455,1.734610123119015,1.024623803009576,0.6224350205198358,0.11764705882352941
2833,Signal New Formula 160g,General Grocery,160.0,18,12,2880.0,270.0,2024-03-22,2025-07-20,12,0.024623803009575923,0.016415868673050615,0.016415868673050615,0.09375
2834,Signal New Formula 40g,General Grocery,56.0,20,11,1120.0,120.0,2024-01-24,2025-12-29,11,0.027359781121751026,0.015047879616963064,0.015047879616963064,0.10714285714285714
2837,Kumarika Shampoo 40ml,Personal Care,65.0,624,369,40560.0,3120.0,2024-01-02,2025-12-29,286,0.853625170998632,0.5047879616963065,0.3912448700410397,0.07692307692307693
2838,Butter 100g,Dairy & Chilled,690.0,105,50,72450.0,2100.0,2024-01-01,2025-12-24,48,0.1436388508891929,0.06839945280437756,0.06566347469220246,0.028985507246376812
2839,Sunflower oil 500ml,Cooking Essentials,470.0,253,67,118910.0,12741.08,2024-01-07,2025-12-29,63,0.34610123119015046,0.09165526675786594,0.08618331053351573,0.10714893617021276
2840,Sunflower Oil 1L,Cooking Essentials,900.0,295,61,265500.0,28446.850000000002,2024-01-15,2025-12-30,58,0.40355677154582764,0.08344733242134063,0.07934336525307797,0.10714444444444446
2841,Fortune Coconut Oil 350ml,Cooking Essentials,300.0,521,114,156300.0,14207.67,2024-01-07,2025-12-29,99,0.7127222982216143,0.15595075239398085,0.1354309165526676,0.0909
2842,7 Oils,General Grocery,110.0,98,26,10780.0,1078.0,2024-02-13,2025-12-02,25,0.13406292749658003,0.03556771545827633,0.03419972640218878,0.1
2843,Maliban Cracker Thins 95g,Snacks & Confectionery,80.0,218,68,17440.0,1744.0,2024-01-10,2025-12-27,67,0.2982216142270862,0.09302325581395349,0.09165526675786594,0.1
2844,Papaya Soap 100g,Personal Care,150.0,65,37,9750.0,1462.5,2024-01-02,2025-12-28,37,0.08891928864569083,0.0506155950752394,0.0506155950752394,0.15
2845,Asiri Sweet Peanuts 100g,Snacks & Confectionery,250.0,1285,475,321250.0,51400.0,2024-01-01,2025-12-31,347,1.7578659370725034,0.6497948016415869,0.4746922024623803,0.16
2846,Heavenly Crunch Cone,General Grocery,110.0,18,10,1980.0,316.8,2024-03-08,2025-04-25,10,0.024623803009575923,0.013679890560875513,0.013679890560875513,0.16
2847,Toilet Tissue Flora,General Grocery,295.0,140,33,41300.0,2800.0,2024-01-19,2025-12-17,31,0.19151846785225718,0.04514363885088919,0.04240766073871409,0.06779661016949153
2848,Peanuts,General Grocery,185.0,39,21,7215.0,585.0,2024-01-06,2025-12-27,20,0.0533515731874145,0.028727770177838577,0.027359781121751026,0.08108108108108109
2849,Dessicut Nice 100g,General Grocery,70.0,26,17,1820.0,260.0,2024-01-23,2025-12-29,17,0.03556771545827633,0.023255813953488372,0.023255813953488372,0.14285714285714285
2850,Mortein Mosquito Coils,General Grocery,145.0,108,25,15660.0,2160.0,2024-01-13,2025-11-27,23,0.14774281805745554,0.03419972640218878,0.03146374829001368,0.13793103448275862
2851,BIC Lighter,General Grocery,120.0,26,18,3120.0,717.6,2024-01-18,2025-12-19,18,0.03556771545827633,0.024623803009575923,0.024623803009575923,0.23
2852,BIC Lighter (mini),General Grocery,180.0,27,14,4860.0,540.0,2024-01-02,2025-11-20,13,0.036935704514363885,0.019151846785225718,0.017783857729138167,0.1111111111111111
2853,Olive Oil 250ml,Cooking Essentials,985.0,289,71,284665.0,24565.0,2024-01-22,2025-12-28,66,0.3953488372093023,0.09712722298221614,0.09028727770177838,0.08629441624365482
2854,Lighter,General Grocery,80.0,42,21,3360.0,1680.0,2024-01-28,2025-12-24,21,0.057455540355677154,0.028727770177838577,0.028727770177838577,0.5
2855,Laxapana AAA,General Grocery,125.0,18,10,2250.0,450.0,2024-02-19,2025-07-02,10,0.024623803009575923,0.013679890560875513,0.013679890560875513,0.2
2856,Anchor Butter 227g,Dairy & Chilled,680.0,961,484,653480.0,52855.0,2024-01-09,2025-12-31,264,1.3146374829001368,0.6621067031463749,0.36114911080711354,0.08088235294117647
2857,Flora Facial Tissue,General Grocery,90.0,20,10,1800.0,200.0,2024-01-03,2025-12-20,10,0.027359781121751026,0.013679890560875513,0.013679890560875513,0.1111111111111111
2858,Peanut Butter 325g,Dairy & Chilled,650.0,86,44,55900.0,4300.0,2024-01-08,2025-12-06,44,0.11764705882352941,0.060191518467852256,0.060191518467852256,0.07692307692307693
2860,Marvel Baby Diapers,Baby & Kids,195.0,633,367,123435.0,9495.0,2024-01-01,2025-12-30,286,0.86593707250342,0.5020519835841313,0.3912448700410397,0.07692307692307693
2861,Coconut Milk 500ml,Dairy & Chilled,250.0,4723,1105,1180750.0,118075.0,2024-01-01,2025-12-31,516,6.461012311901505,1.5116279069767442,0.7058823529411765,0.1
2862,Diamond Tuna,General Grocery,750.0,773,409,579750.0,77300.0,2024-01-01,2025-12-29,313,1.0574555403556771,0.5595075239398085,0.42818057455540354,0.13333333333333333
2863,Dunhill Tube,General Grocery,170.0,46,21,7820.0,339.94,2024-01-29,2025-12-01,20,0.06292749658002736,0.028727770177838577,0.027359781121751026,0.043470588235294115
2864,Mint Toilet Tissue,General Grocery,280.0,196,37,54880.0,7840.0,2024-01-11,2025-12-06,33,0.26812585499316005,0.0506155950752394,0.04514363885088919,0.14285714285714285
2865,Zero Cola 400ml,General Grocery,200.0,30,20,6000.0,540.0,2024-01-04,2025-12-21,20,0.04103967168262654,0.027359781121751026,0.027359781121751026,0.09
2866,Marmite 100g,General Grocery,675.0,29,17,19575.0,1595.0,2024-01-19,2025-10-22,17,0.03967168262653899,0.023255813953488372,0.023255813953488372,0.08148148148148149
2868,egg,"Meat, Fish & Frozen",45.0,38,17,1710.0,190.0,2024-01-09,2025-12-24,17,0.05198358413132695,0.023255813953488372,0.023255813953488372,0.1111111111111111
2869,Bottled Drinking Water 500ml,Beverages,70.0,143,52,10010.0,2860.0,2024-01-08,2025-12-28,49,0.19562243502051985,0.07113543091655267,0.06703146374829001,0.2857142857142857
2870,Bottled Drinking Water 1000ml,Beverages,100.0,188,62,18800.0,2757.96,2024-01-13,2025-12-31,60,0.25718194254445964,0.08481532147742818,0.08207934336525308,0.1467
2871,Bottled Drinking Water 1500ml,Beverages,130.0,150,53,19500.0,6750.0,2024-01-04,2025-11-19,52,0.2051983584131327,0.07250341997264022,0.07113543091655267,0.34615384615384615
2872,Cheddar Cheese Kotmale 250g,Dairy & Chilled,1100.0,82,41,90200.0,9020.0,2024-01-06,2025-12-19,39,0.1121751025991792,0.0560875512995896,0.0533515731874145,0.1
2873,Fresh Milk,Dairy & Chilled,390.0,105,54,40950.0,4200.0,2024-01-05,2025-12-27,54,0.1436388508891929,0.07387140902872777,0.07387140902872777,0.10256410256410256
2874,Mister Potato Crisps 100g(Original),General Grocery,790.0,34,12,26860.0,3060.0,2024-01-12,2025-11-22,12,0.046511627906976744,0.016415868673050615,0.016415868673050615,0.11392405063291139
2875,Rancrisp Potato Chips 100g (Hot & Spicy),Snacks & Confectionery,540.0,93,38,50220.0,10230.0,2024-02-23,2025-12-21,37,0.12722298221614228,0.05198358413132695,0.0506155950752394,0.2037037037037037
2876,Choc A Nut 170g,General Grocery,420.0,55,24,23100.0,2200.0,2024-01-19,2025-12-29,24,0.07523939808481532,0.03283173734610123,0.03283173734610123,0.09523809523809523
2877,CBL Wafer Stix 55g strawberry,Snacks & Confectionery,120.0,1107,386,132840.0,11070.0,2024-01-01,2025-12-30,292,1.5143638850889194,0.5280437756497948,0.399452804377565,0.08333333333333333
2878,Anchor 200g,Dairy & Chilled,550.0,85,45,46750.0,2550.0,2024-01-01,2025-12-22,45,0.11627906976744186,0.06155950752393981,0.06155950752393981,0.05454545454545454
2879,Aluminium Foil,General Grocery,1960.0,66,18,129360.0,21206.46,2024-02-29,2025-11-23,18,0.09028727770177838,0.024623803009575923,0.024623803009575923,0.16393367346938775
2880,Black Olives 350g,General Grocery,1330.0,52,21,69160.0,7859.8,2024-01-08,2025-12-28,20,0.07113543091655267,0.028727770177838577,0.027359781121751026,0.11364661654135338
2885,Dona Vita Macaroni 300g,General Grocery,400.0,29,16,11600.0,1160.0,2024-01-29,2025-12-27,16,0.03967168262653899,0.02188782489740082,0.02188782489740082,0.1
2886,Pedigree (puppy)370g,General Grocery,700.0,18,6,12600.0,1520.6399999999999,2024-07-09,2025-10-13,6,0.024623803009575923,0.008207934336525308,0.008207934336525308,0.12068571428571427
2887,Pedigree (Adult)370g,General Grocery,730.0,29,15,21170.0,870.0,2024-01-12,2025-10-16,15,0.03967168262653899,0.02051983584131327,0.02051983584131327,0.0410958904109589
2888,Citronella Spray(AVANI)100g,General Grocery,375.0,41,24,15375.0,1845.0,2024-01-14,2025-12-08,24,0.0560875512995896,0.03283173734610123,0.03283173734610123,0.12
2889,MosAway(siddhalepa)60ml,Health & Medicine,370.0,21,15,7770.0,840.0,2024-01-08,2025-12-23,15,0.028727770177838577,0.02051983584131327,0.02051983584131327,0.10810810810810811
2890,Round Facial Cotton (Flora),General Grocery,595.0,22,12,13090.0,1958.0,2024-01-10,2025-12-05,11,0.030095759233926128,0.016415868673050615,0.015047879616963064,0.1495798319327731
2891,Food Cling Wrap (Flora),General Grocery,795.0,28,14,22260.0,3332.0,2024-01-02,2025-12-16,14,0.038303693570451436,0.019151846785225718,0.019151846785225718,0.14968553459119496
2892,Cricket Ball (Atlas),Stationery,250.0,418,217,104500.0,10450.0,2024-01-03,2025-12-26,163,0.5718194254445964,0.2968536251709986,0.22298221614227087,0.1
2893,CBL Super Cream Cracker 120g,Personal Care,120.0,416,250,49920.0,4160.0,2024-01-03,2025-12-30,187,0.5690834473324213,0.34199726402188785,0.2558139534883721,0.08333333333333333
2894,Gold Marie 165g,General Grocery,170.0,17,8,2890.0,289.0,2024-02-12,2025-05-30,8,0.023255813953488372,0.01094391244870041,0.01094391244870041,0.1
2895,Harischandra Coffee (200g),Beverages,800.0,196,66,156800.0,9800.0,2024-01-05,2025-12-25,62,0.26812585499316005,0.09028727770177838,0.08481532147742818,0.0625
2897,MD Woodapple jam 150g,General Grocery,240.0,38,20,9120.0,829.16,2024-02-07,2025-09-18,19,0.05198358413132695,0.027359781121751026,0.025991792065663474,0.09091666666666666
2898,Samahan(30pkt),Health & Medicine,1800.0,14,8,25200.0,2800.0,2024-04-23,2025-12-08,8,0.019151846785225718,0.01094391244870041,0.01094391244870041,0.1111111111111111
2899,Coca_Cola 300ml(glass bottle),Beverages,120.0,149,55,17880.0,2434.66,2024-01-02,2025-12-25,52,0.20383036935704515,0.07523939808481532,0.07113543091655267,0.13616666666666666
2900,Sprite 300ml(glass bottle),Beverages,150.0,136,48,20400.0,1836.0,2024-01-03,2025-12-04,48,0.18604651162790697,0.06566347469220246,0.06566347469220246,0.09
2901,Fanta 300ml(glass bottle),Beverages,150.0,128,54,19200.0,1728.0,2024-02-02,2025-12-30,53,0.17510259917920656,0.07387140902872777,0.07250341997264022,0.09
2902,Soda 300ml(glass bottle),General Grocery,100.0,33,18,3300.0,231.0,2024-02-28,2025-12-23,18,0.04514363885088919,0.024623803009575923,0.024623803009575923,0.07
2903,Tonic 300ml(glass bottle),General Grocery,150.0,38,14,5700.0,513.0,2024-02-02,2025-12-28,14,0.05198358413132695,0.019151846785225718,0.019151846785225718,0.09
2904,Prima Sunrise Top(350g 4slices more),General Grocery,230.0,41,18,9430.0,943.0,2024-01-08,2025-12-29,18,0.0560875512995896,0.024623803009575923,0.024623803009575923,0.1
2905,Dunhill Blue,General Grocery,170.0,30,16,5100.0,221.7,2024-01-10,2025-11-26,16,0.04103967168262654,0.02188782489740082,0.02188782489740082,0.043470588235294115
2906,Kotmale Butter 125g,Dairy & Chilled,640.0,455,228,291200.0,29575.0,2024-01-01,2025-12-31,168,0.6224350205198358,0.3119015047879617,0.22982216142270862,0.1015625
2907,Back Bacon 150g,General Grocery,1390.0,22,13,30580.0,3080.0,2024-06-23,2025-12-30,13,0.030095759233926128,0.017783857729138167,0.017783857729138167,0.10071942446043165
2908,M D Kithul Treacle 750ml,General Grocery,1400.0,18,11,25200.0,3600.0,2024-01-10,2025-12-17,11,0.024623803009575923,0.015047879616963064,0.015047879616963064,0.14285714285714285
2909,Gold Hair Gel 25g,Personal Care,100.0,73,40,7300.0,890.6,2024-01-19,2025-12-28,40,0.09986320109439124,0.05471956224350205,0.05471956224350205,0.122
2911,C.Baby Soap 70g,Baby & Kids,145.0,79,49,11455.0,1062.55,2024-01-24,2025-12-25,46,0.10807113543091655,0.06703146374829001,0.06292749658002736,0.09275862068965517
2912,Big Burger Bun,"Meat, Fish & Frozen",175.0,34,15,5950.0,340.0,2024-01-18,2025-12-31,15,0.046511627906976744,0.02051983584131327,0.02051983584131327,0.05714285714285714
2913,Watawala Tea 500g,Beverages,1400.0,711,236,995400.0,90488.97,2024-01-02,2025-12-31,193,0.9726402188782489,0.3228454172366621,0.2640218878248974,0.09090714285714285
2914,Sameera Biscuit powder,Snacks & Confectionery,190.0,206,86,39140.0,8240.0,2024-01-01,2025-12-18,79,0.2818057455540356,0.11764705882352941,0.10807113543091655,0.21052631578947367
2915,SanRemo Spaghetti,General Grocery,990.0,22,14,21780.0,1980.0,2024-02-07,2025-12-15,14,0.030095759233926128,0.019151846785225718,0.019151846785225718,0.09090909090909091
2916,Catering Chicken Sausages 325g,"Meat, Fish & Frozen",520.0,40,21,20800.0,2800.0,2024-01-08,2025-12-21,20,0.05471956224350205,0.028727770177838577,0.027359781121751026,0.1346153846153846
2917,KALO(Vanilla flavored cream 140g),Personal Care,300.0,52,33,15600.0,1560.0,2024-01-05,2025-12-31,33,0.07113543091655267,0.04514363885088919,0.04514363885088919,0.1
2918,KALO(Chocolate Cream 140g),Personal Care,300.0,79,53,23700.0,2370.0,2024-01-16,2025-12-15,49,0.10807113543091655,0.07250341997264022,0.06703146374829001,0.1
2919,KALO(Strawberry Cream 140g),Personal Care,300.0,53,29,15900.0,1590.0,2024-01-05,2025-12-01,29,0.07250341997264022,0.03967168262653899,0.03967168262653899,0.1
2920,Rollz Chocolate Flavoured 100g,Snacks & Confectionery,300.0,148,48,44400.0,4440.0,2024-01-07,2025-12-20,48,0.2024623803009576,0.06566347469220246,0.06566347469220246,0.1
2921,Rollz Vanilla Flavoured 100g,General Grocery,300.0,35,21,10500.0,1050.0,2024-04-21,2025-12-18,21,0.047879616963064295,0.028727770177838577,0.028727770177838577,0.1
2922,StixRolled Wafer(Chocolate 100g),Snacks & Confectionery,220.0,203,68,44660.0,6090.0,2024-01-09,2025-12-23,67,0.2777017783857729,0.09302325581395349,0.09165526675786594,0.13636363636363635
2923,StixRolled Wafer(Strawberry 100g),Snacks & Confectionery,220.0,120,46,26400.0,3600.0,2024-01-03,2025-12-23,45,0.16415868673050615,0.06292749658002736,0.06155950752393981,0.13636363636363635
2924,StixRolled Wafer(Vanilla 100g),Snacks & Confectionery,220.0,178,64,39160.0,5340.0,2024-01-21,2025-12-31,59,0.24350205198358413,0.08755129958960328,0.08071135430916553,0.13636363636363635
2925,Mister Potato Original 40g,General Grocery,480.0,27,14,12960.0,810.0,2024-01-03,2025-11-25,13,0.036935704514363885,0.019151846785225718,0.017783857729138167,0.0625
2926,Mister Potato Original 100g,General Grocery,840.0,28,15,23520.0,560.0,2024-01-18,2025-12-31,15,0.038303693570451436,0.02051983584131327,0.02051983584131327,0.023809523809523808
2927,Revello Dark Chocolate 50g,Snacks & Confectionery,420.0,134,53,56280.0,2680.0,2024-01-10,2025-12-12,48,0.18331053351573187,0.07250341997264022,0.06566347469220246,0.047619047619047616
2928,Revello Dark Chocolate 100g,Snacks & Confectionery,650.0,1173,404,762450.0,35190.0,2024-01-03,2025-12-29,295,1.6046511627906976,0.5526675786593708,0.40355677154582764,0.046153846153846156
2929,Revello Fantasy Almond 50g,General Grocery,280.0,43,21,12040.0,1290.0,2024-02-03,2025-12-16,21,0.058823529411764705,0.028727770177838577,0.028727770177838577,0.10714285714285714
2930,Revello Fantasy Peanut 50g,General Grocery,350.0,35,16,12250.0,1750.0,2024-01-08,2025-12-29,15,0.047879616963064295,0.02188782489740082,0.02051983584131327,0.14285714285714285
2931,Ritsbwry White 93g,General Grocery,230.0,35,18,8050.0,1050.0,2024-02-05,2025-11-30,18,0.047879616963064295,0.024623803009575923,0.024623803009575923,0.13043478260869565
2932,Ritsbwry White 45g,General Grocery,100.0,32,16,3200.0,960.0,2024-02-28,2025-12-21,16,0.04377564979480164,0.02188782489740082,0.02188782489740082,0.3
2933,Ritsbwry Crispy 93g,General Grocery,270.0,55,22,14850.0,1650.0,2024-02-04,2025-12-12,22,0.07523939808481532,0.030095759233926128,0.030095759233926128,0.1111111111111111
2934,ChokyBix 43g,General Grocery,100.0,33,15,3300.0,990.0,2024-01-20,2025-11-27,15,0.04514363885088919,0.02051983584131327,0.02051983584131327,0.3
2936,CHOC-A-NUT 50g,General Grocery,120.0,30,13,3600.0,600.0,2024-02-07,2025-11-09,11,0.04103967168262654,0.017783857729138167,0.015047879616963064,0.16666666666666666
2937,CHOC-A-NUT 30g,General Grocery,250.0,42,27,10500.0,2100.0,2024-01-06,2025-12-17,26,0.057455540355677154,0.036935704514363885,0.03556771545827633,0.2
2938,CHOCO-LA Crispy 45g,General Grocery,100.0,26,15,2600.0,780.0,2024-02-13,2025-12-13,15,0.03556771545827633,0.02051983584131327,0.02051983584131327,0.3
2939,KSsuper,General Grocery,100.0,25,17,2500.0,750.0,2024-01-22,2025-08-13,17,0.03419972640218878,0.023255813953488372,0.023255813953488372,0.3
2940,Kinley Soda 400ml,General Grocery,100.0,19,13,1900.0,133.0,2024-01-14,2025-12-28,13,0.025991792065663474,0.017783857729138167,0.017783857729138167,0.07
2941,Chirpy Chips 50g,Snacks & Confectionery,200.0,155,51,31000.0,3100.0,2024-01-01,2025-12-28,49,0.21203830369357046,0.06976744186046512,0.06703146374829001,0.1
2942,Tomato Puree 600g,General Grocery,800.0,23,13,18400.0,1150.0,2024-01-06,2025-12-02,13,0.03146374829001368,0.017783857729138167,0.017783857729138167,0.0625
2943,My Juicee(Mix Fruit),General Grocery,120.0,45,27,5400.0,900.0,2024-01-21,2025-12-26,27,0.06155950752393981,0.036935704514363885,0.036935704514363885,0.16666666666666666
2944,Daily Banana Flavoured milk 180ml,Dairy & Chilled,130.0,765,412,99450.0,15300.0,2024-01-02,2025-12-31,304,1.0465116279069768,0.5636114911080712,0.4158686730506156,0.15384615384615385
2945,Milo Drink 125ml,Beverages,100.0,202,85,20200.0,4040.0,2024-01-06,2025-12-30,81,0.2763337893296854,0.11627906976744186,0.11080711354309165,0.2
2946,Lakmal Jaggery 250g,General Grocery,160.0,39,20,6240.0,780.0,2024-01-27,2025-12-18,20,0.0533515731874145,0.027359781121751026,0.027359781121751026,0.125
2947,Chupa Chups 40g,General Grocery,40.0,28,18,1120.0,560.0,2024-02-05,2025-12-23,18,0.038303693570451436,0.024623803009575923,0.024623803009575923,0.5
2948,Sesame Curls 10pieces,General Grocery,250.0,30,14,7500.0,600.0,2024-01-28,2025-11-11,14,0.04103967168262654,0.019151846785225718,0.019151846785225718,0.08
2949,Prima Hot Dog Bun 100g,General Grocery,200.0,26,13,5200.0,520.0,2024-01-08,2025-04-09,13,0.03556771545827633,0.017783857729138167,0.017783857729138167,0.1
2950,Bun Talk Tea Bun,Beverages,75.0,161,66,12075.0,1610.0,2024-01-01,2025-12-22,63,0.22024623803009577,0.09028727770177838,0.08618331053351573,0.13333333333333333
2951,Bun Talk Sweet Bread,Snacks & Confectionery,170.0,134,46,22780.0,1340.0,2024-01-14,2025-12-20,44,0.18331053351573187,0.06292749658002736,0.060191518467852256,0.058823529411764705
2952,Bun Talk Sugar Cookies,Staples & Dry Groceries,100.0,1402,321,140200.0,28040.0,2024-01-01,2025-12-31,248,1.9179206566347469,0.43912448700410395,0.3392612859097127,0.2
2953,Uswatte Fruity Jellies,General Grocery,140.0,30,16,4200.0,300.0,2024-01-27,2025-09-18,16,0.04103967168262654,0.02188782489740082,0.02188782489740082,0.07142857142857142
2954,Uswatte Glucorasa 70g,General Grocery,140.0,34,17,4760.0,340.0,2024-01-23,2025-12-20,17,0.046511627906976744,0.023255813953488372,0.023255813953488372,0.07142857142857142
2955,Uswatte March Mallows 50g,General Grocery,100.0,14,10,1400.0,280.0,2024-03-12,2025-11-30,10,0.019151846785225718,0.013679890560875513,0.013679890560875513,0.2
2956,Little Lion Fruit Cake 320g,Snacks & Confectionery,680.0,148,54,100640.0,2960.0,2024-01-04,2025-11-04,53,0.2024623803009576,0.07387140902872777,0.07250341997264022,0.029411764705882353
2957,Little Lion Coffee Sponge Cake 240g,Cleaning & Household,480.0,81,46,38880.0,1620.0,2024-02-04,2025-12-04,45,0.11080711354309165,0.06292749658002736,0.06155950752393981,0.041666666666666664
2958,Little Lion Chocolate Cake,Snacks & Confectionery,590.0,148,54,87320.0,4440.0,2024-01-10,2025-12-27,51,0.2024623803009576,0.07387140902872777,0.06976744186046512,0.05084745762711865
2959,Lion Ginger Beer 250ml,Cooking Essentials,100.0,194,53,19400.0,3880.0,2024-01-01,2025-12-27,51,0.265389876880985,0.07250341997264022,0.06976744186046512,0.2
2960,Fanta Orange  Flavoured 250ml,Beverages,120.0,155,60,18600.0,3100.0,2024-01-08,2025-12-14,57,0.21203830369357046,0.08207934336525308,0.07797537619699042,0.16666666666666666
2961,CocaCola Zero 1050ml,General Grocery,300.0,740,366,222000.0,14800.0,2024-01-01,2025-12-31,291,1.012311901504788,0.5006839945280438,0.39808481532147744,0.06666666666666667
2962,Elephant House Soda 1l,General Grocery,180.0,45,18,8100.0,900.0,2024-01-06,2025-12-07,18,0.06155950752393981,0.024623803009575923,0.024623803009575923,0.1111111111111111
2963,Lion Ginger Beer 1050ml,Cooking Essentials,250.0,239,46,59750.0,2390.0,2024-01-05,2025-12-29,46,0.32694938440492477,0.06292749658002736,0.06292749658002736,0.04
2964,Elephant House Cream Soda 1.5L,Personal Care,400.0,60,34,24000.0,1200.0,2024-01-02,2025-12-30,33,0.08207934336525308,0.046511627906976744,0.04514363885088919,0.05
2965,Elephant House Orange Crush 1.5L,General Grocery,400.0,35,17,14000.0,700.0,2024-01-14,2025-12-20,17,0.047879616963064295,0.023255813953488372,0.023255813953488372,0.05
2966,Sprite 2L,Beverages,500.0,200,73,100000.0,4000.0,2024-01-08,2025-12-29,67,0.27359781121751026,0.09986320109439124,0.09165526675786594,0.04
2967,Coca-Cola 2L,Beverages,500.0,614,223,307000.0,12280.0,2024-01-01,2025-12-30,176,0.8399452804377565,0.30506155950752395,0.24076607387140903,0.04
2968,Elephant House Dry Gingerale 500ml,General Grocery,200.0,33,18,6600.0,660.0,2024-02-29,2025-10-31,18,0.04514363885088919,0.024623803009575923,0.024623803009575923,0.1
2969,Mirinda 400ml,General Grocery,200.0,35,18,7000.0,700.0,2024-01-24,2025-12-13,18,0.047879616963064295,0.024623803009575923,0.024623803009575923,0.1
2970,Mirinda 250ml,General Grocery,120.0,40,21,4800.0,800.0,2024-01-27,2025-12-23,21,0.05471956224350205,0.028727770177838577,0.028727770177838577,0.16666666666666666
2971,Sting 250ml,General Grocery,120.0,34,17,4080.0,680.0,2024-02-02,2025-11-28,17,0.046511627906976744,0.023255813953488372,0.023255813953488372,0.16666666666666666
2972,Pepsi 250ml,Beverages,120.0,167,66,20040.0,3340.0,2024-01-19,2025-12-31,63,0.22845417236662108,0.09028727770177838,0.08618331053351573,0.16666666666666666
2973,7Up 250ml,General Grocery,120.0,25,12,3000.0,500.0,2024-05-11,2025-11-17,12,0.03419972640218878,0.016415868673050615,0.016415868673050615,0.16666666666666666
2974,7Up 1L,General Grocery,300.0,20,12,6000.0,400.0,2024-01-08,2025-12-11,12,0.027359781121751026,0.016415868673050615,0.016415868673050615,0.06666666666666667
2975,Pepsi 400ml,Beverages,200.0,117,45,23400.0,2340.0,2024-01-03,2025-12-23,42,0.1600547195622435,0.06155950752393981,0.057455540355677154,0.1
2976,Oie Cream soda 400ml,Personal Care,150.0,54,29,8100.0,1080.0,2024-01-05,2025-12-04,29,0.07387140902872777,0.03967168262653899,0.03967168262653899,0.13333333333333333
2977,Oie Zingo 400ml,General Grocery,150.0,42,17,6300.0,840.0,2024-01-04,2025-11-30,17,0.057455540355677154,0.023255813953488372,0.023255813953488372,0.13333333333333333
2978,Mountan dew 400ml,General Grocery,200.0,26,12,5200.0,520.0,2024-02-10,2025-12-05,12,0.03556771545827633,0.016415868673050615,0.016415868673050615,0.1
2979,Pepsi 1.5L,Beverages,400.0,117,44,46800.0,2340.0,2024-01-09,2025-12-15,44,0.1600547195622435,0.060191518467852256,0.060191518467852256,0.05
2980,Mirinda 1.5L,General Grocery,400.0,29,15,11600.0,580.0,2024-04-19,2025-10-02,15,0.03967168262653899,0.02051983584131327,0.02051983584131327,0.05
2981,Astra Soft 100g,General Grocery,200.0,32,17,6400.0,640.0,2024-01-29,2025-11-03,17,0.04377564979480164,0.023255813953488372,0.023255813953488372,0.1
2982,Astra 90g,General Grocery,175.0,18,13,3150.0,270.0,2024-01-10,2025-12-30,13,0.024623803009575923,0.017783857729138167,0.017783857729138167,0.08571428571428572
2983,Astra 50g,General Grocery,130.0,27,12,3510.0,810.0,2024-01-15,2025-12-29,12,0.036935704514363885,0.016415868673050615,0.016415868673050615,0.23076923076923078
2984,RichLife Yoghurt,Dairy & Chilled,70.0,89,50,6230.0,890.0,2024-01-31,2025-12-24,46,0.12175102599179206,0.06839945280437756,0.06292749658002736,0.14285714285714285
2985,Rasath caramal Pudding,Snacks & Confectionery,120.0,160,58,19200.0,3200.0,2024-01-05,2025-12-21,52,0.2188782489740082,0.07934336525307797,0.07113543091655267,0.16666666666666666
2986,Rasath Jelly Yoghurt,Dairy & Chilled,70.0,86,50,6020.0,860.0,2024-01-13,2025-12-27,47,0.11764705882352941,0.06839945280437756,0.06429548563611491,0.14285714285714285
2987,Rasath Watalappan,General Grocery,120.0,44,25,5280.0,880.0,2024-01-11,2025-12-27,25,0.060191518467852256,0.03419972640218878,0.03419972640218878,0.16666666666666666
2988,RichLife Mixed berry Drinking Yoghurt 180ml,Dairy & Chilled,150.0,403,206,60450.0,8060.0,2024-01-01,2025-12-31,168,0.5512995896032832,0.2818057455540356,0.22982216142270862,0.13333333333333333
2989,RL.Mango Flavoured Drinking Youghurt 180ml,General Grocery,150.0,51,26,7650.0,1530.0,2024-01-01,2025-12-22,26,0.06976744186046512,0.03556771545827633,0.03556771545827633,0.2
2990,RL. Strawberry Drinking Yoghurt 180ml,Dairy & Chilled,150.0,108,59,16200.0,1080.0,2024-01-06,2025-12-22,56,0.14774281805745554,0.08071135430916553,0.07660738714090287,0.06666666666666667
2991,Lipton Green Tea 20Tea bag,Beverages,340.0,758,265,257720.0,7580.0,2024-01-01,2025-12-30,209,1.036935704514364,0.3625170998632011,0.2859097127222982,0.029411764705882353
2992,Lipton Yellow Label 20Tea bag,General Grocery,345.0,31,16,10695.0,465.0,2024-04-27,2025-12-08,16,0.04240766073871409,0.02188782489740082,0.02188782489740082,0.043478260869565216
2993,A.N Vanilla Flavoured Milk 180ml,Dairy & Chilled,130.0,139,70,18070.0,1390.0,2024-01-12,2025-12-28,66,0.19015047879616964,0.09575923392612859,0.09028727770177838,0.07692307692307693
2994,Pepsi Beverage 1L,Beverages,300.0,113,47,33900.0,2260.0,2024-01-01,2025-12-28,45,0.1545827633378933,0.06429548563611491,0.06155950752393981,0.06666666666666667
2995,P.Mirinda beverage 1L,General Grocery,300.0,383,183,114900.0,7660.0,2024-01-01,2025-12-31,152,0.5239398084815321,0.2503419972640219,0.2079343365253078,0.06666666666666667
2996,E.L EGB 1L,General Grocery,300.0,32,16,9600.0,640.0,2024-01-10,2025-10-10,16,0.04377564979480164,0.02188782489740082,0.02188782489740082,0.06666666666666667
2997,P.Ole Ginger Beer,Cooking Essentials,150.0,175,44,26250.0,1750.0,2024-01-11,2025-12-20,43,0.2393980848153215,0.060191518467852256,0.058823529411764705,0.06666666666666667
2998,P.7Up 400ml,General Grocery,200.0,17,10,3400.0,340.0,2024-01-24,2025-12-18,10,0.023255813953488372,0.013679890560875513,0.013679890560875513,0.1
2999,P.7Up 1.5L,General Grocery,400.0,21,10,8400.0,420.0,2024-05-03,2025-11-03,10,0.028727770177838577,0.013679890560875513,0.013679890560875513,0.05
3000,E.H.Necto 1.5L,General Grocery,400.0,34,14,13600.0,680.0,2024-02-06,2025-12-28,14,0.046511627906976744,0.019151846785225718,0.019151846785225718,0.05
3001,Spinner Beverage 250ml,General Grocery,350.0,24,15,8400.0,240.0,2024-01-03,2025-12-23,15,0.03283173734610123,0.02051983584131327,0.02051983584131327,0.02857142857142857
3002,Sun Crush Lemon Lime 250ml,General Grocery,150.0,28,16,4200.0,280.0,2024-01-06,2025-11-19,16,0.038303693570451436,0.02188782489740082,0.02188782489740082,0.06666666666666667
3003,Sun Crush Ginger Beer 250ml,Cooking Essentials,150.0,198,53,29700.0,1980.0,2024-01-07,2025-12-23,51,0.2708618331053352,0.07250341997264022,0.06976744186046512,0.06666666666666667
3004,Sun Crush Bitter Lemon 250ml,General Grocery,150.0,49,26,7350.0,490.0,2024-01-18,2025-12-26,25,0.06703146374829001,0.03556771545827633,0.03419972640218878,0.06666666666666667
3005,Sun Crush Appifuz Red 250ml,General Grocery,150.0,23,10,3450.0,230.0,2024-01-21,2025-10-27,10,0.03146374829001368,0.013679890560875513,0.013679890560875513,0.06666666666666667
3006,Spinner Sugar Free 250ml,Staples & Dry Groceries,350.0,2821,665,987350.0,28210.0,2024-01-03,2025-12-31,395,3.859097127222982,0.9097127222982216,0.5403556771545828,0.02857142857142857
3007,Sun Crush Orangena 250ml,General Grocery,150.0,41,21,6150.0,410.0,2024-01-21,2025-12-07,21,0.0560875512995896,0.028727770177838577,0.028727770177838577,0.06666666666666667
3008,Sun Crush Mangaa Fizz 250ml,General Grocery,150.0,20,10,3000.0,200.0,2024-02-24,2025-07-18,10,0.027359781121751026,0.013679890560875513,0.013679890560875513,0.06666666666666667
3009,Sun Crush Appifizz Green 250ml,General Grocery,150.0,32,15,4800.0,320.0,2024-02-25,2025-12-05,15,0.04377564979480164,0.02051983584131327,0.02051983584131327,0.06666666666666667
3010,Sun crush Grapee Fizz 250ml,General Grocery,150.0,39,18,5850.0,390.0,2024-01-16,2025-11-18,18,0.0533515731874145,0.024623803009575923,0.024623803009575923,0.06666666666666667
3011,Sun Crush Tonic Water 250ml,Beverages,150.0,118,49,17700.0,1180.0,2024-01-14,2025-12-30,48,0.16142270861833105,0.06703146374829001,0.06566347469220246,0.06666666666666667
3013,Spinner Booster Shot 180ml,General Grocery,200.0,19,14,3800.0,380.0,2024-01-26,2025-12-23,14,0.025991792065663474,0.019151846785225718,0.019151846785225718,0.1
3014,Sunsilk Conditioner 180ml,Personal Care,750.0,73,44,54750.0,730.0,2024-01-18,2025-12-31,41,0.09986320109439124,0.060191518467852256,0.0560875512995896,0.013333333333333334
3015,Dove Shampoo 180ml,Personal Care,750.0,81,51,60750.0,810.0,2024-01-24,2025-12-28,47,0.11080711354309165,0.06976744186046512,0.06429548563611491,0.013333333333333334
3016,Clear Men Shampoo 180ml,Personal Care,770.0,76,47,58520.0,6035.92,2024-01-01,2025-12-28,45,0.1039671682626539,0.06429548563611491,0.06155950752393981,0.10314285714285715
3018,LifeBuoy Shampoo 175ml,Personal Care,520.0,1314,741,683280.0,110743.92,2024-01-01,2025-12-31,443,1.7975376196990425,1.0136798905608755,0.6060191518467852,0.16207692307692306
3019,Vaseline Kiss of Petals 100ml,General Grocery,600.0,46,24,27600.0,3495.54,2024-01-19,2025-12-20,22,0.06292749658002736,0.03283173734610123,0.030095759233926128,0.12664999999999998
3020,Vaseline Ice cool 100ml,General Grocery,425.0,22,13,9350.0,1184.26,2024-01-16,2025-11-09,13,0.030095759233926128,0.017783857729138167,0.017783857729138167,0.12665882352941177
3021,Vaseline Pretty as a peach 100ml,General Grocery,580.0,40,19,23200.0,400.0,2024-01-04,2025-11-19,19,0.05471956224350205,0.025991792065663474,0.025991792065663474,0.017241379310344827
3022,Sunsilk Shampoo 180ml,Personal Care,625.0,63,36,39375.0,4061.61,2024-01-03,2025-12-27,35,0.08618331053351573,0.049247606019151846,0.047879616963064295,0.10315200000000001
3023,SunSilk Soft & Smooth Shampoo 40ml,Personal Care,150.0,58,38,8700.0,897.84,2024-01-30,2025-12-29,38,0.07934336525307797,0.05198358413132695,0.05198358413132695,0.1032
3024,SunSilk Soft & Smooth Conditioner 40ml,Personal Care,145.0,47,31,6815.0,470.0,2024-02-14,2025-12-31,31,0.06429548563611491,0.04240766073871409,0.04240766073871409,0.06896551724137931
3025,Sunsilk Black Shine Shampoo 40ml,Personal Care,150.0,92,52,13800.0,920.0,2024-01-02,2025-11-28,51,0.12585499316005472,0.07113543091655267,0.06976744186046512,0.06666666666666667
3026,Sunsilk Damage Restore Shampoo 40ml,Personal Care,150.0,85,57,12750.0,850.0,2024-02-03,2025-12-11,56,0.11627906976744186,0.07797537619699042,0.07660738714090287,0.06666666666666667
3027,Rexona Shower Fresh 72H 50ml,General Grocery,850.0,26,11,22100.0,260.0,2024-01-24,2025-08-05,11,0.03556771545827633,0.015047879616963064,0.015047879616963064,0.011764705882352941
3028,Rexona Powder Dry 72H 50ml,General Grocery,850.0,31,20,26350.0,310.0,2024-04-07,2025-12-22,20,0.04240766073871409,0.027359781121751026,0.027359781121751026,0.011764705882352941
3029,Rexona Aloe Vera 72H 50ml,General Grocery,850.0,52,25,44200.0,520.0,2024-03-03,2025-12-28,25,0.07113543091655267,0.03419972640218878,0.03419972640218878,0.011764705882352941
3030,Rexona Men 72H 25ml,General Grocery,470.0,26,15,12220.0,260.0,2024-03-16,2025-12-08,15,0.03556771545827633,0.02051983584131327,0.02051983584131327,0.02127659574468085
3031,Rexona Aloe Vera 72H 25ml,General Grocery,470.0,18,8,8460.0,180.0,2024-01-01,2025-12-06,8,0.024623803009575923,0.01094391244870041,0.01094391244870041,0.02127659574468085
3032,Rexona Powder Dry 72H 25ml,General Grocery,470.0,62,31,29140.0,620.0,2024-01-09,2025-12-30,31,0.08481532147742818,0.04240766073871409,0.04240766073871409,0.02127659574468085
3033,Rexona Shower Fresh 72H 25ml,General Grocery,470.0,25,14,11750.0,250.0,2024-01-24,2025-11-09,14,0.03419972640218878,0.019151846785225718,0.019151846785225718,0.02127659574468085
3034,Pears Baby Cream 50ml,Baby & Kids,180.0,1200,703,216000.0,12000.0,2024-01-02,2025-12-31,415,1.6415868673050615,0.9616963064295485,0.5677154582763337,0.05555555555555555
3035,LifeBuoy BodyWash Cool Fresh 240ml,General Grocery,520.0,31,17,16120.0,310.0,2024-01-20,2025-12-10,17,0.04240766073871409,0.023255813953488372,0.023255813953488372,0.019230769230769232
3036,LifeBuoy BodyWash Stronger Skin  240ml,General Grocery,520.0,36,19,18720.0,360.0,2024-01-08,2025-10-20,18,0.049247606019151846,0.025991792065663474,0.024623803009575923,0.019230769230769232
3037,Comfort Morning Fresh 860ml,General Grocery,1160.0,36,19,41760.0,360.0,2024-01-02,2025-12-30,19,0.049247606019151846,0.025991792065663474,0.025991792065663474,0.008620689655172414
3038,SurfExcel Matic 1L,General Grocery,1050.0,38,20,39900.0,1900.0,2024-01-13,2025-12-08,20,0.05198358413132695,0.027359781121751026,0.027359781121751026,0.047619047619047616
3039,Comfort Morning Fresh 90ml,General Grocery,150.0,30,15,4500.0,300.0,2024-02-10,2025-12-26,15,0.04103967168262654,0.02051983584131327,0.02051983584131327,0.06666666666666667
3040,Comfort Lily Fresh 90ml,General Grocery,150.0,35,17,5250.0,350.0,2024-01-25,2025-12-13,17,0.047879616963064295,0.023255813953488372,0.023255813953488372,0.06666666666666667
3041,Sanitizer 50ml,General Grocery,220.0,39,21,8580.0,390.0,2024-01-17,2025-12-27,20,0.0533515731874145,0.028727770177838577,0.027359781121751026,0.045454545454545456
3042,Star VIm 500g,Cleaning & Household,275.0,82,52,22550.0,820.0,2024-01-08,2025-12-16,48,0.1121751025991792,0.07113543091655267,0.06566347469220246,0.03636363636363636
3043,Sunlight 2Bar,Cleaning & Household,125.0,1660,960,207500.0,24900.0,2024-01-01,2025-12-31,497,2.270861833105335,1.3132694938440492,0.679890560875513,0.12
3044,Sunlight 1Bar,Cleaning & Household,150.0,78,51,11700.0,780.0,2024-01-28,2025-12-31,48,0.106703146374829,0.06976744186046512,0.06566347469220246,0.06666666666666667
3045,Sunlight 4Bar,Cleaning & Household,440.0,85,49,37400.0,850.0,2024-01-13,2025-12-17,47,0.11627906976744186,0.06703146374829001,0.06429548563611491,0.022727272727272728
3046,Pears Pink Floral Cologne 50ml,Personal Care,370.0,60,35,22200.0,600.0,2024-01-30,2025-10-22,35,0.08207934336525308,0.047879616963064295,0.047879616963064295,0.02702702702702703
3047,Pears Bed Time Cologne 50ml,Personal Care,370.0,62,37,22940.0,620.0,2024-01-08,2025-12-26,37,0.08481532147742818,0.0506155950752394,0.0506155950752394,0.02702702702702703
3048,Pears White Floral Cologne 100ml,Personal Care,585.0,64,37,37440.0,640.0,2024-02-02,2025-12-28,36,0.08755129958960328,0.0506155950752394,0.049247606019151846,0.017094017094017096
3049,Pears Pure & Gentle Cologne 100ml,Personal Care,585.0,74,41,43290.0,740.0,2024-01-04,2025-12-21,41,0.1012311901504788,0.0560875512995896,0.0560875512995896,0.017094017094017096
3050,Pears Bed Time BabySoap 70g,General Grocery,145.0,705,364,102225.0,3525.0,2024-01-02,2025-12-30,276,0.9644322845417237,0.49794801641586867,0.37756497948016415,0.034482758620689655
3051,Pears Pure & Gentle BabySoap 70g,General Grocery,145.0,417,229,60465.0,2085.0,2024-01-02,2025-12-31,178,0.5704514363885089,0.31326949384404923,0.24350205198358413,0.034482758620689655
3052,Pears Bee's Honey BabySoap 70g,General Grocery,145.0,844,417,122380.0,4220.0,2024-01-01,2025-12-31,290,1.1545827633378933,0.5704514363885089,0.3967168262653899,0.034482758620689655
3053,Pears Kohomba BabySoap 70g,General Grocery,145.0,69,32,10005.0,345.0,2024-01-03,2025-12-29,31,0.09439124487004104,0.04377564979480164,0.04240766073871409,0.034482758620689655
3054,Pears Rathmal BabySoap 70g,General Grocery,145.0,446,233,64670.0,2230.0,2024-01-02,2025-12-31,177,0.6101231190150479,0.31874145006839943,0.2421340629274966,0.034482758620689655
3055,Signal Toothpaste 120g,Personal Care,240.0,1621,940,389040.0,16210.0,2024-01-03,2025-12-31,490,2.217510259917921,1.2859097127222983,0.6703146374829001,0.041666666666666664
3056,Signal Toothpaste 40g,Personal Care,125.0,109,65,13625.0,2725.0,2024-01-01,2025-12-31,60,0.1491108071135431,0.08891928864569083,0.08207934336525308,0.2
3057,Signal Toothpaste 70g,Personal Care,200.0,1707,980,341400.0,34140.0,2024-01-01,2025-12-30,526,2.3351573187414503,1.3406292749658002,0.719562243502052,0.1
3058,Signal Toothpaste 160g,Personal Care,280.0,755,436,211400.0,15100.0,2024-01-02,2025-12-31,312,1.0328317373461013,0.5964432284541724,0.426812585499316,0.07142857142857142
3059,Signal Clove & Ginger Toothpaste 120g,Personal Care,240.0,660,385,158400.0,26400.0,2024-01-03,2025-12-29,301,0.9028727770177839,0.5266757865937073,0.4117647058823529,0.16666666666666666
3060,Signal Triple Clean Adult Toothbrush,Personal Care,110.0,1356,793,149160.0,13560.0,2024-01-04,2025-12-31,463,1.8549931600547196,1.084815321477428,0.6333789329685362,0.09090909090909091
3061,Signal Clove & Ginger Toothpaste 40g,Personal Care,125.0,117,67,14625.0,2925.0,2024-01-06,2025-12-18,63,0.1600547195622435,0.09165526675786594,0.08618331053351573,0.2
3062,Ayush Toothpaste 30g,Personal Care,115.0,655,399,75325.0,9825.0,2024-01-02,2025-12-30,308,0.896032831737346,0.5458276333789329,0.4213406292749658,0.13043478260869565
3063,Ayush Toothpaste 110g,Personal Care,285.0,1312,773,373920.0,32800.0,2024-01-01,2025-12-30,472,1.7948016415868673,1.0574555403556771,0.6456908344733242,0.08771929824561403
3064,MD Mango Jam 150g,General Grocery,260.0,42,19,10920.0,420.0,2024-01-11,2025-12-29,19,0.057455540355677154,0.025991792065663474,0.025991792065663474,0.038461538461538464
3065,MD Mango Jam 300g,General Grocery,380.0,44,22,16720.0,880.0,2024-01-03,2025-12-15,21,0.060191518467852256,0.030095759233926128,0.028727770177838577,0.05263157894736842
3066,MD WoodApple Jam 300g,General Grocery,380.0,28,20,10640.0,560.0,2024-02-24,2025-11-20,20,0.038303693570451436,0.027359781121751026,0.027359781121751026,0.05263157894736842
3067,MD Strawberry Melon Jam 500g,General Grocery,600.0,36,20,21600.0,720.0,2024-01-16,2025-11-28,20,0.049247606019151846,0.027359781121751026,0.027359781121751026,0.03333333333333333
3068,MD WoodApple Jam 225g,General Grocery,320.0,33,18,10560.0,660.0,2024-01-06,2025-12-28,17,0.04514363885088919,0.024623803009575923,0.023255813953488372,0.0625
3069,Head & Shoulders Silky Black Shampoo 72ml,Personal Care,400.0,72,39,28800.0,1440.0,2024-01-09,2025-12-12,38,0.09849521203830369,0.0533515731874145,0.05198358413132695,0.05
3070,Head & Shoulders Cool Menthol Shampoo 72ml,Personal Care,400.0,68,42,27200.0,1360.0,2024-01-08,2025-12-29,42,0.09302325581395349,0.057455540355677154,0.057455540355677154,0.05
3071,Head & Shoulders Lemon Fresh Shampoo 72ml,Personal Care,400.0,86,48,34400.0,1720.0,2024-01-18,2025-12-30,47,0.11764705882352941,0.06566347469220246,0.06429548563611491,0.05
3072,Goya Pretty pink 65g,General Grocery,90.0,28,16,2520.0,280.0,2024-01-24,2025-12-01,16,0.038303693570451436,0.02188782489740082,0.02188782489740082,0.1111111111111111
3073,Goya Sandal Touch 65g,General Grocery,90.0,29,16,2610.0,290.0,2024-02-11,2025-05-14,15,0.03967168262653899,0.02188782489740082,0.02051983584131327,0.1111111111111111
3074,Goya Misty Green 65g,General Grocery,90.0,39,20,3510.0,390.0,2024-01-18,2025-12-29,20,0.0533515731874145,0.027359781121751026,0.027359781121751026,0.1111111111111111
3075,Goya Creamy Bliss 65g,General Grocery,90.0,30,14,2700.0,300.0,2024-02-11,2025-10-27,14,0.04103967168262654,0.019151846785225718,0.019151846785225718,0.1111111111111111
3076,Velvet Rose Petals & Milk 70g,Dairy & Chilled,125.0,123,63,15375.0,1845.0,2024-01-02,2025-12-30,59,0.16826265389876882,0.08618331053351573,0.08071135430916553,0.12
3077,Velvet Sandal & Curd 70g,Dairy & Chilled,125.0,58,34,7250.0,870.0,2024-01-16,2025-12-16,34,0.07934336525307797,0.046511627906976744,0.046511627906976744,0.12
3078,Velvet Milk & Almond 70g,Dairy & Chilled,125.0,464,228,58000.0,6960.0,2024-01-01,2025-12-29,179,0.6347469220246238,0.3119015047879617,0.2448700410396717,0.12
3079,Velvet Orange & Honey 70g,General Grocery,125.0,29,13,3625.0,435.0,2024-01-19,2025-10-29,13,0.03967168262653899,0.017783857729138167,0.017783857729138167,0.12
3080,BabyCheramy Moisturizes & Cares Baby Shampoo 100ml,Baby & Kids,290.0,1155,682,334950.0,11550.0,2024-01-02,2025-12-31,407,1.5800273597811219,0.93296853625171,0.5567715458276333,0.034482758620689655
3081,BabyCheramy Honey & Milk Protein BabyShampoo 100ml,Dairy & Chilled,290.0,129,70,37410.0,1290.0,2024-01-10,2025-12-19,69,0.17647058823529413,0.09575923392612859,0.09439124487004104,0.034482758620689655
3082,Lovely Paper Serviettes 100sheets,General Grocery,295.0,39,17,11505.0,585.0,2024-01-15,2025-12-08,17,0.0533515731874145,0.023255813953488372,0.023255813953488372,0.05084745762711865
3083,Flora Cotton Balls 100pcs,General Grocery,595.0,21,13,12495.0,315.0,2024-02-21,2025-12-31,13,0.028727770177838577,0.017783857729138167,0.017783857729138167,0.025210084033613446
3084,Flora Cotton Buds 100 paper stems,General Grocery,225.0,20,10,4500.0,300.0,2024-01-20,2025-12-10,10,0.027359781121751026,0.013679890560875513,0.013679890560875513,0.06666666666666667
3085,Lovely 2Ply White Toillet Tissue,General Grocery,230.0,1051,226,241730.0,52550.0,2024-01-06,2025-12-28,169,1.4377564979480164,0.3091655266757866,0.23119015047879618,0.21739130434782608
3086,Diva Fresh (Lavender & Lime) 1kg,Cleaning & Household,320.0,92,58,29440.0,920.0,2024-01-08,2025-12-27,56,0.12585499316005472,0.07934336525307797,0.07660738714090287,0.03125
3087,Dash Air Freshener (Cinnamon),Cooking Essentials,795.0,176,47,139920.0,20988.0,2024-01-01,2025-12-16,47,0.24076607387140903,0.06429548563611491,0.06429548563611491,0.15
3088,Kellogg's Muesli Fruit & Nut 500g,General Grocery,2900.0,27,12,78300.0,2700.0,2024-03-24,2025-11-16,12,0.036935704514363885,0.016415868673050615,0.016415868673050615,0.034482758620689655
3089,Kellogg's Muesli Fruit & Nut 240g,General Grocery,1550.0,40,21,62000.0,7444.0,2024-01-22,2025-12-17,19,0.05471956224350205,0.028727770177838577,0.025991792065663474,0.12006451612903225
3090,Kellogg's Muesli Nuts Delight 500g,General Grocery,2900.0,36,18,104400.0,12528.0,2024-01-10,2025-12-18,18,0.049247606019151846,0.024623803009575923,0.024623803009575923,0.12
3091,Kellogg's Muesli Nuts Delight 240g,General Grocery,1550.0,45,25,69750.0,8374.5,2024-01-06,2025-12-13,24,0.06155950752393981,0.03419972640218878,0.03283173734610123,0.12006451612903225
3092,Kellogg's Oats 400g,Staples & Dry Groceries,650.0,182,50,118300.0,1820.0,2024-01-19,2025-12-30,47,0.24897400820793433,0.06839945280437756,0.06429548563611491,0.015384615384615385
3093,Delmege Soya Cuttlefish Flavour 90g,Cooking Essentials,150.0,168,41,25200.0,1680.0,2024-01-04,2025-12-28,40,0.22982216142270862,0.0560875512995896,0.05471956224350205,0.06666666666666667
3094,Delmege Soya Chicken Flavour 90g,Cooking Essentials,150.0,184,43,27600.0,1840.0,2024-01-14,2025-12-25,41,0.25170998632010944,0.058823529411764705,0.0560875512995896,0.06666666666666667
3095,Pahanthira,General Grocery,50.0,39,18,1950.0,390.0,2024-01-06,2025-12-29,17,0.0533515731874145,0.024623803009575923,0.023255813953488372,0.2
3096,Candles 40pcs Sangeetha small,General Grocery,520.0,47,23,24440.0,940.0,2024-02-06,2025-12-07,23,0.06429548563611491,0.03146374829001368,0.03146374829001368,0.038461538461538464
3097,Candles 40pcs Ruhunu small,General Grocery,720.0,21,13,15120.0,420.0,2024-01-12,2025-12-12,13,0.028727770177838577,0.017783857729138167,0.017783857729138167,0.027777777777777776
3098,Candles 8pcs Large Sangeetha,General Grocery,520.0,19,9,9880.0,380.0,2024-02-02,2025-10-28,9,0.025991792065663474,0.012311901504787962,0.012311901504787962,0.038461538461538464
3099,Candles 8pcs Large star,General Grocery,400.0,17,8,6800.0,340.0,2024-04-08,2025-09-03,8,0.023255813953488372,0.01094391244870041,0.01094391244870041,0.05
3100,Birthday candle number 4,General Grocery,120.0,21,11,2520.0,420.0,2024-02-22,2025-12-03,11,0.028727770177838577,0.015047879616963064,0.015047879616963064,0.16666666666666666
3101,Birthday candle number 5,General Grocery,120.0,23,14,2760.0,460.0,2024-02-17,2025-10-16,14,0.03146374829001368,0.019151846785225718,0.019151846785225718,0.16666666666666666
3102,Playing cards Plastic Coated,General Grocery,250.0,38,18,9500.0,1900.0,2024-01-01,2025-12-09,18,0.05198358413132695,0.024623803009575923,0.024623803009575923,0.2
3103,Birthday Candle,General Grocery,120.0,20,12,2400.0,400.0,2024-02-11,2025-12-21,11,0.027359781121751026,0.016415868673050615,0.015047879616963064,0.16666666666666666
3104,Janet Green Garden Deodorant 30ml,General Grocery,530.0,26,15,13780.0,780.0,2024-02-08,2025-11-13,14,0.03556771545827633,0.02051983584131327,0.019151846785225718,0.05660377358490566
3105,Janet Lilac Mist Deodorant 30ml,General Grocery,530.0,35,13,18550.0,1050.0,2024-04-10,2025-12-30,13,0.047879616963064295,0.017783857729138167,0.017783857729138167,0.05660377358490566
3106,Janet Pink Petals Deodorant 30ml,General Grocery,530.0,36,19,19080.0,1080.0,2024-01-19,2025-12-22,17,0.049247606019151846,0.025991792065663474,0.023255813953488372,0.05660377358490566
3107,Janet Orange Bloom Deodorant 30ml,General Grocery,530.0,32,14,16960.0,960.0,2024-01-12,2025-12-14,14,0.04377564979480164,0.019151846785225718,0.019151846785225718,0.05660377358490566
3108,Janet Orange Bloom Body Spray 75ml,General Grocery,1000.0,27,12,27000.0,540.0,2024-04-06,2025-11-08,12,0.036935704514363885,0.016415868673050615,0.016415868673050615,0.02
3109,Janet Pink Petals Body Spray 75ml,General Grocery,1000.0,28,13,28000.0,560.0,2024-01-08,2025-12-07,13,0.038303693570451436,0.017783857729138167,0.017783857729138167,0.02
3110,Janet Green Garden Body Spray 75ml,General Grocery,1000.0,25,12,25000.0,500.0,2024-01-26,2025-12-28,12,0.03419972640218878,0.016415868673050615,0.016415868673050615,0.02
3111,Janet Lilac Mist Body Spray 75ml,General Grocery,1000.0,30,16,30000.0,600.0,2024-02-25,2025-12-08,16,0.04103967168262654,0.02188782489740082,0.02188782489740082,0.02
3112,Bag (Baby size),Baby & Kids,3.0,602,354,1806.0,602.0,2024-01-01,2025-12-29,273,0.8235294117647058,0.4842681258549932,0.3734610123119015,0.3333333333333333
3113,Bag (Chicken Size),"Meat, Fish & Frozen",3.0,18,11,54.0,18.0,2024-02-02,2025-12-20,11,0.024623803009575923,0.015047879616963064,0.015047879616963064,0.3333333333333333
3114,Bag (Medium size),General Grocery,5.0,23,13,115.0,46.0,2024-02-17,2025-09-24,13,0.03146374829001368,0.017783857729138167,0.017783857729138167,0.4
3115,Bag (Large size),General Grocery,10.0,23,12,230.0,46.0,2024-01-12,2025-10-23,12,0.03146374829001368,0.016415868673050615,0.016415868673050615,0.2
3116,Candy Sugar 80g,Staples & Dry Groceries,130.0,3019,748,392470.0,90570.0,2024-01-01,2025-12-31,464,4.1299589603283176,1.0232558139534884,0.6347469220246238,0.23076923076923078
3117,Revello Bliss Biscuits100g,General Grocery,380.0,81,43,30780.0,1620.0,2024-01-15,2025-12-24,42,0.11080711354309165,0.058823529411764705,0.057455540355677154,0.05263157894736842
3118,Green Gram (Samuel's Product) 250g,Staples & Dry Groceries,245.0,190,40,46550.0,2850.0,2024-01-08,2025-12-06,40,0.25991792065663477,0.05471956224350205,0.05471956224350205,0.061224489795918366
3119,Rice Flakes (Samuel's Product) 200g,Staples & Dry Groceries,150.0,1899,438,284850.0,56970.0,2024-01-03,2025-12-31,318,2.59781121751026,0.5991792065663475,0.43502051983584133,0.2
3120,Chickpeas (Samuel's Product) 250g,General Grocery,165.0,17,10,2805.0,255.0,2024-08-18,2025-12-23,10,0.023255813953488372,0.013679890560875513,0.013679890560875513,0.09090909090909091
3121,PoP-Corn (Samuel's Product) 150g,General Grocery,210.0,53,24,11130.0,530.0,2024-01-03,2025-12-17,23,0.07250341997264022,0.03283173734610123,0.03146374829001368,0.047619047619047616
3122,White Kawpi (Samuel's Product) 250g,General Grocery,230.0,18,11,4140.0,540.0,2024-01-27,2025-11-17,11,0.024623803009575923,0.015047879616963064,0.015047879616963064,0.13043478260869565
3123,Cardamon (Samuel's Product) 6g,General Grocery,145.0,27,14,3915.0,675.0,2024-01-28,2025-11-16,13,0.036935704514363885,0.019151846785225718,0.017783857729138167,0.1724137931034483
3124,Tamarind (Samuel's Product) 100g,General Grocery,135.0,55,25,7425.0,1925.0,2024-03-06,2025-12-16,24,0.07523939808481532,0.03419972640218878,0.03283173734610123,0.25925925925925924
3125,Harischandra Papadam 70g,General Grocery,140.0,38,16,5320.0,760.0,2024-01-02,2025-11-23,16,0.05198358413132695,0.02188782489740082,0.02188782489740082,0.14285714285714285
3126,Nestle Nestomalt 28g,General Grocery,60.0,42,16,2520.0,420.0,2024-01-06,2025-12-16,16,0.057455540355677154,0.02188782489740082,0.02188782489740082,0.16666666666666666
3127,Nestea Milk Tea Mix 25g,Dairy & Chilled,70.0,120,60,8400.0,1200.0,2024-01-17,2025-12-29,59,0.16415868673050615,0.08207934336525308,0.08071135430916553,0.14285714285714285
3128,Nestle Milo 15g,Beverages,50.0,189,72,9450.0,1890.0,2024-01-04,2025-12-19,67,0.2585499316005472,0.09849521203830369,0.09165526675786594,0.2
3129,Ratthi Tea & Sugar Added Milk Mix 25g,Dairy & Chilled,65.0,1514,335,98410.0,22710.0,2024-01-02,2025-12-27,233,2.0711354309165526,0.4582763337893297,0.31874145006839943,0.23076923076923078
3130,Nestle Nespray Everyday 18g,General Grocery,60.0,42,18,2520.0,420.0,2024-01-08,2025-10-09,18,0.057455540355677154,0.024623803009575923,0.024623803009575923,0.16666666666666666
3131,Nescafe 3 in 1 18g,General Grocery,70.0,29,18,2030.0,176.03,2024-01-03,2025-12-26,18,0.03967168262653899,0.024623803009575923,0.024623803009575923,0.08671428571428572
3132,Marvel WetWipes,General Grocery,360.0,49,24,17640.0,4949.0,2024-01-27,2025-12-16,21,0.06703146374829001,0.03283173734610123,0.028727770177838577,0.28055555555555556
3133,Marvel Tampons Heavy flow,General Grocery,900.0,29,16,26100.0,6003.0,2024-04-21,2025-11-03,15,0.03967168262653899,0.02188782489740082,0.02051983584131327,0.23
3134,Marvel Tampons Regular Flow,General Grocery,800.0,17,10,13600.0,3128.0,2024-01-04,2025-11-22,10,0.023255813953488372,0.013679890560875513,0.013679890560875513,0.23
3135,Marvel Panty Liners,General Grocery,330.0,19,12,6270.0,950.0,2024-01-31,2025-12-01,12,0.025991792065663474,0.016415868673050615,0.016415868673050615,0.15151515151515152
3136,EdinBorouah Oyster Sauce 1kg,Cooking Essentials,1040.0,214,50,222560.0,8560.0,2024-01-04,2025-11-28,45,0.292749658002736,0.06839945280437756,0.06155950752393981,0.038461538461538464
3137,Edinborouah Mayonnaise 180g,General Grocery,715.0,26,12,18590.0,390.0,2024-02-13,2025-12-11,12,0.03556771545827633,0.016415868673050615,0.016415868673050615,0.02097902097902098
3138,Edinborouah Mayonnaise 100g,General Grocery,400.0,51,25,20400.0,1020.0,2024-03-08,2025-12-31,23,0.06976744186046512,0.03419972640218878,0.03146374829001368,0.05
3139,Strepsils Cool 24 Lozenges,General Grocery,720.0,24,11,17280.0,480.0,2024-02-08,2025-12-30,11,0.03283173734610123,0.015047879616963064,0.015047879616963064,0.027777777777777776
3140,Strepsils Soothing Honey & Lemon 24 Lozenges,General Grocery,720.0,36,19,25920.0,720.0,2024-01-23,2025-12-09,19,0.049247606019151846,0.025991792065663474,0.025991792065663474,0.027777777777777776
3141,Strepsils Original 24 Lozenges,General Grocery,720.0,33,20,23760.0,660.0,2024-02-10,2025-12-07,20,0.04514363885088919,0.027359781121751026,0.027359781121751026,0.027777777777777776
3142,Ninja Refill 30Nights 25ml,General Grocery,375.0,33,18,12375.0,825.0,2024-02-17,2025-12-04,17,0.04514363885088919,0.024623803009575923,0.023255813953488372,0.06666666666666667
3143,Ninja Refill 60Nights 42ml,General Grocery,485.0,45,20,21825.0,1575.0,2024-01-27,2025-12-28,20,0.06155950752393981,0.027359781121751026,0.027359781121751026,0.07216494845360824
3144,GoodKnight Mosquito Coil 10Hours,General Grocery,180.0,3888,918,699840.0,116640.0,2024-01-01,2025-12-31,512,5.3187414500684,1.255813953488372,0.7004103967168263,0.16666666666666666
3145,Chandanalepa Kohomba Ayurveda Soap 75g,Personal Care,220.0,472,278,103840.0,9440.0,2024-01-02,2025-12-31,211,0.6456908344733242,0.3803009575923393,0.28864569083447333,0.09090909090909091
3146,Chandanalepa Cinnamon Ayurveda Soap 100g,Personal Care,330.0,667,397,220110.0,20010.0,2024-01-01,2025-12-31,299,0.9124487004103967,0.5430916552667578,0.40902872777017785,0.09090909090909091
3147,Dona Vita Spaghetti 300g,General Grocery,440.0,42,17,18480.0,840.0,2024-01-01,2025-12-28,16,0.057455540355677154,0.023255813953488372,0.02188782489740082,0.045454545454545456
3148,Fontana Tomato Juice 1L,Beverages,1490.0,170,58,253300.0,6800.0,2024-01-04,2025-12-21,52,0.23255813953488372,0.07934336525307797,0.07113543091655267,0.026845637583892617
3149,Fontana Pineapple Juice 1L,Beverages,1720.0,157,60,270040.0,3140.0,2024-01-08,2025-12-25,55,0.21477428180574556,0.08207934336525308,0.07523939808481532,0.011627906976744186
3150,GreenLand Sweet Corn 425g,Snacks & Confectionery,790.0,1113,413,879270.0,44520.0,2024-01-03,2025-12-30,307,1.5225718194254445,0.5649794801641587,0.41997264021887826,0.05063291139240506
3151,GreenLand Cream Style Corn 425g,Personal Care,850.0,61,37,51850.0,3050.0,2024-01-02,2025-12-28,37,0.08344733242134063,0.0506155950752394,0.0506155950752394,0.058823529411764705
3152,GreenLand Button Mushrooms 425g,General Grocery,890.0,30,18,26700.0,1200.0,2024-01-02,2025-12-13,18,0.04103967168262654,0.024623803009575923,0.024623803009575923,0.0449438202247191
3153,GreenLand Baby Corn 425g,Baby & Kids,990.0,49,28,48510.0,1960.0,2024-02-17,2025-11-17,28,0.06703146374829001,0.038303693570451436,0.038303693570451436,0.04040404040404041
3154,Sunlight Royal Lavender 200g,Cleaning & Household,90.0,66,38,5940.0,660.0,2024-01-02,2025-12-30,37,0.09028727770177838,0.05198358413132695,0.0506155950752394,0.1111111111111111
3155,Sunlight 2in1 500g,Cleaning & Household,180.0,1223,710,220140.0,36690.0,2024-01-02,2025-12-31,434,1.6730506155950753,0.9712722298221614,0.5937072503419972,0.16666666666666666
3156,Sunlight sakura fresh 1kg,Cleaning & Household,320.0,59,35,18880.0,1180.0,2024-01-31,2025-12-27,34,0.08071135430916553,0.047879616963064295,0.046511627906976744,0.0625
3157,Sunlight Citrus fresh 500g,Cleaning & Household,180.0,60,37,10800.0,1800.0,2024-01-27,2025-12-26,36,0.08207934336525308,0.0506155950752394,0.049247606019151846,0.16666666666666666
3158,Sunlight Rose Fresh 200g,Cleaning & Household,90.0,69,41,6210.0,690.0,2024-02-09,2025-12-18,39,0.09439124487004104,0.0560875512995896,0.0533515731874145,0.1111111111111111
3159,Sunlight Rose Fresh 500g,Cleaning & Household,180.0,48,22,8640.0,1440.0,2024-02-01,2025-12-27,22,0.06566347469220246,0.030095759233926128,0.030095759233926128,0.16666666666666666
3160,Sunlight 2in1 (Citrus Fresh) 1kg,Cleaning & Household,320.0,54,29,17280.0,1890.0,2024-01-18,2025-12-29,29,0.07387140902872777,0.03967168262653899,0.03967168262653899,0.109375
3161,Sunlight 2in1 (Jasmine Fresh) 1kg,Cleaning & Household,320.0,66,42,21120.0,2310.0,2024-01-06,2025-12-30,41,0.09028727770177838,0.057455540355677154,0.0560875512995896,0.109375
3162,Sunlight 2in1 (Rose Fresh) 50g,Cleaning & Household,25.0,109,62,2725.0,1090.0,2024-01-03,2025-12-28,54,0.1491108071135431,0.08481532147742818,0.07387140902872777,0.4
3163,Sunlight 2in1 (Lemon Fresh) 50g,Cleaning & Household,25.0,54,27,1350.0,540.0,2024-01-10,2025-11-09,27,0.07387140902872777,0.036935704514363885,0.036935704514363885,0.4
3164,Sunlight 2in1 (sakura Fresh) 50g,Cleaning & Household,25.0,706,387,17650.0,7060.0,2024-01-01,2025-12-29,295,0.9658002735978112,0.5294117647058824,0.40355677154582764,0.4
3165,Rin Rose 50g,Cleaning & Household,20.0,395,223,7900.0,3950.0,2024-01-06,2025-12-30,174,0.5403556771545828,0.30506155950752395,0.23803009575923392,0.5
3166,Rin Rose 200g,Cleaning & Household,80.0,69,39,5520.0,690.0,2024-01-08,2025-12-22,38,0.09439124487004104,0.0533515731874145,0.05198358413132695,0.125
3167,Rin Anti-germ 500g,Cleaning & Household,170.0,62,42,10540.0,1240.0,2024-01-08,2025-12-30,40,0.08481532147742818,0.057455540355677154,0.05471956224350205,0.11764705882352941
3168,Sunlight 2In1 Rose Fresh 2kg,Cleaning & Household,575.0,63,33,36225.0,945.0,2024-01-07,2025-12-31,33,0.08618331053351573,0.04514363885088919,0.04514363885088919,0.02608695652173913
3169,Surf Excel 1kg,General Grocery,540.0,54,26,29160.0,1080.0,2024-02-07,2025-12-18,25,0.07387140902872777,0.03556771545827633,0.03419972640218878,0.037037037037037035
3170,Surf Excel 500g,General Grocery,300.0,417,226,125100.0,8340.0,2024-01-02,2025-12-31,172,0.5704514363885089,0.3091655266757866,0.23529411764705882,0.06666666666666667
3171,Surf Excel 250g,General Grocery,150.0,56,27,8400.0,1680.0,2024-03-02,2025-12-27,27,0.07660738714090287,0.036935704514363885,0.036935704514363885,0.2
3172,Comfort Morning Fresh 54ml,General Grocery,80.0,34,22,2720.0,340.0,2024-02-28,2025-12-30,21,0.046511627906976744,0.030095759233926128,0.028727770177838577,0.125
3173,Surf Excel 120g,General Grocery,100.0,51,26,5100.0,1020.0,2024-01-07,2025-12-01,26,0.06976744186046512,0.03556771545827633,0.03556771545827633,0.2
3174,Surf Excel 30g,General Grocery,20.0,32,18,640.0,320.0,2024-01-03,2025-01-25,17,0.04377564979480164,0.024623803009575923,0.023255813953488372,0.5
3175,Diva 3in1 (Jasmine&Lime) 30g,Cleaning & Household,25.0,91,51,2275.0,1365.0,2024-01-23,2025-12-23,50,0.12448700410396717,0.06976744186046512,0.06839945280437756,0.6
3176,Diva 3In1 Rose 200g,Cleaning & Household,90.0,73,41,6570.0,730.0,2024-01-09,2025-12-30,39,0.09986320109439124,0.0560875512995896,0.0533515731874145,0.1111111111111111
3177,Diva Diriya 500g,Cleaning & Household,190.0,71,43,13490.0,2840.0,2024-01-08,2025-12-18,41,0.09712722298221614,0.058823529411764705,0.0560875512995896,0.21052631578947367
3178,HyFum French Fries 1kg,General Grocery,1600.0,36,16,57600.0,7200.0,2024-02-12,2025-12-19,16,0.049247606019151846,0.02188782489740082,0.02188782489740082,0.125
3179,Keells Chicken Burger Patty 6 Slices,"Meat, Fish & Frozen",525.0,30,19,15750.0,750.0,2024-02-14,2025-08-29,19,0.04103967168262654,0.025991792065663474,0.025991792065663474,0.047619047619047616
3180,Edinborouah Dark Soya Sauce 600ml,Cooking Essentials,720.0,1507,388,1085040.0,30140.0,2024-01-01,2025-12-30,289,2.0615595075239397,0.53077975376197,0.3953488372093023,0.027777777777777776
3181,Chandanalepa Ayurveda Soap 75g,Personal Care,250.0,75,48,18750.0,3750.0,2024-01-13,2025-12-30,46,0.10259917920656635,0.06566347469220246,0.06292749658002736,0.2
3182,Chandanalepa Venivel Ayurveda Soap 75g,Personal Care,220.0,96,52,21120.0,1920.0,2024-01-10,2025-11-27,52,0.13132694938440492,0.07113543091655267,0.07113543091655267,0.09090909090909091
3183,Comfort Lily Fresh 210ml,General Grocery,300.0,20,15,6000.0,400.0,2024-02-19,2025-10-05,15,0.027359781121751026,0.02051983584131327,0.02051983584131327,0.06666666666666667
3184,Comfort Morning Fresh 210ml,General Grocery,300.0,30,17,9000.0,600.0,2024-01-29,2025-12-31,17,0.04103967168262654,0.023255813953488372,0.023255813953488372,0.06666666666666667
3185,Comfort Lily Fresh 860ml,General Grocery,1160.0,37,14,42920.0,2220.0,2024-05-02,2025-12-27,13,0.0506155950752394,0.019151846785225718,0.017783857729138167,0.05172413793103448
3186,Comfort Royale 850ml,General Grocery,1550.0,28,12,43400.0,1400.0,2024-01-14,2025-12-09,12,0.038303693570451436,0.016415868673050615,0.016415868673050615,0.03225806451612903
3187,Diva Power Liquid Detergent 1L,Cleaning & Household,750.0,1629,966,1221750.0,81450.0,2024-01-02,2025-12-30,495,2.228454172366621,1.3214774281805746,0.6771545827633378,0.06666666666666667
3188,Bubble Compact Aloe Vera 120g,General Grocery,70.0,36,18,2520.0,360.0,2024-02-04,2025-12-01,18,0.049247606019151846,0.024623803009575923,0.024623803009575923,0.14285714285714285
3189,Fortune RBD Coconut Oil 200ml,Cooking Essentials,375.0,3001,717,1125375.0,45015.0,2024-01-02,2025-12-31,446,4.105335157318741,0.9808481532147743,0.6101231190150479,0.04
3190,Fortune Cooking Oil RBD Palm Olein 2L,Cooking Essentials,2370.0,1608,395,3810960.0,112560.0,2024-01-01,2025-12-31,302,2.1997264021887823,0.5403556771545828,0.4131326949384405,0.029535864978902954
3191,Suddhi Fresh Milk 1L,Dairy & Chilled,470.0,94,52,44180.0,1880.0,2024-01-08,2025-12-22,51,0.12859097127222982,0.07113543091655267,0.06976744186046512,0.0425531914893617
3192,Daily Faluda Flavoured Milk 1L,Dairy & Chilled,550.0,467,244,256850.0,23350.0,2024-01-03,2025-12-31,199,0.6388508891928865,0.3337893296853625,0.2722298221614227,0.09090909090909091
3193,Vim Liquid 500ml,Cleaning & Household,370.0,367,218,135790.0,7340.0,2024-01-01,2025-12-31,173,0.5020519835841313,0.2982216142270862,0.23666210670314639,0.05405405405405406
3194,Rexona Kohomba & Turmeric Soap 80g,Personal Care,115.0,1441,839,165715.0,21615.0,2024-01-01,2025-12-31,467,1.9712722298221614,1.1477428180574556,0.6388508891928865,0.13043478260869565
3195,Rexona Jasmine & olive oil Soap 80g,Personal Care,115.0,3294,781,378810.0,49410.0,2024-01-04,2025-12-31,455,4.506155950752394,1.0683994528043776,0.6224350205198358,0.13043478260869565
3196,Pears kokum Baby Soap 70g,Baby & Kids,145.0,95,50,13775.0,1425.0,2024-01-04,2025-12-17,48,0.12995896032831739,0.06839945280437756,0.06566347469220246,0.10344827586206896
3197,Lux Black Orchild 100g,General Grocery,170.0,28,12,4760.0,280.0,2024-01-01,2025-11-10,12,0.038303693570451436,0.016415868673050615,0.016415868673050615,0.058823529411764705
3198,Lux Rose Vitamin C & E 100g,Health & Medicine,170.0,46,23,7820.0,460.0,2024-01-16,2025-11-21,23,0.06292749658002736,0.03146374829001368,0.03146374829001368,0.058823529411764705
3199,Pears Pure & Gentle Baby Soap 2 Pack,Baby & Kids,125.0,71,41,8875.0,1775.0,2024-02-14,2025-12-16,41,0.09712722298221614,0.0560875512995896,0.0560875512995896,0.2
3200,Pears Kokum Baby Soap 2 Pack,Baby & Kids,125.0,623,373,77875.0,15575.0,2024-01-01,2025-12-30,282,0.8522571819425444,0.5102599179206566,0.3857729138166895,0.2
3201,Marmite Yeast Extract Spread 50g,General Grocery,395.0,42,19,16590.0,630.0,2024-02-02,2025-12-28,18,0.057455540355677154,0.025991792065663474,0.024623803009575923,0.0379746835443038
3202,Pears Pink Floral Cologne 100ml,Personal Care,585.0,90,45,52650.0,900.0,2024-01-10,2025-12-30,44,0.12311901504787962,0.06155950752393981,0.060191518467852256,0.017094017094017096
3203,Clear Women Ice Cool Menthol 180ml,General Grocery,760.0,33,17,25080.0,330.0,2024-02-23,2025-11-08,17,0.04514363885088919,0.023255813953488372,0.023255813953488372,0.013157894736842105
3204,Dove Oxygen Moisture Conditioner 180ml,Personal Care,830.0,54,29,44820.0,1620.0,2024-01-03,2025-11-18,28,0.07387140902872777,0.03967168262653899,0.038303693570451436,0.03614457831325301
3205,Dove Intence repair Shampoo 80ml,Personal Care,500.0,60,37,30000.0,1200.0,2024-01-21,2025-12-17,36,0.08207934336525308,0.0506155950752394,0.049247606019151846,0.04
3206,Pears Baby Cream 100ml,Baby & Kids,370.0,1236,702,457320.0,24720.0,2024-01-01,2025-12-31,449,1.6908344733242133,0.960328317373461,0.6142270861833106,0.05405405405405406
3207,Sunsilk Soft & Smooth Conditioner 80ml,Personal Care,400.0,77,49,30800.0,1540.0,2024-01-02,2025-12-30,47,0.10533515731874145,0.06703146374829001,0.06429548563611491,0.05
3208,Sunsilk Damage Restore Shampoo 80ml,Personal Care,385.0,694,396,267190.0,10410.0,2024-01-01,2025-12-30,304,0.9493844049247606,0.5417236662106704,0.4158686730506156,0.03896103896103896
3209,Vaseline Healthy bright 40ml,General Grocery,200.0,28,16,5600.0,560.0,2024-02-27,2025-12-19,16,0.038303693570451436,0.02188782489740082,0.02188782489740082,0.1
3210,Sunsilk Stunning black Shine Shampoo 80ml,Personal Care,340.0,73,37,24820.0,2920.0,2024-01-22,2025-12-23,33,0.09986320109439124,0.0506155950752394,0.04514363885088919,0.11764705882352941
3211,Vim Liquid Lime Fresh 250ml,Cleaning & Household,285.0,88,50,25080.0,3080.0,2024-01-02,2025-12-24,47,0.12038303693570451,0.06839945280437756,0.06429548563611491,0.12280701754385964
3212,Surf Excel Comfort 1kg,General Grocery,540.0,43,25,23220.0,1720.0,2024-01-04,2025-12-09,24,0.058823529411764705,0.03419972640218878,0.03283173734610123,0.07407407407407407
3213,Rin Refresh 1kg,Cleaning & Household,300.0,63,40,18900.0,1260.0,2024-01-07,2025-12-31,38,0.08618331053351573,0.05471956224350205,0.05198358413132695,0.06666666666666667
3214,Rin Anti-Germ 1kg,Cleaning & Household,300.0,360,222,108000.0,7200.0,2024-01-02,2025-12-31,166,0.49247606019151846,0.3036935704514364,0.2270861833105335,0.06666666666666667
3215,Rin Refresh 500g,Cleaning & Household,170.0,75,39,12750.0,750.0,2024-01-06,2025-12-26,38,0.10259917920656635,0.0533515731874145,0.05198358413132695,0.058823529411764705
3216,Nestomalt Malted Food 400g,General Grocery,780.0,31,17,24180.0,1597.1200000000001,2024-03-27,2025-12-30,17,0.04240766073871409,0.023255813953488372,0.023255813953488372,0.06605128205128205
3217,Nangrow 4/ 3-5 years children,General Grocery,1900.0,28,17,53200.0,5272.12,2024-01-30,2025-12-17,17,0.038303693570451436,0.023255813953488372,0.023255813953488372,0.0991
3218,Lactogrow 3/ 1-3 years children,General Grocery,1200.0,22,11,26400.0,1376.3200000000002,2024-01-11,2025-12-11,11,0.030095759233926128,0.015047879616963064,0.015047879616963064,0.05213333333333334
3219,Nestomalt 400g,General Grocery,770.0,24,14,18480.0,996.48,2024-01-09,2025-10-17,14,0.03283173734610123,0.019151846785225718,0.019151846785225718,0.05392207792207792
3220,Maggi Family Meal Pack 335g,General Grocery,350.0,27,13,9450.0,898.02,2024-01-27,2025-11-25,13,0.036935704514363885,0.017783857729138167,0.017783857729138167,0.09502857142857142
3221,Maggi Chicken Flavoured Noodels 73g,"Meat, Fish & Frozen",115.0,26,16,2990.0,259.48,2024-01-18,2025-12-21,15,0.03556771545827633,0.02188782489740082,0.02051983584131327,0.08678260869565219
3222,Nangrow 3/ 1-3 years children,General Grocery,2000.0,37,20,74000.0,7333.4,2024-01-17,2025-11-13,20,0.0506155950752394,0.027359781121751026,0.027359781121751026,0.0991
3223,"Nestle Ceregrow Wheat,Honey & Dates 200g",General Grocery,870.0,36,19,31320.0,1632.96,2024-01-12,2025-11-13,19,0.049247606019151846,0.025991792065663474,0.025991792065663474,0.05213793103448276
3224,aei Power pocket lavender 30days,General Grocery,320.0,32,21,10240.0,640.0,2024-01-28,2025-11-15,21,0.04377564979480164,0.028727770177838577,0.028727770177838577,0.0625
3225,aei Power pocket lemon 30days,General Grocery,320.0,49,23,15680.0,980.0,2024-01-05,2025-12-28,23,0.06703146374829001,0.03146374829001368,0.03146374829001368,0.0625
3226,aei Power pocket jasmine 30days,General Grocery,320.0,20,16,6400.0,400.0,2024-01-29,2025-09-29,16,0.027359781121751026,0.02188782489740082,0.02188782489740082,0.0625
3227,aei Power pocket sea breeze 30days,General Grocery,320.0,31,17,9920.0,620.0,2024-01-27,2025-12-03,17,0.04240766073871409,0.023255813953488372,0.023255813953488372,0.0625
3228,aei Power pocket berry rush 30days,General Grocery,320.0,43,23,13760.0,860.0,2024-02-16,2025-12-26,22,0.058823529411764705,0.03146374829001368,0.030095759233926128,0.0625
3229,aei Power pocket rose fresh 30days,General Grocery,320.0,30,16,9600.0,600.0,2024-01-12,2025-12-23,16,0.04103967168262654,0.02188782489740082,0.02188782489740082,0.0625
3230,Abha Black henna natural black 10g,General Grocery,230.0,35,16,8050.0,1050.0,2024-02-16,2025-12-02,16,0.047879616963064295,0.02188782489740082,0.02188782489740082,0.13043478260869565
3231,Clorex 250ml,General Grocery,180.0,28,16,5040.0,840.0,2024-02-23,2025-11-17,15,0.038303693570451436,0.02188782489740082,0.02051983584131327,0.16666666666666666
3232,Clorex 1L,General Grocery,520.0,25,13,13000.0,500.0,2024-01-17,2025-10-22,13,0.03419972640218878,0.017783857729138167,0.017783857729138167,0.038461538461538464
3233,Eno Orange 1 Box,General Grocery,2100.0,20,13,42000.0,2000.0,2024-01-13,2025-11-10,13,0.027359781121751026,0.017783857729138167,0.017783857729138167,0.047619047619047616
3234,Madushani Goraka paste 500g,General Grocery,400.0,56,34,22400.0,2240.0,2024-03-01,2025-12-15,33,0.07660738714090287,0.046511627906976744,0.04514363885088919,0.1
3235,Sandani Gingelly Rolls 10 pieces,General Grocery,275.0,34,21,9350.0,850.0,2024-01-19,2025-11-29,20,0.046511627906976744,0.028727770177838577,0.027359781121751026,0.09090909090909091
3236,Freelan Meat Curry Powder Mixture 25g,Cooking Essentials,70.0,291,70,20370.0,2910.0,2024-01-07,2025-12-30,65,0.39808481532147744,0.09575923392612859,0.08891928864569083,0.14285714285714285
3237,Freelan Maldives Fish Sambal 10g,"Meat, Fish & Frozen",30.0,39,18,1170.0,390.0,2024-01-16,2025-12-13,18,0.0533515731874145,0.024623803009575923,0.024623803009575923,0.3333333333333333
3238,Kellogg's Corn Flakes with Real Honey 300g,General Grocery,1250.0,30,14,37500.0,1500.0,2024-01-20,2025-06-06,14,0.04103967168262654,0.019151846785225718,0.019151846785225718,0.04
3239,Happy Cow Cheese 60 Slices,Dairy & Chilled,7080.0,96,50,679680.0,7680.0,2024-01-01,2025-12-30,50,0.13132694938440492,0.06839945280437756,0.06839945280437756,0.011299435028248588
3240,Spanish Blackn Olives 450g,General Grocery,1480.0,35,17,51800.0,2800.0,2024-01-11,2025-12-20,17,0.047879616963064295,0.023255813953488372,0.023255813953488372,0.05405405405405406
3241,San Remo Penne Pasta 250g,Staples & Dry Groceries,520.0,258,65,134160.0,10320.0,2024-01-08,2025-12-23,63,0.35294117647058826,0.08891928864569083,0.08618331053351573,0.07692307692307693
3242,San Remo Elbows Pasta 250g,Staples & Dry Groceries,520.0,193,46,100360.0,7720.0,2024-01-03,2025-12-25,42,0.2640218878248974,0.06292749658002736,0.057455540355677154,0.07692307692307693
3243,San Remo Penne Spaghetti 250g,General Grocery,520.0,425,220,221000.0,17000.0,2024-01-03,2025-12-27,172,0.5813953488372093,0.3009575923392613,0.23529411764705882,0.07692307692307693
3244,Nestle Milkmaid 510g,General Grocery,890.0,815,402,725350.0,73350.0,2024-01-01,2025-12-31,307,1.1149110807113543,0.5499316005471956,0.41997264021887826,0.10112359550561797
3245,NoteBook A7,Stationery,40.0,36,18,1440.0,360.0,2024-01-19,2025-09-20,18,0.049247606019151846,0.024623803009575923,0.024623803009575923,0.25
3246,NewsPaper SundayTimes,General Grocery,180.0,28,15,5040.0,280.0,2024-02-04,2025-11-16,15,0.038303693570451436,0.02051983584131327,0.02051983584131327,0.05555555555555555
3247,Maggi Coconut Milk Powder 300g,Dairy & Chilled,1100.0,521,127,573100.0,52100.0,2024-01-08,2025-12-22,112,0.7127222982216143,0.17373461012311903,0.15321477428180574,0.09090909090909091
3248,Edinborouah Mango Chutney 885g,General Grocery,1050.0,32,20,33600.0,1600.0,2024-01-27,2025-12-09,19,0.04377564979480164,0.027359781121751026,0.025991792065663474,0.047619047619047616
3249,Bag black,General Grocery,20.0,27,14,540.0,135.0,2024-04-16,2025-11-21,14,0.036935704514363885,0.019151846785225718,0.019151846785225718,0.25
3250,Rich Life milk,Dairy & Chilled,490.0,118,56,57820.0,4720.0,2024-01-01,2025-12-30,55,0.16142270861833105,0.07660738714090287,0.07523939808481532,0.08163265306122448
3251,aer air freshener 3in1 Jasmine,General Grocery,800.0,19,11,15200.0,950.0,2024-04-06,2025-11-22,11,0.025991792065663474,0.015047879616963064,0.015047879616963064,0.0625
3252,Lovely Toilet Paper,Cleaning & Household,230.0,143,35,32890.0,7150.0,2024-01-10,2025-11-24,34,0.19562243502051985,0.047879616963064295,0.046511627906976744,0.21739130434782608
3253,Sunquick 700ml,General Grocery,1310.0,43,21,56330.0,4730.0,2024-01-06,2025-09-03,21,0.058823529411764705,0.028727770177838577,0.028727770177838577,0.08396946564885496
3254,Sunquick Orange 700ml,General Grocery,1310.0,24,12,31440.0,1440.0,2024-01-23,2025-12-12,12,0.03283173734610123,0.016415868673050615,0.016415868673050615,0.04580152671755725
3255,Jack Mackerel,General Grocery,560.0,34,16,19040.0,2720.0,2024-01-30,2025-12-24,16,0.046511627906976744,0.02188782489740082,0.02188782489740082,0.14285714285714285
3256,Gram Flour 200g,Staples & Dry Groceries,150.0,236,50,35400.0,7080.0,2024-01-11,2025-12-26,47,0.3228454172366621,0.06839945280437756,0.06429548563611491,0.2
3257,MyJuicee Mango Nectar 180ml,Beverages,120.0,659,221,79080.0,13180.0,2024-01-07,2025-12-30,174,0.9015047879616963,0.3023255813953488,0.23803009575923392,0.16666666666666666
3258,Khomba original Budget Pack,General Grocery,125.0,25,13,3125.0,625.0,2024-01-27,2025-11-27,13,0.03419972640218878,0.017783857729138167,0.017783857729138167,0.2
3259,Panadol 240 Tablets,Health & Medicine,837.6,26,17,21777.6,2277.6,2024-01-01,2025-12-28,17,0.03556771545827633,0.023255813953488372,0.023255813953488372,0.10458452722063037
3260,Baby Cheramy jasmine cologne 100ml,Baby & Kids,575.0,65,37,37375.0,4875.0,2024-01-05,2025-12-24,37,0.08891928864569083,0.0506155950752394,0.0506155950752394,0.13043478260869565
3261,Hit aerosol for cockroaches,General Grocery,695.0,44,18,30580.0,4180.0,2024-02-08,2025-12-16,17,0.060191518467852256,0.024623803009575923,0.023255813953488372,0.1366906474820144
