product_id,product_name,category,cost_price,retail_price,total_quantity_sold,total_revenue,total_profit,invoice_count,active_days,active_months,avg_monthly_quantity,max_monthly_quantity,high_demand_quantity,normal_month_quantity,high_demand_quantity_share,recency_days,movement_score,movement_level,predicted_movement_level,probability_fast_moving,probability_medium_moving,probability_slow_moving
1479,White Sugar 1kg,Staples & Dry Groceries,210.0,230.0,8309,1911070.0,166180.0,1849,609,24,346.2083333333333,1045,6819,1490,0.820676375015044,0,0.9866438356164384,Fast Moving,Fast Moving,1.0,0.0,0.0
1478,White Sugar 1kg (Pkt),Staples & Dry Groceries,230.0,250.0,7924,1981000.0,158480.0,1766,598,24,330.1666666666667,987,6686,1238,0.8437657748611812,0,0.9862557077625571,Fast Moving,Fast Moving,1.0,0.0,0.0
2344,Coconut Oil 750ml (loose),Cooking Essentials,680.0,720.0,4932,3551040.0,197280.0,1131,516,24,205.5,590,4005,927,0.8120437956204379,0,0.9856164383561644,Fast Moving,Fast Moving,1.0,0.0,0.0
1853,CBL Ginger Biscuits 400g,Cooking Essentials,211.2,240.0,4725,1134000.0,136080.0,1122,551,24,196.875,385,3664,1061,0.7754497354497355,0,0.9841552511415526,Fast Moving,Fast Moving,1.0,0.0,0.0
2008,Marina Coconut Oil 350ml,Cooking Essentials,295.0,322.0,4707,1515654.0,127089.0,1104,557,24,196.125,385,3624,1083,0.769917144678139,0,0.9839041095890411,Fast Moving,Fast Moving,1.0,0.0,0.0
2861,Coconut Milk 500ml,Dairy & Chilled,225.0,250.0,4723,1180750.0,118075.0,1105,516,24,196.79166666666666,645,3846,877,0.81431293669278,0,0.9838127853881279,Fast Moving,Fast Moving,1.0,0.0,0.0
2172,Wijaya Curry Powder 250g,Cooking Essentials,400.0,450.0,4532,2039400.0,226600.0,1028,509,24,188.83333333333334,566,3681,851,0.8122241835834069,0,0.9835159817351599,Fast Moving,Fast Moving,1.0,0.0,0.0
1854,CBL Nice Biscuits  100g,Snacks & Confectionery,61.6,70.0,5959,417130.0,50055.6,2151,660,24,248.29166666666666,525,4476,1483,0.7511327403926833,0,0.9831278538812784,Fast Moving,Fast Moving,1.0,0.0,0.0
2045,Edinborough Tomato Sauce 405g,Cooking Essentials,242.0,280.0,4326,1211280.0,164388.0,1039,540,24,180.25,365,3204,1122,0.7406380027739251,0,0.982785388127854,Fast Moving,Fast Moving,1.0,0.0,0.0
2280,Araliya Premium Nadu Rice 1kg,Staples & Dry Groceries,116.0,120.0,4869,584280.0,19476.0,1098,512,24,202.875,599,3964,905,0.8141302115424112,0,0.9824429223744292,Fast Moving,Fast Moving,1.0,0.0,0.0
2019,Harischandra Noodles 400g,Staples & Dry Groceries,123.0,150.0,4254,638100.0,114858.0,1019,543,24,177.25,303,3167,1087,0.7444757874941231,0,0.9809817351598175,Fast Moving,Fast Moving,1.0,0.0,0.0
2046,Edinborough Tomato Sauce 375g,Cooking Essentials,162.0,180.0,4095,737100.0,73710.0,1018,540,24,170.625,339,3033,1062,0.7406593406593407,0,0.9807990867579909,Fast Moving,Fast Moving,1.0,0.0,0.0
2056,Maggi Coconut Milk Powder 125g,Dairy & Chilled,197.0,210.0,7686,1614060.0,99918.0,1804,631,24,320.25,734,6104,1582,0.7941712204007286,1,0.9804680365296804,Fast Moving,Fast Moving,1.0,0.0,0.0
3144,GoodKnight Mosquito Coil 10Hours,General Grocery,150.0,180.0,3888,699840.0,116640.0,918,512,24,162.0,348,2993,895,0.7698045267489712,0,0.9786529680365298,Fast Moving,Fast Moving,1.0,0.0,0.0
1496,Tiara Layer Cake (Chocolate)310g,Snacks & Confectionery,221.0,260.0,2826,734760.0,110214.0,1005,507,24,117.75,322,2238,588,0.7919320594479831,0,0.9779680365296803,Fast Moving,Fast Moving,1.0,0.0,0.0
2514,Pears Baby Oil (Olive Oil) 100ml,Baby & Kids,122.26999999999998,140.0,3718,520520.0,65920.14,901,511,24,154.91666666666666,303,2730,988,0.7342657342657343,0,0.9774657534246576,Fast Moving,Fast Moving,1.0,0.0,0.0
2002,Ocean Star Canned Fish 425g,"Meat, Fish & Frozen",325.0,360.0,2071,745560.0,72485.0,1047,526,24,86.29166666666667,144,1321,750,0.637856108160309,0,0.9763698630136987,Fast Moving,Fast Moving,1.0,0.0,0.0
3189,Fortune RBD Coconut Oil 200ml,Cooking Essentials,360.0,375.0,3001,1125375.0,45015.0,717,446,24,125.04166666666667,301,2288,713,0.7624125291569477,0,0.9751598173515982,Fast Moving,Fast Moving,1.0,0.0,0.0
1836,Maliban Ginger Biscuit 370g,Cooking Essentials,180.0,200.0,4121,824200.0,82420.0,955,498,24,171.70833333333334,434,3366,755,0.8167920407668042,1,0.974703196347032,Fast Moving,Fast Moving,1.0,0.0,0.0
3195,Rexona Jasmine & olive oil Soap 80g,Personal Care,100.0,115.0,3294,378810.0,49410.0,781,455,24,137.25,265,2460,834,0.7468123861566485,0,0.9746575342465754,Fast Moving,Fast Moving,1.0,0.0,0.0
1564,Watawala Tea 100g,Beverages,268.18,295.0,3002,885590.0,80513.64,1117,544,24,125.08333333333333,236,2278,724,0.7588274483677548,1,0.9746232876712329,Fast Moving,Fast Moving,1.0,0.0,0.0
2279,Araliya Premium Samba Rice 1kg,Staples & Dry Groceries,140.0,150.0,4121,618150.0,41210.0,998,504,24,171.70833333333334,438,3334,787,0.8090269352099005,1,0.974474885844749,Fast Moving,Fast Moving,1.0,0.0,0.0
3116,Candy Sugar 80g,Staples & Dry Groceries,100.0,130.0,3019,392470.0,90570.0,748,464,24,125.79166666666667,260,2277,742,0.754223252732693,0,0.9740182648401826,Fast Moving,Fast Moving,1.0,0.0,0.0
1188,Baby Diaper (Softlove) 4pcs /L,Baby & Kids,185.0,210.0,1914,401940.0,47850.0,1127,543,24,79.75,147,1288,626,0.6729362591431557,0,0.9737899543378996,Fast Moving,Fast Moving,1.0,0.0,0.0
2713,Sera Turmeric Powder 25g,Cooking Essentials,175.0,190.0,2953,561070.0,44295.0,720,457,24,123.04166666666667,275,2294,659,0.77683711479851,0,0.9735844748858448,Fast Moving,Fast Moving,1.0,0.0,0.0
2378,Zesta Tea (BOPF) 390g,Beverages,490.91,540.0,2810,1517400.0,137942.9,1003,534,24,117.08333333333333,313,2189,621,0.7790035587188612,1,0.9731164383561645,Fast Moving,Fast Moving,1.0,0.0,0.0
2069,CocaCola 1.5L,General Grocery,400.0,420.0,1858,780360.0,37160.0,957,494,24,77.41666666666667,197,1320,538,0.7104413347685683,0,0.9728767123287672,Fast Moving,Fast Moving,1.0,0.0,0.0
3006,Spinner Sugar Free 250ml,Staples & Dry Groceries,340.0,350.0,2821,987350.0,28210.0,665,395,24,117.54166666666667,309,2323,498,0.8234668557249203,0,0.9725570776255709,Fast Moving,Fast Moving,1.0,0.0,0.0
2478,Ritzbury Chocolate (Peanut) 45g,Snacks & Confectionery,63.0,70.0,2756,192920.0,19292.0,967,502,24,114.83333333333333,298,2210,546,0.8018867924528302,0,0.9712785388127854,Fast Moving,Fast Moving,1.0,0.0,0.0
2068,CocaCola 1050ml,General Grocery,280.0,300.0,1835,550500.0,36700.0,954,485,24,76.45833333333333,198,1363,472,0.7427792915531335,0,0.9709931506849315,Fast Moving,Fast Moving,1.0,0.0,0.0
2020,Harischandra Noodles 400g (2minutes),Staples & Dry Groceries,125.0,150.0,3428,514200.0,85700.0,804,480,24,142.83333333333334,299,2659,769,0.7756709451575262,1,0.9707191780821919,Fast Moving,Fast Moving,1.0,0.0,0.0
1635,Ritzbury  Chunky-Choc (Classic)200g,General Grocery,198.0,220.0,1817,399740.0,39974.0,954,488,24,75.70833333333333,189,1316,501,0.7242707760044028,0,0.9699657534246576,Fast Moving,Fast Moving,1.0,0.0,0.0
1656,Motha Icing Sugar 500g,Staples & Dry Groceries,239.0,265.0,2561,678665.0,66586.0,566,301,24,106.70833333333333,321,2331,230,0.9101913315111285,0,0.9699543378995433,Fast Moving,Fast Moving,1.0,0.0,0.0
1852,CBL Ginger Biscuits 85g,Cooking Essentials,60.0,70.0,3012,210840.0,30120.0,703,426,24,125.5,292,2287,725,0.7592961487383798,0,0.9691210045662101,Fast Moving,Fast Moving,1.0,0.0,0.0
1657,Motha Icing Sugar 1kg,Staples & Dry Groceries,450.0,500.0,2852,1426000.0,142600.0,683,391,24,118.83333333333333,426,2289,563,0.8025946704067322,1,0.9682876712328766,Fast Moving,Fast Moving,1.0,0.0,0.0
2629,Prima Self Raising Flour 1kg,Staples & Dry Groceries,153.0,170.0,2372,403240.0,40324.0,501,281,24,98.83333333333333,318,2199,173,0.9270657672849916,0,0.9681963470319636,Fast Moving,Fast Moving,0.9825994106737892,0.01740058932621082,0.0
1915,Sunlight 2in1 (Lemon) 1kg,Cleaning & Household,170.0,215.0,1698,365070.0,76410.0,952,503,24,70.75,158,1184,514,0.6972909305064782,0,0.9680136986301371,Fast Moving,Fast Moving,0.9990227088402271,0.0009772911597729116,0.0
2009,Marina Coconut Oil 675ml,Cooking Essentials,550.0,670.0,2087,1398290.0,250440.0,449,235,24,86.95833333333333,446,1884,203,0.9027311931001437,0,0.9679680365296804,Fast Moving,Fast Moving,1.0,0.0,0.0
1567,Watawala Ayurvedic Tea 160g,Beverages,324.0,360.0,1852,666720.0,66672.0,685,433,24,77.16666666666667,150,1371,481,0.740280777537797,0,0.9675799086757991,Fast Moving,Fast Moving,1.0,0.0,0.0
2059,Renuka Coconut Milk Powder 300g,Dairy & Chilled,475.0,495.0,3070,1519650.0,61400.0,737,457,24,127.91666666666667,280,2285,785,0.744299674267101,2,0.9672831050228312,Fast Moving,Fast Moving,1.0,0.0,0.0
2170,Wijaya Curry Powder 50g,Cooking Essentials,45.0,50.0,3525,176250.0,17625.0,835,476,24,146.875,270,2735,790,0.775886524822695,1,0.9658333333333334,Fast Moving,Fast Moving,1.0,0.0,0.0
1449,Milo Drink 180ml,Beverages,115.0,130.0,2293,298090.0,34395.0,877,512,24,95.54166666666667,206,1690,603,0.737025730484082,1,0.9655593607305937,Fast Moving,Fast Moving,1.0,0.0,0.0
3055,Signal Toothpaste 120g,Personal Care,230.0,240.0,1621,389040.0,16210.0,940,490,24,67.54166666666667,151,1125,496,0.6940160394818014,0,0.9649771689497717,Fast Moving,Fast Moving,1.0,0.0,0.0
3043,Sunlight 2Bar,Cleaning & Household,110.0,125.0,1660,207500.0,24900.0,960,497,24,69.16666666666667,173,1180,480,0.7108433734939759,0,0.9644863013698631,Fast Moving,Fast Moving,1.0,0.0,0.0
2330,"Kome Rice Cracker 90G (B,B,Q)",Staples & Dry Groceries,108.0,120.0,2110,253200.0,25320.0,466,331,24,87.91666666666667,196,1657,453,0.7853080568720379,0,0.9635844748858448,Fast Moving,Fast Moving,1.0,0.0,0.0
3187,Diva Power Liquid Detergent 1L,Cleaning & Household,700.0,750.0,1629,1221750.0,81450.0,966,495,24,67.875,157,1112,517,0.6826273787599755,1,0.963458904109589,Fast Moving,Fast Moving,0.9990227088402271,0.0009772911597729116,0.0
3057,Signal Toothpaste 70g,Personal Care,180.0,200.0,1707,341400.0,34140.0,980,526,24,71.125,107,1081,626,0.6332747510251904,1,0.9633904109589041,Fast Moving,Fast Moving,1.0,0.0,0.0
2016,Fortune Coconut Oil 675ml,Cooking Essentials,500.0,550.0,2065,1135750.0,103250.0,483,347,24,86.04166666666667,215,1651,414,0.7995157384987893,1,0.9632534246575343,Fast Moving,Fast Moving,1.0,0.0,0.0
2012,Marina Vegetable Oil 500ml,Cooking Essentials,355.0,390.0,1815,707850.0,63525.0,443,325,24,75.625,164,1357,458,0.7476584022038567,0,0.962785388127854,Fast Moving,Fast Moving,1.0,0.0,0.0
1721,LankaSoy (polos curry)90g,Cooking Essentials,70.0,75.0,2052,153900.0,10260.0,481,334,24,85.5,201,1564,488,0.7621832358674464,0,0.9605479452054795,Fast Moving,Fast Moving,1.0,0.0,0.0
3119,Rice Flakes (Samuel's Product) 200g,Staples & Dry Groceries,120.0,150.0,1899,284850.0,56970.0,438,318,24,79.125,174,1493,406,0.7862032648762507,0,0.9605479452054795,Fast Moving,Fast Moving,1.0,0.0,0.0
1166,Dove Shampoo (Intense) 180ml,Personal Care,280.0,315.0,1378,434070.0,48230.0,763,453,24,57.416666666666664,106,903,475,0.6552975326560232,0,0.9604337899543379,Fast Moving,Fast Moving,1.0,0.0,0.0
1967,Edinborough Mustard Cream165g,Cooking Essentials,147.99,185.0,2081,384985.0,77017.81,476,317,24,86.70833333333333,220,1739,342,0.8356559346468044,1,0.9603082191780822,Fast Moving,Fast Moving,1.0,0.0,0.0
3018,LifeBuoy Shampoo 175ml,Personal Care,435.72,520.0,1314,683280.0,110743.92,741,443,24,54.75,87,838,476,0.6377473363774734,0,0.9598858447488585,Fast Moving,Fast Moving,1.0,0.0,0.0
1799,Asiri Sugar Candy 100g60,Staples & Dry Groceries,48.0,60.0,2018,121080.0,24216.0,494,361,24,84.08333333333333,208,1560,458,0.7730426164519326,0,0.9593150684931506,Fast Moving,Fast Moving,1.0,0.0,0.0
2510,Kakulu-Samba Rice 1kg,Staples & Dry Groceries,200.0,240.0,1869,448560.0,74760.0,462,345,24,77.875,164,1397,472,0.7474585339753879,1,0.9581506849315069,Fast Moving,Fast Moving,1.0,0.0,0.0
1270,Lifebuoy Turmeric 100g,Cooking Essentials,57.77000000000001,63.0,1980,124740.0,10355.4,457,327,24,82.5,198,1556,424,0.7858585858585858,0,0.9572716894977169,Fast Moving,Fast Moving,1.0,0.0,0.0
1655,Motha Icing Sugar 250g,Staples & Dry Groceries,220.0,240.0,2623,629520.0,52460.0,579,307,24,109.29166666666667,570,2345,278,0.8940144872283645,3,0.9572602739726027,Fast Moving,Fast Moving,1.0,0.0,0.0
1416,Highland  Vanilla Milk 180ml,Dairy & Chilled,80.0,100.0,1670,167000.0,33400.0,871,487,24,69.58333333333333,127,1130,540,0.6766467065868264,1,0.9565981735159818,Fast Moving,Fast Moving,1.0,0.0,0.0
3194,Rexona Kohomba & Turmeric Soap 80g,Personal Care,100.0,115.0,1441,165715.0,21615.0,839,467,24,60.041666666666664,106,969,472,0.6724496877168633,0,0.9565981735159818,Fast Moving,Fast Moving,1.0,0.0,0.0
1410,Prima Tea Bun 75g,Beverages,52.15,60.0,1752,105120.0,13753.199999999999,653,420,24,73.0,143,1237,515,0.7060502283105022,0,0.9565296803652967,Fast Moving,Fast Moving,1.0,0.0,0.0
2512,Pears Baby Soap (Aloevera) 95g,Baby & Kids,63.63,70.0,1592,111440.0,10141.04,896,488,24,66.33333333333333,127,1056,536,0.6633165829145728,0,0.9560045662100457,Fast Moving,Fast Moving,1.0,0.0,0.0
3206,Pears Baby Cream 100ml,Baby & Kids,350.0,370.0,1236,457320.0,24720.0,702,449,24,51.5,90,778,458,0.6294498381877023,0,0.9556164383561644,Fast Moving,Fast Moving,1.0,0.0,0.0
3190,Fortune Cooking Oil RBD Palm Olein 2L,Cooking Essentials,2300.0,2370.0,1608,3810960.0,112560.0,395,302,24,67.0,144,1264,344,0.7860696517412935,0,0.9554908675799086,Fast Moving,Fast Moving,1.0,0.0,0.0
1569,Zesta Tea (BOPF) 100g,Beverages,320.0,360.0,1322,475920.0,52880.0,479,351,24,55.083333333333336,127,973,349,0.7360060514372163,0,0.9551598173515982,Fast Moving,Fast Moving,1.0,0.0,0.0
2276,T.R.M. Kekulu Rice 1kg,Staples & Dry Groceries,95.0,100.0,1962,196200.0,9810.0,463,324,24,81.75,187,1573,389,0.8017329255861366,1,0.9550342465753424,Fast Moving,Fast Moving,1.0,0.0,0.0
3060,Signal Triple Clean Adult Toothbrush,Personal Care,100.0,110.0,1356,149160.0,13560.0,793,463,24,56.5,91,859,497,0.633480825958702,0,0.9547488584474886,Fast Moving,Fast Moving,1.0,0.0,0.0
2194,Freelan Chilli  Powder 100g,Cooking Essentials,88.0,100.0,1952,195200.0,23424.0,461,336,24,81.33333333333333,233,1422,530,0.7284836065573771,1,0.9543949771689497,Fast Moving,Fast Moving,1.0,0.0,0.0
1998,Crunchy Peanut Butter325g,General Grocery,450.0,500.0,1224,612000.0,61200.0,634,407,24,51.0,115,813,411,0.6642156862745098,0,0.9543835616438356,Fast Moving,Fast Moving,1.0,0.0,0.0
2003,Ocean Star Canned Fish 155g,"Meat, Fish & Frozen",190.0,200.0,1500,300000.0,15000.0,789,468,24,62.5,106,1032,468,0.688,1,0.9542808219178082,Fast Moving,Fast Moving,1.0,0.0,0.0
2773,Wijaya Noodles 400g,Staples & Dry Groceries,121.0,145.0,1660,240700.0,39840.0,402,303,24,69.16666666666667,143,1271,389,0.7656626506024097,0,0.9531963470319635,Fast Moving,Fast Moving,1.0,0.0,0.0
2176,Wijaya Roasted Curry Powder 50g,Cooking Essentials,48.0,55.0,1863,102465.0,13041.0,430,319,24,77.625,162,1380,483,0.7407407407407407,0,0.9531392694063928,Fast Moving,Fast Moving,1.0,0.0,0.0
1900,Sunlight Care Liquid (naturals)1L,Cleaning & Household,300.0,325.0,1184,384800.0,29600.0,711,462,24,49.333333333333336,87,742,442,0.6266891891891891,0,0.952785388127854,Fast Moving,Fast Moving,1.0,0.0,0.0
1977,Edinborough Chilli Sauce230g,Cooking Essentials,160.0,170.0,1802,306340.0,18020.0,417,319,24,75.08333333333333,172,1423,379,0.7896781354051055,1,0.9526598173515982,Fast Moving,Fast Moving,1.0,0.0,0.0
3063,Ayush Toothpaste 110g,Personal Care,260.0,285.0,1312,373920.0,32800.0,773,472,24,54.666666666666664,89,815,497,0.6211890243902439,1,0.9525228310502284,Fast Moving,Fast Moving,1.0,0.0,0.0
2517,Sunlight Care Liquid 1L,Cleaning & Household,272.72,300.0,1183,354900.0,32272.24,710,444,24,49.291666666666664,89,784,399,0.6627218934911243,0,0.9520890410958904,Fast Moving,Fast Moving,1.0,0.0,0.0
2736,Maldive Fish Bottle 100g,Cooking Essentials,140.0,230.0,1694,389620.0,152460.0,408,298,24,70.58333333333333,144,1293,401,0.7632821723730815,1,0.9519406392694064,Fast Moving,Fast Moving,1.0,0.0,0.0
2367,Aluminium Foil 37.5sq.ft,General Grocery,465.0,565.0,1607,907955.0,160700.0,382,290,24,66.95833333333333,143,1177,430,0.7324206596141879,0,0.9518036529680366,Fast Moving,Fast Moving,1.0,0.0,0.0
2845,Asiri Sweet Peanuts 100g,Snacks & Confectionery,210.0,250.0,1285,321250.0,51400.0,475,347,24,53.541666666666664,107,938,347,0.7299610894941634,0,0.9517808219178082,Fast Moving,Fast Moving,1.0,0.0,0.0
1926,Bubble Detergent Powder 500g,Cleaning & Household,120.0,140.0,1242,173880.0,24840.0,720,447,24,51.75,96,845,397,0.6803542673107891,0,0.95162100456621,Fast Moving,Fast Moving,1.0,0.0,0.0
3155,Sunlight 2in1 500g,Cleaning & Household,150.0,180.0,1223,220140.0,36690.0,710,434,24,50.958333333333336,89,790,433,0.6459525756336877,0,0.9514840182648402,Fast Moving,Fast Moving,1.0,0.0,0.0
2684,Rin Detergent Powder 1kg,Cleaning & Household,154.54,170.0,1355,230350.0,20948.3,786,472,24,56.458333333333336,95,893,462,0.659040590405904,1,0.9514041095890411,Fast Moving,Fast Moving,1.0,0.0,0.0
2047,Edinborough Chilli Sauce 405g,Cooking Essentials,247.99,290.0,1627,471830.0,68350.27,385,290,24,67.79166666666667,130,1193,434,0.7332513829133375,0,0.9511872146118722,Fast Moving,Fast Moving,1.0,0.0,0.0
1151,Sunsilk Shampoo (Black)180ml,Personal Care,201.79,265.0,1260,333900.0,79644.6,739,455,24,52.5,98,797,463,0.6325396825396825,1,0.950810502283105,Fast Moving,Fast Moving,1.0,0.0,0.0
2190,Freelan Meat Curry Powder 250g,Cooking Essentials,330.0,420.0,1650,693000.0,148500.0,399,304,24,68.75,133,1199,451,0.7266666666666667,1,0.9506963470319635,Fast Moving,Fast Moving,1.0,0.0,0.0
1275,Sunlight ( Lime & Orange) 115g,Cleaning & Household,46.0,50.0,1644,82200.0,6576.0,935,488,24,68.5,171,1165,479,0.7086374695863747,1,0.9506050228310502,Fast Moving,Fast Moving,1.0,0.0,0.0
3034,Pears Baby Cream 50ml,Baby & Kids,170.0,180.0,1200,216000.0,12000.0,703,415,24,50.0,82,790,410,0.6583333333333333,0,0.9503995433789955,Fast Moving,Fast Moving,1.0,0.0,0.0
2371,Cooking Oil 750ml (loose),Cooking Essentials,680.0,750.0,1639,1229250.0,114730.0,394,301,24,68.29166666666667,157,1245,394,0.7596095179987797,1,0.9502511415525113,Fast Moving,Fast Moving,1.0,0.0,0.0
3080,BabyCheramy Moisturizes & Cares Baby Shampoo 100ml,Baby & Kids,280.0,290.0,1155,334950.0,11550.0,682,407,24,48.125,89,798,357,0.6909090909090909,0,0.9500913242009132,Fast Moving,Fast Moving,1.0,0.0,0.0
1119,Silicone oil 25ml,Cooking Essentials,180.0,195.0,1636,319020.0,24540.0,385,286,24,68.16666666666667,144,1227,409,0.75,0,0.9500228310502283,Fast Moving,Fast Moving,1.0,0.0,0.0
2048,Edinborough Oyster Sauce 210g,Cooking Essentials,300.0,340.0,1596,542640.0,63840.0,380,278,24,66.5,122,1218,378,0.7631578947368421,0,0.9494748858447489,Fast Moving,Fast Moving,1.0,0.0,0.0
1575,Dilmah Strong Tea 100g,Beverages,120.0,140.0,1317,184380.0,26340.0,462,331,24,54.875,142,982,335,0.7456340167046317,0,0.9491210045662101,Fast Moving,Fast Moving,1.0,0.0,0.0
2036,Prima Instant Noodles 345g,Staples & Dry Groceries,168.0,220.0,1582,348040.0,82264.0,386,282,24,65.91666666666667,138,1168,414,0.7383059418457648,0,0.9489611872146119,Fast Moving,Fast Moving,1.0,0.0,0.0
2832,Closeup Toothpaste 120g,Personal Care,150.0,170.0,1268,215560.0,25360.0,749,455,24,52.833333333333336,90,783,485,0.6175078864353313,1,0.9488470319634703,Fast Moving,Fast Moving,1.0,0.0,0.0
2622,Baby Cheramy Baby Cologne 50ml,Baby & Kids,144.12,165.0,1188,196020.0,24805.44,686,407,24,49.5,97,809,379,0.680976430976431,0,0.948812785388128,Fast Moving,Fast Moving,1.0,0.0,0.0
1562,Sun Silk Shampoo (King-coconut)80ML,Personal Care,112.0,160.0,1650,264000.0,79200.0,376,295,24,68.75,168,1193,457,0.723030303030303,0,0.9483561643835616,Fast Moving,Fast Moving,1.0,0.0,0.0
1789,Asiri Ddevilled Dhal 100g,Staples & Dry Groceries,48.0,60.0,1680,100800.0,20160.0,404,310,24,70.0,145,1317,363,0.7839285714285714,0,0.9482876712328767,Fast Moving,Fast Moving,1.0,0.0,0.0
1422,Highland Milk Powder 400g,Dairy & Chilled,364.15,470.0,1037,487390.0,109766.45,550,375,24,43.208333333333336,81,756,281,0.7290260366441659,0,0.9476940639269407,Fast Moving,Fast Moving,1.0,0.0,0.0
1187,Baby Diaper (Softlove) 4pcs /M,Baby & Kids,185.0,210.0,1137,238770.0,28425.0,646,428,24,47.375,85,695,442,0.6112576956904133,0,0.9476255707762558,Fast Moving,Fast Moving,1.0,0.0,0.0
2814,Baby Cheramy Shampoo 100ml,Baby & Kids,143.76,160.0,1179,188640.0,19146.96,683,435,24,49.125,94,721,458,0.6115351993214588,0,0.9475228310502284,Fast Moving,Fast Moving,1.0,0.0,0.0
2603,Rin Detergent Powder 500g,Cleaning & Household,81.81,90.0,1223,110070.0,10016.369999999999,720,445,24,50.958333333333336,95,803,420,0.6565821749795585,0,0.9474315068493152,Fast Moving,Fast Moving,1.0,0.0,0.0
1878,Dettol Hand Wash (sensitive) 200ml,Cleaning & Household,272.73,300.0,1087,326100.0,29642.489999999998,610,400,24,45.291666666666664,87,743,344,0.6835326586936522,0,0.9473744292237444,Fast Moving,Fast Moving,1.0,0.0,0.0
1626,Ritzbury Milk Chocolate 45g,Dairy & Chilled,100.0,130.0,1208,157040.0,36240.0,617,369,24,50.333333333333336,173,906,302,0.75,0,0.9473287671232877,Fast Moving,Fast Moving,1.0,0.0,0.0
1566,Watawala Tea 400g,Beverages,1036.36,1140.0,1084,1235760.0,112345.76000000001,416,315,24,45.166666666666664,109,795,289,0.7333948339483395,0,0.9462557077625572,Fast Moving,Fast Moving,1.0,0.0,0.0
3180,Edinborouah Dark Soya Sauce 600ml,Cooking Essentials,700.0,720.0,1507,1085040.0,30140.0,388,289,24,62.791666666666664,121,1147,360,0.761114797611148,1,0.9460616438356165,Fast Moving,Fast Moving,1.0,0.0,0.0
1419,Highland Butter (Salted) 200g,Dairy & Chilled,970.0,1100.0,921,1013100.0,119730.0,477,325,24,38.375,91,645,276,0.7003257328990228,0,0.9455251141552512,Fast Moving,Fast Moving,1.0,0.0,0.0
1818,CBL Bran Cracker 160g,Snacks & Confectionery,90.0,100.0,1309,130900.0,13090.0,446,324,24,54.541666666666664,124,972,337,0.7425515660809778,0,0.945433789954338,Fast Moving,Fast Moving,1.0,0.0,0.0
2856,Anchor Butter 227g,Dairy & Chilled,625.0,680.0,961,653480.0,52855.0,484,264,24,40.041666666666664,116,853,108,0.8876170655567117,0,0.9453424657534246,Fast Moving,Fast Moving,1.0,0.0,0.0
2513,Pears Baby Soap (Venivel) 95g,Baby & Kids,63.63,70.0,1197,83790.0,7624.89,700,455,24,49.875,81,717,480,0.5989974937343359,0,0.9429566210045662,Fast Moving,Fast Moving,0.9961362518971377,0.003863748102862273,0.0
2141,Mini Chips (curry flavour)27g,Cooking Essentials,35.0,40.0,1630,65200.0,8150.0,401,302,24,67.91666666666667,126,1165,465,0.7147239263803681,0,0.9417009132420092,Fast Moving,Fast Moving,1.0,0.0,0.0
3150,GreenLand Sweet Corn 425g,Snacks & Confectionery,750.0,790.0,1113,879270.0,44520.0,413,307,24,46.375,104,840,273,0.7547169811320755,1,0.9408219178082192,Fast Moving,Fast Moving,1.0,0.0,0.0
1645,Motha Baking Powder 100g,General Grocery,350.0,380.0,882,335160.0,26460.0,457,249,24,36.75,123,809,73,0.9172335600907029,0,0.9404908675799087,Fast Moving,Fast Moving,0.9966986301369863,0.003301369863013699,0.0
2029,Sera Regular Noodles 400g,Staples & Dry Groceries,108.0,120.0,1466,175920.0,17592.0,357,274,24,61.083333333333336,170,1083,383,0.7387448840381992,0,0.93925799086758,Fast Moving,Fast Moving,1.0,0.0,0.0
2393,Kist Tomato Sauce 15g,Cooking Essentials,18.0,20.0,1751,35020.0,3502.0,431,320,24,72.95833333333333,157,1315,436,0.7509994288977727,0,0.9392009132420093,Fast Moving,Fast Moving,1.0,0.0,0.0
1418,Highland Fresh Milk 900ml,Dairy & Chilled,340.0,380.0,865,328700.0,34600.0,448,327,24,36.041666666666664,69,586,279,0.6774566473988439,0,0.9391552511415526,Fast Moving,Fast Moving,1.0,0.0,0.0
2171,Wijaya Curry Powder 100g,Cooking Essentials,89.0,102.0,1507,153714.0,19591.0,351,232,24,62.791666666666664,291,1310,197,0.8692767086927671,0,0.938230593607306,Fast Moving,Fast Moving,1.0,0.0,0.0
2010,Marina Coconut Oil 500ml,Cooking Essentials,410.0,450.0,1249,562050.0,49960.0,282,214,24,52.041666666666664,164,1035,214,0.8286629303442754,0,0.938082191780822,Fast Moving,Fast Moving,1.0,0.0,0.0
2007,Marina Coconut Oil 200ml,Cooking Essentials,170.0,188.0,1603,301364.0,28854.0,347,232,24,66.79166666666667,319,1360,243,0.8484092326887087,1,0.9380136986301371,Fast Moving,Fast Moving,1.0,0.0,0.0
3244,Nestle Milkmaid 510g,General Grocery,800.0,890.0,815,725350.0,73350.0,402,307,24,33.958333333333336,67,538,277,0.660122699386503,0,0.9375456621004566,Fast Moving,Fast Moving,1.0,0.0,0.0
1584,Lipton Ceylonta Tea 200g,Beverages,245.45,270.0,1109,299430.0,27225.95,380,238,24,46.208333333333336,187,944,165,0.8512173128944995,0,0.9368264840182648,Fast Moving,Fast Moving,1.0,0.0,0.0
2432,Little Lion Milky Cookies 200g,General Grocery,131.25,170.0,911,154870.0,35301.25,470,322,24,37.958333333333336,82,668,243,0.7332601536772777,0,0.9368264840182648,Fast Moving,Fast Moving,1.0,0.0,0.0
2013,Marina Coconut Milk 400ml,Dairy & Chilled,200.0,225.0,1670,375750.0,41750.0,398,261,24,69.58333333333333,259,1382,288,0.8275449101796407,6,0.9364497716894976,Fast Moving,Fast Moving,1.0,0.0,0.0
2928,Revello Dark Chocolate 100g,Snacks & Confectionery,620.0,650.0,1173,762450.0,35190.0,404,295,24,48.875,108,875,298,0.7459505541346974,2,0.9363470319634704,Fast Moving,Fast Moving,1.0,0.0,0.0
2634,Kotmale Milk With Oats 1L,Dairy & Chilled,242.68,280.0,830,232400.0,30975.6,435,304,24,34.583333333333336,76,573,257,0.6903614457831325,0,0.9362328767123288,Fast Moving,Fast Moving,1.0,0.0,0.0
1822,CBL Sun Cracker 95g,Snacks & Confectionery,63.0,70.0,1325,92750.0,9275.0,488,318,24,55.208333333333336,161,1065,260,0.8037735849056604,2,0.936027397260274,Fast Moving,Fast Moving,1.0,0.0,0.0
1043,Baby Cheramy Oil 100ml,Baby & Kids,420.0,470.0,1535,721450.0,76750.0,345,286,24,63.958333333333336,126,1143,392,0.7446254071661238,2,0.9359817351598174,Fast Moving,Fast Moving,1.0,0.0,0.0
2952,Bun Talk Sugar Cookies,Staples & Dry Groceries,80.0,100.0,1402,140200.0,28040.0,321,248,24,58.416666666666664,224,1162,240,0.8288159771754636,0,0.9352739726027398,Fast Moving,Fast Moving,1.0,0.0,0.0
2645,Plaza Canned Fish 425g,"Meat, Fish & Frozen",365.0,390.0,802,312780.0,20050.0,410,311,24,33.416666666666664,63,549,253,0.6845386533665836,0,0.9352739726027397,Fast Moving,Fast Moving,1.0,0.0,0.0
1121,Axe oil 5ml,Cooking Essentials,180.0,200.0,1642,328400.0,32840.0,398,311,24,68.41666666666667,133,1233,409,0.7509135200974422,6,0.9345662100456621,Fast Moving,Fast Moving,1.0,0.0,0.0
2700,Kist Mixed Fruit Juice 1L,Beverages,393.75,450.0,1034,465300.0,58162.5,356,222,24,43.083333333333336,185,924,110,0.8936170212765957,0,0.9337671232876713,Fast Moving,Fast Moving,1.0,0.0,0.0
2528,Ambewela Fresh Milk (Chocolate) 1L,Dairy & Chilled,252.88000000000002,290.0,871,252590.0,32331.519999999997,476,333,24,36.291666666666664,62,570,301,0.6544202066590127,1,0.9335273972602739,Fast Moving,Fast Moving,1.0,0.0,0.0
2205,Goraka Paste 250g,General Grocery,125.0,150.0,971,145650.0,24275.0,493,345,24,40.458333333333336,101,679,292,0.6992790937178167,1,0.9335159817351598,Fast Moving,Fast Moving,1.0,0.0,0.0
1870,Little Lion Choco Cookies 180g,General Grocery,166.25,190.0,826,156940.0,19617.5,421,320,24,34.416666666666664,64,562,264,0.6803874092009685,0,0.9329680365296805,Fast Moving,Fast Moving,1.0,0.0,0.0
3058,Signal Toothpaste 160g,Personal Care,260.0,280.0,755,211400.0,15100.0,436,312,24,31.458333333333332,51,430,325,0.5695364238410596,0,0.9328310502283105,Fast Moving,Fast Moving,1.0,0.0,0.0
1288,Senola Soap,Personal Care,45.0,50.0,1039,51950.0,5195.0,621,392,24,43.291666666666664,72,666,373,0.6410009624639076,0,0.9328082191780822,Fast Moving,Fast Moving,1.0,0.0,0.0
2791,Revello Fruit & Nut  Chocolate 170g,Snacks & Confectionery,360.0,400.0,992,396800.0,39680.0,357,210,24,41.333333333333336,192,905,87,0.9122983870967742,0,0.9324771689497716,Fast Moving,Fast Moving,1.0,0.0,0.0
1808,Maliban Smart Cream Cracker 230g,Personal Care,117.0,130.0,814,105820.0,10582.0,476,353,24,33.916666666666664,68,574,240,0.7051597051597052,0,0.9324657534246575,Fast Moving,Fast Moving,1.0,0.0,0.0
3052,Pears Bee's Honey BabySoap 70g,General Grocery,140.0,145.0,844,122380.0,4220.0,417,290,24,35.166666666666664,85,596,248,0.7061611374407583,0,0.9314155251141554,Fast Moving,Fast Moving,1.0,0.0,0.0
1296,Vim Limes (Promo),Cleaning & Household,170.0,180.0,770,138600.0,7700.0,444,314,24,32.083333333333336,77,532,238,0.6909090909090909,0,0.9312557077625571,Fast Moving,Fast Moving,1.0,0.0,0.0
1335,Teepol Dishwash Gel (Lime) 500ml,General Grocery,350.0,380.0,774,294120.0,23220.0,393,303,24,32.25,59,466,308,0.6020671834625323,0,0.930958904109589,Fast Moving,Fast Moving,0.9975357873210635,0.002464212678936605,0.0
1904,Rin Lemon-Rose 200g,Cleaning & Household,36.0,40.0,1192,47680.0,4768.0,700,436,24,49.666666666666664,91,779,413,0.6535234899328859,1,0.9308447488584475,Fast Moving,Fast Moving,0.9966986301369863,0.003301369863013699,0.0
2737,Little Lion Lincoln Biscuit 330g,Snacks & Confectionery,131.25,150.0,1069,160350.0,20043.75,367,224,24,44.541666666666664,189,963,106,0.9008419083255379,0,0.9303767123287672,Fast Moving,Fast Moving,1.0,0.0,0.0
1436,Kotmale Vanilla milk 170ml,Dairy & Chilled,80.0,100.0,875,87500.0,17500.0,424,324,24,36.458333333333336,59,529,346,0.6045714285714285,0,0.9295662100456621,Fast Moving,Fast Moving,0.9975357873210635,0.002464212678936605,0.0
2535,CBL Potato Cracker 110g,Snacks & Confectionery,72.0,80.0,1202,96160.0,9616.0,430,314,24,50.083333333333336,128,894,308,0.7437603993344426,2,0.9293493150684933,Fast Moving,Fast Moving,1.0,0.0,0.0
2336,White Rice Flour 400g,Staples & Dry Groceries,71.43,80.0,1244,99520.0,10661.08,286,207,24,51.833333333333336,245,1027,217,0.8255627009646302,0,0.9282191780821919,Fast Moving,Fast Moving,1.0,0.0,0.0
2774,CBL Snak Cracker 260g,Snacks & Confectionery,297.0,330.0,948,312840.0,31284.0,324,228,24,39.5,133,836,112,0.8818565400843882,0,0.9278082191780822,Fast Moving,Fast Moving,1.0,0.0,0.0
2877,CBL Wafer Stix 55g strawberry,Snacks & Confectionery,110.0,120.0,1107,132840.0,11070.0,386,292,24,46.125,105,830,277,0.7497741644083108,1,0.9275342465753424,Fast Moving,Fast Moving,1.0,0.0,0.0
2862,Diamond Tuna,General Grocery,650.0,750.0,773,579750.0,77300.0,409,313,24,32.208333333333336,73,479,294,0.6196636481241915,2,0.9266666666666667,Fast Moving,Fast Moving,1.0,0.0,0.0
2130,Prima Pittu Flour 1kg,Staples & Dry Groceries,130.0,135.0,1371,185085.0,6855.0,314,205,24,57.125,260,1149,222,0.838074398249453,2,0.9265182648401826,Fast Moving,Fast Moving,1.0,0.0,0.0
2944,Daily Banana Flavoured milk 180ml,Dairy & Chilled,110.0,130.0,765,99450.0,15300.0,412,304,24,31.875,66,534,231,0.6980392156862745,0,0.9263698630136986,Fast Moving,Fast Moving,1.0,0.0,0.0
2261,Sunquick  Orange Fruit Drink 200ml,Beverages,55.0,60.0,1187,71220.0,5935.0,404,298,24,49.458333333333336,114,891,296,0.7506318449873631,2,0.9238356164383563,Fast Moving,Fast Moving,1.0,0.0,0.0
2961,CocaCola Zero 1050ml,General Grocery,280.0,300.0,740,222000.0,14800.0,366,291,24,30.833333333333332,60,472,268,0.6378378378378379,0,0.9235844748858447,Fast Moving,Fast Moving,1.0,0.0,0.0
1791,Asiri Rice Flour Savoury (Onion)80g,Staples & Dry Groceries,48.0,60.0,1508,90480.0,18096.0,329,213,24,62.833333333333336,269,1350,158,0.8952254641909815,2,0.9234360730593607,Fast Moving,Fast Moving,1.0,0.0,0.0
1574,Dilmah Leaf-Tea (BOPF) 100g,Beverages,125.0,150.0,978,146700.0,24450.0,371,280,24,40.75,86,707,271,0.7229038854805726,1,0.9226255707762557,Fast Moving,Fast Moving,1.0,0.0,0.0
2716,Pelwatte Butter 200g,Dairy & Chilled,420.0,450.0,732,329400.0,21960.0,382,225,24,30.5,141,613,119,0.837431693989071,1,0.9222146118721462,Fast Moving,Fast Moving,1.0,0.0,0.0
3146,Chandanalepa Cinnamon Ayurveda Soap 100g,Personal Care,300.0,330.0,667,220110.0,20010.0,397,299,24,27.791666666666668,48,404,263,0.6056971514242878,0,0.9220776255707762,Fast Moving,Fast Moving,1.0,0.0,0.0
2678,Freelan Kurakkan Flour 200g,Staples & Dry Groceries,175.0,205.0,1012,207460.0,30360.0,224,175,24,42.166666666666664,166,845,167,0.8349802371541502,0,0.9207191780821918,Fast Moving,Fast Moving,1.0,0.0,0.0
1082,C.Baby Soap (floral)100g,Baby & Kids,63.35,70.0,760,53200.0,5054.0,413,295,24,31.666666666666668,94,525,235,0.6907894736842105,0,0.920513698630137,Fast Moving,Fast Moving,1.0,0.0,0.0
3208,Sunsilk Damage Restore Shampoo 80ml,Personal Care,370.0,385.0,694,267190.0,10410.0,396,304,24,28.916666666666668,47,421,273,0.6066282420749279,1,0.9202397260273972,Fast Moving,Fast Moving,1.0,0.0,0.0
1689,Gold Hair Cream 100ml,Personal Care,196.88,210.0,710,149100.0,9315.199999999999,403,305,24,29.583333333333332,57,459,251,0.6464788732394366,1,0.9199315068493151,Fast Moving,Fast Moving,1.0,0.0,0.0
1477,Milkmaid 510g,General Grocery,370.0,410.0,724,296840.0,28960.0,376,280,24,30.166666666666668,60,505,219,0.6975138121546961,1,0.9198173515981736,Fast Moving,Fast Moving,1.0,0.0,0.0
2913,Watawala Tea 500g,Beverages,1272.73,1400.0,711,995400.0,90488.97,236,193,24,29.625,96,575,136,0.8087201125175809,0,0.9197374429223745,Fast Moving,Fast Moving,1.0,0.0,0.0
1253,Chandanalepa Herbal Cream 12g,Personal Care,200.0,250.0,682,170500.0,34100.0,386,306,24,28.416666666666668,47,416,266,0.6099706744868035,0,0.9195319634703196,Fast Moving,Fast Moving,1.0,0.0,0.0
3129,Ratthi Tea & Sugar Added Milk Mix 25g,Dairy & Chilled,50.0,65.0,1514,98410.0,22710.0,335,233,24,63.083333333333336,252,1271,243,0.8394980184940555,4,0.9194063926940639,Fast Moving,Fast Moving,1.0,0.0,0.0
1225,N/S Facial Wash 100ml (Carrot),Cleaning & Household,280.5,330.0,661,218130.0,32719.5,382,286,24,27.541666666666668,49,422,239,0.6384266263237519,0,0.9183789954337899,Fast Moving,Fast Moving,0.9990227088402271,0.0009772911597729116,0.0
2273,Highland Dairy Ice Cream (butter scotch)1L,Personal Care,340.0,350.0,651,227850.0,6510.0,391,288,24,27.125,54,441,210,0.6774193548387096,0,0.9177853881278539,Fast Moving,Fast Moving,1.0,0.0,0.0
1265,Misumi Soap 90g,Personal Care,60.83,65.0,731,47515.0,3048.27,422,313,24,30.458333333333332,46,434,297,0.5937072503419972,0,0.9177625570776256,Fast Moving,Fast Moving,0.9950715746421268,0.00492842535787321,0.0
1661,Motha Jelly (Strawberry) 200g,Snacks & Confectionery,171.0,190.0,919,174610.0,17461.0,311,222,24,38.291666666666664,111,797,122,0.8672470076169749,1,0.9175456621004566,Fast Moving,Fast Moving,1.0,0.0,0.0
1314,BIO Clean (Tile Cleaner) Kohomba,Cleaning & Household,200.0,230.0,701,161230.0,21030.0,394,290,24,29.208333333333332,57,478,223,0.68188302425107,1,0.91736301369863,Fast Moving,Fast Moving,1.0,0.0,0.0
1148,Sunsilk Shampoo (Black)80ml,Personal Care,160.0,160.0,681,108960.0,0.0,393,297,24,28.375,50,425,256,0.6240822320117474,0,0.9173287671232877,Fast Moving,Fast Moving,0.9802783472791063,0.019721652720893847,0.0
2746,Misumi Romansu Soap 90g,Personal Care,60.82999999999999,68.0,711,48348.0,5097.87,405,302,24,29.625,59,481,230,0.6765119549929677,0,0.915810502283105,Fast Moving,Fast Moving,1.0,0.0,0.0
1996,KVC Tomato Sauce400g,General Grocery,140.0,150.0,704,105600.0,7040.0,358,268,24,29.333333333333332,51,473,231,0.671875,0,0.9151141552511416,Fast Moving,Fast Moving,1.0,0.0,0.0
2134,Asoka Red Rice Flour 900g,Staples & Dry Groceries,160.0,165.0,1121,184965.0,5605.0,253,186,23,48.73913043478261,210,987,134,0.8804638715432649,0,0.9145662100456621,Fast Moving,Fast Moving,1.0,0.0,0.0
2698,Kist Orange Juice 1L,Beverages,393.75,450.0,732,329400.0,41175.0,263,195,24,30.5,100,584,148,0.7978142076502732,1,0.9143949771689498,Fast Moving,Fast Moving,1.0,0.0,0.0
2991,Lipton Green Tea 20Tea bag,Beverages,330.0,340.0,758,257720.0,7580.0,265,209,24,31.583333333333332,98,605,153,0.7981530343007915,1,0.9143721461187214,Fast Moving,Fast Moving,1.0,0.0,0.0
2055,Maggi Coconut Milk Powder 25g,Dairy & Chilled,36.0,40.0,1231,49240.0,4924.0,274,214,24,51.291666666666664,170,1017,214,0.826157595450853,1,0.9143493150684932,Fast Moving,Fast Moving,1.0,0.0,0.0
2342,CBL Savoury Nuts Biscuits 30g,Snacks & Confectionery,27.0,30.0,1091,32730.0,3273.0,400,292,24,45.458333333333336,103,813,278,0.7451879010082493,1,0.9139726027397259,Fast Moving,Fast Moving,1.0,0.0,0.0
2329,"Kome Rice Cracker 45g (B,B,Q)",Staples & Dry Groceries,54.0,60.0,1119,67140.0,6714.0,263,208,24,46.625,113,932,187,0.8328865058087578,1,0.9137214611872146,Fast Moving,Fast Moving,1.0,0.0,0.0
1807,Maliban Smart Cream Cracker 190g,Personal Care,99.0,110.0,685,75350.0,7535.0,417,310,24,28.541666666666668,50,461,224,0.672992700729927,1,0.9130936073059361,Fast Moving,Fast Moving,1.0,0.0,0.0
1653,Motha Wattalappan (Pudding mix)110g,Snacks & Confectionery,99.0,110.0,788,86680.0,8668.0,261,199,24,32.833333333333336,114,651,137,0.8261421319796954,0,0.9130251141552511,Fast Moving,Fast Moving,1.0,0.0,0.0
2784,Kist Aloevera Drink 500ml,Beverages,140.0,160.0,718,114880.0,14360.0,264,202,24,29.916666666666668,110,585,133,0.8147632311977716,0,0.912945205479452,Fast Moving,Fast Moving,1.0,0.0,0.0
1069,P.Baby Cream (Bedtime) 100ml,Baby & Kids,140.0,170.0,661,112370.0,19830.0,376,287,24,27.541666666666668,47,409,252,0.6187594553706506,0,0.9129109589041096,Fast Moving,Fast Moving,0.9983649932157393,0.0016350067842605157,0.0
2669,San Remo Pasta (Penne) 500g,Staples & Dry Groceries,355.33,425.0,971,412675.0,67649.57,234,191,24,40.458333333333336,137,804,167,0.8280123583934088,3,0.9123401826484018,Fast Moving,Fast Moving,1.0,0.0,0.0
2017,Turkey Cooking Oil 1L,Cooking Essentials,830.0,890.0,963,857070.0,57780.0,242,188,24,40.125,137,765,198,0.794392523364486,4,0.9120776255707762,Fast Moving,Fast Moving,1.0,0.0,0.0
2569,Atlas Colour Pencils,Stationery,230.0,260.0,661,171860.0,19830.0,335,201,24,27.541666666666668,131,583,78,0.8819969742813918,0,0.9120205479452054,Fast Moving,Fast Moving,1.0,0.0,0.0
3085,Lovely 2Ply White Toillet Tissue,General Grocery,180.0,230.0,1051,241730.0,52550.0,226,169,24,43.791666666666664,177,900,151,0.8563273073263559,3,0.9108447488584476,Fast Moving,Fast Moving,1.0,0.0,0.0
2277,Ruby Supiri White Rice 1kg,Staples & Dry Groceries,200.0,220.0,1226,269720.0,24520.0,247,182,24,51.083333333333336,244,1079,147,0.8800978792822186,8,0.910810502283105,Fast Moving,Fast Moving,1.0,0.0,0.0
1570,Zesta Tea (BOPF) 195g,Beverages,600.0,650.0,690,448500.0,34500.0,243,197,24,28.75,98,548,142,0.7942028985507247,1,0.9101940639269407,Fast Moving,Fast Moving,1.0,0.0,0.0
2164,Wijaya Chilli Pieces 250g,Cooking Essentials,230.0,285.0,1021,290985.0,56155.0,243,196,24,42.541666666666664,129,837,184,0.8197845249755142,4,0.9099885844748858,Fast Moving,Fast Moving,1.0,0.0,0.0
3050,Pears Bed Time BabySoap 70g,General Grocery,140.0,145.0,705,102225.0,3525.0,364,276,24,29.375,67,482,223,0.6836879432624113,1,0.909554794520548,Fast Moving,Fast Moving,0.996277033985582,0.0037229660144181254,0.0
2782,Cinthol Lime Soap 100g,Personal Care,65.22,75.0,692,51900.0,6767.759999999999,408,300,24,28.833333333333332,48,419,273,0.6054913294797688,1,0.9091666666666667,Fast Moving,Fast Moving,1.0,0.0,0.0
2204,Goraka Paste 100g,General Grocery,70.0,80.0,702,56160.0,7020.0,357,275,24,29.25,59,448,254,0.6381766381766382,0,0.9085045662100457,Fast Moving,Fast Moving,1.0,0.0,0.0
1647,Motha Cornflour 200g,General Grocery,150.0,185.0,967,178895.0,33845.0,222,180,24,40.291666666666664,138,796,171,0.8231644260599793,2,0.9083904109589043,Fast Moving,Fast Moving,1.0,0.0,0.0
1978,Edinborough B.B.Q Sauce350ml,General Grocery,540.0,580.0,652,378160.0,26080.0,329,262,24,27.166666666666668,63,424,228,0.6503067484662577,1,0.908082191780822,Fast Moving,Fast Moving,0.996277033985582,0.0037229660144181254,0.0
1644,Motha Baking Powder 50g,General Grocery,77.0,85.0,701,59585.0,5608.0,347,200,24,29.208333333333332,167,618,83,0.8815977175463623,0,0.907945205479452,Fast Moving,Fast Moving,1.0,0.0,0.0
2592,Sunquick Mixed Fruit Drink 200ml,Beverages,54.0,60.0,795,47700.0,4770.0,276,201,24,33.125,152,678,117,0.8528301886792453,0,0.9079337899543379,Fast Moving,Fast Moving,1.0,0.0,0.0
2162,Wijaya Chilli Pieces 50g,Cooking Essentials,46.0,57.0,1027,58539.0,11297.0,243,197,24,42.791666666666664,119,810,217,0.7887049659201558,1,0.9078995433789955,Fast Moving,Fast Moving,1.0,0.0,0.0
2636,Maliban Wafers Lemon Cream 90g,Personal Care,65.63,75.0,688,51600.0,6446.5599999999995,400,306,24,28.666666666666668,72,458,230,0.6656976744186046,1,0.9071461187214613,Fast Moving,Fast Moving,1.0,0.0,0.0
3059,Signal Clove & Ginger Toothpaste 120g,Personal Care,200.0,240.0,660,158400.0,26400.0,385,301,24,27.5,47,411,249,0.6227272727272727,2,0.9068036529680366,Fast Moving,Fast Moving,1.0,0.0,0.0
3062,Ayush Toothpaste 30g,Personal Care,100.0,115.0,655,75325.0,9825.0,399,308,24,27.291666666666668,57,425,230,0.648854961832061,1,0.9067808219178083,Fast Moving,Fast Moving,1.0,0.0,0.0
1163,Clear Shampoo (Ice Cool)180ml,Personal Care,291.48,325.0,628,204100.0,21050.56,370,280,24,26.166666666666668,49,404,224,0.643312101910828,1,0.9063584474885845,Fast Moving,Fast Moving,1.0,0.0,0.0
2683,Lifebuoy Shampoo 80ml,Personal Care,88.79,99.0,687,68013.0,7014.27,378,301,24,28.625,50,445,242,0.6477438136826783,1,0.9061872146118722,Fast Moving,Fast Moving,1.0,0.0,0.0
1499,Tiara Layer Cake (Vanilla)480g,Snacks & Confectionery,340.0,400.0,692,276800.0,41520.0,225,185,24,28.833333333333332,95,588,104,0.8497109826589595,1,0.9057990867579909,Fast Moving,Fast Moving,1.0,0.0,0.0
2051,Motha Jelly (apple)200g,Snacks & Confectionery,180.0,190.0,735,139650.0,7350.0,247,189,24,30.625,122,620,115,0.8435374149659864,2,0.9044292237442921,Fast Moving,Fast Moving,1.0,0.0,0.0
2126,Sunlight 2in1 (Rose) 200g,Cleaning & Household,80.0,90.0,665,59850.0,6650.0,388,299,24,27.708333333333332,59,471,194,0.7082706766917293,1,0.9043835616438355,Fast Moving,Fast Moving,1.0,0.0,0.0
1078,P. Baby Soap (Aloe/Neem) 100g,Baby & Kids,60.0,67.0,686,45962.0,4802.0,395,297,24,28.583333333333332,46,416,270,0.6064139941690962,1,0.9038013698630137,Fast Moving,Fast Moving,1.0,0.0,0.0
1934,Diva Fresh (Jasmine) 400g,Cleaning & Household,150.0,170.0,640,108800.0,12800.0,372,282,24,26.666666666666668,48,434,206,0.678125,1,0.9037899543378995,Fast Moving,Fast Moving,1.0,0.0,0.0
1098,Rathmal Baby Soap 75g,Baby & Kids,55.0,60.0,669,40140.0,3345.0,378,295,24,27.875,60,432,237,0.6457399103139013,0,0.9034132420091324,Fast Moving,Fast Moving,1.0,0.0,0.0
2860,Marvel Baby Diapers,Baby & Kids,180.0,195.0,633,123435.0,9495.0,367,286,24,26.375,47,402,231,0.6350710900473934,1,0.903013698630137,Fast Moving,Fast Moving,1.0,0.0,0.0
2070,Sprite 250ml,Beverages,100.0,120.0,668,80160.0,13360.0,243,183,24,27.833333333333332,107,549,119,0.8218562874251497,0,0.9029680365296804,Fast Moving,Fast Moving,1.0,0.0,0.0
1670,Delmege Colouring (egg yellow)28ml,"Meat, Fish & Frozen",135.0,150.0,710,106500.0,10650.0,371,287,24,29.583333333333332,51,434,276,0.6112676056338028,4,0.9024315068493152,Fast Moving,Fast Moving,1.0,0.0,0.0
2333,CBL Milk Cream Biscuits 390g,Personal Care,180.0,200.0,632,126400.0,12640.0,357,272,24,26.333333333333332,69,436,196,0.689873417721519,1,0.9020091324200913,Fast Moving,Fast Moving,1.0,0.0,0.0
1152,Sunsilk Shampoo (Green Tea)180ml,Personal Care,275.0,300.0,610,183000.0,15250.0,339,265,24,25.416666666666668,47,384,226,0.6295081967213115,1,0.9012899543378995,Fast Moving,Fast Moving,1.0,0.0,0.0
3192,Daily Faluda Flavoured Milk 1L,Dairy & Chilled,500.0,550.0,467,256850.0,23350.0,244,199,24,19.458333333333332,50,371,96,0.7944325481798715,0,0.9008675799086758,Fast Moving,Fast Moving,1.0,0.0,0.0
1882,Dettol Hand Wash Refill (sensitive)175ml,Cleaning & Household,174.0,190.0,656,124640.0,10496.0,381,287,24,27.333333333333332,52,445,211,0.6783536585365854,3,0.9006735159817352,Fast Moving,Fast Moving,1.0,0.0,0.0
1060,P.Baby Cologne (magic) 50ml,Baby & Kids,155.0,170.0,666,113220.0,9990.0,372,287,24,27.75,51,448,218,0.6726726726726727,3,0.9004794520547945,Fast Moving,Fast Moving,1.0,0.0,0.0
1937,Diva Fresh (Sepalika) 400g,Cleaning & Household,68.0,75.0,643,48225.0,4501.0,368,277,24,26.791666666666668,54,442,201,0.687402799377916,0,0.9004680365296804,Fast Moving,Fast Moving,1.0,0.0,0.0
1153,Sunsilk Shampoo (Almond)180ml,Personal Care,275.0,300.0,623,186900.0,15575.0,360,281,24,25.958333333333332,52,384,239,0.6163723916532905,2,0.9001027397260273,Fast Moving,Fast Moving,1.0,0.0,0.0
1891,Lifebuoy Hand Wash 200ml (Green Tea),Cleaning & Household,205.0,225.0,656,147600.0,13120.0,393,299,24,27.333333333333332,55,424,232,0.6463414634146342,5,0.8997488584474888,Fast Moving,Fast Moving,1.0,0.0,0.0
3200,Pears Kokum Baby Soap 2 Pack,Baby & Kids,100.0,125.0,623,77875.0,15575.0,373,282,24,25.958333333333332,47,377,246,0.6051364365971108,1,0.8994292237442922,Fast Moving,Fast Moving,0.9983649932157393,0.0016350067842605157,0.0
2906,Kotmale Butter 125g,Dairy & Chilled,575.0,640.0,455,291200.0,29575.0,228,168,24,18.958333333333332,72,357,98,0.7846153846153846,0,0.8988698630136988,Fast Moving,Fast Moving,1.0,0.0,0.0
3145,Chandanalepa Kohomba Ayurveda Soap 75g,Personal Care,200.0,220.0,472,103840.0,9440.0,278,211,24,19.666666666666668,65,356,116,0.7542372881355932,0,0.8976712328767124,Fast Moving,Fast Moving,1.0,0.0,0.0
2967,Coca-Cola 2L,Beverages,480.0,500.0,614,307000.0,12280.0,223,176,24,25.583333333333332,86,499,115,0.8127035830618893,1,0.8968264840182649,Fast Moving,Fast Moving,1.0,0.0,0.0
2294,Atlas Single Ruled Book 200page,Stationery,107.0,125.0,708,88500.0,12744.0,366,192,23,30.782608695652176,161,624,84,0.8813559322033898,1,0.8963013698630137,Fast Moving,Fast Moving,1.0,0.0,0.0
1116,7Oil,General Grocery,189.0,210.0,876,183960.0,18396.0,198,148,24,36.5,140,767,109,0.8755707762557078,6,0.8961757990867579,Fast Moving,Fast Moving,1.0,0.0,0.0
1186,Baby Diaper (Softlove) 5pcs / S,Baby & Kids,185.0,210.0,536,112560.0,13400.0,333,258,24,22.333333333333332,45,362,174,0.6753731343283582,1,0.8956963470319634,Fast Moving,Fast Moving,1.0,0.0,0.0
1426,Ambewela Fresh Milk (vanilla) 1L,Dairy & Chilled,500.0,550.0,523,287650.0,26150.0,276,210,24,21.791666666666668,74,411,112,0.7858508604206501,2,0.8950114155251141,Fast Moving,Fast Moving,1.0,0.0,0.0
2499,Imorich Wonder Cone (Cooki Cream) 120ml,Personal Care,105.5,120.0,622,74640.0,9019.0,376,282,24,25.916666666666668,60,442,180,0.7106109324758842,2,0.8948059360730594,Fast Moving,Fast Moving,1.0,0.0,0.0
1091,K. Baby Soap (Avocado) 90g,Baby & Kids,62.0,67.0,654,43818.0,3270.0,368,290,24,27.25,49,396,258,0.6055045871559633,1,0.8943721461187214,Fast Moving,Fast Moving,1.0,0.0,0.0
2401,Atlas CR Book Single Ruled (200p),Stationery,173.01,235.0,638,149930.0,39549.62,314,194,23,27.73913043478261,138,557,81,0.8730407523510971,0,0.8940981735159818,Fast Moving,Fast Moving,1.0,0.0,0.0
1077,P. Baby Soap (Babytime) 100g,Baby & Kids,67.27,74.0,586,43364.0,3943.78,353,264,24,24.416666666666668,44,372,214,0.6348122866894198,0,0.8931506849315068,Fast Moving,Fast Moving,1.0,0.0,0.0
1079,P. Baby Soap (Herbal) 100g,Baby & Kids,67.27,74.0,686,50764.0,4616.780000000001,387,288,24,28.583333333333332,48,439,247,0.6399416909620991,5,0.8929566210045663,Fast Moving,Fast Moving,1.0,0.0,0.0
1602,Godrej Hair Colour Shampoo 10ml,Personal Care,95.0,110.0,666,73260.0,9990.0,380,295,24,27.75,47,429,237,0.6441441441441441,6,0.8923059360730594,Fast Moving,Fast Moving,1.0,0.0,0.0
2460,Atlas Binder Glue Pen 40g,Stationery,65.0,80.0,637,50960.0,9555.0,334,200,24,26.541666666666668,112,556,81,0.8728414442700158,1,0.8920890410958904,Fast Moving,Fast Moving,1.0,0.0,0.0
3257,MyJuicee Mango Nectar 180ml,Beverages,100.0,120.0,659,79080.0,13180.0,221,174,24,27.458333333333332,113,562,97,0.8528072837632777,1,0.8920091324200914,Fast Moving,Fast Moving,1.0,0.0,0.0
2540,Rancrisp Potato Chips (Barbecue)60g,Snacks & Confectionery,225.0,300.0,602,180600.0,45150.0,212,178,24,25.083333333333332,104,484,118,0.8039867109634552,1,0.8919178082191782,Fast Moving,Fast Moving,1.0,0.0,0.0
2536,CBL Snak Cracker Biscuits 30g,Snacks & Confectionery,27.0,30.0,740,22200.0,2220.0,262,208,24,30.833333333333332,113,582,158,0.7864864864864864,0,0.8909474885844749,Fast Moving,Fast Moving,1.0,0.0,0.0
1883,Dettol Hand Wash Refill (skincare)175ml,Cleaning & Household,174.0,190.0,421,79990.0,6736.0,246,177,24,17.541666666666668,57,311,110,0.7387173396674585,0,0.8900799086757991,Fast Moving,Fast Moving,1.0,0.0,0.0
1639,MD Baking powder 50g,General Grocery,67.0,75.0,577,43275.0,4616.0,293,204,24,24.041666666666668,96,460,117,0.7972270363951474,0,0.8900228310502284,Fast Moving,Fast Moving,0.9983649932157393,0.0016350067842605157,0.0
1102,Baby Milk Soap 75g,Baby & Kids,92.0,100.0,654,65400.0,5232.0,383,306,24,27.25,49,401,253,0.6131498470948012,6,0.8893378995433789,Fast Moving,Fast Moving,1.0,0.0,0.0
2425,Maliban Chocolate Cream 200g,Personal Care,220.0,240.0,401,96240.0,8020.0,243,198,24,16.708333333333332,63,290,111,0.7231920199501247,0,0.8890753424657535,Fast Moving,Fast Moving,1.0,0.0,0.0
1430,Daily Vanilla milk 180ml,Dairy & Chilled,110.0,130.0,459,59670.0,9180.0,235,178,24,19.125,56,374,85,0.8148148148148148,0,0.888013698630137,Fast Moving,Fast Moving,1.0,0.0,0.0
3054,Pears Rathmal BabySoap 70g,General Grocery,140.0,145.0,446,64670.0,2230.0,233,177,24,18.583333333333332,62,346,100,0.7757847533632287,0,0.8878995433789956,Fast Moving,Fast Moving,0.9966986301369863,0.003301369863013699,0.0
2837,Kumarika Shampoo 40ml,Personal Care,60.0,65.0,624,40560.0,3120.0,369,286,24,26.0,53,428,196,0.6858974358974359,2,0.8865981735159818,Fast Moving,Fast Moving,1.0,0.0,0.0
1997,Choco Peanut Butter325g,General Grocery,590.0,600.0,380,228000.0,3800.0,189,160,24,15.833333333333334,63,310,70,0.8157894736842105,0,0.8865981735159817,Fast Moving,Fast Moving,0.9975357873210633,0.002464212678936605,0.0
1516,E/H Ice Cream (Chocolate) 80ml,Personal Care,33.75,40.0,659,26360.0,4118.75,386,289,24,27.458333333333332,49,430,229,0.6525037936267072,2,0.8858904109589041,Fast Moving,Fast Moving,1.0,0.0,0.0
2456,Atlas Colour Pencils 6,Stationery,110.0,125.0,598,74750.0,8970.0,313,196,24,24.916666666666668,125,502,96,0.8394648829431438,3,0.8852739726027398,Fast Moving,Fast Moving,1.0,0.0,0.0
1276,Sunlight  (Care) 115g,Cleaning & Household,46.0,50.0,620,31000.0,2480.0,363,276,24,25.833333333333332,51,449,171,0.7241935483870968,1,0.8847374429223744,Fast Moving,Fast Moving,1.0,0.0,0.0
3051,Pears Pure & Gentle BabySoap 70g,General Grocery,140.0,145.0,417,60465.0,2085.0,229,178,24,17.375,54,288,129,0.6906474820143885,0,0.8846118721461187,Fast Moving,Fast Moving,0.9966986301369863,0.003301369863013699,0.0
1939,Diva Fresh (Purple lotus) 60g,Cleaning & Household,10.0,25.0,684,17100.0,10260.0,401,296,24,28.5,50,468,216,0.6842105263157895,1,0.8839269406392694,Fast Moving,Fast Moving,1.0,0.0,0.0
1801,CBL Super Cream Cracker 85g,Personal Care,81.0,90.0,428,38520.0,3852.0,266,208,24,17.833333333333332,57,328,100,0.7663551401869159,0,0.8832534246575342,Fast Moving,Fast Moving,1.0,0.0,0.0
3214,Rin Anti-Germ 1kg,Cleaning & Household,280.0,300.0,360,108000.0,7200.0,222,166,24,15.0,61,276,84,0.7666666666666667,0,0.882865296803653,Fast Moving,Fast Moving,1.0,0.0,0.0
1527,E/H Ice Cream (Chocolate) 500ml,Personal Care,147.25,170.0,417,70890.0,9486.75,246,190,24,17.375,70,324,93,0.7769784172661871,1,0.8826027397260273,Fast Moving,Fast Moving,1.0,0.0,0.0
2841,Fortune Coconut Oil 350ml,Cooking Essentials,272.73,300.0,521,156300.0,14207.67,114,99,24,21.708333333333332,126,425,96,0.8157389635316699,2,0.8824771689497717,Fast Moving,Fast Moving,1.0,0.0,0.0
1648,Motha Gelatine 30g,General Grocery,325.0,385.0,401,154385.0,24060.0,204,178,24,16.708333333333332,55,307,94,0.7655860349127181,1,0.8821689497716895,Fast Moving,Fast Moving,0.996277033985582,0.0037229660144181254,0.0
2995,P.Mirinda beverage 1L,General Grocery,280.0,300.0,383,114900.0,7660.0,183,152,24,15.958333333333334,55,282,101,0.7362924281984334,0,0.8821347031963471,Fast Moving,Fast Moving,1.0,0.0,0.0
3164,Sunlight 2in1 (sakura Fresh) 50g,Cleaning & Household,15.0,25.0,706,17650.0,7060.0,387,295,24,29.416666666666668,57,462,244,0.6543909348441926,2,0.8818150684931507,Fast Moving,Fast Moving,1.0,0.0,0.0
2988,RichLife Mixed berry Drinking Yoghurt 180ml,Dairy & Chilled,130.0,150.0,403,60450.0,8060.0,206,168,24,16.791666666666668,49,302,101,0.749379652605459,0,0.8804908675799087,Fast Moving,Fast Moving,1.0,0.0,0.0
2515,Lifebuoy Hand Wash(Total-10)180ml,Cleaning & Household,156.95,175.0,386,67550.0,6967.3,219,174,24,16.083333333333332,44,297,89,0.7694300518134715,0,0.8802397260273973,Fast Moving,Fast Moving,1.0,0.0,0.0
1297,Vim Limes 400g,Cleaning & Household,255.0,265.0,349,92485.0,3490.0,220,172,24,14.541666666666666,58,272,77,0.7793696275071633,0,0.8800456621004566,Fast Moving,Fast Moving,0.9942344174580497,0.005765582541950305,0.0
1790,Asiri Rice Flour Savoury (Onion)25g,Staples & Dry Groceries,16.0,20.0,1027,20540.0,4108.0,242,193,24,42.791666666666664,152,877,150,0.8539435248296008,4,0.879851598173516,Fast Moving,Fast Moving,1.0,0.0,0.0
2893,CBL Super Cream Cracker 120g,Personal Care,110.0,120.0,416,49920.0,4160.0,250,187,24,17.333333333333332,67,335,81,0.8052884615384616,1,0.8784703196347031,Fast Moving,Fast Moving,1.0,0.0,0.0
3243,San Remo Penne Spaghetti 250g,General Grocery,480.0,520.0,425,221000.0,17000.0,220,172,24,17.708333333333332,67,327,98,0.7694117647058824,4,0.878458904109589,Fast Moving,Fast Moving,0.996277033985582,0.0037229660144181254,0.0
2323,Kist Mixed Fruit Nectar 200ml,Beverages,53.1,60.0,556,33360.0,3836.4,205,168,24,23.166666666666668,88,456,100,0.8201438848920863,0,0.8781849315068494,Fast Moving,Fast Moving,1.0,0.0,0.0
3170,Surf Excel 500g,General Grocery,280.0,300.0,417,125100.0,8340.0,226,172,23,18.130434782608695,70,335,82,0.8033573141486811,0,0.8779452054794521,Fast Moving,Fast Moving,1.0,0.0,0.0
3078,Velvet Milk & Almond 70g,Dairy & Chilled,110.0,125.0,464,58000.0,6960.0,228,179,24,19.333333333333332,53,328,136,0.7068965517241379,2,0.8776369863013698,Fast Moving,Fast Moving,1.0,0.0,0.0
1850,CBL Hawaian Cookies 100g,General Grocery,120.0,130.0,393,51090.0,3930.0,201,165,24,16.375,66,294,99,0.7480916030534351,0,0.8772374429223744,Fast Moving,Fast Moving,1.0,0.0,0.0
1820,CBL Cheese Cracker 100g,Dairy & Chilled,130.0,150.0,418,62700.0,8360.0,216,177,24,17.416666666666668,51,326,92,0.7799043062200957,1,0.8771917808219178,Fast Moving,Fast Moving,1.0,0.0,0.0
3247,Maggi Coconut Milk Powder 300g,Dairy & Chilled,1000.0,1100.0,521,573100.0,52100.0,127,112,24,21.708333333333332,86,400,121,0.7677543186180422,9,0.8757077625570777,Fast Moving,Fast Moving,1.0,0.0,0.0
1145,Sunsilk Shampoo (Thick)80ml,Personal Care,145.0,160.0,389,62240.0,5835.0,223,177,24,16.208333333333332,50,273,116,0.7017994858611826,1,0.8752054794520548,Fast Moving,Fast Moving,1.0,0.0,0.0
1088,C.Baby Soap (Pichcha) 125g,Baby & Kids,68.0,75.0,410,30750.0,2870.0,238,183,24,17.083333333333332,70,292,118,0.7121951219512195,0,0.8745205479452055,Fast Moving,Fast Moving,1.0,0.0,0.0
2632,Kotmale Fresh Milk 180ml,Dairy & Chilled,43.0,50.0,468,23400.0,3276.0,239,195,24,19.5,49,348,120,0.7435897435897436,0,0.873607305936073,Fast Moving,Fast Moving,1.0,0.0,0.0
1491,Cerelac Red Rice 250g,Staples & Dry Groceries,380.0,430.0,448,192640.0,22400.0,94,84,23,19.47826086956522,90,379,69,0.8459821428571429,1,0.8729337899543378,Fast Moving,Fast Moving,1.0,0.0,0.0
2293,Atlas Single Ruled Book 160page,Stationery,80.0,95.0,392,37240.0,5880.0,206,162,24,16.333333333333332,48,287,105,0.7321428571428571,0,0.8726484018264841,Fast Moving,Fast Moving,1.0,0.0,0.0
2304,Atlas CR Book Square Ruled (120p),Stationery,200.0,250.0,471,117750.0,23550.0,247,182,23,20.47826086956522,75,372,99,0.7898089171974523,3,0.871552511415525,Fast Moving,Fast Moving,1.0,0.0,0.0
3193,Vim Liquid 500ml,Cleaning & Household,350.0,370.0,367,135790.0,7340.0,218,173,23,15.956521739130435,55,310,57,0.8446866485013624,0,0.8715296803652969,Fast Moving,Fast Moving,0.9975357873210635,0.002464212678936605,0.0
2399,Atlas Single Ruled 1/2'',Stationery,34.82,55.0,447,24585.0,9020.46,224,172,24,18.625,61,330,117,0.738255033557047,0,0.8714041095890411,Fast Moving,Fast Moving,1.0,0.0,0.0
2892,Cricket Ball (Atlas),Stationery,225.0,250.0,418,104500.0,10450.0,217,163,24,17.416666666666668,79,357,61,0.854066985645933,5,0.8706392694063928,Fast Moving,Fast Moving,1.0,0.0,0.0
2104,Kandos Milk Choco 10g,Dairy & Chilled,8.0,10.0,788,7880.0,1576.0,406,304,24,32.833333333333336,61,524,264,0.6649746192893401,1,0.8706164383561644,Fast Moving,Fast Moving,0.9900715746421268,0.009928425357873211,0.0
2692,Motha Gelatine 100g,General Grocery,338.74,375.0,379,142125.0,13742.539999999999,188,150,23,16.47826086956522,67,285,94,0.7519788918205804,0,0.8704566210045662,Fast Moving,Fast Moving,1.0,0.0,0.0
2303,Atlas CR Book Square Ruled (80p),Stationery,90.0,105.0,441,46305.0,6615.0,223,178,23,19.17391304347826,75,358,83,0.8117913832199547,0,0.8690068493150686,Fast Moving,Fast Moving,1.0,0.0,0.0
1457,Ratthi Milk Powder 160g,Dairy & Chilled,140.0,150.0,427,64050.0,4270.0,226,171,24,17.791666666666668,49,304,123,0.711943793911007,5,0.8689840182648403,Fast Moving,Fast Moving,1.0,0.0,0.0
2018,Coopoliva Olive Oil 250ml,Cooking Essentials,2500.0,2690.0,458,1232020.0,87020.0,108,98,23,19.91304347826087,111,374,84,0.8165938864628821,5,0.868824200913242,Fast Moving,Fast Moving,0.9980342577487765,0.001965742251223491,0.0
1329,Harpic Power Plus 200ml,Cleaning & Household,100.0,110.0,370,40700.0,3700.0,226,180,24,15.416666666666666,52,280,90,0.7567567567567568,1,0.8683219178082192,Fast Moving,Fast Moving,1.0,0.0,0.0
2299,Atlas CR Book Single Ruled (80p),Stationery,160.0,180.0,390,70200.0,7800.0,205,168,23,16.956521739130434,65,312,78,0.8,0,0.8677511415525114,Fast Moving,Fast Moving,1.0,0.0,0.0
2617,Diva Fresh (Sepalika & Lime) 1kg,Cleaning & Household,310.0,320.0,337,107840.0,3370.0,207,162,24,14.041666666666666,54,249,88,0.7388724035608308,3,0.8676027397260274,Fast Moving,Fast Moving,1.0,0.0,0.0
2568,Atlas Pencils (Yellow),Stationery,16.0,20.0,653,13060.0,2612.0,340,218,24,27.208333333333332,113,562,91,0.8606431852986217,2,0.8603196347031963,Fast Moving,Fast Moving,1.0,0.0,0.0
2691,Maliban milk Powder 60g,Dairy & Chilled,55.0,60.0,500,30000.0,2500.0,250,190,23,21.73913043478261,64,409,91,0.818,2,0.858527397260274,Fast Moving,Fast Moving,1.0,0.0,0.0
1278,Sunlight  (Nil Manel) 115g,Cleaning & Household,55.21,60.0,355,21300.0,1700.45,196,161,24,14.791666666666666,55,273,82,0.7690140845070422,0,0.8569292237442924,Fast Moving,Fast Moving,1.0,0.0,0.0
2803,Misumi Momo Soap 90g,Personal Care,60.83,68.0,387,26316.0,2774.79,227,182,24,16.125,47,264,123,0.6821705426356589,3,0.8557762557077625,Fast Moving,Fast Moving,1.0,0.0,0.0
2457,Atlas Kidz Clay 100g,Stationery,75.0,90.0,435,39150.0,6525.0,226,181,23,18.91304347826087,64,351,84,0.8068965517241379,3,0.8543835616438357,Fast Moving,Fast Moving,1.0,0.0,0.0
2533,CBL Wafers 85g (Vanilla),General Grocery,66.0,75.0,380,28500.0,3420.0,183,147,23,16.52173913043478,66,305,75,0.8026315789473685,0,0.8517351598173516,Fast Moving,Fast Moving,0.9983649932157393,0.0016350067842605157,0.0
2461,Atlas Binder Glue 40g,Stationery,32.0,40.0,561,22440.0,4488.0,300,179,23,24.391304347826086,116,503,58,0.8966131907308378,4,0.8501027397260273,Fast Moving,Fast Moving,1.0,0.0,0.0
2394,Gram 1kg,Staples & Dry Groceries,330.0,360.0,289,104040.0,8670.0,71,67,22,13.136363636363637,42,224,65,0.7750865051903114,0,0.8481164383561643,Fast Moving,Fast Moving,1.0,0.0,0.0
1969,Edinborough Mustard Cream695g,Cooking Essentials,489.14,560.0,316,176960.0,22391.760000000002,76,72,23,13.73913043478261,36,228,88,0.7215189873417721,5,0.8479452054794521,Fast Moving,Fast Moving,1.0,0.0,0.0
2504,Atlas Max pen,Stationery,20.0,25.0,619,15475.0,3095.0,320,205,23,26.91304347826087,111,535,84,0.864297253634895,2,0.8478424657534247,Fast Moving,Fast Moving,1.0,0.0,0.0
2195,Freelan Chilli  Pieces 50g,Cooking Essentials,42.0,50.0,334,16700.0,2672.0,83,81,24,13.916666666666666,39,224,110,0.6706586826347305,0,0.84662100456621,Fast Moving,Fast Moving,1.0,0.0,0.0
2507,Mango 2B Pencil,Stationery,18.0,20.0,578,11560.0,1156.0,320,201,24,24.083333333333332,117,505,73,0.8737024221453287,4,0.8455022831050228,Fast Moving,Fast Moving,0.9950715746421268,0.00492842535787321,0.0
2570,Atlas White Board Marker,Stationery,75.0,90.0,386,34740.0,5790.0,195,154,22,17.545454545454547,50,297,89,0.7694300518134715,1,0.8448287671232876,Fast Moving,Fast Moving,1.0,0.0,0.0
2579,Bill Book (small),Stationery,45.0,70.0,391,27370.0,9775.0,200,160,23,17.0,52,311,80,0.7953964194373402,2,0.8437899543378995,Fast Moving,Fast Moving,1.0,0.0,0.0
1823,CBL Sun Cracker (Salt & Pepper)95g,Staples & Dry Groceries,63.0,70.0,364,25480.0,2548.0,84,80,23,15.826086956521738,53,305,59,0.8379120879120879,1,0.8417465753424657,Fast Moving,Fast Moving,1.0,0.0,0.0
2575,Atlas Adhesive Tape 1/2'',Stationery,15.0,20.0,639,12780.0,3195.0,319,201,23,27.782608695652176,141,555,84,0.8685446009389671,3,0.8415981735159817,Fast Moving,Fast Moving,1.0,0.0,0.0
2058,Maggi Coconut Milk Powder 1kg,Dairy & Chilled,3273.07,3450.0,428,1476600.0,75726.04,111,101,22,19.454545454545453,56,294,134,0.6869158878504673,33,0.8398401826484018,Fast Moving,Fast Moving,0.9913486086277087,0.008651391372291338,0.0
2175,Wijaya Pepper Powder 100g,Cooking Essentials,190.0,236.0,307,72452.0,14122.0,72,66,23,13.347826086956522,49,220,87,0.7166123778501629,4,0.8387328767123287,Fast Moving,Fast Moving,1.0,0.0,0.0
2005,Marina Sun Flower Oil 500ml,Cooking Essentials,410.0,460.0,297,136620.0,14850.0,74,69,23,12.91304347826087,36,212,85,0.7138047138047138,8,0.8384817351598173,Fast Moving,Fast Moving,1.0,0.0,0.0
2697,Ginger Cookies  175g,Cooking Essentials,95.0,110.0,322,35420.0,4830.0,79,76,22,14.636363636363637,52,262,60,0.8136645962732919,1,0.8384360730593606,Fast Moving,Fast Moving,1.0,0.0,0.0
2292,Atlas Single Ruled Book 120page,Stationery,59.5,70.0,359,25130.0,3769.5,189,151,23,15.608695652173912,51,299,60,0.8328690807799443,2,0.8381164383561643,Fast Moving,Fast Moving,1.0,0.0,0.0
2710,Atlas Highlighter Pen (Yelo),Stationery,46.41,65.0,392,25480.0,7287.28,196,154,23,17.043478260869566,64,312,80,0.7959183673469388,4,0.8374086757990867,Fast Moving,Fast Moving,1.0,0.0,0.0
2827,Turmeric 25g,Cooking Essentials,180.0,200.0,247,49400.0,4940.0,65,63,24,10.291666666666666,35,176,71,0.7125506072874493,3,0.834920091324201,Fast Moving,Fast Moving,1.0,0.0,0.0
2006,Marina Sun Flower Oil 1L,Cooking Essentials,795.0,890.0,315,280350.0,29925.0,82,77,23,13.695652173913043,58,242,73,0.7682539682539683,24,0.8337557077625571,Fast Moving,Fast Moving,0.9938128213066453,0.006187178693354731,0.0
2015,Fortune Vegetable Oil 500ml,Cooking Essentials,600.0,650.0,306,198900.0,15300.0,66,62,22,13.909090909090908,49,268,38,0.8758169934640523,4,0.8331392694063926,Fast Moving,Fast Moving,1.0,0.0,0.0
2397,Atlas Square Ruled 1/2'',Stationery,34.74,55.0,354,19470.0,7172.04,195,154,23,15.391304347826088,68,289,65,0.8163841807909604,2,0.8316324200913243,Fast Moving,Fast Moving,0.9975357873210635,0.002464212678936605,0.0
2808,Maliban Cracker Thins 190g,Snacks & Confectionery,135.0,150.0,245,36750.0,3675.0,93,88,22,11.136363636363637,27,183,62,0.746938775510204,1,0.8309703196347031,Fast Moving,Fast Moving,1.0,0.0,0.0
3165,Rin Rose 50g,Cleaning & Household,10.0,20.0,395,7900.0,3950.0,223,174,24,16.458333333333332,65,297,98,0.7518987341772152,1,0.83,Fast Moving,Fast Moving,0.9975357873210635,0.002464212678936605,0.0
2724,Chocolate Coated Cookies 100g,Snacks & Confectionery,135.0,150.0,261,39150.0,3915.0,79,74,22,11.863636363636363,43,221,40,0.8467432950191571,2,0.8290182648401827,Fast Moving,Fast Moving,1.0,0.0,0.0
2966,Sprite 2L,Beverages,480.0,500.0,200,100000.0,4000.0,73,67,23,8.695652173913043,25,141,59,0.705,2,0.8278538812785388,Fast Moving,Fast Moving,1.0,0.0,0.0
1835,Maliban Ginger Biscuit 240g,Cooking Essentials,144.0,160.0,317,50720.0,5072.0,73,68,21,15.095238095238095,51,253,64,0.7981072555205048,2,0.8276598173515981,Fast Moving,Fast Moving,1.0,0.0,0.0
2406,A&S White Rice Flour 900g,Staples & Dry Groceries,317.0,359.0,285,102315.0,11970.0,69,68,22,12.954545454545455,49,225,60,0.7894736842105263,6,0.8267009132420091,Fast Moving,Fast Moving,1.0,0.0,0.0
3241,San Remo Penne Pasta 250g,Staples & Dry Groceries,480.0,520.0,258,134160.0,10320.0,65,63,23,11.217391304347826,45,205,53,0.7945736434108527,8,0.8251369863013698,Fast Moving,Fast Moving,1.0,0.0,0.0
2945,Milo Drink 125ml,Beverages,80.0,100.0,202,20200.0,4040.0,85,81,24,8.416666666666666,29,146,56,0.7227722772277227,1,0.8249771689497717,Fast Moving,Fast Moving,1.0,0.0,0.0
2668,Fortune Vegetable Oil 1L,Cooking Essentials,1100.0,1190.0,316,376040.0,28440.0,61,61,20,15.8,48,266,50,0.8417721518987342,1,0.8240296803652968,Fast Moving,Fast Moving,1.0,0.0,0.0
3236,Freelan Meat Curry Powder Mixture 25g,Cooking Essentials,60.0,70.0,291,20370.0,2910.0,70,65,23,12.652173913043478,35,195,96,0.6701030927835051,1,0.8238584474885845,Fast Moving,Fast Moving,1.0,0.0,0.0
2825,Kurakkan Cracker 100g,Staples & Dry Groceries,90.0,100.0,313,31300.0,3130.0,72,68,22,14.227272727272727,41,253,60,0.8083067092651757,3,0.8236643835616438,Fast Moving,Fast Moving,1.0,0.0,0.0
2278,Araliya Premium Keeri Samba Rice 1kg,Staples & Dry Groceries,145.0,150.0,321,48150.0,1605.0,76,70,20,16.05,51,277,44,0.8629283489096573,1,0.8235388127853882,Fast Moving,Fast Moving,1.0,0.0,0.0
2853,Olive Oil 250ml,Cooking Essentials,900.0,985.0,289,284665.0,24565.0,71,66,20,14.45,34,228,61,0.7889273356401384,3,0.8234132420091324,Fast Moving,Fast Moving,1.0,0.0,0.0
1517,E/H Ice Cream (Vanilla) 80ml,Personal Care,29.5,35.0,377,13195.0,2073.5,220,177,22,17.136363636363637,43,292,85,0.7745358090185677,1,0.8222945205479452,Fast Moving,Fast Moving,0.9975357873210635,0.002464212678936605,0.0
1583,Lipton Ceylonta Tea 100g,Beverages,122.72000000000001,135.0,193,26055.0,2370.04,77,74,24,8.041666666666666,23,132,61,0.6839378238341969,2,0.8221118721461187,Fast Moving,Fast Moving,1.0,0.0,0.0
2133,A&S Red Rice Flour 900g,Staples & Dry Groceries,345.0,360.0,325,117000.0,4875.0,79,73,21,15.476190476190476,52,273,52,0.84,14,0.8211529680365297,Fast Moving,Fast Moving,1.0,0.0,0.0
2840,Sunflower Oil 1L,Cooking Essentials,803.57,900.0,295,265500.0,28446.850000000002,61,58,20,14.75,45,242,53,0.8203389830508474,1,0.8197374429223745,Fast Moving,Fast Moving,1.0,0.0,0.0
2167,Wijaya Chilli Powder 100g,Cooking Essentials,92.0,114.0,315,35910.0,6930.0,74,70,22,14.318181818181818,39,222,93,0.7047619047619048,8,0.8195091324200913,Fast Moving,Fast Moving,1.0,0.0,0.0
2914,Sameera Biscuit powder,Snacks & Confectionery,150.0,190.0,206,39140.0,8240.0,86,79,24,8.583333333333334,31,153,53,0.7427184466019418,13,0.8184474885844749,Fast Moving,Fast Moving,1.0,0.0,0.0
1460,Ratthi Milk Powder 1kg,Dairy & Chilled,2800.0,2990.0,142,424580.0,26980.0,75,72,23,6.173913043478261,19,91,51,0.6408450704225352,0,0.8166095890410958,Fast Moving,Fast Moving,0.9955700450698398,0.004429954930160096,0.0
1815,SCAN Jumbo Peanut (Chilli)40g,Cooking Essentials,99.0,110.0,293,32230.0,3223.0,72,66,22,13.318181818181818,46,245,48,0.8361774744027304,7,0.8157077625570776,Fast Moving,Fast Moving,1.0,0.0,0.0
2173,Wijaya Pepper Powder 25g,Cooking Essentials,48.0,55.0,316,17380.0,2212.0,75,73,23,13.73913043478261,35,226,90,0.7151898734177216,5,0.8146689497716895,Fast Moving,Fast Moving,1.0,0.0,0.0
2766,Lipton Ceylonta 100 Tea bags,Beverages,390.91,430.0,198,85140.0,7739.82,72,67,22,9.0,25,130,68,0.6565656565656566,4,0.813607305936073,Fast Moving,Fast Moving,1.0,0.0,0.0
2839,Sunflower oil 500ml,Cooking Essentials,419.64,470.0,253,118910.0,12741.08,67,63,20,12.65,35,207,46,0.8181818181818182,2,0.8135388127853882,Fast Moving,Fast Moving,1.0,0.0,0.0
1968,Edinborough Mustard Cream350g,Cooking Essentials,239.66,350.0,271,94850.0,29902.14,70,67,21,12.904761904761905,33,199,72,0.7343173431734318,9,0.8123173515981734,Fast Moving,Fast Moving,0.9955700450698398,0.004429954930160096,0.0
3112,Bag (Baby size),Baby & Kids,2.0,3.0,602,1806.0,602.0,354,273,24,25.083333333333332,49,394,208,0.654485049833887,2,0.812203196347032,Fast Moving,Fast Moving,0.9181224502677083,0.08187754973229128,0.0
1722,LankaSoy (chilli chicken)90g,Cooking Essentials,70.0,80.0,287,22960.0,2870.0,66,64,23,12.478260869565217,39,198,89,0.6898954703832753,4,0.8121118721461187,Fast Moving,Fast Moving,1.0,0.0,0.0
2775,CBL Onion Biscuits 170g,Snacks & Confectionery,162.0,180.0,222,39960.0,3996.0,77,71,21,10.571428571428571,30,176,46,0.7927927927927928,2,0.8121118721461187,Fast Moving,Fast Moving,1.0,0.0,0.0
1622,Revello Milk Chocolate 100g,Dairy & Chilled,660.0,690.0,184,126960.0,5520.0,88,80,22,8.363636363636363,21,128,56,0.6956521739130435,6,0.8118036529680365,Fast Moving,Fast Moving,1.0,0.0,0.0
2169,Wijaya Chilli Powder 500g,Cooking Essentials,405.0,470.0,243,114210.0,15795.0,61,59,21,11.571428571428571,39,175,68,0.720164609053498,3,0.8101598173515983,Fast Moving,Fast Moving,1.0,0.0,0.0
2693,Fontana Apple Juice 1L,Beverages,1187.22,1420.0,163,231460.0,37943.14,63,62,24,6.791666666666667,17,112,51,0.6871165644171779,6,0.810068493150685,Fast Moving,Fast Moving,0.9943466948160328,0.005653305183967203,0.0
2163,Wijaya Chilli Pieces 100g,Cooking Essentials,92.0,114.0,308,35112.0,6776.0,68,64,22,14.0,34,244,64,0.7922077922077922,10,0.8100456621004566,Fast Moving,Fast Moving,1.0,0.0,0.0
2806,Fontana Orange Juice 1L,Beverages,1438.0,1720.0,188,323360.0,53016.0,66,64,22,8.545454545454545,30,160,28,0.851063829787234,5,0.8094178082191781,Fast Moving,Fast Moving,0.9975357873210635,0.002464212678936605,0.0
1548,Samaposha Red-Rice 200g,Staples & Dry Groceries,71.0,80.0,369,29520.0,3321.0,82,76,20,18.45,70,320,49,0.8672086720867209,5,0.8085159817351599,Fast Moving,Fast Moving,1.0,0.0,0.0
1834,Maliban Ginger Biscuit 80g,Cooking Essentials,63.0,70.0,277,19390.0,1939.0,67,65,23,12.043478260869565,39,220,57,0.7942238267148014,4,0.8082420091324201,Fast Moving,Fast Moving,1.0,0.0,0.0
2096,Elephant House Ginger Beer 500ml,Cooking Essentials,180.0,200.0,219,43800.0,4380.0,56,56,22,9.954545454545455,24,155,64,0.7077625570776256,0,0.8077853881278539,Fast Moving,Fast Moving,1.0,0.0,0.0
2821,Maliban Wafers (Chocolate) 90g,Snacks & Confectionery,72.0,80.0,219,17520.0,1752.0,70,68,23,9.521739130434783,33,167,52,0.7625570776255708,1,0.8072831050228311,Fast Moving,Fast Moving,1.0,0.0,0.0
2011,Marina Cooking Oil 500ml,Cooking Essentials,370.0,420.0,250,105000.0,12500.0,56,54,21,11.904761904761905,33,208,42,0.832,2,0.8064497716894978,Fast Moving,Fast Moving,1.0,0.0,0.0
2509,Water (Leisure) 5L,Beverages,250.0,350.0,176,61600.0,17600.0,66,65,22,8.0,23,126,50,0.7159090909090909,1,0.8033904109589042,Fast Moving,Fast Moving,0.9958534067446663,0.004146593255333792,0.0
2560,Edinborough Corn Flour 500g,Staples & Dry Groceries,400.0,450.0,253,113850.0,12650.0,56,52,20,12.65,31,203,50,0.8023715415019763,1,0.8023059360730594,Fast Moving,Fast Moving,1.0,0.0,0.0
1963,Edinborough Chilli Paste 100g,Cooking Essentials,160.0,175.0,256,44800.0,3840.0,62,57,22,11.636363636363637,43,180,76,0.703125,10,0.801392694063927,Fast Moving,Fast Moving,1.0,0.0,0.0
2771,Wijaya Turmeric Powder 50g,Cooking Essentials,272.75,300.0,243,72900.0,6621.75,55,52,21,11.571428571428571,35,176,67,0.7242798353909465,2,0.799486301369863,Fast Moving,Fast Moving,1.0,0.0,0.0
2442,Verda Pasta (Spirals) 400g,Staples & Dry Groceries,249.14,298.0,234,69732.0,11433.24,50,49,23,10.173913043478262,34,170,64,0.7264957264957265,2,0.7985045662100456,Fast Moving,Fast Moving,0.9975357873210635,0.002464212678936605,0.0
2922,StixRolled Wafer(Chocolate 100g),Snacks & Confectionery,190.0,220.0,203,44660.0,6090.0,68,67,22,9.227272727272727,32,154,49,0.7586206896551724,8,0.7975,Fast Moving,Fast Moving,1.0,0.0,0.0
2025,San Remo Pasta (Spirals) 500g,Staples & Dry Groceries,385.0,425.0,226,96050.0,9040.0,53,51,21,10.761904761904763,33,176,50,0.7787610619469026,1,0.7974086757990868,Fast Moving,Fast Moving,1.0,0.0,0.0
2441,Verda Pasta (Shell big ) 400g,Staples & Dry Groceries,214.03,298.0,210,62580.0,17633.7,52,50,23,9.130434782608695,26,156,54,0.7428571428571429,2,0.7967922374429224,Fast Moving,Fast Moving,1.0,0.0,0.0
2609,Wijaya Pepper Powder 250g,Cooking Essentials,470.0,525.0,233,122325.0,12815.0,59,57,22,10.590909090909092,54,185,48,0.7939914163090128,17,0.7959018264840183,Fast Moving,Fast Moving,1.0,0.0,0.0
2723,Chocolate Coated Cookies 40g,Snacks & Confectionery,50.0,60.0,234,14040.0,2340.0,81,74,21,11.142857142857142,49,190,44,0.811965811965812,1,0.795433789954338,Fast Moving,Fast Moving,1.0,0.0,0.0
2131,Prima Chakki Atta Flour 1kg,Staples & Dry Groceries,150.0,175.0,209,36575.0,5225.0,53,53,22,9.5,25,146,63,0.6985645933014354,0,0.7950913242009132,Fast Moving,Fast Moving,1.0,0.0,0.0
2843,Maliban Cracker Thins 95g,Snacks & Confectionery,72.0,80.0,218,17440.0,1744.0,68,67,23,9.478260869565217,26,183,35,0.8394495412844036,4,0.7950570776255708,Fast Moving,Fast Moving,1.0,0.0,0.0
2049,Mity Sesame Oil 200ml,Cooking Essentials,532.0,650.0,283,183950.0,33394.0,66,64,20,14.15,41,241,42,0.8515901060070671,21,0.7950456621004567,Fast Moving,Fast Moving,0.9966986301369863,0.003301369863013699,0.0
1585,Lipton Ceylonta Tea-Bags 50,Beverages,195.0,230.0,165,37950.0,5775.0,67,65,23,7.173913043478261,24,105,60,0.6363636363636364,2,0.794554794520548,Fast Moving,Fast Moving,1.0,0.0,0.0
1857,CBL Chocolate Chip Cookies 100g,Snacks & Confectionery,117.0,130.0,192,24960.0,2496.0,81,79,20,9.6,25,144,48,0.75,0,0.7939041095890411,Fast Moving,Fast Moving,1.0,0.0,0.0
2196,Freelan Chilli  Pieces 100g,Cooking Essentials,88.0,100.0,307,30700.0,3684.0,64,61,21,14.619047619047619,54,254,53,0.8273615635179153,10,0.7937214611872144,Fast Moving,Fast Moving,1.0,0.0,0.0
2544,Link Kesha Hair Oil (Classic)100ml,Personal Care,157.5,175.0,211,36925.0,3692.5,52,50,22,9.590909090909092,21,144,67,0.6824644549763034,0,0.7937100456621005,Fast Moving,Fast Moving,0.9975357873210635,0.002464212678936605,0.0
1172,Lifebuoy Bodywash (Green Tea) 100ml,Beverages,90.0,99.0,184,18216.0,1656.0,67,63,24,7.666666666666667,27,139,45,0.7554347826086957,5,0.7934132420091325,Fast Moving,Fast Moving,1.0,0.0,0.0
2097,Elephant House Ginger Beer 1.5L,Cooking Essentials,370.0,400.0,229,91600.0,6870.0,56,56,22,10.409090909090908,29,158,71,0.6899563318777293,11,0.7930479452054794,Fast Moving,Fast Moving,1.0,0.0,0.0
2111,Kandos Cracker Jack 45g,Snacks & Confectionery,96.0,120.0,211,25320.0,5064.0,71,63,22,9.590909090909092,29,184,27,0.8720379146919431,9,0.79236301369863,Fast Moving,Fast Moving,0.9983649932157396,0.0016350067842605157,0.0
1819,CBL Bran Cracker 240g,Snacks & Confectionery,126.0,140.0,211,29540.0,2954.0,71,66,21,10.047619047619047,32,179,32,0.8483412322274881,5,0.792214611872146,Fast Moving,Fast Moving,1.0,0.0,0.0
1568,Zesta Tea (BOPF)  50g,Beverages,160.0,180.0,197,35460.0,3940.0,62,58,21,9.380952380952381,23,137,60,0.6954314720812182,1,0.7920890410958904,Fast Moving,Fast Moving,1.0,0.0,0.0
2588,CBL Snak Cracker 170g,Snacks & Confectionery,162.0,180.0,218,39240.0,3924.0,77,71,20,10.9,35,173,45,0.7935779816513762,6,0.7920091324200913,Fast Moving,Fast Moving,1.0,0.0,0.0
2593,Rathna Keeri Samba Rice 1kg,Staples & Dry Groceries,225.0,240.0,268,64320.0,4020.0,54,50,20,13.4,59,236,32,0.8805970149253731,2,0.7902397260273972,Fast Moving,Fast Moving,1.0,0.0,0.0
2895,Harischandra Coffee (200g),Beverages,750.0,800.0,196,156800.0,9800.0,66,62,20,9.8,23,162,34,0.826530612244898,6,0.7892009132420091,Fast Moving,Fast Moving,1.0,0.0,0.0
1809,Maliban Smart Cream Cracker 500g,Personal Care,432.0,480.0,131,62880.0,6288.0,66,61,23,5.695652173913044,24,97,34,0.7404580152671756,0,0.7890296803652969,Fast Moving,Fast Moving,1.0,0.0,0.0
1962,Edinborough Chilli Paste 325g,Cooking Essentials,400.0,420.0,213,89460.0,4260.0,55,51,23,9.26086956521739,27,140,73,0.6572769953051644,15,0.7890068493150685,Fast Moving,Fast Moving,1.0,0.0,0.0
2870,Bottled Drinking Water 1000ml,Beverages,85.33,100.0,188,18800.0,2757.96,62,60,22,8.545454545454545,21,135,53,0.7180851063829787,0,0.7884360730593608,Fast Moving,Fast Moving,1.0,0.0,0.0
1982,Edinborough Chocolate Topping270ml,Snacks & Confectionery,1000.0,1100.0,171,188100.0,17100.0,63,60,20,8.55,29,127,44,0.7426900584795322,1,0.7884018264840182,Fast Moving,Fast Moving,1.0,0.0,0.0
1553,Maliban Tea (Kahata-Poronduwa)50g,Beverages,40.0,45.0,218,9810.0,1090.0,76,73,23,9.478260869565217,26,164,54,0.7522935779816514,3,0.7875913242009132,Fast Moving,Fast Moving,1.0,0.0,0.0
2581,Maliban Veggie Cracker 170g,Snacks & Confectionery,135.0,150.0,199,29850.0,2985.0,70,67,21,9.476190476190476,37,151,48,0.7587939698492462,5,0.7872260273972602,Fast Moving,Fast Moving,1.0,0.0,0.0
2178,Wijaya Meat Curry Powder 50g,Cooking Essentials,76.0,90.0,314,28260.0,4396.0,76,73,21,14.952380952380953,58,226,88,0.7197452229299363,46,0.7864611872146119,Fast Moving,Fast Moving,0.9820973993971955,0.017902600602804537,0.0
2166,Wijaya Chilli Powder 50g,Cooking Essentials,50.0,57.0,247,14079.0,1729.0,66,66,21,11.761904761904763,23,155,92,0.6275303643724697,2,0.7847831050228311,Fast Moving,Fast Moving,0.9975357873210633,0.002464212678936605,0.0
1816,SCAN Jumbo Peanut (Chilli)80g,Cooking Essentials,300.0,320.0,219,70080.0,4380.0,53,51,22,9.954545454545455,21,146,73,0.6666666666666666,9,0.7843036529680365,Fast Moving,Fast Moving,1.0,0.0,0.0
1662,Motha Jelly (Greengage) 100g,Snacks & Confectionery,91.0,100.0,205,20500.0,1845.0,69,64,22,9.318181818181818,32,169,36,0.824390243902439,8,0.7841780821917808,Fast Moving,Fast Moving,1.0,0.0,0.0
2165,Wijaya Chilli Pieces 500g,Cooking Essentials,405.0,450.0,259,116550.0,11655.0,57,53,19,13.631578947368421,36,205,54,0.7915057915057915,6,0.7841666666666666,Fast Moving,Fast Moving,1.0,0.0,0.0
2924,StixRolled Wafer(Vanilla 100g),Snacks & Confectionery,190.0,220.0,178,39160.0,5340.0,64,59,20,8.9,29,142,36,0.797752808988764,0,0.7837100456621005,Fast Moving,Fast Moving,1.0,0.0,0.0
1863,CBL Chocolate Puff 100g,Snacks & Confectionery,63.0,70.0,186,13020.0,1302.0,67,62,22,8.454545454545455,17,136,50,0.7311827956989247,0,0.7833904109589042,Fast Moving,Fast Moving,1.0,0.0,0.0
1497,Tiara Layer Cake (Vanilla)310g,Snacks & Confectionery,221.0,260.0,205,53300.0,7995.0,62,60,21,9.761904761904763,24,176,29,0.8585365853658536,9,0.7833561643835616,Fast Moving,Fast Moving,1.0,0.0,0.0
1619,Revello Fantasy Milk 50g,Dairy & Chilled,108.0,120.0,155,18600.0,1860.0,73,71,22,7.045454545454546,14,87,68,0.5612903225806452,0,0.7830251141552512,Fast Moving,Fast Moving,0.9950715746421267,0.00492842535787321,0.0
2174,Wijaya Pepper Powder 50g,Cooking Essentials,95.0,118.0,256,30208.0,5888.0,62,58,21,12.19047619047619,36,190,66,0.7421875,14,0.7826826484018266,Fast Moving,Fast Moving,1.0,0.0,0.0
1399,Kellogg's Oats 200g,Staples & Dry Groceries,176.0,200.0,220,44000.0,5280.0,55,51,21,10.476190476190476,38,180,40,0.8181818181818182,4,0.782420091324201,Fast Moving,Fast Moving,1.0,0.0,0.0
3148,Fontana Tomato Juice 1L,Beverages,1450.0,1490.0,170,253300.0,6800.0,58,52,22,7.7272727272727275,31,126,44,0.7411764705882353,10,0.7819634703196348,Fast Moving,Fast Moving,1.0,0.0,0.0
2197,Freelan Dhall Curry Mix 50g,Cooking Essentials,42.0,50.0,245,12250.0,1960.0,67,65,22,11.136363636363637,31,175,70,0.7142857142857143,6,0.78162100456621,Fast Moving,Fast Moving,1.0,0.0,0.0
2325,Kist Mixed Fruit Nectar 1L,Beverages,500.0,550.0,151,83050.0,7550.0,58,56,22,6.863636363636363,22,106,45,0.7019867549668874,1,0.7810730593607305,Fast Moving,Fast Moving,1.0,0.0,0.0
2749,Kellogg's Oats Jar,Staples & Dry Groceries,660.0,750.0,208,156000.0,18720.0,48,47,23,9.043478260869565,26,128,80,0.6153846153846154,9,0.7802739726027398,Fast Moving,Fast Moving,1.0,0.0,0.0
1571,Zesta Tea Bags25(BOPF),Beverages,300.0,375.0,179,67125.0,13425.0,66,64,22,8.136363636363637,24,126,53,0.7039106145251397,19,0.7802168949771688,Fast Moving,Fast Moving,1.0,0.0,0.0
1552,Maliban Tea 100g,Beverages,115.0,130.0,185,24050.0,2775.0,66,64,23,8.043478260869565,23,145,40,0.7837837837837838,10,0.7801027397260274,Fast Moving,Fast Moving,0.9966986301369863,0.003301369863013699,0.0
2322,Kist Apple Nectar 1L,Beverages,236.25,270.0,175,47250.0,5906.25,56,55,23,7.608695652173913,22,135,40,0.7714285714285715,6,0.7789611872146118,Fast Moving,Fast Moving,1.0,0.0,0.0
1586,Zesta Green Tea-Bags 25,Beverages,160.0,180.0,176,31680.0,3520.0,74,72,23,7.6521739130434785,23,98,78,0.5568181818181818,25,0.7786415525114154,Fast Moving,Fast Moving,0.9886304642734212,0.011369535726578792,0.0
2439,Verda Pasta (Penne Rigate) 400g,Staples & Dry Groceries,249.14000000000001,298.0,238,70924.0,11628.68,56,52,21,11.333333333333334,44,176,62,0.7394957983193278,19,0.778162100456621,Fast Moving,Fast Moving,1.0,0.0,0.0
1563,Watawala Tea 50g,Beverages,137.0,150.0,151,22650.0,1963.0,59,57,24,6.291666666666667,20,100,51,0.6622516556291391,2,0.777351598173516,Fast Moving,Fast Moving,1.0,0.0,0.0
2023,San Remo Pasta (Elbows) 500g,Staples & Dry Groceries,385.0,425.0,191,81175.0,7640.0,52,51,22,8.681818181818182,39,138,53,0.7225130890052356,6,0.7773401826484018,Fast Moving,Fast Moving,1.0,0.0,0.0
2072,Sprite 1050ml,Beverages,280.0,300.0,222,66600.0,4440.0,74,67,18,12.333333333333334,32,188,34,0.8468468468468469,11,0.7772716894977169,Fast Moving,Fast Moving,0.9975357873210635,0.002464212678936605,0.0
2052,Motha Jelly (apple)100g,Snacks & Confectionery,90.0,100.0,195,19500.0,1950.0,64,61,21,9.285714285714286,40,165,30,0.8461538461538461,2,0.7767009132420093,Fast Moving,Fast Moving,1.0,0.0,0.0
1459,Ratthi Milk Powder 400g,Dairy & Chilled,1000.0,1150.0,150,172500.0,22500.0,70,66,22,6.818181818181818,17,98,52,0.6533333333333333,16,0.7764497716894977,Fast Moving,Fast Moving,0.9893466948160328,0.010653305183967203,0.0
1589,Harischandra Coffee 100g,Beverages,410.0,440.0,163,71720.0,4890.0,65,63,21,7.761904761904762,18,117,46,0.7177914110429447,6,0.7760159817351597,Fast Moving,Fast Moving,1.0,0.0,0.0
1470,Milo milk powder 400g,Dairy & Chilled,375.0,415.0,128,53120.0,5120.0,68,64,24,5.333333333333333,22,94,34,0.734375,10,0.7759360730593607,Fast Moving,Fast Moving,1.0,0.0,0.0
2586,Marina Cooking Oil 1L,Cooking Essentials,715.0,800.0,179,143200.0,15215.0,56,54,21,8.523809523809524,28,132,47,0.7374301675977654,7,0.775730593607306,Fast Moving,Fast Moving,1.0,0.0,0.0
2181,Wijaya Mustard Seeds 100g,Cooking Essentials,42.0,50.0,281,14050.0,2248.0,61,61,21,13.380952380952381,36,207,74,0.7366548042704626,5,0.7755707762557078,Fast Moving,Fast Moving,1.0,0.0,0.0
2492,Giniraja Ayurvedic Herbal Oil 30ml,Cooking Essentials,139.4,170.0,241,40970.0,7374.6,54,51,19,12.68421052631579,40,207,34,0.8589211618257261,1,0.7755593607305935,Fast Moving,Fast Moving,1.0,0.0,0.0
2972,Pepsi 250ml,Beverages,100.0,120.0,167,20040.0,3340.0,66,63,21,7.9523809523809526,33,129,38,0.7724550898203593,0,0.7755136986301371,Fast Moving,Fast Moving,1.0,0.0,0.0
2168,Wijaya Chilli Powder 250g,Cooking Essentials,230.0,285.0,220,62700.0,12100.0,54,53,22,10.0,27,146,74,0.6636363636363637,23,0.7750913242009132,Fast Moving,Fast Moving,0.9938128213066453,0.006187178693354731,0.0
3092,Kellogg's Oats 400g,Staples & Dry Groceries,640.0,650.0,182,118300.0,1820.0,50,47,21,8.666666666666666,25,152,30,0.8351648351648352,1,0.7749200913242009,Fast Moving,Fast Moving,0.996023102310231,0.003976897689768976,0.0
1452,Anlene (Low fat milk powder) 400g,Dairy & Chilled,553.35,595.0,127,75565.0,5289.55,64,62,22,5.7727272727272725,16,99,28,0.7795275590551181,1,0.7741438356164384,Fast Moving,Fast Moving,0.9959007805368029,0.004099219463197122,0.0
2179,Wijaya Mustard Powder 50g,Cooking Essentials,34.0,40.0,240,9600.0,1440.0,60,58,21,11.428571428571429,30,187,53,0.7791666666666667,0,0.7736757990867579,Fast Moving,Fast Moving,1.0,0.0,0.0
2014,Fortune Vegetable Oil 200ml,Cooking Essentials,320.0,340.0,264,89760.0,5280.0,55,52,20,13.2,33,228,36,0.8636363636363636,19,0.7735844748858448,Fast Moving,Fast Moving,1.0,0.0,0.0
1530,E/H Ice Cream (Chocolate) 4L,Personal Care,2000.0,2200.0,107,235400.0,21400.0,70,65,23,4.6521739130434785,15,71,36,0.6635514018691588,4,0.7724429223744291,Fast Moving,Fast Moving,1.0,0.0,0.0
1621,Revello Milk Chocolate 50g,Dairy & Chilled,320.0,350.0,145,50750.0,4350.0,74,66,21,6.904761904761905,23,113,32,0.7793103448275862,4,0.7723059360730595,Fast Moving,Fast Moving,1.0,0.0,0.0
1841,Maliban Chocolate Puff 200g,Snacks & Confectionery,126.0,140.0,177,24780.0,2478.0,63,59,22,8.045454545454545,19,130,47,0.7344632768361582,7,0.7719748858447488,Fast Moving,Fast Moving,1.0,0.0,0.0
2024,San Remo Pasta (Small Shells) 500g,Staples & Dry Groceries,355.33,425.0,223,94775.0,15536.41,53,51,20,11.15,37,166,57,0.7443946188340808,8,0.77162100456621,Fast Moving,Fast Moving,1.0,0.0,0.0
3081,BabyCheramy Honey & Milk Protein BabyShampoo 100ml,Dairy & Chilled,280.0,290.0,129,37410.0,1290.0,70,69,24,5.375,15,82,47,0.6356589147286822,12,0.7716095890410959,Fast Moving,Fast Moving,1.0,0.0,0.0
1989,KIST Chilli Sauce375g,Cooking Essentials,300.0,325.0,252,81900.0,6300.0,55,54,19,13.263157894736842,38,205,47,0.8134920634920635,9,0.7714840182648401,Fast Moving,Fast Moving,1.0,0.0,0.0
2472,Revello Chocolate (Cashew) 100g,Snacks & Confectionery,243.0,280.0,164,45920.0,6068.0,65,63,19,8.631578947368421,20,131,33,0.7987804878048781,0,0.7712899543378995,Fast Moving,Fast Moving,0.9966986301369863,0.003301369863013699,0.0
2203,Turmeric Paste 50g,Cooking Essentials,110.0,125.0,279,34875.0,4185.0,63,58,19,14.68421052631579,45,238,41,0.8530465949820788,14,0.7708561643835615,Fast Moving,Fast Moving,1.0,0.0,0.0
2103,BunTalk Better Biscuit 10pcs,Snacks & Confectionery,90.0,100.0,193,19300.0,1930.0,71,68,20,9.65,27,152,41,0.7875647668393783,3,0.7708219178082192,Fast Moving,Fast Moving,1.0,0.0,0.0
2139,Biscuit Powder 300g,Snacks & Confectionery,70.0,90.0,191,17190.0,3820.0,75,70,21,9.095238095238095,25,153,38,0.8010471204188482,8,0.7698972602739725,Fast Moving,Fast Moving,1.0,0.0,0.0
1845,CBL Bourbon Biscuits 100g,Snacks & Confectionery,72.0,80.0,221,17680.0,1768.0,71,64,20,11.05,37,202,19,0.9140271493212669,9,0.7680022831050228,Fast Moving,Fast Moving,0.9846277323355749,0.015372267664425057,0.0
2959,Lion Ginger Beer 250ml,Cooking Essentials,80.0,100.0,194,19400.0,3880.0,53,51,23,8.434782608695652,22,133,61,0.6855670103092784,4,0.7679566210045661,Fast Moving,Fast Moving,1.0,0.0,0.0
2189,Freelan Meat Curry Powder 50g,Cooking Essentials,100.0,130.0,245,31850.0,7350.0,59,55,20,12.25,70,202,43,0.8244897959183674,14,0.7678310502283104,Fast Moving,Fast Moving,1.0,0.0,0.0
1856,CBL Kalo Biscuits 90g,Snacks & Confectionery,72.0,80.0,227,18160.0,1816.0,80,72,20,11.35,22,173,54,0.762114537444934,17,0.7675114155251141,Fast Moving,Fast Moving,1.0,0.0,0.0
1658,Motha Jelly (Mixed-Fruit) 100g,Snacks & Confectionery,92.0,100.0,185,18500.0,1480.0,67,65,21,8.80952380952381,36,154,31,0.8324324324324325,5,0.7673515981735161,Fast Moving,Fast Moving,1.0,0.0,0.0
2744,Mini Chips (Chilli) 27g,Cooking Essentials,35.0,40.0,315,12600.0,1575.0,71,67,21,15.0,57,254,61,0.8063492063492064,29,0.7673173515981735,Fast Moving,Fast Moving,0.9791658581244806,0.020834141875519335,0.0
1652,Motha Caramel (Pudding mix) 100g,Snacks & Confectionery,99.0,110.0,180,19800.0,1980.0,61,60,20,9.0,37,153,27,0.85,0,0.766986301369863,Fast Moving,Fast Moving,0.9983649932157396,0.0016350067842605157,0.0
2476,Revello Chocolate (Milk) 170g,Dairy & Chilled,324.0,360.0,136,48960.0,4896.0,80,75,21,6.476190476190476,13,99,37,0.7279411764705882,5,0.7669406392694065,Fast Moving,Fast Moving,1.0,0.0,0.0
3003,Sun Crush Ginger Beer 250ml,Cooking Essentials,140.0,150.0,198,29700.0,1980.0,53,51,22,9.0,25,149,49,0.7525252525252525,8,0.7666552511415525,Fast Moving,Fast Moving,1.0,0.0,0.0
2073,Sprite 1.5L,Beverages,380.0,420.0,141,59220.0,5640.0,57,54,21,6.714285714285714,18,99,42,0.7021276595744681,0,0.7665182648401826,Fast Moving,Fast Moving,1.0,0.0,0.0
2738,Sustagen 400g (Chocolate),Snacks & Confectionery,3521.45,3900.0,162,631800.0,61325.100000000006,56,56,21,7.714285714285714,23,123,39,0.7592592592592593,14,0.766335616438356,Fast Moving,Fast Moving,0.9931058323909033,0.0068941676090967016,0.0
1118,Silicone oil 50ml,Cooking Essentials,280.0,310.0,248,76880.0,7440.0,54,50,19,13.052631578947368,36,209,39,0.842741935483871,11,0.7659360730593606,Fast Moving,Fast Moving,1.0,0.0,0.0
2135,Lanka Salt 1kg,Staples & Dry Groceries,100.0,120.0,237,28440.0,4740.0,42,40,22,10.772727272727273,32,179,58,0.7552742616033755,1,0.76587899543379,Fast Moving,Fast Moving,0.9598406760345236,0.04015932396547636,0.0
1981,Edinborough Soya Sauce650ml,Cooking Essentials,195.0,220.0,239,52580.0,5975.0,49,45,19,12.578947368421053,49,180,59,0.7531380753138075,1,0.7656164383561644,Fast Moving,Fast Moving,0.9983649932157396,0.0016350067842605157,0.0
1862,CBL Milk Shorties 325g,Dairy & Chilled,126.0,140.0,142,19880.0,1988.0,72,69,22,6.454545454545454,20,104,38,0.7323943661971831,2,0.7652511415525114,Fast Moving,Fast Moving,1.0,0.0,0.0
2471,Tea (loose) 100g,Beverages,80.0,120.0,169,20280.0,6760.0,68,65,21,8.047619047619047,22,110,59,0.650887573964497,4,0.7646689497716894,Fast Moving,Fast Moving,1.0,0.0,0.0
2750,Kellogg's Corn Flakes 475g (1L Milk Free),Dairy & Chilled,726.0,825.0,124,102300.0,12276.0,62,58,22,5.636363636363637,12,81,43,0.6532258064516129,3,0.7641780821917808,Fast Moving,Fast Moving,0.9963992509645161,0.0036007490354840067,0.0
1463,Maliban Milk  Powder 1kg,Dairy & Chilled,897.0,945.0,122,115290.0,5856.0,67,65,21,5.809523809523809,15,90,32,0.7377049180327869,2,0.7641324200913244,Fast Moving,Fast Moving,1.0,0.0,0.0
2963,Lion Ginger Beer 1050ml,Cooking Essentials,240.0,250.0,239,59750.0,2390.0,46,46,20,11.95,38,206,33,0.8619246861924686,2,0.764109589041096,Fast Moving,Fast Moving,0.990739099270096,0.009260900729903881,0.0
2186,Wijaya Gram Flour 400g,Staples & Dry Groceries,160.0,180.0,192,34560.0,3840.0,53,52,21,9.142857142857142,21,134,58,0.6979166666666666,4,0.7640981735159817,Fast Moving,Fast Moving,1.0,0.0,0.0
2109,Kandos Milk Extra Creamy 100g,Dairy & Chilled,240.0,300.0,122,36600.0,7320.0,71,68,22,5.545454545454546,17,77,45,0.6311475409836066,2,0.7639954337899544,Fast Moving,Fast Moving,0.9987766497461927,0.0012233502538071066,0.0
1641,MD Faluda Mix 250g,Beverages,175.0,190.0,159,30210.0,2385.0,57,55,21,7.571428571428571,23,122,37,0.7672955974842768,1,0.7632990867579909,Fast Moving,Fast Moving,0.9975357873210635,0.002464212678936605,0.0
2076,Fanta 1.5ml,Beverages,380.0,400.0,176,70400.0,3520.0,61,61,21,8.380952380952381,18,137,39,0.7784090909090909,22,0.7631506849315068,Fast Moving,Fast Moving,0.9950715746421268,0.00492842535787321,0.0
2633,Kotmale Chocolate Flavoured Milk 170ml,Dairy & Chilled,80.0,100.0,136,13600.0,2720.0,74,73,22,6.181818181818182,13,98,38,0.7205882352941176,0,0.7627968036529681,Fast Moving,Fast Moving,0.9818015610736057,0.018198438926394243,0.0
1665,Motha Jelly (Apple) 500g,Snacks & Confectionery,950.0,975.0,147,143325.0,3675.0,54,51,21,7.0,15,118,29,0.8027210884353742,2,0.7621689497716897,Fast Moving,Fast Moving,0.9975357873210635,0.002464212678936605,0.0
2561,Edinborough Fish Sauce 190ml,Cooking Essentials,300.0,370.0,202,74740.0,14140.0,52,50,21,9.619047619047619,22,145,57,0.7178217821782178,15,0.7621347031963471,Fast Moving,Fast Moving,1.0,0.0,0.0
1578,Laojee Tea 100g,Beverages,100.0,120.0,182,21840.0,3640.0,70,66,21,8.666666666666666,20,115,67,0.6318681318681318,14,0.7617009132420091,Fast Moving,Fast Moving,1.0,0.0,0.0
1864,CBL Chocolate Puff 200g,Snacks & Confectionery,240.0,250.0,178,44500.0,1780.0,57,56,21,8.476190476190476,32,137,41,0.7696629213483146,10,0.7611415525114156,Fast Moving,Fast Moving,1.0,0.0,0.0
2453,Prima Swiss Roll (Coffee) 225g,Beverages,280.0,325.0,167,54275.0,7515.0,55,53,19,8.789473684210526,20,145,22,0.8682634730538922,0,0.7603310502283105,Fast Moving,Fast Moving,0.9935588896312945,0.0064411103687055824,0.0
3128,Nestle Milo 15g,Beverages,40.0,50.0,189,9450.0,1890.0,72,67,23,8.217391304347826,25,122,67,0.6455026455026455,12,0.7601826484018266,Fast Moving,Fast Moving,1.0,0.0,0.0
1021,Clogard (natural salt) 120g,Staples & Dry Groceries,110.0,124.0,241,29884.0,3374.0,55,52,20,12.05,31,197,44,0.8174273858921162,13,0.7596347031963471,Fast Moving,Fast Moving,1.0,0.0,0.0
2192,Freelan Curry Powder 50g,Cooking Essentials,40.0,46.0,284,13064.0,1704.0,63,60,21,13.523809523809524,32,218,66,0.7676056338028169,23,0.7595205479452054,Fast Moving,Fast Moving,0.9965584961612904,0.003441503838709517,0.0
2191,Freelan Meat Curry Powder 20g,Cooking Essentials,21.0,25.0,235,5875.0,940.0,60,57,21,11.19047619047619,38,186,49,0.7914893617021277,0,0.7589269406392694,Fast Moving,Fast Moving,0.9909007805368029,0.009099219463197122,0.0
2324,Kist Mixed Fruit Nectar 500ml,Beverages,131.25,150.0,167,25050.0,3131.25,60,58,20,8.35,29,128,39,0.7664670658682635,1,0.7584703196347032,Fast Moving,Fast Moving,1.0,0.0,0.0
2792,Ritzbury Cashew Chocolate 93g,Snacks & Confectionery,300.0,340.0,173,58820.0,6920.0,56,54,20,8.65,24,146,27,0.8439306358381503,5,0.7582876712328768,Fast Moving,Fast Moving,0.9983649932157396,0.0016350067842605157,0.0
1417,Highland Fresh Milk 450ml,Dairy & Chilled,180.0,200.0,146,29200.0,2920.0,74,70,23,6.3478260869565215,15,101,45,0.6917808219178082,27,0.7580251141552511,Fast Moving,Fast Moving,0.9975357873210635,0.002464212678936605,0.0
1587,Harischandra Coffee 20g,Beverages,80.0,90.0,187,16830.0,1870.0,65,60,21,8.904761904761905,26,149,38,0.7967914438502673,8,0.7576369863013699,Fast Moving,Fast Moving,1.0,0.0,0.0
3149,Fontana Pineapple Juice 1L,Beverages,1700.0,1720.0,157,270040.0,3140.0,60,55,19,8.263157894736842,24,119,38,0.7579617834394905,6,0.7573515981735159,Fast Moving,Fast Moving,1.0,0.0,0.0
1424,Ambewela Fresh Milk 200ml,Dairy & Chilled,110.0,130.0,126,16380.0,2520.0,69,66,23,5.478260869565218,23,94,32,0.746031746031746,1,0.7566095890410959,Fast Moving,Fast Moving,1.0,0.0,0.0
1115,Nerralu Hiar oil 100ml,Cooking Essentials,161.43,180.0,232,41760.0,4308.24,51,49,19,12.210526315789474,65,184,48,0.7931034482758621,4,0.7562899543378995,Fast Moving,Fast Moving,1.0,0.0,0.0
3242,San Remo Elbows Pasta 250g,Staples & Dry Groceries,480.0,520.0,193,100360.0,7720.0,46,42,21,9.19047619047619,25,156,37,0.8082901554404145,6,0.7560388127853881,Fast Moving,Fast Moving,0.9893059921001764,0.010694007899823514,0.0
2332,CBL Chocolate Marie 200g,Snacks & Confectionery,117.0,130.0,193,25090.0,2509.0,56,53,20,9.65,31,160,33,0.8290155440414507,4,0.7558105022831051,Fast Moving,Fast Moving,1.0,0.0,0.0
1814,SCAN Jumbo Peanut (Chilli)15g,Cooking Essentials,36.0,40.0,242,9680.0,968.0,70,66,21,11.523809523809524,46,163,79,0.6735537190082644,18,0.7554109589041096,Fast Moving,Fast Moving,0.9842344174580497,0.015765582541950304,0.0
1577,Laojee Tea 50g,Beverages,45.0,55.0,185,10175.0,1850.0,62,60,21,8.80952380952381,30,149,36,0.8054054054054054,1,0.7551598173515982,Fast Moving,Fast Moving,1.0,0.0,0.0
1855,CBL Nice Biscuits  400g,Snacks & Confectionery,207.0,230.0,167,38410.0,3841.0,60,55,20,8.35,42,132,35,0.7904191616766467,5,0.7550228310502284,Fast Moving,Fast Moving,1.0,0.0,0.0
2319,Kist Orange Nectar 1L,Beverages,236.25,270.0,141,38070.0,4758.75,57,56,21,6.714285714285714,18,109,32,0.7730496453900709,1,0.7548401826484018,Fast Moving,Fast Moving,0.987061996315521,0.012938003684478951,0.0
2379,Zesta Tea (BOPF) 490g,Beverages,1600.0,1625.0,156,253500.0,3900.0,54,53,20,7.8,28,115,41,0.7371794871794872,6,0.7539840182648401,Fast Moving,Fast Moving,0.9975357873210635,0.002464212678936605,0.0
2661,Wijaya Coffee 100g,Beverages,270.0,300.0,159,47700.0,4770.0,60,57,21,7.571428571428571,17,113,46,0.710691823899371,13,0.7537785388127853,Fast Moving,Fast Moving,1.0,0.0,0.0
2474,Revello Chocolate (Cashew) 50g,Snacks & Confectionery,320.0,350.0,157,54950.0,4710.0,52,50,22,7.136363636363637,20,119,38,0.7579617834394905,8,0.7531963470319635,Fast Moving,Fast Moving,1.0,0.0,0.0
1804,CBL Super Cream Cracker 230g,Personal Care,207.0,230.0,125,28750.0,2875.0,71,67,21,5.9523809523809526,15,75,50,0.6,2,0.7529452054794521,Fast Moving,Fast Moving,0.9986004645760744,0.0013995354239256677,0.0
2473,Revello Chocolate (Cashew) 170g,Snacks & Confectionery,378.0,430.0,144,61920.0,7488.0,58,54,21,6.857142857142857,28,104,40,0.7222222222222222,6,0.7527739726027397,Fast Moving,Fast Moving,1.0,0.0,0.0
2044,Edinborough Tomato Sauce 230g,Cooking Essentials,144.99,170.0,193,32810.0,4826.93,51,50,21,9.19047619047619,19,148,45,0.7668393782383419,8,0.7523972602739727,Fast Moving,Fast Moving,0.995,0.005,0.0
2594,CBL Wafers (Chocolate) 400g,Snacks & Confectionery,234.0,260.0,152,39520.0,3952.0,59,58,20,7.6,23,112,40,0.7368421052631579,2,0.7519977168949772,Fast Moving,Fast Moving,1.0,0.0,0.0
1465,Pelwatte Milk Powder 400g,Dairy & Chilled,372.0,380.0,134,50920.0,1072.0,66,62,21,6.380952380952381,16,84,50,0.6268656716417911,8,0.7517922374429223,Fast Moving,Fast Moving,1.0,0.0,0.0
1447,R.L Drinking Yoghurt (vanilla),Dairy & Chilled,120.0,150.0,128,19200.0,3840.0,67,63,22,5.818181818181818,15,94,34,0.734375,2,0.7514497716894977,Fast Moving,Fast Moving,1.0,0.0,0.0
1980,Edinborough Soya Sauce100ml,Cooking Essentials,200.0,230.0,223,51290.0,6690.0,53,52,17,13.117647058823529,30,174,49,0.7802690582959642,4,0.7513812785388128,Fast Moving,Fast Moving,0.9980342577487765,0.001965742251223491,0.0
2541,Rancrips Potato Chips(Lightly sea salted),Snacks & Confectionery,225.0,300.0,163,48900.0,12225.0,57,54,20,8.15,23,119,44,0.7300613496932515,6,0.7513812785388128,Fast Moving,Fast Moving,0.9941863605671845,0.005813639432815665,0.0
2180,Wijaya Mustard Seeds 50g,Cooking Essentials,25.0,30.0,274,8220.0,1370.0,60,58,19,14.421052631578947,31,212,62,0.7737226277372263,1,0.7511415525114155,Fast Moving,Fast Moving,0.9938128213066453,0.006187178693354731,0.0
2263,Kist Green Apple Juice 1L,Beverages,440.0,450.0,148,66600.0,1480.0,55,52,19,7.7894736842105265,21,119,29,0.8040540540540541,0,0.7507191780821917,Fast Moving,Fast Moving,1.0,0.0,0.0
1987,KIST Tomato Sauce 4L,Cooking Essentials,2400.0,2500.0,179,447500.0,17900.0,43,41,22,8.136363636363637,23,133,46,0.7430167597765364,15,0.7506164383561644,Fast Moving,Fast Moving,0.9506249538608361,0.04937504613916395,0.0
1572,Zesta Tea Bags50(BOPF),Beverages,600.0,675.0,141,95175.0,10575.0,59,55,19,7.421052631578948,20,75,66,0.5319148936170213,1,0.7503995433789954,Fast Moving,Fast Moving,0.9851431492842535,0.014856850715746422,0.0
2614,Pelwatte Milk Powder 1kg,Dairy & Chilled,935.0,945.0,129,121905.0,1290.0,67,64,21,6.142857142857143,18,93,36,0.7209302325581395,17,0.7503082191780821,Fast Moving,Fast Moving,0.9925357873210633,0.007464212678936606,0.0
2780,Kist Green Apple Juice 200ml,Beverages,81.0,90.0,169,15210.0,1521.0,61,58,22,7.681818181818182,18,115,54,0.6804733727810651,8,0.7502511415525114,Fast Moving,Fast Moving,1.0,0.0,0.0
1502,Little Lion Madeira Cake 325g,Snacks & Confectionery,560.0,580.0,150,87000.0,3000.0,48,45,21,7.142857142857143,28,112,38,0.7466666666666667,1,0.7490639269406393,Fast Moving,Fast Moving,0.9894752366299577,0.010524763370042278,0.0
2331,CBL Chocolate Marie 90g,Snacks & Confectionery,49.5,55.0,189,10395.0,1039.5,59,57,21,9.0,28,157,32,0.8306878306878307,2,0.748835616438356,Fast Moving,Fast Moving,1.0,0.0,0.0
1506,E/H Wonder Bar (Chocolate),Snacks & Confectionery,43.25,50.0,185,9250.0,1248.75,60,58,22,8.409090909090908,22,151,34,0.8162162162162162,4,0.7487557077625571,Fast Moving,Fast Moving,1.0,0.0,0.0
2326,Kist Mango Nectar 200ml,Beverages,53.1,60.0,173,10380.0,1193.7,64,62,20,8.65,24,147,26,0.8497109826589595,0,0.748527397260274,Fast Moving,Fast Moving,0.9983649932157393,0.0016350067842605157,0.0
2347,R.L Drinking Yoghurt 180ml (Classic),Dairy & Chilled,120.0,150.0,114,17100.0,3420.0,57,56,24,4.75,13,78,36,0.6842105263157895,1,0.7481735159817351,Fast Moving,Fast Moving,0.9817702047791131,0.01822979522088691,0.0
1805,CBL Super Cream Cracker 490g,Personal Care,432.0,480.0,110,52800.0,5280.0,64,60,23,4.782608695652174,17,79,31,0.7181818181818181,9,0.7479908675799086,Fast Moving,Fast Moving,0.9966986301369863,0.003301369863013699,0.0
2071,Sprite 400ml,Beverages,182.0,200.0,160,32000.0,2880.0,55,51,20,8.0,19,123,37,0.76875,2,0.7477625570776256,Fast Moving,Fast Moving,1.0,0.0,0.0
1454,Anchor Milk Powder 400g,Dairy & Chilled,1100.0,1150.0,118,135700.0,5900.0,59,58,20,5.9,15,93,25,0.788135593220339,1,0.7474429223744292,Fast Moving,Fast Moving,0.9959007805368029,0.004099219463197122,0.0
1988,KIST Chilli Sauce190g,Cooking Essentials,160.0,170.0,207,35190.0,2070.0,50,48,18,11.5,34,182,25,0.8792270531400966,1,0.7471232876712329,Fast Moving,Fast Moving,0.9970344544708777,0.0029655455291222317,0.0
1582,Lipton Ceylonta Tea 50g,Beverages,61.809999999999995,68.0,162,11016.0,1002.7800000000001,70,67,22,7.363636363636363,24,103,59,0.6358024691358025,9,0.7468036529680365,Fast Moving,Fast Moving,1.0,0.0,0.0
2810,Soya 90g,Cooking Essentials,60.0,65.0,204,13260.0,1020.0,48,47,22,9.272727272727273,29,172,32,0.8431372549019608,2,0.7466552511415525,Fast Moving,Fast Moving,0.9888360155444836,0.011163984455516474,0.0
2443,Heins Tuna Flakes in s/f oil 185g,Cooking Essentials,650.0,680.0,216,146880.0,6480.0,50,48,19,11.368421052631579,39,176,40,0.8148148148148148,18,0.7465182648401826,Fast Moving,Fast Moving,1.0,0.0,0.0
1874,Little Lion Wafers (Chocolate) 225g,Snacks & Confectionery,126.0,150.0,169,25350.0,4056.0,66,63,20,8.45,24,133,36,0.7869822485207101,13,0.7464954337899543,Fast Moving,Fast Moving,1.0,0.0,0.0
2993,A.N Vanilla Flavoured Milk 180ml,Dairy & Chilled,120.0,130.0,139,18070.0,1390.0,70,66,21,6.619047619047619,17,96,43,0.6906474820143885,3,0.7462785388127854,Fast Moving,Fast Moving,1.0,0.0,0.0
2440,Verda Pasta (Elbow) 400g,Staples & Dry Groceries,249.14,298.0,215,64070.0,10504.9,49,47,18,11.944444444444445,37,176,39,0.8186046511627907,4,0.7455593607305936,Fast Moving,Fast Moving,0.9942344174580497,0.005765582541950305,0.0
2828,Happy Cow Cheese 10's,Dairy & Chilled,1464.62,1680.0,105,176400.0,22614.9,58,53,22,4.7727272727272725,13,77,28,0.7333333333333333,6,0.7453310502283104,Fast Moving,Fast Moving,0.998776649746193,0.0012233502538071066,0.0
1660,Motha Jelly (Strawberry) 100g,Snacks & Confectionery,90.0,100.0,156,15600.0,1560.0,60,55,20,7.8,26,132,24,0.8461538461538461,0,0.7453196347031964,Fast Moving,Fast Moving,0.9955700450698398,0.004429954930160096,0.0
1792,Asiri Rice Flour Savoury (Garlic)25g,Staples & Dry Groceries,16.0,20.0,339,6780.0,1356.0,72,63,16,21.1875,60,307,32,0.9056047197640118,2,0.7452511415525114,Fast Moving,Fast Moving,0.9404194712124715,0.05958052878752859,0.0
1462,Maliban Milk  Powder 400g,Dairy & Chilled,465.0,480.0,131,62880.0,1965.0,68,63,22,5.954545454545454,12,81,50,0.6183206106870229,41,0.744771689497717,Fast Moving,Fast Moving,0.9482675554938992,0.05173244450610068,0.0
2479,Ritzbury Chocolate (Crispy) 45g,Snacks & Confectionery,63.0,70.0,175,12250.0,1225.0,63,58,19,9.210526315789474,23,153,22,0.8742857142857143,0,0.744714611872146,Fast Moving,Fast Moving,0.9942344174580497,0.005765582541950305,0.0
2260,Kizz Apple Drink 215ml,Beverages,95.0,100.0,154,15400.0,770.0,57,54,22,7.0,21,116,38,0.7532467532467533,3,0.7446803652968036,Fast Moving,Fast Moving,1.0,0.0,0.0
2733,Kotmale Mozzarella Cheese 200g,Dairy & Chilled,395.0,490.0,125,61250.0,11875.0,59,55,20,6.25,15,80,45,0.64,1,0.7446575342465753,Fast Moving,Fast Moving,1.0,0.0,0.0
2950,Bun Talk Tea Bun,Beverages,65.0,75.0,161,12075.0,1610.0,66,63,22,7.318181818181818,17,114,47,0.7080745341614907,9,0.744474885844749,Fast Moving,Fast Moving,0.9987766497461927,0.0012233502538071066,0.0
2370,Garlic 1kg,Cooking Essentials,410.0,450.0,226,101700.0,9040.0,51,48,19,11.894736842105264,37,157,69,0.6946902654867256,28,0.7440296803652967,Fast Moving,Fast Moving,0.998776649746193,0.0012233502538071066,0.0
2958,Little Lion Chocolate Cake,Snacks & Confectionery,560.0,590.0,148,87320.0,4440.0,54,51,20,7.4,18,113,35,0.7635135135135135,4,0.743972602739726,Fast Moving,Fast Moving,1.0,0.0,0.0
3087,Dash Air Freshener (Cinnamon),Cooking Essentials,675.75,795.0,176,139920.0,20988.0,47,47,21,8.380952380952381,19,112,64,0.6363636363636364,15,0.7430365296803653,Fast Moving,Fast Moving,0.9875500067650655,0.012449993234934478,0.0
1991,Edinborough Coconut Vinegar350ml,Cooking Essentials,80.0,90.0,201,18090.0,2010.0,48,47,21,9.571428571428571,36,156,45,0.7761194029850746,3,0.7427168949771691,Fast Moving,Fast Moving,0.9971416429619324,0.002858357038067622,0.0
2717,Mentos Mint Toffee 33.8g,Snacks & Confectionery,80.0,100.0,160,16000.0,3200.0,61,56,19,8.421052631578947,31,139,21,0.86875,0,0.7423858447488584,Fast Moving,Fast Moving,0.9929630103133771,0.007036989686622771,0.0
1400,Kellogg's Oats 450g,Staples & Dry Groceries,374.0,425.0,172,73100.0,8772.0,46,46,21,8.19047619047619,33,126,46,0.7325581395348837,7,0.7421917808219178,Fast Moving,Fast Moving,0.9953087833505126,0.004691216649487273,0.0
3136,EdinBorouah Oyster Sauce 1kg,Cooking Essentials,1000.0,1040.0,214,222560.0,8560.0,50,45,19,11.263157894736842,35,156,58,0.7289719626168224,33,0.7408789954337899,Fast Moving,Fast Moving,0.9682038534330892,0.03179614656691081,0.0
2137,Lanka Table Salt 400g,Staples & Dry Groceries,50.0,100.0,176,17600.0,8800.0,47,46,22,8.0,36,123,53,0.6988636363636364,2,0.7403995433789954,Fast Moving,Fast Moving,0.9729637029220102,0.027036297077989827,0.0
2334,CBL Wafer Stix 55g vanilla,Snacks & Confectionery,110.0,120.0,155,18600.0,1550.0,64,55,18,8.61111111111111,29,138,17,0.8903225806451613,0,0.7402968036529681,Fast Moving,Fast Moving,0.9593310710446487,0.0406689289553511,0.0
2647,Ritzbury Milk Choco (Cashew) 45g,Dairy & Chilled,150.0,180.0,111,19980.0,3330.0,63,57,22,5.045454545454546,14,77,34,0.6936936936936937,1,0.740228310502283,Fast Moving,Fast Moving,0.996277033985582,0.0037229660144181254,0.0
2328,Kist Mango Nectar 1L,Beverages,236.25,270.0,153,41310.0,5163.75,58,56,21,7.285714285714286,23,116,37,0.7581699346405228,19,0.7401255707762557,Fast Moving,Fast Moving,1.0,0.0,0.0
2259,Kizz Strawberry Drink 215ml,Beverages,95.0,100.0,149,14900.0,745.0,54,53,23,6.478260869565218,23,114,35,0.7651006711409396,3,0.7400456621004566,Fast Moving,Fast Moving,0.9987766497461927,0.0012233502538071066,0.0
2660,Wijaya Coffee 50g,Beverages,135.0,150.0,152,22800.0,2280.0,55,50,22,6.909090909090909,19,123,29,0.8092105263157895,9,0.7398287671232877,Fast Moving,Fast Moving,0.9990227088402271,0.0009772911597729116,0.0
1793,Asiri Rice Flour Savoury (Garlic)80g,Staples & Dry Groceries,48.0,60.0,238,14280.0,2856.0,52,46,18,13.222222222222221,46,216,22,0.907563025210084,1,0.739337899543379,Fast Moving,Fast Moving,0.9451534207637846,0.054846579236215234,0.0
1706,Clogard (Natural-Salt)40g,Staples & Dry Groceries,49.09,54.0,216,11664.0,1060.56,54,52,22,9.818181818181818,37,162,54,0.75,22,0.7389155251141553,Fast Moving,Fast Moving,0.9926073619631901,0.007392638036809816,0.0
2074,Fanta 1050ml,Beverages,285.0,300.0,160,48000.0,2400.0,53,51,19,8.421052631578947,19,131,29,0.81875,3,0.7380707762557077,Fast Moving,Fast Moving,0.9975357873210635,0.002464212678936605,0.0
3256,Gram Flour 200g,Staples & Dry Groceries,120.0,150.0,236,35400.0,7080.0,50,47,17,13.882352941176471,29,182,54,0.7711864406779662,5,0.7380593607305937,Fast Moving,Fast Moving,0.9791289347011343,0.02087106529886568,0.0
1250,Velvet 100g (Milk & Almond),Dairy & Chilled,59.0,65.0,138,8970.0,828.0,73,69,22,6.2727272727272725,23,98,40,0.7101449275362319,3,0.7371917808219177,Fast Moving,Fast Moving,0.995,0.005,0.0
2901,Fanta 300ml(glass bottle),Beverages,136.5,150.0,128,19200.0,1728.0,54,53,22,5.818181818181818,18,98,30,0.765625,1,0.7362328767123287,Fast Moving,Fast Moving,0.9965584961612904,0.003441503838709517,0.0
1120,Axe oil 3ml,Cooking Essentials,105.0,120.0,206,24720.0,3090.0,54,50,20,10.3,41,164,42,0.7961165048543689,25,0.7356621004566211,Fast Moving,Fast Moving,0.9952997428258089,0.004700257174191037,0.0
1659,Motha Jelly (Mixed-Fruit) 200g,Snacks & Confectionery,162.0,180.0,173,31140.0,3114.0,56,54,17,10.176470588235293,41,156,17,0.9017341040462428,2,0.7356392694063927,Fast Moving,Fast Moving,0.9728519748935532,0.02714802510644665,0.0
2788,Kist Guava Nectar 1L,Beverages,236.25,270.0,134,36180.0,4522.5,48,46,21,6.380952380952381,16,100,34,0.746268656716418,0,0.7351255707762557,Fast Moving,Fast Moving,0.9939607324343285,0.006039267565671381,0.0
2477,Revello Chocolate (Hazelnut) 170g,Snacks & Confectionery,441.0,490.0,123,60270.0,6027.0,52,52,21,5.857142857142857,15,94,29,0.7642276422764228,2,0.7346347031963472,Fast Moving,Fast Moving,0.998776649746193,0.0012233502538071066,0.0
2763,Vaseline Green Tea 100ml,Beverages,240.16999999999996,275.0,133,36575.0,4632.389999999999,54,50,20,6.65,16,81,52,0.6090225563909775,1,0.7344520547945205,Fast Moving,Fast Moving,1.0,0.0,0.0
2083,Lion Ginger Beer 400ml,Cooking Essentials,135.0,150.0,215,32250.0,3225.0,50,50,20,10.75,27,145,70,0.6744186046511628,24,0.7340753424657535,Fast Moving,Fast Moving,0.9963124370672563,0.0036875629327437123,0.0
2997,P.Ole Ginger Beer,Cooking Essentials,140.0,150.0,175,26250.0,1750.0,44,43,23,7.608695652173913,24,132,43,0.7542857142857143,11,0.7330707762557077,Fast Moving,Fast Moving,0.9875357873210635,0.012464212678936605,0.0
1650,Motha Faluda Mix 100g,Beverages,150.0,160.0,158,25280.0,1580.0,62,59,18,8.777777777777779,27,112,46,0.7088607594936709,4,0.7326826484018265,Fast Moving,Fast Moving,0.9885081424999931,0.01149185750000694,0.0
1423,Highland Milk Powder (Low Fat) 400g,Dairy & Chilled,380.0,380.0,121,45980.0,0.0,63,60,21,5.761904761904762,16,80,41,0.6611570247933884,13,0.7319406392694063,Fast Moving,Fast Moving,0.9666623589884893,0.033337641011510766,0.0
1720,LankaSoy (curry)50g,Cooking Essentials,30.0,35.0,247,8645.0,1235.0,48,45,20,12.35,34,186,61,0.7530364372469636,1,0.7318721461187215,Fast Moving,Fast Moving,0.9564476350621088,0.04355236493789114,0.0
1428,Ambewela Fresh Milk (non-fat) 1L,Dairy & Chilled,475.0,520.0,109,56680.0,4905.0,59,57,22,4.954545454545454,13,73,36,0.6697247706422018,12,0.7317579908675798,Fast Moving,Fast Moving,1.0,0.0,0.0
2796,Fanta Orange 400ml,Beverages,182.0,200.0,157,31400.0,2826.0,49,48,22,7.136363636363637,27,129,28,0.821656050955414,12,0.7317351598173516,Fast Moving,Fast Moving,1.0,0.0,0.0
2404,Maggi Daiya (Chilli Chicken)76g,Cooking Essentials,63.93,70.0,197,13790.0,1195.79,53,49,21,9.380952380952381,27,145,52,0.7360406091370558,14,0.7316780821917809,Fast Moving,Fast Moving,0.9926073619631901,0.007392638036809816,0.0
2482,Ritzbury Chocolate Fingers 200g,Snacks & Confectionery,180.0,200.0,153,30600.0,3060.0,51,51,22,6.954545454545454,29,116,37,0.7581699346405228,15,0.731324200913242,Fast Moving,Fast Moving,0.9975357873210633,0.002464212678936605,0.0
2776,CBL Wafer Stix 55g chocolate,Snacks & Confectionery,110.0,120.0,142,17040.0,1420.0,55,53,22,6.454545454545454,20,110,32,0.7746478873239436,5,0.7312671232876713,Fast Moving,Fast Moving,1.0,0.0,0.0
2262,Kist Apple Juice 1L,Beverages,440.0,450.0,143,64350.0,1430.0,52,49,20,7.15,19,94,49,0.6573426573426573,6,0.7307191780821918,Fast Moving,Fast Moving,1.0,0.0,0.0
2321,Kist Apple Nectar 500ml,Beverages,131.25,150.0,158,23700.0,2962.5,57,53,19,8.31578947368421,27,130,28,0.8227848101265823,4,0.7305593607305936,Fast Moving,Fast Moving,1.0,0.0,0.0
3239,Happy Cow Cheese 60 Slices,Dairy & Chilled,7000.0,7080.0,96,679680.0,7680.0,50,50,21,4.571428571428571,13,72,24,0.75,1,0.7304908675799087,Fast Moving,Fast Moving,0.9626786255255521,0.037321374474448124,0.0
2340,CBL Onion Biscuits 30g,Snacks & Confectionery,27.0,30.0,188,5640.0,564.0,69,66,21,8.952380952380953,27,143,45,0.7606382978723404,9,0.7304337899543379,Fast Moving,Fast Moving,0.9925357873210633,0.007464212678936606,0.0
2136,Wijaya Table Salt 400g,Staples & Dry Groceries,50.0,60.0,210,12600.0,2100.0,58,53,21,10.0,39,158,52,0.7523809523809524,42,0.7300114155251143,Fast Moving,Fast Moving,0.967907104788999,0.03209289521100085,0.0
1432,Daily Faluda milk 180ml,Dairy & Chilled,110.0,130.0,113,14690.0,2260.0,64,59,22,5.136363636363637,13,81,32,0.7168141592920354,2,0.7297716894977169,Fast Moving,Fast Moving,0.9825994106737892,0.01740058932621082,0.0
2445,Fontana Cranberry Fruit Drink 1L,Beverages,1400.0,1580.0,134,211720.0,24120.0,45,44,21,6.380952380952381,23,107,27,0.7985074626865671,4,0.7296004566210045,Fast Moving,Fast Moving,0.9640651156187451,0.03593488438125501,0.0
1455,Anchor Milk Powder 1kg,Dairy & Chilled,1146.0,1195.0,110,131450.0,5390.0,59,55,20,5.5,26,80,30,0.7272727272727273,6,0.7295433789954338,Fast Moving,Fast Moving,0.9938128213066453,0.006187178693354731,0.0
2960,Fanta Orange  Flavoured 250ml,Beverages,100.0,120.0,155,18600.0,3100.0,60,57,21,7.380952380952381,22,122,33,0.7870967741935484,17,0.7295205479452055,Fast Moving,Fast Moving,0.9966986301369863,0.003301369863013699,0.0
2258,Water  18.9L,Beverages,350.0,450.0,150,67500.0,15000.0,50,47,21,7.142857142857143,19,117,33,0.78,14,0.729474885844749,Fast Moving,Fast Moving,0.9855512187554822,0.014448781244517888,0.0
1461,Maliban Milk  Powder 150g,Dairy & Chilled,130.0,140.0,121,16940.0,1210.0,66,63,23,5.260869565217392,13,73,48,0.6033057851239669,13,0.7292237442922375,Fast Moving,Fast Moving,0.9895012451128773,0.010498754887122787,0.0
2132,Prima Family Flour 1kg,Staples & Dry Groceries,220.0,245.0,170,41650.0,4250.0,45,42,21,8.095238095238095,41,116,54,0.6823529411764706,9,0.7283447488584475,Fast Moving,Fast Moving,0.9826073619631902,0.017392638036809818,0.0
1481,Milo milk powder 200g,Dairy & Chilled,202.83,225.0,127,28575.0,2815.59,68,64,21,6.0476190476190474,17,90,37,0.7086614173228346,23,0.7279109589041096,Fast Moving,Fast Moving,0.9869238828470338,0.013076117152966096,0.0
1425,Ambewela Fresh Milk 1L,Dairy & Chilled,450.0,520.0,101,52520.0,7070.0,57,54,21,4.809523809523809,18,73,28,0.7227722772277227,3,0.7278538812785388,Fast Moving,Fast Moving,0.9897136018434481,0.010286398156551852,0.0
2722,Chocolate Fingers 27g,Snacks & Confectionery,27.0,30.0,184,5520.0,552.0,63,57,22,8.363636363636363,18,148,36,0.8043478260869565,11,0.7276141552511415,Fast Moving,Fast Moving,0.9680785950591876,0.03192140494081236,0.0
3056,Signal Toothpaste 40g,Personal Care,100.0,125.0,109,13625.0,2725.0,65,60,21,5.190476190476191,19,43,66,0.3944954128440367,0,0.727283105022831,Fast Moving,Fast Moving,0.9382995330767946,0.061700466923205306,0.0
2028,Sera Festive Noodles 325g,Staples & Dry Groceries,117.0,130.0,182,23660.0,2366.0,47,46,18,10.11111111111111,28,142,40,0.7802197802197802,0,0.7272260273972603,Fast Moving,Fast Moving,0.9930110672042427,0.006988932795757411,0.0
3250,Rich Life milk,Dairy & Chilled,450.0,490.0,118,57820.0,4720.0,56,55,19,6.2105263157894735,15,74,44,0.6271186440677966,1,0.7270091324200912,Fast Moving,Fast Moving,0.998776649746193,0.0012233502538071066,0.0
1821,CBL Cheese Cracker 200g,Dairy & Chilled,243.0,270.0,125,33750.0,3375.0,61,59,19,6.578947368421052,17,104,21,0.832,2,0.7269748858447489,Fast Moving,Fast Moving,0.9893295098514377,0.010670490148562086,0.0
2873,Fresh Milk,Dairy & Chilled,350.0,390.0,105,40950.0,4200.0,54,54,22,4.7727272727272725,14,74,31,0.7047619047619048,4,0.7267237442922374,Fast Moving,Fast Moving,0.9853994476866171,0.014600552313382746,0.0
2956,Little Lion Fruit Cake 320g,Snacks & Confectionery,660.0,680.0,148,100640.0,2960.0,54,53,21,7.0476190476190474,32,87,61,0.5878378378378378,57,0.7266095890410958,Fast Moving,Fast Moving,0.9607671712545102,0.039232828745489653,0.0
2664,Dhal 1kg,Staples & Dry Groceries,250.0,300.0,167,50100.0,8350.0,43,40,21,7.9523809523809526,24,120,47,0.718562874251497,8,0.7265068493150684,Fast Moving,Fast Moving,0.9706104778780319,0.029389522121968232,0.0
2431,Little Lion Date Cake 375g,Snacks & Confectionery,680.0,690.0,126,86940.0,1260.0,53,51,20,6.3,26,87,39,0.6904761904761905,5,0.7262899543378996,Fast Moving,Fast Moving,0.9925357873210633,0.007464212678936606,0.0
2451,Happy Cow Cheese 24's,Dairy & Chilled,3000.0,3650.0,89,324850.0,57850.0,52,51,22,4.045454545454546,9,65,24,0.7303370786516854,4,0.7261187214611872,Fast Moving,Fast Moving,0.9048364657196061,0.09516353428039387,0.0
1448,A. Drinking Yoghurt (vanilla),Dairy & Chilled,140.0,160.0,115,18400.0,2300.0,62,62,22,5.2272727272727275,12,50,65,0.43478260869565216,7,0.725445205479452,Fast Moving,Fast Moving,0.9731462651990951,0.026853734800904836,0.0
2838,Butter 100g,Dairy & Chilled,670.0,690.0,105,72450.0,2100.0,50,48,23,4.565217391304348,13,72,33,0.6857142857142857,7,0.7251598173515982,Fast Moving,Fast Moving,0.9851351979948526,0.014864802005147426,0.0
1435,Kotmale Fresh Milk 1L,Dairy & Chilled,240.0,270.0,122,32940.0,3660.0,71,68,20,6.1,18,81,41,0.6639344262295082,15,0.7250000000000001,Fast Moving,Fast Moving,0.9879889187394554,0.012011081260544586,0.0
3061,Signal Clove & Ginger Toothpaste 40g,Personal Care,100.0,125.0,117,14625.0,2925.0,67,63,23,5.086956521739131,14,44,73,0.37606837606837606,13,0.7249429223744293,Fast Moving,Fast Moving,0.950288465872552,0.049711534127447894,0.0
2257,Water (Nature's)1500ml,Beverages,40.0,70.0,154,10780.0,4620.0,55,50,21,7.333333333333333,22,124,30,0.8051948051948052,2,0.7248858447488584,Fast Moving,Fast Moving,0.9924848821899503,0.007515117810049626,0.0
2496,Curd,Dairy & Chilled,330.0,400.0,99,39600.0,6930.0,58,54,22,4.5,13,59,40,0.5959595959595959,7,0.7247374429223744,Fast Moving,Fast Moving,0.9565132149516262,0.04348678504837382,0.0
2630,Prima Twist Noodles 400g,Staples & Dry Groceries,121.5,135.0,210,28350.0,2835.0,46,46,18,11.666666666666666,46,177,33,0.8428571428571429,4,0.7245319634703197,Fast Moving,Fast Moving,0.9910232664566401,0.008976733543359842,0.0
1769,Keells Cheese & Onion 250g,Dairy & Chilled,350.0,400.0,103,41200.0,5150.0,55,53,21,4.904761904761905,12,77,26,0.7475728155339806,2,0.724486301369863,Fast Moving,Fast Moving,0.9744232991846771,0.025576700815322963,0.0
1910,Sunlight 2in1 (Rose) 1kg,Cleaning & Household,285.0,320.0,102,32640.0,3570.0,54,54,22,4.636363636363637,10,69,33,0.6764705882352942,3,0.7238242009132421,Fast Moving,Fast Moving,0.987130440730248,0.012869559269751918,0.0
2748,Daily Strawberry Milk 180ml,Dairy & Chilled,110.0,130.0,124,16120.0,2480.0,71,67,21,5.904761904761905,17,85,39,0.6854838709677419,10,0.7234474885844748,Fast Moving,Fast Moving,0.9983649932157396,0.0016350067842605157,0.0
2743,Rich Life Iced Coffee 1L,Beverages,600.0,620.0,114,70680.0,2280.0,45,44,21,5.428571428571429,16,82,32,0.7192982456140351,0,0.7234018264840182,Fast Moving,Fast Moving,0.9780302146548991,0.0219697853451009,0.0
2105,Kandos Milk Choco 20g,Dairy & Chilled,16.0,20.0,146,2920.0,584.0,77,75,21,6.9523809523809526,14,101,45,0.6917808219178082,0,0.7232534246575344,Fast Moving,Fast Moving,0.8865719197570432,0.11342808024295678,0.0
1992,Edinborough Coconut Vinegar750ml,Cooking Essentials,130.0,135.0,171,23085.0,855.0,45,44,19,9.0,31,130,41,0.7602339181286549,0,0.7230593607305935,Fast Moving,Fast Moving,0.9835588896312943,0.016441110368705582,0.0
2317,Sweet Love Natural Spray 23ml,Snacks & Confectionery,150.0,200.0,143,28600.0,7150.0,52,50,19,7.526315789473684,26,120,23,0.8391608391608392,1,0.7229794520547945,Fast Moving,Fast Moving,0.9975357873210635,0.002464212678936605,0.0
2941,Chirpy Chips 50g,Snacks & Confectionery,180.0,200.0,155,31000.0,3100.0,51,49,19,8.157894736842104,28,119,36,0.7677419354838709,3,0.7224999999999999,Fast Moving,Fast Moving,1.0,0.0,0.0
1651,Motha Faluda Mix 200g,Beverages,275.0,285.0,157,44745.0,1570.0,55,52,17,9.235294117647058,36,131,26,0.8343949044585988,6,0.7216095890410958,Fast Moving,Fast Moving,0.995,0.005,0.0
3076,Velvet Rose Petals & Milk 70g,Dairy & Chilled,110.0,125.0,123,15375.0,1845.0,63,59,20,6.15,14,84,39,0.6829268292682927,1,0.7215525114155251,Fast Moving,Fast Moving,1.0,0.0,0.0
2193,Freelan Chilli  Powder 50g,Cooking Essentials,42.0,50.0,206,10300.0,1648.0,51,47,19,10.842105263157896,27,162,44,0.7864077669902912,2,0.7210502283105023,Fast Moving,Fast Moving,0.9859330475950361,0.014066952404964004,0.0
2783,Kist Orange Juice 200ml,Beverages,81.0,90.0,143,12870.0,1287.0,59,54,20,7.15,18,111,32,0.7762237762237763,2,0.7200799086757992,Fast Moving,Fast Moving,0.9975357873210633,0.002464212678936605,0.0
2345,Ruby White Samba 1kg,Staples & Dry Groceries,125.0,130.0,168,21840.0,840.0,41,38,21,8.0,31,115,53,0.6845238095238095,2,0.7194977168949772,Fast Moving,Fast Moving,0.8812020171139733,0.1187979828860268,0.0
2341,CBL Cheese Buttons Biscuits 30g,Dairy & Chilled,27.0,30.0,145,4350.0,435.0,72,67,22,6.590909090909091,18,99,46,0.6827586206896552,5,0.7191552511415525,Fast Moving,Fast Moving,0.9587281697538598,0.04127183024614033,0.0
1565,Watawala Tea 200g,Beverages,527.27,580.0,160,92800.0,8436.8,59,55,17,9.411764705882353,20,111,49,0.69375,31,0.7190296803652968,Fast Moving,Fast Moving,0.9491148312714222,0.050885168728577644,0.0
2985,Rasath caramal Pudding,Snacks & Confectionery,100.0,120.0,160,19200.0,3200.0,58,52,19,8.421052631578947,24,138,22,0.8625,10,0.7189269406392693,Fast Moving,Fast Moving,0.9875357873210633,0.012464212678936605,0.0
2703,Highland Milk Powder 1kg,Dairy & Chilled,905.4,945.0,100,94500.0,3960.0,55,52,21,4.761904761904762,10,66,34,0.66,9,0.7182876712328768,Fast Moving,Fast Moving,0.9682505912676773,0.03174940873232274,0.0
1958,MD Tomato Sauce 400g,Cooking Essentials,254.55000000000004,280.0,198,55440.0,5039.099999999999,48,43,17,11.647058823529411,29,163,35,0.8232323232323232,14,0.7182876712328767,Fast Moving,Fast Moving,0.9947328878857629,0.00526711211423719,0.0
2899,Coca_Cola 300ml(glass bottle),Beverages,103.66,120.0,149,17880.0,2434.66,55,52,20,7.45,25,119,30,0.7986577181208053,6,0.7175684931506849,Fast Moving,Fast Moving,1.0,0.0,0.0
1450,Nescafe Ice Coffee 180ml,Beverages,130.0,150.0,152,22800.0,3040.0,56,54,19,8.0,24,124,28,0.8157894736842105,8,0.7169634703196347,Fast Moving,Fast Moving,1.0,0.0,0.0
1437,Kotmale Chocolate milk 170ml,Dairy & Chilled,44.0,50.0,141,7050.0,846.0,69,67,22,6.409090909090909,16,100,41,0.7092198581560284,10,0.7169634703196347,Fast Moving,Fast Moving,0.968604032910952,0.03139596708904804,0.0
1704,Kumarika Hair Oil 100ml,Personal Care,144.0,160.0,169,27040.0,2704.0,40,40,19,8.894736842105264,22,137,32,0.8106508875739645,0,0.7147488584474886,Fast Moving,Fast Moving,0.953921978500959,0.04607802149904094,0.0
1429,Daily Chocolate milk 180ml,Dairy & Chilled,110.0,130.0,131,17030.0,2620.0,63,60,21,6.238095238095238,15,92,39,0.7022900763358778,19,0.714406392694064,Fast Moving,Fast Moving,0.9910231023102309,0.008976897689768977,0.0
2869,Bottled Drinking Water 500ml,Beverages,50.0,70.0,143,10010.0,2860.0,52,49,22,6.5,17,102,41,0.7132867132867133,3,0.7142694063926941,Fast Moving,Fast Moving,0.9945907584168697,0.005409241583130318,0.0
3011,Sun Crush Tonic Water 250ml,Beverages,140.0,150.0,118,17700.0,1180.0,49,48,22,5.363636363636363,14,69,49,0.5847457627118644,1,0.7137442922374428,Fast Moving,Fast Moving,0.9548487998383007,0.045151200161699274,0.0
1092,K. Baby Soap (Avocado) 5pcs,Baby & Kids,220.0,235.0,90,21150.0,1350.0,50,48,23,3.9130434782608696,11,39,51,0.43333333333333335,0,0.7127625570776256,Fast Moving,Fast Moving,0.9239579384357871,0.07403070714409923,0.002011354420113544
2475,Revello Chocolate (Crispies) 170g,Snacks & Confectionery,324.0,360.0,140,50400.0,5040.0,48,47,18,7.777777777777778,23,118,22,0.8428571428571429,1,0.7122602739726027,Fast Moving,Fast Moving,0.9831927547759612,0.016807245224038633,0.0
3127,Nestea Milk Tea Mix 25g,Dairy & Chilled,60.0,70.0,120,8400.0,1200.0,60,59,22,5.454545454545454,13,83,37,0.6916666666666667,2,0.7120433789954337,Fast Moving,Fast Moving,0.9840119162551925,0.015988083744807587,0.0
2628,CBL Super Cream Cracker 330g,Personal Care,297.0,330.0,101,33330.0,3333.0,56,54,21,4.809523809523809,15,68,33,0.6732673267326733,7,0.7120205479452054,Fast Moving,Fast Moving,0.9880110672042426,0.011988932795757412,0.0
1664,Motha Jelly (Strawberry) 500g,Snacks & Confectionery,382.5,425.0,173,73525.0,7352.5,53,52,16,10.8125,33,158,15,0.9132947976878613,23,0.7119406392694063,Fast Moving,Fast Moving,0.913892751839298,0.08484836491197083,0.0012588832487309643
1887,Britol Hand Wash 750ml (Lime),Cleaning & Household,335.0,350.0,86,30100.0,1290.0,54,51,21,4.095238095238095,11,56,30,0.6511627906976745,0,0.711324200913242,Fast Moving,Fast Moving,0.8718552022925258,0.1281447977074744,0.0
2742,Rich Life Iced Coffee 180ml,Beverages,130.0,130.0,118,15340.0,0.0,49,47,23,5.130434782608695,11,67,51,0.5677966101694916,2,0.7111986301369861,Fast Moving,Fast Moving,0.8619878314648074,0.1380121685351927,0.0
1847,CBL Milk Short Cake 85g,Dairy & Chilled,54.0,60.0,142,8520.0,852.0,73,70,21,6.761904761904762,18,112,30,0.7887323943661971,19,0.711175799086758,Fast Moving,Fast Moving,0.9780750542103072,0.02192494578969297,0.0
1803,CBL Super Cream Cracker 190g,Personal Care,99.0,110.0,103,11330.0,1133.0,64,63,22,4.681818181818182,9,63,40,0.6116504854368932,4,0.7109132420091323,Fast Moving,Fast Moving,0.9553784157932532,0.0446215842067469,0.0
2920,Rollz Chocolate Flavoured 100g,Snacks & Confectionery,270.0,300.0,148,44400.0,4440.0,48,48,20,7.4,27,115,33,0.777027027027027,11,0.710890410958904,Fast Moving,Fast Moving,0.9921416429619324,0.007858357038067622,0.0
3093,Delmege Soya Cuttlefish Flavour 90g,Cooking Essentials,140.0,150.0,168,25200.0,1680.0,41,40,20,8.4,25,125,43,0.7440476190476191,3,0.7106735159817351,Fast Moving,Fast Moving,0.9561982277736881,0.04380177222631179,0.0
2327,Kist Mango Nectar 500ml,Beverages,131.25,150.0,126,18900.0,2362.5,50,50,20,6.3,23,77,49,0.6111111111111112,0,0.7105936073059361,Fast Moving,Fast Moving,0.9926073619631901,0.007392638036809816,0.0
3094,Delmege Soya Chicken Flavour 90g,Cooking Essentials,140.0,150.0,184,27600.0,1840.0,43,41,19,9.68421052631579,28,136,48,0.7391304347826086,6,0.7105707762557076,Fast Moving,Fast Moving,0.9798358188223822,0.02016418117761773,0.0
2556,AURA Incense Sticks (Coffee),Beverages,80.0,100.0,153,15300.0,3060.0,52,50,22,6.954545454545454,23,109,44,0.7124183006535948,25,0.7103424657534245,Fast Moving,Fast Moving,0.9917702047791132,0.008229795220886911,0.0
1498,Tiara Layer Cake (Chocolate)480g,Snacks & Confectionery,340.0,440.0,126,55440.0,12600.0,50,49,18,7.0,16,92,34,0.7301587301587301,1,0.7099771689497717,Fast Moving,Fast Moving,0.9696708529523896,0.030329147047610375,0.0
1440,Happy Cow Cheese 120g,Dairy & Chilled,800.0,840.0,91,76440.0,3640.0,50,46,21,4.333333333333333,12,67,24,0.7362637362637363,2,0.7095319634703197,Fast Moving,Fast Moving,0.9262816380066994,0.07371836199330034,0.0
2646,Choco-La Milk 90g,Dairy & Chilled,90.0,100.0,112,11200.0,1120.0,70,67,20,5.6,15,81,31,0.7232142857142857,2,0.7093721461187215,Fast Moving,Fast Moving,0.98,0.02,0.0
1080,P. Baby Soap (Active) 95g /4,Baby & Kids,240.9,265.0,90,23850.0,2169.0,57,54,22,4.090909090909091,10,42,48,0.4666666666666667,5,0.7090296803652968,Fast Moving,Fast Moving,0.9512897638241291,0.04871023617587077,0.0
2923,StixRolled Wafer(Strawberry 100g),Snacks & Confectionery,190.0,220.0,120,26400.0,3600.0,46,45,23,5.217391304347826,14,83,37,0.6916666666666667,8,0.7081278538812785,Fast Moving,Fast Moving,0.9448048298745326,0.05519517012546741,0.0
1420,Highland Butter (Unsalted) 200g,Dairy & Chilled,1180.0,1200.0,105,126000.0,2100.0,54,52,19,5.526315789473684,15,82,23,0.780952380952381,7,0.7075228310502283,Fast Moving,Fast Moving,0.9776449323489096,0.022355067651090462,0.0
3118,Green Gram (Samuel's Product) 250g,Staples & Dry Groceries,230.0,245.0,190,46550.0,2850.0,40,40,20,9.5,36,146,44,0.7684210526315789,25,0.706906392694064,Fast Moving,Fast Moving,0.9448314825255143,0.05516851747448562,0.0
2785,Kist Aloevera Drink  200ml,Beverages,61.95,70.0,148,10360.0,1191.4,54,53,21,7.0476190476190474,20,109,39,0.7364864864864865,7,0.7067237442922374,Fast Moving,Fast Moving,0.9983649932157393,0.0016350067842605157,0.0
2787,Kist Passion Fruit Nectar 1L,Beverages,236.25,270.0,115,31050.0,3881.25,47,46,22,5.2272727272727275,12,82,33,0.7130434782608696,7,0.7065867579908676,Fast Moving,Fast Moving,0.9690964682199332,0.03090353178006668,0.0
1341,Jasmine Soap,Personal Care,50.0,60.0,125,7500.0,1250.0,60,56,23,5.434782608695652,17,51,74,0.408,9,0.7058333333333333,Fast Moving,Fast Moving,0.9308707234795324,0.06912927652046752,0.0
3015,Dove Shampoo 180ml,Personal Care,740.0,750.0,81,60750.0,810.0,51,47,22,3.6818181818181817,6,47,34,0.5802469135802469,3,0.7051598173515983,Fast Moving,Fast Moving,0.8094340914510494,0.18453285137230865,0.006033057176641959
1663,Motha Jelly (Black Currant)100g,Snacks & Confectionery,87.0,95.0,139,13205.0,1112.0,54,53,19,7.315789473684211,22,106,33,0.762589928057554,1,0.7049086757990867,Fast Moving,Fast Moving,1.0,0.0,0.0
1869,CBL Chocolate Wafers 85g,Snacks & Confectionery,72.0,80.0,136,10880.0,1088.0,52,48,21,6.476190476190476,26,101,35,0.7426470588235294,3,0.7041894977168951,Fast Moving,Fast Moving,0.9942344174580497,0.005765582541950305,0.0
1827,Maliban Chocolate Cream 400g,Personal Care,225.0,250.0,96,24000.0,2400.0,55,53,21,4.571428571428571,15,68,28,0.7083333333333334,4,0.7039497716894978,Fast Moving,Fast Moving,0.9410840410512923,0.05891595894870801,0.0
2264,Highland Chocolate Milk 180ml,Dairy & Chilled,80.0,100.0,120,12000.0,2400.0,60,59,21,5.714285714285714,17,99,21,0.825,7,0.703892694063927,Fast Moving,Fast Moving,0.9654232189020497,0.03457678109795012,0.0
2871,Bottled Drinking Water 1500ml,Beverages,85.0,130.0,150,19500.0,6750.0,53,52,21,7.142857142857143,25,106,44,0.7066666666666667,42,0.7032534246575343,Fast Moving,Fast Moving,0.961491757911962,0.03850824208803775,0.0
1146,Sunsilk Shampoo (Coconut)80ml,Personal Care,160.0,180.0,177,31860.0,3540.0,44,44,19,9.31578947368421,27,125,52,0.7062146892655368,14,0.7031849315068492,Fast Moving,Fast Moving,0.9716822507107122,0.028317749289287902,0.0
2360,Sweet Pop 50g,Snacks & Confectionery,50.0,70.0,145,10150.0,2900.0,48,46,23,6.304347826086956,20,94,51,0.6482758620689655,8,0.703082191780822,Fast Moving,Fast Moving,0.9578181591400131,0.042181840859986976,0.0
2582,Diva Fresh (Rose & Lime) 1kg,Cleaning & Household,310.0,320.0,89,28480.0,890.0,50,50,21,4.238095238095238,15,64,25,0.7191011235955056,0,0.7030707762557078,Fast Moving,Fast Moving,0.8511114107532624,0.14888858924673756,0.0
2979,Pepsi 1.5L,Beverages,380.0,400.0,117,46800.0,2340.0,44,44,23,5.086956521739131,17,93,24,0.7948717948717948,16,0.702933789954338,Fast Moving,Fast Moving,0.9169515247235265,0.08304847527647376,0.0
2107,Kandos Milk Choco 45g,Dairy & Chilled,96.0,120.0,127,15240.0,3048.0,63,58,20,6.35,19,93,34,0.7322834645669292,14,0.7022716894977169,Fast Moving,Fast Moving,0.9929756641225683,0.007024335877431825,0.0
2765,ayush anti cavity toothpaste 120g,Personal Care,150.0,165.0,106,17490.0,1590.0,61,60,21,5.0476190476190474,13,35,71,0.330188679245283,13,0.701392694063927,Fast Moving,Fast Moving,0.9486353892054447,0.05136461079455537,0.0
1081,P. Baby Soap (Pure) 95g / 4,Baby & Kids,245.0,265.0,94,24910.0,1880.0,58,55,22,4.2727272727272725,9,50,44,0.5319148936170213,18,0.7012785388127853,Fast Moving,Fast Moving,0.9363230827258423,0.0636769172741578,0.0
2706,Sunquick Fruit Drink 200ml,Beverages,54.0,60.0,161,9660.0,966.0,54,54,19,8.473684210526315,19,124,37,0.7701863354037267,4,0.7011529680365296,Fast Moving,Fast Moving,0.9983649932157393,0.0016350067842605157,0.0
3086,Diva Fresh (Lavender & Lime) 1kg,Cleaning & Household,310.0,320.0,92,29440.0,920.0,58,56,20,4.6,13,63,29,0.6847826086956522,4,0.7002397260273973,Fast Moving,Fast Moving,0.923561234746147,0.07643876525385294,0.0
1732,Rancrips PotatoChips (Cheese)60g,Dairy & Chilled,115.0,170.0,101,17170.0,5555.0,55,52,22,4.590909090909091,14,73,28,0.7227722772277227,9,0.6999885844748859,Fast Moving,Fast Moving,0.9745977836365846,0.025402216363415556,0.0
2689,CBL Wafer Stix 20g,Snacks & Confectionery,35.0,40.0,157,6280.0,785.0,60,56,19,8.263157894736842,25,134,23,0.8535031847133758,3,0.6996232876712328,Fast Moving,Fast Moving,0.9565719133723286,0.04342808662767146,0.0
2611,Vendol Venivel Soap 80g,Personal Care,51.0,60.0,97,5820.0,873.0,57,55,23,4.217391304347826,10,40,57,0.41237113402061853,0,0.6995091324200913,Fast Moving,Fast Moving,0.8767339122446,0.12326608775540007,0.0
2701,Highland Curd 510g,Dairy & Chilled,350.0,360.0,96,34560.0,960.0,50,47,22,4.363636363636363,10,63,33,0.65625,9,0.6993150684931507,Fast Moving,Fast Moving,0.9160146744077226,0.08398532559227771,0.0
1464,Lakspray Milk Powder 400g,Dairy & Chilled,361.0,380.0,103,39140.0,1957.0,61,60,19,5.421052631578948,13,71,32,0.6893203883495146,13,0.6987785388127853,Fast Moving,Fast Moving,0.975538903235905,0.024461096764095015,0.0
2000,Coopoliva Green Olives358ml,General Grocery,1137.05,1390.0,106,147340.0,26812.7,60,57,19,5.578947368421052,22,53,53,0.5,44,0.6987214611872146,Fast Moving,Fast Moving,0.8924858602822594,0.10751413971774053,0.0
1526,E/H Ice Cream (Vanilla) 4L,Personal Care,1750.0,1870.0,87,162690.0,10440.0,53,49,20,4.35,11,71,16,0.8160919540229885,8,0.6986529680365297,Fast Moving,Fast Moving,0.8209362101528764,0.17906378984712365,0.0
2927,Revello Dark Chocolate 50g,Snacks & Confectionery,400.0,420.0,134,56280.0,2680.0,53,48,18,7.444444444444445,18,110,24,0.8208955223880597,19,0.6985502283105023,Fast Moving,Fast Moving,0.9542178918894859,0.04578210811051411,0.0
2635,Happy Cow Cheese Spread 150g,Dairy & Chilled,531.8,580.0,96,55680.0,4627.2,43,43,21,4.571428571428571,13,71,25,0.7395833333333334,1,0.6984360730593608,Fast Moving,Fast Moving,0.7594732544821002,0.2405267455178995,0.0
1431,Daily Iced Coffee 180ml,Beverages,58.5,65.0,141,9165.0,916.5,49,46,22,6.409090909090909,19,110,31,0.7801418439716312,5,0.6971803652968036,Fast Moving,Fast Moving,0.9428812837160848,0.05711871628391504,0.0
1551,Maliban Tea 50g,Beverages,57.0,65.0,131,8515.0,1048.0,52,50,23,5.695652173913044,12,95,36,0.7251908396946565,11,0.6959931506849315,Fast Moving,Fast Moving,0.9167491728857491,0.08325082711425105,0.0
2256,Water (Rainbow) 1000ml,Beverages,100.0,130.0,129,16770.0,3870.0,50,49,19,6.7894736842105265,26,96,33,0.7441860465116279,1,0.6959931506849314,Fast Moving,Fast Moving,1.0,0.0,0.0
1797,Asiri Cassava Chips 50g,Snacks & Confectionery,48.0,60.0,152,9120.0,1824.0,51,51,20,7.6,20,124,28,0.8157894736842105,3,0.695947488584475,Fast Moving,Fast Moving,0.9877023416104085,0.012297658389591364,0.0
1443,Rich Life Set Yoghurt 500g,Dairy & Chilled,350.0,380.0,90,34200.0,2700.0,45,44,21,4.285714285714286,12,70,20,0.7777777777777778,0,0.6954452054794521,Fast Moving,Fast Moving,0.7395251614408425,0.2604748385591574,0.0
1861,CBL Milk Shorties 75g,Dairy & Chilled,36.0,40.0,110,4400.0,440.0,60,58,22,5.0,17,82,28,0.7454545454545455,1,0.6946917808219178,Fast Moving,Fast Moving,0.8466804438479233,0.15331955615207676,0.0
1559,Dreamron Shampoo 200ml,Personal Care,466.4,530.0,87,46110.0,5533.2,51,49,19,4.578947368421052,8,43,44,0.4942528735632184,0,0.6944178082191781,Fast Moving,Fast Moving,0.7775306227389704,0.2224693772610295,0.0
2696,Sesame &Ginger Mixed Jaggery 250g,Cooking Essentials,95.0,110.0,182,20020.0,2730.0,47,43,16,11.375,23,156,26,0.8571428571428571,7,0.6928082191780821,Fast Moving,Fast Moving,0.9092962979606095,0.09070370203939042,0.0
1802,CBL Super Cream Cracker 125g,Personal Care,72.0,80.0,108,8640.0,864.0,67,61,19,5.684210526315789,13,86,22,0.7962962962962963,1,0.6923515981735159,Fast Moving,Fast Moving,0.8976112391634752,0.10238876083652473,0.0
1147,Sunsilk Shampoo (Almond)80ml,Personal Care,160.0,180.0,95,17100.0,1900.0,56,53,21,4.523809523809524,11,63,32,0.6631578947368421,6,0.692283105022831,Fast Moving,Fast Moving,0.9292631939353716,0.07073680606462844,0.0
1884,Dettol Hand Wash Refill (orange)175ml,Cleaning & Household,174.0,190.0,92,17480.0,1472.0,52,50,20,4.6,10,54,38,0.5869565217391305,0,0.6903424657534247,Fast Moving,Fast Moving,0.7526836516308161,0.24731634836918395,0.0
2545,Link Kesha Hair Oil (Lite)100ml,Personal Care,157.5,175.0,197,34475.0,3447.5,35,35,18,10.944444444444445,26,163,34,0.8274111675126904,9,0.6896461187214612,Fast Moving,Fast Moving,0.786962139741084,0.20803786025891602,0.005
2786,Kist Woodapple Nectar 500ml,Beverages,131.25,150.0,133,19950.0,2493.75,49,47,18,7.388888888888889,38,101,32,0.7593984962406015,2,0.6893949771689498,Fast Moving,Fast Moving,0.9775994106737892,0.02240058932621082,0.0
1846,CBL Milk Short Cake 200g,Dairy & Chilled,117.0,130.0,128,16640.0,1664.0,57,55,20,6.4,14,102,26,0.796875,27,0.6892694063926941,Fast Moving,Fast Moving,0.9610021770737874,0.03899782292621234,0.0
2900,Sprite 300ml(glass bottle),Beverages,136.5,150.0,136,20400.0,1836.0,48,48,21,6.476190476190476,21,91,45,0.6691176470588235,27,0.6885502283105024,Fast Moving,Fast Moving,0.9898534357881986,0.010146564211801316,0.0
2138,Raigam Table Salt 400g,Staples & Dry Groceries,50.0,55.0,190,10450.0,950.0,45,44,19,10.0,28,143,47,0.7526315789473684,8,0.6884474885844749,Fast Moving,Fast Moving,0.9041376303918867,0.09586236960811315,0.0
2687,Chocolate 93g,Snacks & Confectionery,220.0,270.0,114,30780.0,5700.0,43,43,22,5.181818181818182,15,83,31,0.7280701754385965,14,0.6884360730593606,Fast Moving,Fast Moving,0.8563165264081131,0.143683473591887,0.0
2681,Glow & Lovely Face Wash 50g,Cleaning & Household,183.33,220.0,91,20020.0,3336.9700000000003,51,49,22,4.136363636363637,9,62,29,0.6813186813186813,8,0.6875456621004566,Fast Moving,Fast Moving,0.8345604215485536,0.16543957845144658,0.0
2994,Pepsi Beverage 1L,Beverages,280.0,300.0,113,33900.0,2260.0,47,45,19,5.947368421052632,17,79,34,0.6991150442477876,3,0.6870890410958903,Fast Moving,Fast Moving,0.9579325192524797,0.04206748074752034,0.0
2702,Highland Curd 950g,Dairy & Chilled,600.0,650.0,105,68250.0,5250.0,47,46,17,6.176470588235294,13,73,32,0.6952380952380952,1,0.6868264840182648,Fast Moving,Fast Moving,0.8950130913891488,0.1049869086108512,0.0
1588,Harischandra Coffee 50g,Beverages,200.0,220.0,129,28380.0,2580.0,45,44,20,6.45,21,100,29,0.7751937984496124,10,0.6865753424657534,Fast Moving,Fast Moving,0.9670644905591032,0.03293550944089693,0.0
2721,Chocolate Fingers 45g,Snacks & Confectionery,45.0,50.0,152,7600.0,760.0,52,52,19,8.0,25,127,25,0.8355263157894737,3,0.6857077625570775,Fast Moving,Fast Moving,0.9744871961383716,0.025512803861628387,0.0
1075,P. Baby Shampoo 100ml,Baby & Kids,115.0,125.0,100,12500.0,1000.0,47,44,21,4.761904761904762,16,69,31,0.69,0,0.6842351598173516,Fast Moving,Fast Moving,0.7599232866824779,0.24007671331752184,0.0
2616,Kumarika Scalp & Hair Oil,Personal Care,270.02,300.0,158,47400.0,4736.84,38,37,17,9.294117647058824,21,130,28,0.8227848101265823,5,0.6839383561643837,Fast Moving,Fast Moving,0.7991614693132467,0.20083853068675314,0.0
1640,MD Faluda Mix 125g,Beverages,95.0,105.0,127,13335.0,1270.0,45,43,20,6.35,25,108,19,0.8503937007874016,1,0.6839383561643835,Fast Moving,Fast Moving,0.92408256128688,0.07341743871311977,0.0025
3071,Head & Shoulders Lemon Fresh Shampoo 72ml,Personal Care,380.0,400.0,86,34400.0,1720.0,48,47,20,4.3,8,44,42,0.5116279069767442,1,0.6835616438356164,Fast Moving,Fast Moving,0.7281218257182464,0.2718781742817538,0.0
2864,Mint Toilet Tissue,General Grocery,240.0,280.0,196,54880.0,7840.0,37,33,17,11.529411764705882,39,177,19,0.9030612244897959,25,0.6831849315068493,Fast Moving,Fast Moving,0.7363133785498167,0.261186621450183,0.0025
2990,RL. Strawberry Drinking Yoghurt 180ml,Dairy & Chilled,140.0,150.0,108,16200.0,1080.0,59,56,19,5.684210526315789,12,82,26,0.7592592592592593,9,0.6829337899543378,Fast Moving,Fast Moving,0.9669066593142702,0.03309334068572985,0.0
2268,Rasath jelly Pudin 80ml,Snacks & Confectionery,45.0,50.0,151,7550.0,755.0,51,51,18,8.38888888888889,32,127,24,0.8410596026490066,1,0.6822374429223744,Fast Moving,Fast Moving,0.9597840234905459,0.04021597650945399,0.0
1576,Dilmah Tea-Bags 25,Beverages,110.0,135.0,129,17415.0,3225.0,50,47,19,6.7894736842105265,19,99,30,0.7674418604651163,8,0.6812442922374428,Fast Moving,Fast Moving,0.9975357873210633,0.002464212678936605,0.0
1826,Maliban Chocolate Cream 100g,Personal Care,100.0,130.0,101,13130.0,3030.0,56,54,20,5.05,17,78,23,0.7722772277227723,6,0.6811643835616438,Fast Moving,Fast Moving,0.9197595227071776,0.08024047729282235,0.0
1442,Rich Life Cheese Wedges 120g,Dairy & Chilled,540.0,560.0,91,50960.0,1820.0,50,48,21,4.333333333333333,17,59,32,0.6483516483516484,23,0.6808789954337899,Fast Moving,Fast Moving,0.8959903294977597,0.10400967050224033,0.0
3162,Sunlight 2in1 (Rose Fresh) 50g,Cleaning & Household,15.0,25.0,109,2725.0,1090.0,62,54,22,4.954545454545454,16,62,47,0.5688073394495413,3,0.6806050228310502,Fast Moving,Fast Moving,0.8762283874424627,0.12377161255753735,0.0
3191,Suddhi Fresh Milk 1L,Dairy & Chilled,450.0,470.0,94,44180.0,1880.0,52,51,19,4.947368421052632,10,75,19,0.7978723404255319,9,0.6801940639269406,Fast Moving,Fast Moving,0.8930119565819669,0.10698804341803304,0.0
2718,Mentos Fruit Toffee 33.8g,Snacks & Confectionery,80.0,100.0,132,13200.0,2640.0,45,43,19,6.947368421052632,21,105,27,0.7954545454545454,1,0.6788698630136987,Fast Moving,Fast Moving,0.8937772908661954,0.10622270913380458,0.0
1174,Velvet Bodywash (Rose & Milk)140ml,Dairy & Chilled,190.0,210.0,99,20790.0,1980.0,48,48,23,4.304347826086956,11,60,39,0.6060606060606061,30,0.6781050228310501,Fast Moving,Fast Moving,0.8713096429505223,0.12869035704947726,0.0
1844,CBL Chocolate Cream 400g,Personal Care,243.0,270.0,85,22950.0,2295.0,52,51,21,4.0476190476190474,14,65,20,0.7647058823529411,8,0.6779794520547945,Fast Moving,Fast Moving,0.7834734444723095,0.21652655552769062,0.0
3016,Clear Men Shampoo 180ml,Personal Care,690.58,770.0,76,58520.0,6035.92,47,45,21,3.619047619047619,10,48,28,0.631578947368421,3,0.6779109589041096,Fast Moving,Fast Moving,0.5564699882148348,0.44353001178516516,0.0
2452,Happy Cow Cheese 10's(Mozzarella),Dairy & Chilled,543.13,623.0,82,51086.0,6549.34,42,42,20,4.1,9,54,28,0.6585365853658537,0,0.6778881278538812,Fast Moving,Medium Moving,0.4491036550465766,0.5508963449534235,0.0
2108,Kandos Nut Milk Choco 40g,Dairy & Chilled,40.0,50.0,115,5750.0,1150.0,55,54,23,5.0,17,82,33,0.7130434782608696,17,0.6771803652968036,Fast Moving,Fast Moving,0.8986532168570031,0.10134678314299693,0.0
2022,Harischandra Kurakkan Flour 400g,Staples & Dry Groceries,350.0,400.0,172,68800.0,8600.0,37,37,17,10.117647058823529,27,145,27,0.8430232558139535,22,0.6769063926940639,Fast Moving,Fast Moving,0.7833072495411676,0.21669275045883216,0.0
2732,Royal Cassava Chips 70g,Snacks & Confectionery,80.0,100.0,113,11300.0,2260.0,49,48,19,5.947368421052632,17,70,43,0.6194690265486725,0,0.6766666666666666,Fast Moving,Fast Moving,0.9300965112217731,0.06990348877822691,0.0
1501,Tiara Swiss Roll (Chocolate)200g,Snacks & Confectionery,170.0,200.0,121,24200.0,3630.0,45,41,20,6.05,20,85,36,0.7024793388429752,11,0.6756506849315068,Fast Moving,Fast Moving,0.8982557208291181,0.10174427917088213,0.0
1877,Dettol Hand Wash (skin care)200ml,Cleaning & Household,272.73,300.0,79,23700.0,2154.33,51,47,20,3.95,15,45,34,0.569620253164557,1,0.6753881278538812,Fast Moving,Fast Moving,0.7666364462398854,0.23336355376011497,0.0
1840,Maliban Chocolate Puff 100g,Snacks & Confectionery,72.0,80.0,134,10720.0,1072.0,52,49,19,7.052631578947368,21,77,57,0.5746268656716418,9,0.6744863013698629,Fast Moving,Fast Moving,0.9561398202320153,0.04386017976798463,0.0
1101,Kekulu Soap 70g,Personal Care,45.0,50.0,87,4350.0,435.0,55,55,23,3.782608695652174,10,36,51,0.41379310344827586,1,0.6740525114155251,Fast Moving,Fast Moving,0.7076737104399388,0.2923262895600613,0.0
3181,Chandanalepa Ayurveda Soap 75g,Personal Care,200.0,250.0,75,18750.0,3750.0,48,46,22,3.409090909090909,7,46,29,0.6133333333333333,1,0.6736986301369863,Fast Moving,Fast Moving,0.5270972853582969,0.4729027146417031,0.0
1087,C.Baby Soap (Kohomba) 100g / 4,Baby & Kids,220.0,240.0,92,22080.0,1840.0,51,47,21,4.380952380952381,16,42,50,0.45652173913043476,18,0.6728082191780822,Fast Moving,Fast Moving,0.8808162216104375,0.11918377838956254,0.0
2699,Kist Grape Juice 1L,Beverages,481.25,550.0,112,61600.0,7700.0,43,41,19,5.894736842105263,16,79,33,0.7053571428571429,11,0.6727739726027397,Fast Moving,Fast Moving,0.8389696873552936,0.16103031264470632,0.0
3045,Sunlight 4Bar,Cleaning & Household,430.0,440.0,85,37400.0,850.0,49,47,21,4.0476190476190474,12,61,24,0.7176470588235294,14,0.6727739726027395,Fast Moving,Fast Moving,0.8022799185469818,0.19772008145301811,0.0
3207,Sunsilk Soft & Smooth Conditioner 80ml,Personal Care,380.0,400.0,77,30800.0,1540.0,49,47,20,3.85,12,60,17,0.7792207792207793,1,0.6725114155251141,Fast Moving,Fast Moving,0.7524611541663323,0.2475388458336675,0.0
3202,Pears Pink Floral Cologne 100ml,Personal Care,575.0,585.0,90,52650.0,900.0,45,44,18,5.0,10,66,24,0.7333333333333333,1,0.6717579908675799,Fast Moving,Fast Moving,0.7117394685963561,0.2882605314036439,0.0
3044,Sunlight 1Bar,Cleaning & Household,140.0,150.0,78,11700.0,780.0,51,48,21,3.7142857142857144,11,43,35,0.5512820512820513,0,0.6696118721461187,Fast Moving,Fast Moving,0.6587545343523243,0.3412454656476755,0.0
1084,C.Baby Soap (Almond) 100g,Baby & Kids,67.88,75.0,96,7200.0,683.52,51,51,23,4.173913043478261,9,43,53,0.4479166666666667,8,0.6690410958904109,Fast Moving,Fast Moving,0.6825291981561553,0.31747080184384474,0.0
1724,LankaSoy (curry)90g,Cooking Essentials,65.0,70.0,152,10640.0,760.0,38,37,19,8.0,25,103,49,0.6776315789473685,1,0.6685502283105024,Fast Moving,Fast Moving,0.7068067784529894,0.2906932215470103,0.0025
2975,Pepsi 400ml,Beverages,180.0,200.0,117,23400.0,2340.0,45,42,19,6.157894736842105,22,99,18,0.8461538461538461,8,0.6684360730593607,Fast Moving,Fast Moving,0.8862025145150906,0.11379748548490934,0.0
3042,Star VIm 500g,Cleaning & Household,265.0,275.0,82,22550.0,820.0,52,48,21,3.9047619047619047,13,53,29,0.6463414634146342,15,0.6677283105022831,Fast Moving,Fast Moving,0.8095927629190538,0.19040723708094615,0.0
1020,Clogard (natural salt)70g,Staples & Dry Groceries,80.0,87.0,162,14094.0,1134.0,37,37,18,9.0,26,118,44,0.7283950617283951,3,0.6669063926940639,Fast Moving,Fast Moving,0.8123556814691588,0.18764431853084113,0.0
2951,Bun Talk Sweet Bread,Snacks & Confectionery,160.0,170.0,134,22780.0,1340.0,46,44,17,7.882352941176471,25,97,37,0.7238805970149254,11,0.6654566210045663,Fast Moving,Fast Moving,0.9303376430785449,0.06966235692145514,0.0
2269,Highland Dairy Ice Cream (vanilla)1L,Personal Care,250.0,260.0,78,20280.0,780.0,50,48,21,3.7142857142857144,12,55,23,0.7051282051282052,5,0.6653767123287673,Fast Moving,Fast Moving,0.7589948468702772,0.24100515312972268,0.0
1330,Harpic Power Plus 500ml,Cleaning & Household,425.0,430.0,76,32680.0,380.0,44,41,21,3.619047619047619,15,60,16,0.7894736842105263,2,0.6651369863013701,Fast Moving,Fast Moving,0.5436865051751222,0.45048016149154435,0.005833333333333333
1097,K. Baby Soap (Herbal) 90g,Baby & Kids,62.0,67.0,94,6298.0,470.0,57,57,23,4.086956521739131,10,46,48,0.48936170212765956,25,0.6638356164383561,Fast Moving,Fast Moving,0.8136633824668622,0.18633661753313785,0.0
1456,Ratthi Milk Powder 75g,Dairy & Chilled,71.18,75.0,101,7575.0,385.82,50,50,20,5.05,14,72,29,0.7128712871287128,1,0.663310502283105,Fast Moving,Fast Moving,0.774873853805326,0.22512614619467386,0.0
2779,Kist Grapes Juice 200ml,Beverages,96.25,110.0,123,13530.0,1691.25,44,44,19,6.473684210526316,18,93,30,0.7560975609756098,3,0.6632876712328767,Fast Moving,Fast Moving,0.9141779861763155,0.08582201382368454,0.0
2266,Rasath Tripale Yoghurt 80g,Dairy & Chilled,35.0,40.0,101,4040.0,505.0,50,49,23,4.391304347826087,11,59,42,0.5841584158415841,4,0.6631735159817351,Fast Moving,Fast Moving,0.6064273584218768,0.39357264157812294,0.0
1908,Sunlight Care naturals 1kg,Cleaning & Household,198.0,220.0,83,18260.0,1826.0,45,40,22,3.772727272727273,14,44,39,0.5301204819277109,7,0.6627853881278538,Fast Moving,Fast Moving,0.5085436787715776,0.4914563212284224,0.0
2320,Kist Woodapple Nectar 1L,Beverages,236.25,270.0,110,29700.0,3712.5,46,44,17,6.470588235294118,14,71,39,0.6454545454545455,6,0.6623972602739725,Fast Moving,Fast Moving,0.8665659266016251,0.1334340733983744,0.0
3196,Pears kokum Baby Soap 70g,Baby & Kids,130.0,145.0,95,13775.0,1425.0,50,48,21,4.523809523809524,18,30,65,0.3157894736842105,14,0.6623401826484018,Fast Moving,Fast Moving,0.7704135472298945,0.22541978610343846,0.004166666666666667
3026,Sunsilk Damage Restore Shampoo 40ml,Personal Care,140.0,150.0,85,12750.0,850.0,57,56,21,4.0476190476190474,11,53,32,0.6235294117647059,20,0.662283105022831,Fast Moving,Fast Moving,0.7425946333301583,0.25740536666984165,0.0
2140,Mini Chips (tomato flavour)27g,Snacks & Confectionery,35.0,40.0,143,5720.0,715.0,48,46,21,6.809523809523809,20,101,42,0.7062937062937062,17,0.6621004566210046,Fast Moving,Fast Moving,0.8610116235944192,0.13898837640558115,0.0
2589,CBL Cheese Buttons 215g,Dairy & Chilled,315.0,350.0,100,35000.0,3500.0,46,46,20,5.0,12,56,44,0.56,26,0.6620433789954339,Fast Moving,Fast Moving,0.6933089883093644,0.30669101169063556,0.0
3182,Chandanalepa Venivel Ayurveda Soap 75g,Personal Care,200.0,220.0,96,21120.0,1920.0,52,52,20,4.8,13,43,53,0.4479166666666667,34,0.6607077625570776,Fast Moving,Fast Moving,0.8677527662183381,0.13224723378166195,0.0
2618,Dove Hair Fall Rescue Shampoo 180ml,Personal Care,700.0,750.0,85,63750.0,4250.0,46,43,21,4.0476190476190474,11,48,37,0.5647058823529412,39,0.6607077625570775,Medium Moving,Medium Moving,0.251214352355557,0.7487856476444431,0.0
2790,Revello Crispies Chocolate 100g,Snacks & Confectionery,216.0,240.0,127,30480.0,3048.0,46,45,17,7.470588235294118,19,99,28,0.7795275590551181,20,0.6604680365296803,Medium Moving,Fast Moving,0.5343340036515403,0.4656659963484596,0.0
1842,CBL Chocolate Cream 100g,Personal Care,67.5,75.0,96,7200.0,720.0,51,50,20,4.8,13,66,30,0.6875,1,0.6603424657534246,Medium Moving,Medium Moving,0.20524707135856338,0.7947529286414365,0.0
3049,Pears Pure & Gentle Cologne 100ml,Personal Care,575.0,585.0,74,43290.0,740.0,41,41,23,3.217391304347826,7,40,34,0.5405405405405406,10,0.6598858447488585,Medium Moving,Medium Moving,0.06945860944986972,0.9305413905501304,0.0
2815,Baby Laundry Wash Liquid 650ml,Baby & Kids,516.19,590.0,84,49560.0,6200.04,48,46,20,4.2,8,61,23,0.7261904761904762,21,0.6597831050228311,Medium Moving,Medium Moving,0.2456006688743504,0.7543993311256498,0.0
1292,Vim Limes 100g,Cleaning & Household,60.0,70.0,87,6090.0,870.0,53,51,22,3.9545454545454546,11,59,28,0.6781609195402298,5,0.6597716894977169,Medium Moving,Medium Moving,0.14319918601915615,0.856800813980844,0.0
3014,Sunsilk Conditioner 180ml,Personal Care,740.0,750.0,73,54750.0,730.0,44,41,19,3.8421052631578947,12,47,26,0.6438356164383562,0,0.6586643835616438,Medium Moving,Medium Moving,0.11676068594169348,0.8832393140583066,0.0
1438,Kotmale Cheese wedges 60g,Dairy & Chilled,145.0,160.0,100,16000.0,1500.0,45,45,21,4.761904761904762,11,55,45,0.55,14,0.6584703196347031,Medium Moving,Medium Moving,0.22938080964644075,0.7706191903535593,0.0
1851,CBL Hawaian Cookies 200g,General Grocery,117.0,130.0,97,12610.0,1261.0,52,47,20,4.85,19,79,18,0.8144329896907216,14,0.6582191780821918,Medium Moving,Medium Moving,0.33777385874486915,0.6622261412551314,0.0
1063,P.Baby Cologne (Bedtime)100ml,Baby & Kids,280.0,300.0,76,22800.0,1520.0,49,47,21,3.619047619047619,10,48,28,0.631578947368421,8,0.6578881278538814,Medium Moving,Medium Moving,0.27138717318118966,0.7286128268188105,0.0
2747,Delum Baby Soap (75g/5),Baby & Kids,223.62,250.0,76,19000.0,2004.8799999999999,48,47,21,3.619047619047619,7,46,30,0.6052631578947368,4,0.657511415525114,Medium Moving,Medium Moving,0.16303818168905657,0.8369618183109432,0.0
1521,E/H Ice Cream (Choco Nut Vanilla)80ml,Personal Care,42.25,50.0,97,4850.0,751.75,51,51,20,4.85,19,66,31,0.6804123711340206,0,0.6574315068493151,Medium Moving,Medium Moving,0.26790268562898883,0.7320973143710114,0.0
2121,Dove Shampoo (Oxygen) 180ml,Personal Care,262.5,315.0,80,25200.0,4200.0,47,47,20,4.0,8,43,37,0.5375,5,0.6574086757990868,Medium Moving,Medium Moving,0.16279450412364047,0.8372054958763597,0.0
1149,Sunsilk Shampoo (Thick)180ml,Personal Care,210.0,240.0,92,22080.0,2760.0,42,40,21,4.380952380952381,16,48,44,0.5217391304347826,11,0.6570205479452055,Medium Moving,Medium Moving,0.2251804101736781,0.774819589826322,0.0
2064,Anchor PediaPro (1-2 years) 350g,Dairy & Chilled,646.35,755.0,81,61155.0,8800.65,41,41,18,4.5,16,54,27,0.6666666666666666,1,0.6555022831050229,Medium Moving,Medium Moving,0.10848440051816541,0.8898169693448481,0.0016986301369863012
3211,Vim Liquid Lime Fresh 250ml,Cleaning & Household,250.0,285.0,88,25080.0,3080.0,50,47,18,4.888888888888889,13,69,19,0.7840909090909091,7,0.6554452054794521,Medium Moving,Medium Moving,0.34848622178646926,0.651513778213531,0.0
1301,Vim Dishwash 500ml,Cleaning & Household,204.54,270.0,74,19980.0,4844.04,46,44,21,3.5238095238095237,10,46,28,0.6216216216216216,2,0.6554109589041095,Medium Moving,Medium Moving,0.05470399253275377,0.9452960074672463,0.0
1313,BIO Clean (Tile Cleaner) Cinnamon,Cleaning & Household,200.0,230.0,72,16560.0,2160.0,46,44,21,3.4285714285714284,8,47,25,0.6527777777777778,0,0.655068493150685,Medium Moving,Medium Moving,0.02114019862747817,0.9788598013725217,0.0
2667,Anchor Newdale Yoghurt 80g,Dairy & Chilled,60.0,70.0,86,6020.0,860.0,45,43,23,3.739130434782609,15,64,22,0.7441860465116279,1,0.6550114155251142,Medium Moving,Medium Moving,0.09650917049523994,0.9034908295047601,0.0
1880,Dettol Hand Wash (original)200ml,Cleaning & Household,272.73,300.0,75,22500.0,2045.25,49,46,20,3.75,14,32,43,0.4266666666666667,3,0.6549543378995434,Medium Moving,Medium Moving,0.29736977441966705,0.7026302255803332,0.0
1579,Laojee Ginger Plus 90g,Cooking Essentials,125.0,150.0,160,24000.0,4000.0,39,39,17,9.411764705882353,30,116,44,0.725,33,0.6547831050228311,Medium Moving,Medium Moving,0.34886195197136943,0.6511380480286306,0.0
1513,E/H Cotton Candy,Snacks & Confectionery,52.0,60.0,128,7680.0,1024.0,46,43,22,5.818181818181818,14,89,39,0.6953125,44,0.6541438356164384,Medium Moving,Medium Moving,0.3366542480122985,0.6633457519877014,0.0
1927,Diva Power (Germ-Guard) 400g,Cleaning & Household,81.0,90.0,80,7200.0,720.0,49,46,21,3.8095238095238093,15,55,25,0.6875,0,0.6531963470319635,Medium Moving,Medium Moving,0.09141912032717638,0.9085808796728236,0.0
2542,Rancrips Cassava Chips (Original)100g,Snacks & Confectionery,96.0,120.0,113,13560.0,2712.0,48,46,19,5.947368421052632,13,90,23,0.7964601769911505,13,0.6531392694063927,Medium Moving,Medium Moving,0.43941987338433885,0.5605801266156613,0.0
2688,CBL Milk Shorties 70g,Dairy & Chilled,31.5,35.0,113,3955.0,395.5,52,49,21,5.380952380952381,10,63,50,0.5575221238938053,9,0.6531164383561644,Medium Moving,Medium Moving,0.34970262796544527,0.6502973720345547,0.0
2527,Sunlight (Lemon & Rose) 115g,Cleaning & Household,50.61,55.0,97,5335.0,425.83,50,46,23,4.217391304347826,13,52,45,0.5360824742268041,14,0.6530022831050228,Medium Moving,Medium Moving,0.21995726559330486,0.7800427344066954,0.0
1525,E/H Ice Cream (Vanilla) 2L,Personal Care,950.0,1080.0,80,86400.0,10400.0,44,43,19,4.2105263157894735,16,65,15,0.8125,9,0.6527397260273973,Medium Moving,Medium Moving,0.14810936735341798,0.8518906326465818,0.0
1279,Sunlight  (Promo),Cleaning & Household,160.11,204.0,87,17748.0,3818.43,51,49,21,4.142857142857143,13,54,33,0.6206896551724138,40,0.6525799086757991,Medium Moving,Medium Moving,0.30637104452669506,0.693628955473305,0.0
1524,E/H Ice Cream (Vanilla) 1L,Personal Care,500.0,550.0,88,48400.0,4400.0,43,42,17,5.176470588235294,14,60,28,0.6818181818181818,3,0.6520319634703196,Medium Moving,Medium Moving,0.17553735164181877,0.8244626483581814,0.0
2986,Rasath Jelly Yoghurt,Dairy & Chilled,60.0,70.0,86,6020.0,860.0,50,47,22,3.909090909090909,11,57,29,0.6627906976744186,4,0.6514726027397261,Medium Moving,Medium Moving,0.06711217541094502,0.9328878245890548,0.0
2858,Peanut Butter 325g,Dairy & Chilled,600.0,650.0,86,55900.0,4300.0,44,44,20,4.3,9,54,32,0.627906976744186,25,0.6513356164383561,Medium Moving,Medium Moving,0.1801273165102316,0.8198726834897684,0.0
2583,Diva Fresh (Rose & Lime) 550g,Cleaning & Household,81.81,90.0,82,7380.0,671.5799999999999,52,51,22,3.727272727272727,12,49,33,0.5975609756097561,9,0.6511757990867579,Medium Moving,Medium Moving,0.1431630462347015,0.8568369537652984,0.0
2659,Wijaya Coffee 20g,Beverages,54.0,60.0,123,7380.0,738.0,47,47,20,6.15,17,99,24,0.8048780487804879,10,0.6501027397260274,Medium Moving,Medium Moving,0.4186593571324164,0.5813406428675836,0.0
3252,Lovely Toilet Paper,Cleaning & Household,180.0,230.0,143,32890.0,7150.0,35,34,19,7.526315789473684,19,75,68,0.5244755244755245,37,0.6497374429223745,Medium Moving,Medium Moving,0.1611899013732914,0.8377869963164777,0.001023102310231023
2655,Sunsilk Shampoo (Black Shine) 80ml,Personal Care,112.1,125.0,77,9625.0,993.3000000000001,46,45,22,3.5,9,40,37,0.5194805194805194,2,0.6487214611872145,Medium Moving,Medium Moving,0.028008031015724483,0.9719919689842755,0.0
1929,Diva Power (Colour-Guard) 400g,Cleaning & Household,81.0,90.0,82,7380.0,738.0,51,51,23,3.5652173913043477,11,59,23,0.7195121951219512,18,0.6468607305936073,Medium Moving,Medium Moving,0.11098116630726233,0.8890188336927375,0.0
2878,Anchor 200g,Dairy & Chilled,520.0,550.0,85,46750.0,2550.0,45,45,18,4.722222222222222,12,54,31,0.6352941176470588,9,0.6468493150684931,Medium Moving,Medium Moving,0.17406346351336974,0.8259365364866303,0.0
1912,Sunlight 2in1 (Jasmine) 1kg,Cleaning & Household,155.0,170.0,76,12920.0,1140.0,47,47,21,3.619047619047619,9,50,26,0.6578947368421053,3,0.6463127853881279,Medium Moving,Medium Moving,0.053182225992294135,0.9468177740077058,0.0
2911,C.Baby Soap 70g,Baby & Kids,131.55,145.0,79,11455.0,1062.55,49,46,21,3.761904761904762,10,37,42,0.46835443037974683,6,0.6462671232876711,Medium Moving,Medium Moving,0.11365949046739005,0.8863405095326098,0.0
3025,Sunsilk Black Shine Shampoo 40ml,Personal Care,140.0,150.0,92,13800.0,920.0,52,51,20,4.6,12,61,31,0.6630434782608695,33,0.6456963470319634,Medium Moving,Medium Moving,0.3392042928714198,0.6607957071285803,0.0
1930,Diva Power (Colour-Guard) 1kg,Cleaning & Household,178.90000000000003,195.0,94,18330.0,1513.4,47,44,19,4.947368421052632,17,51,43,0.5425531914893617,13,0.6456849315068492,Medium Moving,Medium Moving,0.3065174563264948,0.693482543673505,0.0
1529,E/H Ice Cream (Chocolate) 2L,Personal Care,1000.0,1180.0,74,87320.0,13320.0,42,41,18,4.111111111111111,10,59,15,0.7972972972972973,2,0.6454680365296803,Medium Moving,Medium Moving,0.04085895746589486,0.9591410425341051,0.0
2957,Little Lion Coffee Sponge Cake 240g,Cleaning & Household,460.0,480.0,81,38880.0,1620.0,46,45,20,4.05,15,59,22,0.7283950617283951,27,0.6448744292237444,Medium Moving,Medium Moving,0.23224750857019866,0.7677524914298014,0.0
3117,Revello Bliss Biscuits100g,General Grocery,360.0,380.0,81,30780.0,1620.0,43,42,19,4.2631578947368425,12,63,18,0.7777777777777778,7,0.6422260273972602,Medium Moving,Medium Moving,0.06609587635465691,0.9339041236453433,0.0
1039,Baby Cheramy Herbal Cream 100ml,Baby & Kids,140.0,155.0,79,12245.0,1185.0,45,45,20,3.95,11,49,30,0.620253164556962,1,0.6418949771689497,Medium Moving,Medium Moving,0.023868282602716645,0.9761317173972833,0.0
2918,KALO(Chocolate Cream 140g),Personal Care,270.0,300.0,79,23700.0,2370.0,53,49,18,4.388888888888889,13,51,28,0.6455696202531646,16,0.6416780821917809,Medium Moving,Medium Moving,0.323774591081958,0.6762254089180424,0.0
3175,Diva 3in1 (Jasmine&Lime) 30g,Cleaning & Household,10.0,25.0,91,2275.0,1365.0,51,50,23,3.9565217391304346,10,58,33,0.6373626373626373,8,0.6402625570776256,Medium Moving,Medium Moving,0.11970464167141158,0.8769303651128487,0.003364993215739484
2847,Toilet Tissue Flora,General Grocery,275.0,295.0,140,41300.0,2800.0,33,31,16,8.75,19,110,30,0.7857142857142857,14,0.6398744292237443,Medium Moving,Medium Moving,0.19157121550580736,0.8059287844941929,0.0025
1881,Dettol Hand Wash Refill (original)175ml,Cleaning & Household,174.0,190.0,84,15960.0,1344.0,45,45,20,4.2,14,53,31,0.6309523809523809,8,0.6398287671232876,Medium Moving,Medium Moving,0.06975552961852584,0.9302444703814743,0.0
2875,Rancrisp Potato Chips 100g (Hot & Spicy),Snacks & Confectionery,430.0,540.0,93,50220.0,10230.0,38,37,18,5.166666666666667,15,61,32,0.6559139784946236,10,0.6395205479452055,Medium Moving,Medium Moving,0.12505571502416907,0.8739211826655997,0.001023102310231023
1888,Lifebuoy Hand Wash 200ml (Orange),Cleaning & Household,205.0,225.0,79,17775.0,1580.0,50,49,18,4.388888888888889,12,54,25,0.6835443037974683,5,0.6386415525114156,Medium Moving,Medium Moving,0.20738790947338853,0.7926120905266116,0.0
1700,Velvet Hand Wash (rose)250ml,Cleaning & Household,198.59,220.0,77,16940.0,1648.5700000000002,47,45,17,4.529411764705882,13,54,23,0.7012987012987013,0,0.6383904109589041,Medium Moving,Medium Moving,0.04197234112262768,0.9580276588773724,0.0
2123,Pears Baby Soap (Pure & Gentle) 95g,Baby & Kids,67.27,82.0,89,7298.0,1310.97,52,52,21,4.238095238095238,8,50,39,0.5617977528089888,23,0.6383333333333333,Medium Moving,Medium Moving,0.16187664187446374,0.8381233581255364,0.0
1171,Dreamron Facial Wash,Cleaning & Household,260.0,290.0,66,19140.0,1980.0,44,42,22,3.0,8,39,27,0.5909090909090909,3,0.6381963470319634,Medium Moving,Medium Moving,0.029236160904683253,0.9707638390953167,0.0
1110,Kumarika Hair Oil 50ml,Personal Care,72.0,80.0,139,11120.0,1112.0,36,34,16,8.6875,32,84,55,0.60431654676259,1,0.6381392694063928,Medium Moving,Medium Moving,0.23563948174598295,0.7618605182540172,0.0025
1286,Namal Soap,Personal Care,45.0,50.0,93,4650.0,465.0,53,52,20,4.65,13,52,41,0.5591397849462365,7,0.6380251141552511,Medium Moving,Medium Moving,0.18543397270724638,0.8145660272927536,0.0
1260,LUX Sweet Temptation 100g,Snacks & Confectionery,58.0,65.0,105,6825.0,735.0,42,39,18,5.833333333333333,14,79,26,0.7523809523809524,0,0.6355707762557078,Medium Moving,Medium Moving,0.14267396508413957,0.8548260349158603,0.0025
2532,CBL Milk Cream 255g,Personal Care,135.0,150.0,93,13950.0,1395.0,53,51,18,5.166666666666667,12,66,27,0.7096774193548387,31,0.6348173515981735,Medium Moving,Medium Moving,0.31835167588240315,0.681648324117597,0.0
1638,4GB Choxy (Cereal-bar)20g,Staples & Dry Groceries,18.0,25.0,171,4275.0,1197.0,43,41,19,9.0,23,116,55,0.6783625730994152,35,0.634634703196347,Medium Moving,Medium Moving,0.32530454718290713,0.674695452817093,0.0
2649,Ayush Saffron Face Cream 50g,Personal Care,414.85,475.0,70,33250.0,4210.5,44,43,22,3.1818181818181817,11,45,25,0.6428571428571429,29,0.6345776255707762,Medium Moving,Medium Moving,0.06111528528377628,0.9355197215004842,0.003364993215739484
2872,Cheddar Cheese Kotmale 250g,Dairy & Chilled,990.0,1100.0,82,90200.0,9020.0,41,39,17,4.823529411764706,12,67,15,0.8170731707317073,12,0.634497716894977,Medium Moving,Medium Moving,0.10910949122712274,0.8908905087728773,0.0
1139,ayush Face Cream 25g,Personal Care,240.0,270.0,74,19980.0,2220.0,39,38,21,3.5238095238095237,10,50,24,0.6756756756756757,4,0.6343835616438356,Medium Moving,Medium Moving,0.013831101956745624,0.9861688980432544,0.0
1604,Ravan Black Hair Colour Shampoo 25ml,Personal Care,105.0,125.0,69,8625.0,1380.0,48,48,21,3.2857142857142856,11,37,32,0.5362318840579711,0,0.6343264840182649,Medium Moving,Medium Moving,0.13753541929450386,0.8624645807054963,0.0
2621,Baby Cheramy Baby Cologne 100ml,Baby & Kids,248.92,285.0,84,23940.0,3030.72,45,44,19,4.421052631578948,8,63,21,0.75,16,0.6342808219178082,Medium Moving,Medium Moving,0.08093532607828964,0.9190646739217105,0.0
1695,Paris Cologne Spray (floral)50ml,Personal Care,260.87,300.0,77,23100.0,3013.01,47,43,18,4.277777777777778,9,45,32,0.5844155844155844,6,0.6340867579908676,Medium Moving,Medium Moving,0.07732723429383005,0.9226727657061699,0.0
2065,Anchor PediaPro (2-5 years) 350g,Dairy & Chilled,646.35,695.0,83,57685.0,4037.95,42,40,18,4.611111111111111,15,68,15,0.8192771084337349,20,0.6332534246575342,Medium Moving,Medium Moving,0.07355133862172107,0.9264486613782791,0.0
1480,Milo milk powder 15g,Dairy & Chilled,18.18,20.0,112,2240.0,203.84,56,53,19,5.894736842105263,12,94,18,0.8392857142857143,9,0.6329794520547944,Medium Moving,Medium Moving,0.3957559899205937,0.6042440100794063,0.0
1503,Little Lion Sponge Roll 200g,Cleaning & Household,450.0,520.0,70,36400.0,4900.0,38,36,19,3.6842105263157894,11,45,25,0.6428571428571429,0,0.6329223744292237,Medium Moving,Medium Moving,0.01079291361934018,0.9892070863806599,0.0
1986,KIST Tomato Sauce 2L,Cooking Essentials,600.0,700.0,133,93100.0,13300.0,37,36,14,9.5,38,102,31,0.7669172932330827,34,0.6327397260273973,Medium Moving,Medium Moving,0.22592302881391738,0.7740769711860827,0.0
2984,RichLife Yoghurt,Dairy & Chilled,60.0,70.0,89,6230.0,890.0,50,46,20,4.45,15,63,26,0.7078651685393258,7,0.6327283105022831,Medium Moving,Medium Moving,0.13074718587736003,0.8692528141226395,0.0
2436,Golden Cow Baby Rusks (Banana) 110g,Baby & Kids,195.8,220.0,72,15840.0,1742.3999999999999,38,38,22,3.272727272727273,8,40,32,0.5555555555555556,3,0.6316095890410959,Medium Moving,Medium Moving,0.01958036038538711,0.9804196396146131,0.0
1090,C.Baby Soap (Kohomba) 125g,Baby & Kids,68.0,75.0,91,6825.0,637.0,48,46,19,4.7894736842105265,12,47,44,0.5164835164835165,3,0.631541095890411,Medium Moving,Medium Moving,0.09936043812889761,0.9006395618711025,0.0
1573,Zesta Tea Bags 100(BOPF),Beverages,409.09,450.0,96,43200.0,3927.3599999999997,40,39,18,5.333333333333333,15,63,33,0.65625,34,0.6302168949771689,Medium Moving,Medium Moving,0.18841381668746252,0.8115861833125376,0.0
2752,Face Wash 50ml,Cleaning & Household,139.4,170.0,70,11900.0,2142.0,43,42,23,3.0434782608695654,7,41,29,0.5857142857142857,7,0.6301598173515982,Medium Moving,Medium Moving,0.008804659249990859,0.9911953407500091,0.0
2106,Kandos Milk Choco 50g,Dairy & Chilled,40.0,50.0,98,4900.0,980.0,50,50,19,5.157894736842105,17,77,21,0.7857142857142857,5,0.6300228310502284,Medium Moving,Medium Moving,0.2664285107616378,0.7335714892383627,0.0
1444,Rich Life Set Yoghurt 950g,Dairy & Chilled,600.0,650.0,71,46150.0,3550.0,39,38,18,3.9444444444444446,11,56,15,0.7887323943661971,1,0.6288356164383562,Medium Moving,Medium Moving,0.05601061235839784,0.9439893876416023,0.0
2531,CBL Custard Cream 240g,Personal Care,117.0,130.0,74,9620.0,962.0,47,46,19,3.8947368421052633,13,57,17,0.7702702702702703,0,0.6288013698630137,Medium Moving,Medium Moving,0.04284195004578161,0.9571580499542187,0.0
1413,Prima Cream Bun Vanilla (3in1),Personal Care,135.0,140.0,77,10780.0,385.0,48,44,18,4.277777777777778,17,63,14,0.8181818181818182,1,0.628013698630137,Medium Moving,Medium Moving,0.15785140380612397,0.8396485961938762,0.0025
1528,E/H Ice Cream (Chocolate) 1L,Personal Care,520.0,600.0,64,38400.0,5120.0,44,44,20,3.2,8,51,13,0.796875,4,0.6274771689497717,Medium Moving,Medium Moving,0.05846740832010167,0.9381675984641586,0.003364993215739484
2801,Velvet Hand Wash Refill (Rose) 200ml,Cleaning & Household,148.95,165.0,76,12540.0,1219.8,44,43,19,4.0,10,55,21,0.7236842105263158,1,0.6274657534246576,Medium Moving,Medium Moving,0.013116992322580966,0.9868830076774191,0.0
1439,Kotmale Cheese wedges 120g,Dairy & Chilled,550.0,560.0,78,43680.0,780.0,41,39,20,3.9,10,45,33,0.5769230769230769,36,0.6273287671232878,Medium Moving,Medium Moving,0.05434461169805165,0.9456553883019484,0.0
1702,Velvet Hand Wash Refill (lavender)200ml,Cleaning & Household,148.95,165.0,72,11880.0,1155.6000000000001,47,43,21,3.4285714285714284,12,46,26,0.6388888888888888,8,0.6270205479452055,Medium Moving,Medium Moving,0.029856751127701725,0.9701432488722985,0.0
2122,Sunsilk Shampoo (Egg) 80ml,Personal Care,112.1,125.0,77,9625.0,993.3000000000001,45,44,22,3.5,8,40,37,0.5194805194805194,16,0.6264155251141553,Medium Moving,Medium Moving,0.016002175211360894,0.9839978247886392,0.0
3161,Sunlight 2in1 (Jasmine Fresh) 1kg,Cleaning & Household,285.0,320.0,66,21120.0,2310.0,42,41,20,3.3,9,49,17,0.7424242424242424,1,0.6262671232876712,Medium Moving,Medium Moving,0.007034454470877769,0.9929655455291223,0.0
1825,Maliban Bran Crackers 210g,General Grocery,135.0,160.0,89,14240.0,2225.0,44,41,15,5.933333333333334,15,69,20,0.7752808988764045,1,0.6252625570776256,Medium Moving,Medium Moving,0.15071610839028543,0.8492838916097147,0.0
1412,Prima Cream Bun Chocolate (3in1),Personal Care,132.0,140.0,82,11480.0,656.0,46,45,21,3.9047619047619047,11,54,28,0.6585365853658537,30,0.6251484018264839,Medium Moving,Medium Moving,0.03137112443913884,0.9686288755608612,0.0
1287,Aththora Soap,Personal Care,45.0,50.0,86,4300.0,430.0,50,47,21,4.095238095238095,11,44,42,0.5116279069767442,11,0.6248858447488584,Medium Moving,Medium Moving,0.10205712913682546,0.8979428708631745,0.0
1935,Diva Fresh (Jasmine) 1kg,Cleaning & Household,310.0,320.0,70,22400.0,700.0,41,41,19,3.6842105263157894,10,48,22,0.6857142857142857,1,0.6247945205479452,Medium Moving,Medium Moving,0.015700532593226794,0.98176368008571,0.0025357873210633945
1001,Pears Baby Soap (Active)100g,Baby & Kids,60.0,67.0,87,5829.0,609.0,46,45,22,3.9545454545454546,8,34,53,0.39080459770114945,22,0.624417808219178,Medium Moving,Medium Moving,0.1213477028782297,0.8703639087160749,0.008288388405695419
1141,ayush Face Wash 80g,Cleaning & Household,370.83,445.0,74,32930.0,5488.58,36,36,19,3.8947368421052633,13,41,33,0.5540540540540541,2,0.6241666666666668,Medium Moving,Medium Moving,0.02422217681945506,0.9757778231805451,0.0
2382,Rich Life Cheese Slices 5's,Dairy & Chilled,243.0,270.0,75,20250.0,2025.0,41,38,19,3.9473684210526314,10,46,29,0.6133333333333333,4,0.6237785388127853,Medium Moving,Medium Moving,0.01677020477911309,0.9832297952208868,0.0
1093,K. Baby Soap (Venivel) 90g,Baby & Kids,62.0,67.0,79,5293.0,395.0,46,45,21,3.761904761904762,10,39,40,0.4936708860759494,3,0.6235730593607305,Medium Moving,Medium Moving,0.03653036143385748,0.9601363052328091,0.003333333333333333
1164,Clear Shampoo (Men)80ml,Personal Care,180.0,195.0,70,13650.0,1050.0,40,40,20,3.5,10,45,25,0.6428571428571429,0,0.6230821917808219,Medium Moving,Medium Moving,0.0025357873210633945,0.9974642126789365,0.0
3070,Head & Shoulders Cool Menthol Shampoo 72ml,Personal Care,380.0,400.0,68,27200.0,1360.0,42,42,19,3.5789473684210527,9,40,28,0.5882352941176471,2,0.6229337899543379,Medium Moving,Medium Moving,0.02253085134022015,0.9774691486597799,0.0
1100,Delum Baby Soap 75g,Baby & Kids,55.0,60.0,90,5400.0,450.0,49,46,20,4.5,10,42,48,0.4666666666666667,10,0.6227625570776255,Medium Moving,Medium Moving,0.13122975111148982,0.8687702488885105,0.0
1504,E /H Wonder Cone (Chocolate),Snacks & Confectionery,79.0,100.0,115,11500.0,2415.0,42,39,15,7.666666666666667,21,94,21,0.8173913043478261,6,0.622579908675799,Medium Moving,Medium Moving,0.21141381148654653,0.7885861885134533,0.0
2802,Misumi Kiyo Soap 90g,Personal Care,60.83,68.0,100,6800.0,717.0,50,49,19,5.2631578947368425,12,42,58,0.42,24,0.6220205479452056,Medium Moving,Medium Moving,0.3282773039524768,0.6691869087264601,0.0025357873210633945
1089,C.Baby Soap (Pokuruwada) 125g,Baby & Kids,72.4,80.0,80,6400.0,608.0,46,45,21,3.8095238095238093,9,44,36,0.55,8,0.6218721461187214,Medium Moving,Medium Moving,0.012607361963190183,0.9873926380368099,0.0
1334,Britol Grout Cleaner 500ml,Cleaning & Household,185.0,210.0,81,17010.0,2025.0,41,40,20,4.05,13,56,25,0.691358024691358,17,0.6214269406392694,Medium Moving,Medium Moving,0.023468834916099395,0.9765311650839006,0.0
2318,Maliban Custard Cream 410g,Personal Care,181.65,210.0,65,13650.0,1842.75,46,43,22,2.9545454545454546,8,46,19,0.7076923076923077,9,0.6210844748858447,Medium Moving,Medium Moving,0.021551476762468772,0.975912735916468,0.0025357873210633945
1167,Dove Shampoo (Hair Fall) 80ml,Personal Care,180.0,200.0,67,13400.0,1340.0,42,41,21,3.1904761904761907,6,29,38,0.43283582089552236,2,0.6207191780821919,Medium Moving,Medium Moving,0.01230959342144257,0.9814446347003942,0.00624577187816324
1867,CBL Milk Cream 110g,Personal Care,54.0,60.0,85,5100.0,510.0,51,50,21,4.0476190476190474,13,54,31,0.6352941176470588,25,0.6198858447488584,Medium Moving,Medium Moving,0.05827556428974968,0.9417244357102501,0.0
1332,Harpic Citrus 500ml,Cleaning & Household,190.0,215.0,66,14190.0,1650.0,46,45,20,3.3,8,47,19,0.7121212121212122,2,0.6193264840182648,Medium Moving,Medium Moving,0.01354040955822618,0.9864595904417739,0.0
1558,Dreamron Conditioner 200ml,Personal Care,484.0,550.0,69,37950.0,4554.0,38,37,18,3.8333333333333335,13,50,19,0.7246376811594203,1,0.6184703196347032,Medium Moving,Medium Moving,0.010071574642126789,0.9899284253578733,0.0
1227,N/S Facial Wash 100ml (Cucumber),Cleaning & Household,280.5,330.0,73,24090.0,3613.5,44,43,18,4.055555555555555,9,55,18,0.7534246575342466,7,0.6184132420091323,Medium Moving,Medium Moving,0.014234417458049695,0.9857655825419502,0.0
1305,Dash Car Wash  500ml,Cleaning & Household,408.0,480.0,80,38400.0,5760.0,45,43,17,4.705882352941177,9,57,23,0.7125,31,0.6183447488584475,Medium Moving,Medium Moving,0.06416423210551506,0.930835767894485,0.005
2639,Aloe Miracle Foot Care Cream 50ml,Personal Care,272.0,320.0,69,22080.0,3312.0,39,39,20,3.45,8,38,31,0.5507246376811594,3,0.6182534246575343,Medium Moving,Medium Moving,0.0,1.0,0.0
1150,Sunsilk Shampoo (Long)180ml,Personal Care,210.0,240.0,66,15840.0,1980.0,41,40,21,3.142857142857143,8,33,33,0.5,3,0.6177054794520547,Medium Moving,Medium Moving,0.0016986301369863012,0.9957655825419504,0.0025357873210633945
2745,Panda Baby Soap (Honey & Almond) 75g,Baby & Kids,56.35,63.0,87,5481.0,578.5500000000001,44,44,20,4.35,9,51,36,0.5862068965517241,5,0.6158219178082192,Medium Moving,Medium Moving,0.021483806622561236,0.9785161933774387,0.0
1536,E/H Ice Cream (Twist) 1L,Personal Care,600.0,650.0,63,40950.0,3150.0,39,39,20,3.15,6,43,20,0.6825396825396826,4,0.6157990867579909,Medium Moving,Medium Moving,0.007535787321063394,0.9924642126789367,0.0
1165,Dove Shampoo (Intense) 80ml,Personal Care,180.0,200.0,74,14800.0,1480.0,37,36,20,3.7,11,34,40,0.4594594594594595,2,0.6157077625570777,Medium Moving,Medium Moving,0.013707355066921889,0.9837568576120145,0.0025357873210633945
2798,Ice Cream,Personal Care,430.0,470.0,74,34780.0,2960.0,38,37,17,4.352941176470588,9,50,24,0.6756756756756757,4,0.6136872146118721,Medium Moving,Medium Moving,0.005,0.995,0.0
1537,E/H Ice Cream (Hakuru Mix) 1L,Personal Care,346.5,400.0,66,26400.0,3531.0,41,38,19,3.473684210526316,10,46,20,0.696969696969697,3,0.6135616438356163,Medium Moving,Medium Moving,0.0,1.0,0.0
1333,Harpic Bathroom Cleaner 500ml,Cleaning & Household,195.0,220.0,72,15840.0,1800.0,44,43,18,4.0,10,49,23,0.6805555555555556,3,0.6118835616438356,Medium Moving,Medium Moving,0.0,1.0,0.0
2816,CBL Cheese Buttons 170g,Dairy & Chilled,198.0,220.0,80,17600.0,1760.0,37,35,20,4.0,11,54,26,0.675,17,0.6106392694063927,Medium Moving,Medium Moving,0.005071574642126789,0.9949284253578732,0.0
3213,Rin Refresh 1kg,Cleaning & Household,280.0,300.0,63,18900.0,1260.0,40,38,19,3.3157894736842106,7,37,26,0.5873015873015873,0,0.609337899543379,Medium Moving,Medium Moving,0.008622512984020203,0.98637748701598,0.005
1560,Sunsilk Shampoo (Egg) 180ml,Personal Care,237.66,265.0,79,20935.0,2159.8599999999997,38,38,19,4.157894736842105,12,48,31,0.6075949367088608,16,0.6093036529680365,Medium Moving,Medium Moving,0.004234417458049695,0.9957655825419502,0.0
2437,Golden Cow Baby Rusks (Original) 70g,Baby & Kids,124.6,140.0,72,10080.0,1108.8,42,39,19,3.789473684210526,14,55,17,0.7638888888888888,1,0.609189497716895,Medium Moving,Medium Moving,0.0,1.0,0.0
1806,Maliban Smart Cream Cracker 125g,Personal Care,67.5,80.0,76,6080.0,950.0,48,46,21,3.619047619047619,7,49,27,0.6447368421052632,21,0.6079566210045663,Medium Moving,Medium Moving,0.05702843017785941,0.9429715698221408,0.0
1085,C.Baby Soap (Almond) 75g / 5,Baby & Kids,220.0,265.0,75,19875.0,3375.0,46,44,19,3.9473684210526314,10,33,42,0.44,50,0.6068493150684932,Medium Moving,Medium Moving,0.09504621096822546,0.9049537890317744,0.0
1086,C.Baby Soap (Pokuru wada) 100g / 4,Baby & Kids,220.0,240.0,73,17520.0,1460.0,41,40,19,3.8421052631578947,11,33,40,0.4520547945205479,11,0.6049999999999999,Medium Moving,Medium Moving,0.032176189983021276,0.9678238100169787,0.0
1916,Sunlight 2in1 (Sakura) 200g,Cleaning & Household,36.0,40.0,85,3400.0,340.0,47,44,20,4.25,15,58,27,0.6823529411764706,9,0.6048858447488584,Medium Moving,Medium Moving,0.04574481582035336,0.9542551841796465,0.0
2270,Highland Dairy Ice Cream (vanilla)2L,Personal Care,460.0,470.0,63,29610.0,630.0,37,37,18,3.5,9,40,23,0.6349206349206349,0,0.6044977168949772,Medium Moving,Medium Moving,0.005900780536802879,0.9940992194631972,0.0
3048,Pears White Floral Cologne 100ml,Personal Care,575.0,585.0,64,37440.0,640.0,37,36,19,3.3684210526315788,9,35,29,0.546875,3,0.6044977168949771,Medium Moving,Medium Moving,0.03662947551991289,0.9633705244800875,0.0
1331,Harpic Citrus 200ml,Cleaning & Household,85.0,95.0,80,7600.0,800.0,40,39,18,4.444444444444445,11,57,23,0.7125,1,0.6044748858447488,Medium Moving,Medium Moving,0.0,1.0,0.0
2032,Prima Kottu-Mee (Cheese&Onion)80g,Dairy & Chilled,54.0,60.0,86,5160.0,516.0,44,42,20,4.3,18,55,31,0.6395348837209303,11,0.6044406392694064,Medium Moving,Medium Moving,0.05081411449156985,0.9466500981873667,0.0025357873210633945
1104,AXE Body Perfume,Personal Care,225.0,250.0,70,17500.0,1750.0,41,39,20,3.5,10,53,17,0.7571428571428571,14,0.6043949771689497,Medium Moving,Medium Moving,0.005,0.995,0.0
3069,Head & Shoulders Silky Black Shampoo 72ml,Personal Care,380.0,400.0,72,28800.0,1440.0,39,38,19,3.789473684210526,9,37,35,0.5138888888888888,19,0.6041666666666666,Medium Moving,Medium Moving,0.01759941067378918,0.9824005893262108,0.0
3151,GreenLand Cream Style Corn 425g,Personal Care,800.0,850.0,61,51850.0,3050.0,37,37,19,3.210526315789474,7,49,12,0.8032786885245902,3,0.602716894977169,Medium Moving,Medium Moving,0.03273712392221503,0.967262876077785,0.0
1362,Colin Glass Cleaner 250ml,Cleaning & Household,163.0,178.0,72,12816.0,1080.0,40,38,20,3.6,7,46,26,0.6388888888888888,9,0.602351598173516,Medium Moving,Medium Moving,0.0,1.0,0.0
2240,Siddhalepa Mustard Oil 30ml,Health & Medicine,90.0,100.0,154,15400.0,1540.0,33,30,14,11.0,34,130,24,0.8441558441558441,43,0.602283105022831,Medium Moving,Medium Moving,0.17701135943437507,0.822988640565625,0.0
1185,Baby Diaper (Softlove) 5pcs /NB,Baby & Kids,170.0,190.0,76,14440.0,1520.0,37,35,19,4.0,10,48,28,0.631578947368421,6,0.6021232876712328,Medium Moving,Medium Moving,0.005071574642126789,0.9949284253578732,0.0
1140,ayush Face Wash 50g,Cleaning & Household,216.66,260.0,65,16900.0,2817.1000000000004,41,40,22,2.9545454545454546,6,37,28,0.5692307692307692,30,0.6010616438356163,Medium Moving,Medium Moving,0.013801796827518347,0.9861982031724817,0.0
1226,N/S Facial Wash 100ml (Papaya),Cleaning & Household,265.0,300.0,68,20400.0,2380.0,37,36,18,3.7777777777777777,12,45,23,0.6617647058823529,1,0.6009246575342465,Medium Moving,Medium Moving,0.011094676952357812,0.9872066929106559,0.0016986301369863012
1044,Baby Cheramy Oil 50ml,Baby & Kids,228.8,260.0,114,29640.0,3556.7999999999997,27,26,12,9.5,24,105,9,0.9210526315789473,1,0.6008561643835616,Medium Moving,Medium Moving,0.1173147071379468,0.875185292862053,0.0075
1326,Harpic Fresh 500ml,Cleaning & Household,190.0,215.0,69,14835.0,1725.0,42,41,21,3.2857142857142856,9,33,36,0.4782608695652174,27,0.6007762557077626,Medium Moving,Medium Moving,0.010063623352725785,0.9899363766472743,0.0
1931,Diva Fresh (Jasmine) 200g,Cleaning & Household,80.0,90.0,79,7110.0,790.0,46,46,19,4.157894736842105,14,59,20,0.7468354430379747,11,0.60074200913242,Medium Moving,Medium Moving,0.007607361963190185,0.9923926380368099,0.0
1890,Lifebuoy Hand Wash 200ml (Mild Care),Cleaning & Household,205.0,225.0,71,15975.0,1420.0,40,39,20,3.55,8,43,28,0.6056338028169014,15,0.6006506849315068,Medium Moving,Medium Moving,0.0,1.0,0.0
3210,Sunsilk Stunning black Shine Shampoo 80ml,Personal Care,300.0,340.0,73,24820.0,2920.0,37,33,18,4.055555555555555,13,49,24,0.6712328767123288,8,0.6006278538812785,Medium Moving,Medium Moving,0.005,0.995,0.0
1038,Baby Cheramy Floral Cream 100ml,Baby & Kids,370.0,380.0,61,23180.0,610.0,38,38,20,3.05,7,32,29,0.5245901639344263,3,0.6001484018264841,Medium Moving,Medium Moving,0.007535787321063394,0.9924642126789365,0.0
1298,Vim Powder 650g,Cleaning & Household,300.0,400.0,65,26000.0,6500.0,38,37,18,3.611111111111111,14,45,20,0.6923076923076923,2,0.5996232876712329,Medium Moving,Medium Moving,0.012607361963190183,0.9873926380368099,0.0
3260,Baby Cheramy jasmine cologne 100ml,Baby & Kids,500.0,575.0,65,37375.0,4875.0,37,37,19,3.4210526315789473,8,38,27,0.5846153846153846,7,0.5994063926940639,Medium Moving,Medium Moving,0.009234417458049695,0.9907655825419502,0.0
2383,Happy Cow Cheese 113g,Dairy & Chilled,366.15,420.0,69,28980.0,3715.65,39,35,20,3.45,7,40,29,0.5797101449275363,31,0.5991324200913243,Medium Moving,Medium Moving,0.007535787321063394,0.9924642126789367,0.0
1892,Lifebuoy Hand Wash 200ml (Charcoal),Cleaning & Household,205.0,225.0,70,15750.0,1400.0,46,45,17,4.117647058823529,10,55,15,0.7857142857142857,8,0.5983561643835617,Medium Moving,Medium Moving,0.037000382421184114,0.9604638302577526,0.0025357873210633945
1095,K. Baby Soap (Floral) 90g,Baby & Kids,62.0,67.0,81,5427.0,405.0,47,44,20,4.05,8,35,46,0.43209876543209874,25,0.5980821917808219,Medium Moving,Medium Moving,0.053978264343892725,0.9401526150017107,0.005869120654396728
2495,Vitagen (Vanilla Flavored) 400g,General Grocery,1408.0,1600.0,65,104000.0,12480.0,33,31,16,4.0625,16,48,17,0.7384615384615385,1,0.5979908675799087,Medium Moving,Medium Moving,0.032883057587077234,0.9660938401026915,0.001023102310231023
1532,E/H Ice Cream (Fruit & Nut) 1L,Personal Care,363.75,420.0,61,25620.0,3431.25,35,34,20,3.05,13,35,26,0.5737704918032787,2,0.5975228310502283,Medium Moving,Medium Moving,0.015,0.985,0.0
3176,Diva 3In1 Rose 200g,Cleaning & Household,80.0,90.0,73,6570.0,730.0,41,39,19,3.8421052631578947,9,43,30,0.589041095890411,1,0.596849315068493,Medium Moving,Medium Moving,0.0,1.0,0.0
3177,Diva Diriya 500g,Cleaning & Household,150.0,190.0,71,13490.0,2840.0,43,41,19,3.736842105263158,8,44,27,0.6197183098591549,13,0.5963242009132419,Medium Moving,Medium Moving,0.0,0.9940992194631971,0.005900780536802879
1223,N/S Facial Wash 50ml (Kohomba-Kaha),Cleaning & Household,145.0,160.0,65,10400.0,975.0,41,37,21,3.0952380952380953,8,42,23,0.6461538461538462,7,0.5962214611872145,Medium Moving,Medium Moving,0.003364993215739484,0.9966350067842604,0.0
1065,P.Baby Cream (Floral) 100ml,Baby & Kids,150.0,165.0,81,13365.0,1215.0,42,39,16,5.0625,14,72,9,0.8888888888888888,12,0.5960388127853882,Medium Moving,Medium Moving,0.05786980666349433,0.932895775878456,0.009234417458049695
2420,Enchanteur Cologne Romantic 120ml,Personal Care,331.5,390.0,70,27300.0,4095.0,39,39,15,4.666666666666667,9,51,19,0.7285714285714285,3,0.5951255707762557,Medium Moving,Medium Moving,0.0025357873210633945,0.9974642126789365,0.0
1687,Gold Cologne Spray (classic)50ml,Personal Care,323.08,420.0,67,28140.0,6493.64,38,37,20,3.35,9,38,29,0.5671641791044776,25,0.5950456621004566,Medium Moving,Medium Moving,0.018743062481692413,0.9812569375183077,0.0
1083,C.Baby Soap (floral) 75g / 5,Baby & Kids,220.0,240.0,72,17280.0,1440.0,37,35,18,4.0,15,42,30,0.5833333333333334,4,0.5949771689497717,Medium Moving,Medium Moving,0.0016986301369863012,0.9983013698630137,0.0
1534,E/H Ice Cream (Fruit & Nut) 4L,Personal Care,1050.0,1250.0,60,75000.0,12000.0,37,35,20,3.0,7,42,18,0.7,16,0.5948059360730594,Medium Moving,Medium Moving,0.054591480962137465,0.9454085190378626,0.0
2642,Aroma Detergent Powder (Jasmine) 1kg,Cleaning & Household,157.5,175.0,75,13125.0,1312.5,40,39,20,3.75,8,49,26,0.6533333333333333,34,0.5938013698630137,Medium Moving,Medium Moving,0.0,1.0,0.0
2595,Pelwatte Set Yoghurt 80g,Dairy & Chilled,26.0,40.0,87,3480.0,1218.0,42,40,19,4.578947368421052,12,68,19,0.7816091954022989,6,0.5934246575342466,Medium Moving,Medium Moving,0.0587114003745015,0.9412885996254987,0.0
1222,N/S Facial Wash 50ml (Papaya),Cleaning & Household,157.0,175.0,73,12775.0,1314.0,42,40,17,4.294117647058823,14,60,13,0.821917808219178,6,0.5932534246575342,Medium Moving,Medium Moving,0.011348608627708662,0.9886513913722914,0.0
3215,Rin Refresh 500g,Cleaning & Household,160.0,170.0,75,12750.0,750.0,39,38,17,4.411764705882353,10,48,27,0.64,5,0.591917808219178,Medium Moving,Medium Moving,0.0,1.0,0.0
3022,Sunsilk Shampoo 180ml,Personal Care,560.53,625.0,63,39375.0,4061.61,36,35,18,3.5,10,36,27,0.5714285714285714,4,0.5915981735159817,Medium Moving,Medium Moving,0.006698630136986301,0.9933013698630137,0.0
2643,Aroma Detergent Powder (Rose) 1kg,Cleaning & Household,157.5,175.0,73,12775.0,1277.5,41,40,16,4.5625,10,48,25,0.6575342465753424,3,0.591324200913242,Medium Moving,Medium Moving,0.0,0.9961233839145359,0.003876616085464053
2909,Gold Hair Gel 25g,Personal Care,87.8,100.0,73,7300.0,890.6,40,40,19,3.8421052631578947,11,54,19,0.7397260273972602,3,0.5903881278538813,Medium Moving,Medium Moving,0.0,1.0,0.0
2602,Glow & Handsome Cream 50g,Personal Care,345.0,395.0,62,24490.0,3100.0,30,30,20,3.1,7,41,21,0.6612903225806451,2,0.5902625570776256,Medium Moving,Medium Moving,0.004068908941755538,0.9959310910582445,0.0
1523,E/H Ice Cream (Vanilla)500ml,Personal Care,130.0,160.0,78,12480.0,2340.0,39,38,14,5.571428571428571,26,53,25,0.6794871794871795,1,0.5900684931506849,Medium Moving,Medium Moving,0.03828615404701735,0.9579549627042515,0.0037588832487309644
1682,Baby Cheramy (lucky ducky)100ml,Baby & Kids,227.08,260.0,67,17420.0,2205.64,37,37,19,3.526315789473684,7,37,30,0.5522388059701493,5,0.5897374429223744,Medium Moving,Medium Moving,0.0,0.9961233839145359,0.003876616085464053
3167,Rin Anti-germ 500g,Cleaning & Household,150.0,170.0,62,10540.0,1240.0,42,40,19,3.263157894736842,10,37,25,0.5967741935483871,1,0.5896461187214612,Medium Moving,Medium Moving,0.00759941067378918,0.9898648020051475,0.0025357873210633945
1096,K. Baby Soap (Floral) 5pcs,Baby & Kids,220.0,235.0,74,17390.0,1110.0,40,36,19,3.8947368421052633,7,37,37,0.5,42,0.5889269406392693,Medium Moving,Medium Moving,0.006094676952357812,0.9939053230476422,0.0
1684,Baby Cheramy (magic mist)100ml,Baby & Kids,227.08,260.0,62,16120.0,2041.04,37,36,19,3.263157894736842,7,41,21,0.6612903225806451,1,0.5888013698630138,Medium Moving,Medium Moving,0.0,1.0,0.0
3168,Sunlight 2In1 Rose Fresh 2kg,Cleaning & Household,560.0,575.0,63,36225.0,945.0,33,33,16,3.9375,10,34,29,0.5396825396825397,0,0.5875913242009133,Medium Moving,Medium Moving,0.02097452248297461,0.9790254775170254,0.0
3199,Pears Pure & Gentle Baby Soap 2 Pack,Baby & Kids,100.0,125.0,71,8875.0,1775.0,41,41,20,3.55,8,32,39,0.4507042253521127,15,0.5856849315068493,Medium Moving,Medium Moving,0.0041796983496276705,0.9932845143293089,0.0025357873210633945
2674,CBL Choco Cream 400g,Personal Care,207.0,230.0,67,15410.0,1541.0,42,41,18,3.7222222222222223,12,41,26,0.6119402985074627,10,0.5855136986301369,Medium Moving,Medium Moving,0.04394393621447372,0.9510560637855265,0.005
1094,K. Baby Soap (Venivel) 5pcs,Baby & Kids,220.0,235.0,69,16215.0,1035.0,41,39,20,3.45,8,40,29,0.5797101449275363,47,0.5853881278538813,Medium Moving,Medium Moving,0.001023102310231023,0.998976897689769,0.0
2964,Elephant House Cream Soda 1.5L,Personal Care,380.0,400.0,60,24000.0,1200.0,34,33,19,3.1578947368421053,8,38,22,0.6333333333333333,1,0.585148401826484,Medium Moving,Medium Moving,0.008457004467726044,0.9890072082112107,0.0025357873210633945
2255,Water (Rainbow) 500ml,Beverages,22.5,35.0,126,4410.0,1575.0,37,35,17,7.411764705882353,29,107,19,0.8492063492063492,24,0.5848744292237443,Medium Moving,Medium Moving,0.13487823318481099,0.8618102783587293,0.003311488456459643
2606,Sunlight Detergent Powder 55g,Cleaning & Household,9.09,10.0,73,730.0,66.43,44,41,22,3.3181818181818183,11,44,29,0.6027397260273972,7,0.5847260273972602,Medium Moving,Medium Moving,0.01391184774104547,0.9621254045005224,0.023962747758432074
1688,Gold Cologne Spray (arctic)50ml,Personal Care,323.08,420.0,60,25200.0,5815.2,39,38,18,3.3333333333333335,8,39,21,0.65,4,0.5839269406392694,Medium Moving,Medium Moving,0.004570241791941163,0.991653108461866,0.0037766497461928935
1889,Lifebuoy Hand Wash 180ml (Orange),Cleaning & Household,148.0,160.0,74,11840.0,888.0,41,41,17,4.352941176470588,15,54,20,0.7297297297297297,11,0.5839041095890412,Medium Moving,Medium Moving,0.02429804081077548,0.9757019591892245,0.0
1107,B K Hair Gel,Personal Care,200.0,220.0,71,15620.0,1420.0,39,37,19,3.736842105263158,9,49,22,0.6901408450704225,24,0.5835844748858448,Medium Moving,Medium Moving,0.0,1.0,0.0
1701,Velvet Hand Wash (lavender)250ml,Cleaning & Household,198.59,220.0,60,13200.0,1284.6,42,40,17,3.5294117647058822,9,37,23,0.6166666666666667,0,0.5833675799086758,Medium Moving,Medium Moving,0.0,0.9974642126789367,0.0025357873210633945
1037,Baby Cheramy Baby Cream 100ml,Baby & Kids,325.6,370.0,57,21090.0,2530.7999999999997,37,36,18,3.1666666666666665,6,44,13,0.7719298245614035,0,0.5821689497716895,Medium Moving,Medium Moving,0.016494124638975066,0.9788638481597036,0.004642027201321358
2409,Highland Dairy Ice Cream (chocolate) 2L,Personal Care,440.0,500.0,67,33500.0,4020.0,39,39,18,3.7222222222222223,16,55,12,0.8208955223880597,35,0.5819748858447489,Medium Moving,Medium Moving,0.01702772454739381,0.9812736453156198,0.0016986301369863012
1061,P.Baby Cologne (magic) 100ml,Baby & Kids,280.0,300.0,64,19200.0,1280.0,38,38,17,3.764705882352941,7,35,29,0.546875,3,0.5816438356164384,Medium Moving,Medium Moving,0.006312437067256287,0.9936875629327437,0.0
2844,Papaya Soap 100g,Personal Care,127.5,150.0,65,9750.0,1462.5,37,37,20,3.25,7,35,30,0.5384615384615384,3,0.5812899543378995,Medium Moving,Medium Moving,0.002034454470877769,0.9979655455291223,0.0
3047,Pears Bed Time Cologne 50ml,Personal Care,360.0,370.0,62,22940.0,620.0,37,37,18,3.4444444444444446,10,46,16,0.7419354838709677,5,0.5802511415525115,Medium Moving,Medium Moving,0.0037766497461928935,0.9936875629327439,0.0025357873210633945
1928,Diva Power (Germ-Guard) 1kg,Cleaning & Household,170.0,185.0,71,13135.0,1065.0,39,38,17,4.176470588235294,13,51,20,0.7183098591549296,8,0.5799543378995433,Medium Moving,Medium Moving,0.0025357873210633945,0.9974642126789365,0.0
2644,Britol Car Wash Liquid 500ml,Cleaning & Household,180.0,190.0,74,14060.0,740.0,43,40,17,4.352941176470588,14,54,20,0.7297297297297297,36,0.5794063926940639,Medium Moving,Medium Moving,0.009234417458049695,0.9907655825419504,0.0
1161,Clear Shampoo (Soft care)80ml,Personal Care,165.92,185.0,61,11285.0,1163.8799999999999,37,36,21,2.9047619047619047,7,36,25,0.5901639344262295,7,0.579269406392694,Medium Moving,Medium Moving,0.0,1.0,0.0
2433,Golden Cow Baby Rusks (apple) 70g,Baby & Kids,124.6,140.0,76,10640.0,1170.4,39,36,16,4.75,14,61,15,0.8026315789473685,8,0.5788698630136986,Medium Moving,Medium Moving,0.010071574642126789,0.9899284253578732,0.0
3032,Rexona Powder Dry 72H 25ml,General Grocery,460.0,470.0,62,29140.0,620.0,31,31,17,3.6470588235294117,11,43,19,0.6935483870967742,1,0.5784246575342467,Medium Moving,Medium Moving,0.0,0.9974642126789367,0.0025357873210633945
1917,Sunlight Care Pearls 200g,Cleaning & Household,45.0,50.0,79,3950.0,395.0,41,39,20,3.95,13,50,29,0.6329113924050633,20,0.5782191780821918,Medium Moving,Medium Moving,0.0016986301369863012,0.9983013698630137,0.0
1843,CBL Chocolate Cream 210g,Personal Care,108.0,140.0,71,9940.0,2272.0,42,39,18,3.9444444444444446,12,60,11,0.8450704225352113,14,0.5778196347031963,Medium Moving,Medium Moving,0.005071574642126789,0.9911517756116802,0.0037766497461928935
1224,N/S Facial Wash 50ml (Cucumber),Cleaning & Household,157.0,175.0,65,11375.0,1170.0,38,38,20,3.25,10,35,30,0.5384615384615384,10,0.5775570776255707,Medium Moving,Medium Moving,0.0,1.0,0.0
1099,Rathmal Baby Soap 75g / 5,Baby & Kids,230.0,250.0,70,17500.0,1400.0,37,35,17,4.117647058823529,8,33,37,0.4714285714285714,10,0.5768721461187215,Medium Moving,Medium Moving,0.007535787321063394,0.9924642126789365,0.0
3023,SunSilk Soft & Smooth Shampoo 40ml,Personal Care,134.52,150.0,58,8700.0,897.84,38,38,21,2.761904761904762,7,22,36,0.3793103448275862,2,0.5767009132420091,Medium Moving,Medium Moving,0.008812821306645268,0.9786513913722914,0.012535787321063394
1411,Prima Cream Bun 70g,Personal Care,52.15,60.0,74,4440.0,580.9,39,38,20,3.7,9,42,32,0.5675675675675675,9,0.5763127853881279,Medium Moving,Medium Moving,0.0,0.9966350067842604,0.003364993215739484
1692,Dandex (anti hair fall)80ml,Personal Care,116.59,130.0,63,8190.0,844.8299999999999,39,39,18,3.5,10,40,23,0.6349206349206349,0,0.5760045662100457,Medium Moving,Medium Moving,0.0,1.0,0.0
1312,BIO Clean (Tile Cleaner) Floral,Cleaning & Household,200.0,230.0,69,15870.0,2070.0,37,36,15,4.6,14,65,4,0.9420289855072463,2,0.5757191780821918,Medium Moving,Medium Moving,0.010071574642126789,0.9693549916180716,0.02057343373980189
2714,Happy Cow Cream Cheese 140g,Personal Care,462.06,530.0,64,33920.0,4348.16,34,31,16,4.0,13,48,16,0.75,4,0.5755479452054795,Medium Moving,Medium Moving,0.0,1.0,0.0
2657,Clear Shampoo (Men) 80ml,Personal Care,174.88,195.0,69,13455.0,1388.28,38,37,19,3.6315789473684212,10,23,46,0.3333333333333333,20,0.5746689497716895,Medium Moving,Medium Moving,0.0213710302520648,0.9703405813422399,0.008288388405695419
1076,P. Baby Bodywash 100ml,Baby & Kids,135.0,150.0,72,10800.0,1080.0,43,41,18,4.0,11,47,25,0.6527777777777778,33,0.573675799086758,Medium Moving,Medium Moving,0.0,1.0,0.0
2365,Cheramy Nappy Wash Powder 1kg,Baby & Kids,462.89,530.0,66,34980.0,4429.26,35,34,16,4.125,10,54,12,0.8181818181818182,11,0.5731392694063927,Medium Moving,Medium Moving,0.0016986301369863012,0.9983013698630137,0.0
1221,N/S Facial Wash 50ml (Carrot),Cleaning & Household,157.0,175.0,74,12950.0,1332.0,40,38,17,4.352941176470588,13,46,28,0.6216216216216216,28,0.5731278538812785,Medium Moving,Medium Moving,0.002034454470877769,0.9979655455291223,0.0
1938,Diva Fresh (Rose) 60g,Cleaning & Household,10.0,25.0,75,1875.0,1125.0,47,46,20,3.75,8,40,35,0.5333333333333333,18,0.5731164383561643,Medium Moving,Medium Moving,0.027822432871357657,0.9721775671286425,0.0
1690,Gold Hair Gel 100ml,Personal Care,309.75,350.0,62,21700.0,2495.5,36,35,17,3.6470588235294117,9,45,17,0.7258064516129032,4,0.5725,Medium Moving,Medium Moving,0.0,1.0,0.0
2800,Baby Cheramy Bottle Wash 400ml,Baby & Kids,318.18,350.0,67,23450.0,2131.94,35,35,17,3.9411764705882355,9,44,23,0.6567164179104478,11,0.5723630136986301,Medium Moving,Medium Moving,0.0025357873210633945,0.9974642126789367,0.0
2312,Cameellia Perfume Spray 60ml,Personal Care,310.0,370.0,55,20350.0,3300.0,38,37,19,2.8947368421052633,9,31,24,0.5636363636363636,4,0.5710958904109589,Medium Moving,Medium Moving,0.0016986301369863012,0.9915713834315347,0.006729986431478968
2596,Prima Stalla Set Yoghurt 80g,Dairy & Chilled,32.0,45.0,73,3285.0,949.0,41,39,18,4.055555555555555,11,54,19,0.7397260273972602,2,0.570662100456621,Medium Moving,Medium Moving,0.008364993215739485,0.9916350067842604,0.0
1898,Sunlight Care Liquid (Pearls)600ml,Cleaning & Household,170.0,185.0,68,12580.0,1020.0,39,38,17,4.0,9,48,20,0.7058823529411765,9,0.5700114155251141,Medium Moving,Medium Moving,0.0,1.0,0.0
1295,Vim Limes 200g,Cleaning & Household,120.0,135.0,72,9720.0,1080.0,40,40,19,3.789473684210526,8,46,26,0.6388888888888888,34,0.5699429223744292,Medium Moving,Medium Moving,0.0,0.9974642126789367,0.0025357873210633945
1913,Sunlight 2in1 (Lemon) 60g,Cleaning & Household,9.0,10.0,80,800.0,80.0,37,36,20,4.0,9,51,29,0.6375,3,0.5695547945205479,Medium Moving,Medium Moving,0.0,0.9875407233019068,0.012459276698093363
2637,Golden Cow Baby Rusks (Original) 110g,Baby & Kids,195.8,220.0,59,12980.0,1427.8,38,35,19,3.1052631578947367,7,31,28,0.5254237288135594,3,0.5695547945205479,Medium Moving,Medium Moving,0.0038128213066452687,0.9961871786933548,0.0
2272,Highland Dairy Ice Cream (chocolate)1L,Personal Care,260.0,270.0,67,18090.0,670.0,39,38,15,4.466666666666667,12,54,13,0.8059701492537313,9,0.5686872146118721,Medium Moving,Medium Moving,0.015335145907483376,0.9846648540925166,0.0
3205,Dove Intence repair Shampoo 80ml,Personal Care,480.0,500.0,60,30000.0,1200.0,37,36,18,3.3333333333333335,12,35,25,0.5833333333333334,14,0.568458904109589,Medium Moving,Medium Moving,0.003364993215739484,0.9966350067842606,0.0
2781,Kist Apple Juice 200ml,Beverages,180.0,200.0,95,19000.0,1900.0,30,29,14,6.785714285714286,25,75,20,0.7894736842105263,36,0.5674200913242009,Medium Moving,Medium Moving,0.07114523621831244,0.92667677783321,0.0021779859484777515
1905,Rin Lemon-Rose 500g,Cleaning & Household,82.0,90.0,64,5760.0,512.0,35,34,21,3.0476190476190474,11,36,28,0.5625,4,0.5665639269406392,Medium Moving,Medium Moving,0.0012770339855818743,0.9987229660144181,0.0
3053,Pears Kohomba BabySoap 70g,General Grocery,140.0,145.0,69,10005.0,345.0,32,31,18,3.8333333333333335,9,36,33,0.5217391304347826,2,0.5663470319634702,Medium Moving,Medium Moving,0.01984897126439372,0.9801510287356062,0.0
2769,Lifebuoy Hand Wash 180ml,Cleaning & Household,156.95,175.0,68,11900.0,1227.4,39,38,18,3.7777777777777777,9,51,17,0.75,18,0.5660730593607306,Medium Moving,Medium Moving,0.0,1.0,0.0
1189,Baby Diaper (Softlove) 3pcs /XL,Baby & Kids,160.0,180.0,60,10800.0,1200.0,40,38,20,3.0,7,43,17,0.7166666666666667,15,0.5642808219178083,Medium Moving,Medium Moving,0.0,1.0,0.0
1753,Sanex Toilet Tissue,General Grocery,65.0,72.0,123,8856.0,861.0,31,31,13,9.461538461538462,27,99,24,0.8048780487804879,18,0.5640525114155251,Medium Moving,Medium Moving,0.08132079972848716,0.9174203170227817,0.0012588832487309643
1072,K. Baby Cologne (herbal) 50ml,Baby & Kids,155.0,170.0,69,11730.0,1035.0,39,37,16,4.3125,13,56,13,0.8115942028985508,10,0.5637899543378996,Medium Moving,Medium Moving,0.0016986301369863012,0.9983013698630137,0.0
1933,Diva Power (Germ-Guard) 40g,Cleaning & Household,9.0,10.0,70,700.0,70.0,39,39,21,3.3333333333333335,11,46,24,0.6571428571428571,4,0.5633904109589042,Medium Moving,Medium Moving,0.002034454470877769,0.9778026380614171,0.02016290746770526
3156,Sunlight sakura fresh 1kg,Cleaning & Household,300.0,320.0,59,18880.0,1180.0,35,34,18,3.2777777777777777,9,38,21,0.6440677966101694,4,0.5629337899543378,Medium Moving,Medium Moving,0.0,1.0,0.0
1599,Godrej Hair Colour Powder 3g,Personal Care,71.43,80.0,67,5360.0,574.19,36,35,20,3.35,10,42,25,0.6268656716417911,5,0.5623972602739726,Medium Moving,Medium Moving,0.0,1.0,0.0
1681,Baby Cheramy (angel fairy)100ml,Baby & Kids,227.08,260.0,68,17680.0,2238.56,34,34,17,4.0,10,54,14,0.7941176470588235,13,0.5621917808219178,Medium Moving,Medium Moving,0.0,1.0,0.0
2250,Sponge Double Layer,Cleaning & Household,20.0,25.0,65,1625.0,325.0,41,40,20,3.25,9,48,17,0.7384615384615385,1,0.5618493150684931,Medium Moving,Medium Moving,0.0025357873210633945,0.9974642126789365,0.0
1885,Champion Hand Wash (DelumRed)250ml,Cleaning & Household,240.0,265.0,62,16430.0,1550.0,35,33,19,3.263157894736842,8,47,15,0.7580645161290323,15,0.5609246575342466,Medium Moving,Medium Moving,0.0,1.0,0.0
1073,Panda Baby Cologne 50ml,Baby & Kids,150.0,160.0,60,9600.0,600.0,38,37,21,2.857142857142857,6,34,26,0.5666666666666667,22,0.5607648401826484,Medium Moving,Medium Moving,0.0027158573724251856,0.996266915392136,0.0010172272354388844
2242,Siddhalepa Pinda Oil 30ml,Health & Medicine,115.0,130.0,105,13650.0,1575.0,25,23,15,7.0,22,85,20,0.8095238095238095,55,0.5603424657534246,Medium Moving,Medium Moving,0.0251967031027789,0.9735444136484901,0.0012588832487309643
3157,Sunlight Citrus fresh 500g,Cleaning & Household,150.0,180.0,60,10800.0,1800.0,37,36,19,3.1578947368421053,11,44,16,0.7333333333333333,5,0.5596461187214613,Medium Moving,Medium Moving,0.0,1.0,0.0
1277,Sunlight  (Care Pearls) 115g,Cleaning & Household,46.0,50.0,72,3600.0,288.0,38,38,18,4.0,11,46,26,0.6388888888888888,4,0.5580479452054794,Medium Moving,Medium Moving,0.0025357873210633945,0.9974642126789365,0.0
1936,Diva Fresh (Aqua) 200g,Cleaning & Household,32.0,35.0,76,2660.0,228.0,40,40,18,4.222222222222222,9,49,27,0.6447368421052632,9,0.5578767123287671,Medium Moving,Medium Moving,0.0,1.0,0.0
3160,Sunlight 2in1 (Citrus Fresh) 1kg,Cleaning & Household,285.0,320.0,54,17280.0,1890.0,29,29,20,2.7,10,39,15,0.7222222222222222,2,0.5578767123287671,Medium Moving,Medium Moving,0.0,1.0,0.0
2226,Royal Candles (Small),General Grocery,200.0,240.0,64,15360.0,2560.0,32,32,16,4.0,11,35,29,0.546875,2,0.5578196347031963,Medium Moving,Medium Moving,0.006729986431478968,0.993270013568521,0.0
2516,Lifebuoy Hand Wash(Total-10)200ml,Cleaning & Household,224.21,250.0,62,15500.0,1598.98,37,35,18,3.4444444444444446,9,47,15,0.7580645161290323,15,0.5576826484018265,Medium Moving,Medium Moving,0.0,1.0,0.0
1899,Sunlight Care Liquid (naturals) 600ml,Cleaning & Household,175.0,195.0,57,11115.0,1140.0,34,34,20,2.85,6,33,24,0.5789473684210527,4,0.556027397260274,Medium Moving,Medium Moving,0.0,1.0,0.0
1306,Britol Tile Cleaner 500ml,Cleaning & Household,165.0,185.0,58,10730.0,1160.0,36,35,21,2.761904761904762,8,34,24,0.5862068965517241,20,0.5549086757990868,Medium Moving,Medium Moving,0.0,1.0,0.0
3154,Sunlight Royal Lavender 200g,Cleaning & Household,80.0,90.0,66,5940.0,660.0,38,37,16,4.125,13,52,14,0.7878787878787878,1,0.554783105022831,Medium Moving,Medium Moving,0.00677020477911309,0.9932297952208868,0.0
1229,N/S Body Lotion 50ml (Avocado),Personal Care,148.75,175.0,61,10675.0,1601.25,37,34,17,3.588235294117647,10,44,17,0.7213114754098361,3,0.5547146118721461,Medium Moving,Medium Moving,0.0,1.0,0.0
3166,Rin Rose 200g,Cleaning & Household,70.0,80.0,69,5520.0,690.0,39,38,18,3.8333333333333335,9,44,25,0.6376811594202898,9,0.5544406392694065,Medium Moving,Medium Moving,0.0,1.0,0.0
1531,E/H Ice Cream (Fruit & Nut)500ml,Personal Care,220.0,250.0,61,15250.0,1830.0,34,32,15,4.066666666666666,7,40,21,0.6557377049180327,1,0.5538470319634704,Medium Moving,Medium Moving,0.0,1.0,0.0
1683,Baby Cheramy (cuddly bunny)100ml,Baby & Kids,227.08,260.0,61,15860.0,2008.1200000000001,34,34,18,3.388888888888889,11,44,17,0.7213114754098361,9,0.5536073059360731,Medium Moving,Medium Moving,0.0,1.0,0.0
1421,Highland Set Yoghurt  90g,Dairy & Chilled,53.5,70.0,66,4620.0,1089.0,38,37,19,3.473684210526316,16,50,16,0.7575757575757576,6,0.5535159817351597,Medium Moving,Medium Moving,0.010071574642126789,0.9899284253578732,0.0
2850,Mortein Mosquito Coils,General Grocery,125.0,145.0,108,15660.0,2160.0,25,23,13,8.307692307692308,26,101,7,0.9351851851851852,34,0.5533219178082192,Medium Moving,Medium Moving,0.01515347864495293,0.984846521355047,0.0
1518,E/H Ice Cream (Strawberry)80ml,Personal Care,33.75,40.0,66,2640.0,412.5,41,41,17,3.8823529411764706,8,51,15,0.7727272727272727,1,0.5510730593607306,Medium Moving,Medium Moving,0.0025357873210633945,0.9974642126789365,0.0
1971,Mity Baby Corn 425g,Baby & Kids,300.0,320.0,62,19840.0,1240.0,35,33,15,4.133333333333334,8,45,17,0.7258064516129032,9,0.5500456621004567,Medium Moving,Medium Moving,0.0025357873210633945,0.9924642126789365,0.005
2094,Elephant House Cream Soda 1L,Personal Care,280.0,300.0,64,19200.0,1280.0,35,35,17,3.764705882352941,10,49,15,0.765625,30,0.5488812785388127,Medium Moving,Medium Moving,0.0025357873210633945,0.9974642126789365,0.0
1050,Lacto Calamine Lotion 100ml,Personal Care,340.0,370.0,56,20720.0,1680.0,31,31,17,3.2941176470588234,11,32,24,0.5714285714285714,3,0.5483105022831051,Medium Moving,Medium Moving,0.0,1.0,0.0
1879,Dettol Hand Wash (cucumber)200ml,Cleaning & Household,265.0,290.0,60,17400.0,1500.0,34,33,18,3.3333333333333335,11,33,27,0.55,13,0.5482762557077625,Medium Moving,Medium Moving,0.0,1.0,0.0
1162,Clear Shampoo (Soft care)180ml,Personal Care,280.0,310.0,59,18290.0,1770.0,31,30,20,2.95,8,29,30,0.4915254237288136,29,0.5474885844748859,Medium Moving,Medium Moving,0.0016986301369863012,0.9983013698630137,0.0
2526,P.Baby Colongne (Bedtime) 50ml,Baby & Kids,148.47,170.0,64,10880.0,1377.92,35,35,15,4.266666666666667,10,51,13,0.796875,3,0.5470205479452055,Medium Moving,Medium Moving,0.0,1.0,0.0
1828,Maliban Custard Cream 100g,Personal Care,63.0,70.0,60,4200.0,420.0,37,35,19,3.1578947368421053,14,44,16,0.7333333333333333,1,0.546541095890411,Medium Moving,Medium Moving,0.002034454470877769,0.9979655455291223,0.0
1703,Velvet Hand Wash Refill (water lily)200ml,Cleaning & Household,148.95,165.0,60,9900.0,963.0,36,35,17,3.5294117647058822,9,45,15,0.75,3,0.5461187214611872,Medium Moving,Medium Moving,0.0,1.0,0.0
3234,Madushani Goraka paste 500g,General Grocery,360.0,400.0,56,22400.0,2240.0,34,33,18,3.111111111111111,12,35,21,0.625,16,0.5433675799086758,Medium Moving,Medium Moving,0.0025357873210633945,0.9919889327957573,0.005475279883179195
1300,Vim Dishwash 250ml,Cleaning & Household,131.81,145.0,65,9425.0,857.35,37,36,16,4.0625,9,43,22,0.6615384615384615,10,0.5431278538812786,Medium Moving,Medium Moving,0.0,1.0,0.0
2739,Black Knight Hair Gel 30ml,Personal Care,102.68,115.0,64,7360.0,788.48,36,36,16,4.0,10,41,23,0.640625,3,0.5430365296803653,Medium Moving,Medium Moving,0.0,1.0,0.0
3158,Sunlight Rose Fresh 200g,Cleaning & Household,80.0,90.0,69,6210.0,690.0,41,39,15,4.6,8,54,15,0.782608695652174,13,0.5428881278538813,Medium Moving,Medium Moving,0.0016986301369863012,0.9983013698630137,0.0
1696,Paris Cologne Spray (jasmine)50ml,Personal Care,260.87,300.0,60,18000.0,2347.8,28,27,17,3.5294117647058822,13,35,25,0.5833333333333334,7,0.5424429223744293,Medium Moving,Medium Moving,0.0016986301369863012,0.9983013698630137,0.0
2251,Sponge Single,Cleaning & Household,16.0,20.0,68,1360.0,272.0,44,43,20,3.4,11,40,28,0.5882352941176471,27,0.5423858447488585,Medium Moving,Medium Moving,0.01267098531591597,0.9793179474798415,0.00801106720424259
1535,E/H Ice Cream (DoubleDelight) 1L,Personal Care,303.25,375.0,54,20250.0,3874.5,31,31,17,3.176470588235294,8,40,14,0.7407407407407407,3,0.5417579908675799,Medium Moving,Medium Moving,0.0,1.0,0.0
2538,Ravan Black Hair Colour Shampoo 15ml,Personal Care,90.0,100.0,60,6000.0,600.0,40,39,20,3.0,7,34,26,0.5666666666666667,25,0.5413242009132421,Medium Moving,Medium Moving,0.004234417458049696,0.9957655825419502,0.0
2095,Elephant House Cream Soda 2L,Personal Care,235.0,250.0,61,15250.0,915.0,34,33,17,3.588235294117647,10,44,17,0.7213114754098361,15,0.5408561643835617,Medium Moving,Medium Moving,0.0,1.0,0.0
3046,Pears Pink Floral Cologne 50ml,Personal Care,360.0,370.0,60,22200.0,600.0,35,35,18,3.3333333333333335,10,36,24,0.6,70,0.540730593607306,Medium Moving,Medium Moving,0.005900780536802879,0.993245812718531,0.0008534067446662077
2434,Golden Cow Baby Rusks (apple) 110g,Baby & Kids,195.8,220.0,55,12100.0,1331.0,36,36,18,3.0555555555555554,11,38,17,0.6909090909090909,6,0.5400342465753424,Medium Moving,Medium Moving,0.005900780536802879,0.9940992194631972,0.0
2249,Sponge Scourer 4in1,Cleaning & Household,30.0,40.0,69,2760.0,690.0,35,34,19,3.6315789473684212,9,52,17,0.7536231884057971,7,0.539851598173516,Medium Moving,Medium Moving,0.0,1.0,0.0
2670,Baby Cheramy Herbal Cologne 50ml,Baby & Kids,144.12,165.0,63,10395.0,1315.44,34,34,17,3.7058823529411766,8,30,33,0.47619047619047616,10,0.5394063926940639,Medium Moving,Medium Moving,0.0,1.0,0.0
1906,Rin Lemon-Rose 1kg,Cleaning & Household,154.54,170.0,59,10030.0,912.14,36,36,19,3.1052631578947367,6,34,25,0.576271186440678,16,0.5391780821917809,Medium Moving,Medium Moving,0.0,1.0,0.0
1603,Ravan Black Hair Colour Shampoo 10ml,Personal Care,81.0,90.0,57,5130.0,513.0,33,33,19,3.0,7,32,25,0.5614035087719298,0,0.5391095890410958,Medium Moving,Medium Moving,0.0025357873210633945,0.9974642126789365,0.0
2585,Diva Fresh (Lavender) 550g,Cleaning & Household,81.81,90.0,61,5490.0,499.59,39,37,18,3.388888888888889,11,35,26,0.5737704918032787,8,0.5389954337899543,Medium Moving,Medium Moving,0.002034454470877769,0.9929655455291223,0.005
1170,L'Oreal Shampoo 82ml,Personal Care,260.0,290.0,50,14500.0,1500.0,30,29,18,2.7777777777777777,5,31,19,0.62,0,0.5389269406392694,Medium Moving,Medium Moving,0.0,0.9918889664564862,0.00811103354351375
2421,Enchanteur Cologne Glamour 120ml,Personal Care,331.5,390.0,54,21060.0,3159.0,35,34,19,2.8421052631578947,7,32,22,0.5925925925925926,29,0.5388127853881278,Medium Moving,Medium Moving,0.0,1.0,0.0
2917,KALO(Vanilla flavored cream 140g),Personal Care,270.0,300.0,52,15600.0,1560.0,33,33,16,3.25,9,41,11,0.7884615384615384,0,0.5381735159817351,Medium Moving,Medium Moving,0.0,1.0,0.0
1248,Velvet 100g (Honey & Yoghurt),Dairy & Chilled,65.76,72.0,70,5040.0,436.8,36,34,18,3.888888888888889,11,54,16,0.7714285714285715,21,0.5367009132420092,Medium Moving,Medium Moving,0.0,1.0,0.0
1886,Sun Hand Wash 500ml,Cleaning & Household,325.0,360.0,58,20880.0,2030.0,35,35,17,3.411764705882353,9,31,27,0.5344827586206896,30,0.5364497716894977,Medium Moving,Medium Moving,0.0016986301369863012,0.9983013698630137,0.0
1675,Colin Glass Cleaner 500ml,Cleaning & Household,245.45,270.0,61,16470.0,1497.55,37,36,16,3.8125,7,34,27,0.5573770491803278,34,0.5358789954337899,Medium Moving,Medium Moving,0.0,1.0,0.0
1067,P.Baby Cream (Active) 100ml,Baby & Kids,150.0,165.0,59,9735.0,885.0,35,34,16,3.6875,9,36,23,0.6101694915254238,3,0.5356164383561645,Medium Moving,Medium Moving,0.0,1.0,0.0
1327,Harpic Floral 200ml,Cleaning & Household,100.0,110.0,62,6820.0,620.0,36,35,15,4.133333333333334,8,47,15,0.7580645161290323,2,0.5352397260273973,Medium Moving,Medium Moving,0.0,1.0,0.0
2093,Elephant House Cream Soda 500ml,Personal Care,180.0,200.0,54,10800.0,1080.0,33,33,18,3.0,8,33,21,0.6111111111111112,2,0.5348972602739726,Medium Moving,Medium Moving,0.0,1.0,0.0
2524,Dove Conditioner (Intense Repair) 180ml,Personal Care,275.0,330.0,53,17490.0,2915.0,29,29,20,2.65,7,37,16,0.6981132075471698,17,0.5348287671232878,Medium Moving,Medium Moving,0.0016986301369863012,0.9983013698630137,0.0
2525,Dove Conditioner (Intense Repair) 80ml,Personal Care,166.66,200.0,57,11400.0,1900.38,33,32,17,3.3529411764705883,11,40,17,0.7017543859649122,4,0.5337899543378996,Medium Moving,Medium Moving,0.0,1.0,0.0
2876,Choc A Nut 170g,General Grocery,380.0,420.0,55,23100.0,2200.0,24,24,16,3.4375,6,39,16,0.7090909090909091,2,0.5329794520547946,Medium Moving,Medium Moving,0.0,0.9881477197919676,0.011852280208032228
1114,Kesha Hair oil (jasmine) 100ml,Personal Care,160.0,175.0,105,18375.0,1575.0,23,23,12,8.75,25,95,10,0.9047619047619048,107,0.5328881278538813,Medium Moving,Medium Moving,0.03349012167639159,0.962715207753814,0.003794670569794359
1328,Harpic Floral 500ml,Cleaning & Household,450.0,480.0,48,23040.0,1440.0,30,29,18,2.6666666666666665,6,37,11,0.7708333333333334,4,0.5319748858447488,Medium Moving,Medium Moving,0.0,0.9863729626290497,0.0136270373709504
1066,P.Baby Cream (Active) 200ml,Baby & Kids,225.0,250.0,56,14000.0,1400.0,34,34,15,3.7333333333333334,9,49,7,0.875,3,0.5317237442922375,Medium Moving,Medium Moving,0.0,0.9966350067842604,0.003364993215739484
1274,Sunlight  (Lemon)115g,Cleaning & Household,55.21,60.0,61,3660.0,292.19,33,32,17,3.588235294117647,14,50,11,0.819672131147541,0,0.5310502283105023,Medium Moving,Medium Moving,0.014341779421239877,0.9831582205787602,0.0025
2129,Sunlight 2in1 (Sakura) 550g,Cleaning & Household,90.0,99.0,56,5544.0,504.0,34,32,17,3.2941176470588234,8,36,20,0.6428571428571429,0,0.5286529680365296,Medium Moving,Medium Moving,0.0,1.0,0.0
1519,E/H Ice Cream (Pani-cadju)80ml,Personal Care,50.75,60.0,61,3660.0,564.25,34,33,19,3.210526315789474,7,37,24,0.6065573770491803,5,0.5286415525114155,Medium Moving,Medium Moving,0.0,0.9966350067842604,0.003364993215739484
2671,Britol Hand Wash 750ml,Cleaning & Household,337.5,375.0,52,19500.0,1950.0,32,29,17,3.0588235294117645,6,29,23,0.5576923076923077,7,0.5285844748858447,Medium Moving,Medium Moving,0.0,1.0,0.0
1254,Chandanalepa Herbal Cream 20g,Personal Care,195.0,230.0,52,11960.0,1820.0,33,33,18,2.888888888888889,7,34,18,0.6538461538461539,3,0.5284246575342466,Medium Moving,Medium Moving,0.0,1.0,0.0
2143,Litro Gas 37.5kg,General Grocery,16000.0,16592.0,47,779824.0,27824.0,24,24,15,3.1333333333333333,8,29,18,0.6170212765957447,7,0.527796803652968,Medium Moving,Medium Moving,0.02904599384205879,0.9684182188368778,0.0025357873210633945
2309,Passy Perfume Spray(Wonder)22ml,Personal Care,175.0,220.0,55,12100.0,2475.0,34,34,19,2.8947368421052633,8,37,18,0.6727272727272727,21,0.5277853881278539,Medium Moving,Medium Moving,0.0,0.9974642126789365,0.0025357873210633945
2077,Fanta Cream soda 400ml,Personal Care,72.0,80.0,69,5520.0,552.0,37,35,17,4.0588235294117645,14,54,15,0.782608695652174,35,0.5267808219178083,Medium Moving,Medium Moving,0.0,0.9983013698630137,0.0016986301369863012
2410,E/H Ice Cream (Strawberry) 2L,Personal Care,455.0,560.0,49,27440.0,5145.0,27,26,17,2.8823529411764706,8,33,16,0.673469387755102,5,0.5267808219178083,Medium Moving,Medium Moving,0.0,1.0,0.0
2101,BunTalk Cream Bun (3in1),Personal Care,110.0,120.0,56,6720.0,560.0,34,33,21,2.6666666666666665,7,39,17,0.6964285714285714,30,0.5265525114155251,Medium Moving,Medium Moving,0.0,1.0,0.0
1190,Baby Diaper (Softlove) 1pcs /S,Baby & Kids,40.0,45.0,60,2700.0,300.0,34,34,20,3.0,8,42,18,0.7,6,0.5257420091324201,Medium Moving,Medium Moving,0.004234417458049696,0.9898648020051474,0.005900780536802879
3077,Velvet Sandal & Curd 70g,Dairy & Chilled,110.0,125.0,58,7250.0,870.0,34,34,19,3.0526315789473686,6,32,26,0.5517241379310345,15,0.5240068493150685,Medium Moving,Medium Moving,0.0016986301369863012,0.9983013698630137,0.0
1964,Edinborough Mango Chutney 450g,General Grocery,600.0,625.0,54,33750.0,1350.0,25,24,16,3.375,9,37,17,0.6851851851851852,12,0.5239954337899544,Medium Moving,Medium Moving,0.0,1.0,0.0
1830,Maliban Doubles Cream 100g,Personal Care,72.0,80.0,60,4800.0,480.0,36,36,18,3.3333333333333335,7,36,24,0.6,8,0.5238013698630137,Medium Moving,Medium Moving,0.0,1.0,0.0
1932,Diva Power (Colour-Guard) 40g,Cleaning & Household,9.0,10.0,60,600.0,60.0,38,36,21,2.857142857142857,7,35,25,0.5833333333333334,15,0.5236529680365297,Medium Moving,Medium Moving,0.003364993215739484,0.9773850886971944,0.019249918087066224
2715,Cream Cheese Natural 150g,Personal Care,592.82,680.0,53,36040.0,4620.54,27,27,16,3.3125,11,42,11,0.7924528301886793,16,0.5236187214611873,Medium Moving,Medium Moving,0.005,0.995,0.0
1686,Baby Cheramy (prickly heat)100g,Baby & Kids,121.08,135.0,53,7155.0,737.76,35,33,17,3.1176470588235294,8,29,24,0.5471698113207547,1,0.5235844748858448,Medium Moving,Medium Moving,0.0,1.0,0.0
1228,N/S Body Lotion 50ml (Papaya),Personal Care,97.75,115.0,58,6670.0,1000.5,37,36,19,3.0526315789473686,6,39,19,0.6724137931034483,25,0.5232876712328767,Medium Moving,Medium Moving,0.002034454470877769,0.9979655455291223,0.0
3029,Rexona Aloe Vera 72H 50ml,General Grocery,840.0,850.0,52,44200.0,520.0,25,25,14,3.7142857142857144,6,32,20,0.6153846153846154,3,0.5229223744292237,Medium Moving,Medium Moving,0.04787035446223438,0.9521296455377659,0.0
1042,Baby Cheramy Herbal Cream 50ml,Baby & Kids,82.0,90.0,65,5850.0,520.0,32,30,16,4.0625,19,46,19,0.7076923076923077,7,0.5228424657534246,Medium Moving,Medium Moving,0.008812437067256288,0.9886875629327437,0.0025
1350,Air Wick Jasmine 475ml,General Grocery,750.0,830.0,55,45650.0,4400.0,29,29,16,3.4375,9,32,23,0.5818181818181818,63,0.5219520547945206,Medium Moving,Medium Moving,0.0016986301369863012,0.9983013698630137,0.0
2584,Diva Fresh (Rose & Lime) 400g,Cleaning & Household,150.0,170.0,57,9690.0,1140.0,33,31,18,3.1666666666666665,10,37,20,0.6491228070175439,14,0.5216095890410959,Medium Moving,Medium Moving,0.0,1.0,0.0
1902,Surf Excel Matic (Liquid)1.02L,General Grocery,530.0,570.0,55,31350.0,2200.0,26,26,16,3.4375,8,30,25,0.5454545454545454,24,0.5204566210045662,Medium Moving,Medium Moving,0.007551353782923819,0.9899128588960129,0.0025357873210633945
1554,P.Baby Cologne (Pure-Gentle) 50ml,Baby & Kids,148.47,175.0,56,9800.0,1485.68,29,28,17,3.2941176470588234,10,41,15,0.7321428571428571,5,0.5200684931506849,Medium Moving,Medium Moving,0.0,1.0,0.0
1294,Vim Anti Bacterial 100g,Cleaning & Household,21.0,25.0,67,1675.0,268.0,39,37,19,3.526315789473684,8,38,29,0.5671641791044776,35,0.5199543378995433,Medium Moving,Medium Moving,0.0,0.9974642126789365,0.0025357873210633945
1601,Godrej Hair Colour Shampoo 5ml,Personal Care,62.5,70.0,56,3920.0,420.0,35,33,19,2.9473684210526314,6,33,23,0.5892857142857143,5,0.5199200913242009,Medium Moving,Medium Moving,0.0,1.0,0.0
1234,N/S Godapara Shampoo 40ml,Personal Care,59.5,70.0,57,3990.0,598.5,37,36,18,3.1666666666666665,7,26,31,0.45614035087719296,6,0.5193036529680365,Medium Moving,Medium Moving,0.0,0.9969657422512235,0.003034257748776509
2641,Aroma Detergent Powder (Lotus) 1kg,Cleaning & Household,157.5,175.0,62,10850.0,1085.0,33,33,17,3.6470588235294117,8,43,19,0.6935483870967742,46,0.5192465753424658,Medium Moving,Medium Moving,0.0,1.0,0.0
3138,Edinborouah Mayonnaise 100g,General Grocery,380.0,400.0,51,20400.0,1020.0,25,23,14,3.642857142857143,10,32,19,0.6274509803921569,0,0.5189497716894977,Medium Moving,Medium Moving,0.001023102310231023,0.998976897689769,0.0
1068,P.Baby Cream (Bedtime) 50ml,Baby & Kids,82.0,90.0,60,5400.0,480.0,35,35,16,3.75,9,45,15,0.75,5,0.5180022831050229,Medium Moving,Medium Moving,0.0,1.0,0.0
1386,Siddhalepa Neelyadi Oil 100ml,Health & Medicine,250.0,280.0,92,25760.0,2760.0,17,16,14,6.571428571428571,23,76,16,0.8260869565217391,25,0.5171004566210046,Medium Moving,Medium Moving,0.04781190363016174,0.933751528511972,0.018436567857866272
2066,CocaCola 250ml,General Grocery,100.0,120.0,61,7320.0,1220.0,30,28,16,3.8125,13,38,23,0.6229508196721312,8,0.5167009132420092,Medium Moving,Medium Moving,0.0,1.0,0.0
2398,Atlas Square Ruled 1'',Stationery,34.74,50.0,66,3300.0,1007.16,35,33,17,3.8823529411764706,14,49,17,0.7424242424242424,15,0.5161872146118721,Medium Moving,Medium Moving,0.0,0.9974642126789367,0.0025357873210633945
3204,Dove Oxygen Moisture Conditioner 180ml,Personal Care,800.0,830.0,54,44820.0,1620.0,29,28,15,3.6,7,41,13,0.7592592592592593,43,0.5160616438356165,Medium Moving,Medium Moving,0.0,0.9974642126789367,0.0025357873210633945
1911,Sunlight 2in1 (Jasmine) 60g,Cleaning & Household,9.0,10.0,58,580.0,58.0,32,32,21,2.761904761904762,10,36,22,0.6206896551724138,6,0.5146689497716895,Medium Moving,Medium Moving,0.0,0.9803022538220282,0.019697746177972007
2075,Milkmaid 390g,General Grocery,310.0,350.0,58,20300.0,2320.0,31,31,14,4.142857142857143,14,52,6,0.896551724137931,23,0.5142351598173516,Medium Moving,Medium Moving,0.00759941067378918,0.9797932273630208,0.012607361963190183
2880,Black Olives 350g,General Grocery,1178.85,1330.0,52,69160.0,7859.8,21,20,14,3.7142857142857144,8,39,13,0.75,3,0.5132762557077626,Medium Moving,Medium Moving,0.01349025158964104,0.9865097484103589,0.0
1103,Ben10 Baby cologne 100ml,Baby & Kids,245.0,265.0,44,11660.0,880.0,34,33,18,2.4444444444444446,5,27,17,0.6136363636363636,1,0.5121803652968037,Medium Moving,Medium Moving,0.0016986301369863012,0.9554823185696435,0.042819051293370325
1680,Baby Cheramy (bed time)100ml,Baby & Kids,227.08,260.0,56,14560.0,1843.52,34,33,17,3.2941176470588234,7,32,24,0.5714285714285714,66,0.5120547945205479,Medium Moving,Medium Moving,0.0,1.0,0.0
1873,Little Lion Wafers (Vanilla) 225g,General Grocery,126.0,140.0,61,8540.0,854.0,29,27,14,4.357142857142857,15,44,17,0.7213114754098361,5,0.5114383561643836,Medium Moving,Medium Moving,0.0050357873210633945,0.9924642126789365,0.0025
3169,Surf Excel 1kg,General Grocery,520.0,540.0,54,29160.0,1080.0,26,25,14,3.857142857142857,10,40,14,0.7407407407407407,13,0.5111415525114156,Medium Moving,Medium Moving,0.0025357873210633945,0.9974642126789367,0.0
1142,Fair & Lovely Facewash 50g,General Grocery,220.0,250.0,58,14500.0,1740.0,24,24,15,3.8666666666666667,11,41,17,0.7068965517241379,8,0.5109360730593608,Medium Moving,Medium Moving,0.0,1.0,0.0
2308,Passy Perfume Spray (Midnight)22ml,Personal Care,175.0,220.0,51,11220.0,2295.0,32,31,17,3.0,7,35,16,0.6862745098039216,7,0.5105022831050229,Medium Moving,Medium Moving,0.0,1.0,0.0
2484,Ritzbury Pebbles (Party Time) 180g,General Grocery,340.0,380.0,57,21660.0,2280.0,24,24,16,3.5625,8,42,15,0.7368421052631579,30,0.5088127853881279,Medium Moving,Medium Moving,0.0,1.0,0.0
1829,Maliban Orange Cream 100g,Personal Care,58.5,65.0,54,3510.0,351.0,34,32,16,3.375,8,34,20,0.6296296296296297,0,0.5087899543378996,Medium Moving,Medium Moving,0.0,1.0,0.0
2503,Atlas Writing Papers 100's,Stationery,140.0,160.0,57,9120.0,1140.0,29,29,15,3.8,11,47,10,0.8245614035087719,6,0.5084132420091324,Medium Moving,Medium Moving,0.0,1.0,0.0
3153,GreenLand Baby Corn 425g,Baby & Kids,950.0,990.0,49,48510.0,1960.0,28,28,16,3.0625,11,33,16,0.673469387755102,44,0.5079794520547946,Medium Moving,Medium Moving,0.0,0.995,0.005
2128,Sunlight 2in1 (Rose) 550g,Cleaning & Household,90.0,99.0,59,5841.0,531.0,36,34,16,3.6875,9,36,23,0.6101694915254238,15,0.5074885844748859,Medium Moving,Medium Moving,0.01456801082193335,0.9498797412729048,0.035552247905162086
2620,Cheramy Nappy Wash Powder 400g,Baby & Kids,222.73,245.0,52,12740.0,1158.04,34,34,18,2.888888888888889,9,35,17,0.6730769230769231,31,0.5074429223744292,Medium Moving,Medium Moving,0.0016986301369863012,0.9957655825419504,0.0025357873210633945
1974,Edinborough Mayonnaise200g,General Grocery,309.0,400.0,48,19200.0,4368.0,29,29,15,3.2,6,38,10,0.7916666666666666,6,0.5071917808219178,Medium Moving,Medium Moving,0.0,0.9936513913722913,0.006348608627708663
2819,Mixedfruit Jam 1.4kg,General Grocery,698.94,800.0,52,41600.0,5255.12,23,23,15,3.466666666666667,9,44,8,0.8461538461538461,15,0.5069178082191781,Medium Moving,Medium Moving,0.003364993215739484,0.9966350067842604,0.0
1914,Sunlight 2in1 (Lemon) 400g,Cleaning & Household,73.0,80.0,52,4160.0,364.0,34,34,18,2.888888888888889,9,35,17,0.6730769230769231,2,0.5062214611872147,Medium Moving,Medium Moving,0.005542979164217235,0.9944570208357828,0.0
1646,Motha Cornflour 100g,General Grocery,72.0,80.0,103,8240.0,824.0,22,22,9,11.444444444444445,24,93,10,0.9029126213592233,2,0.5062100456621005,Medium Moving,Medium Moving,0.05684552254617461,0.9368240195629675,0.006330457890857753
2842,7 Oils,General Grocery,99.0,110.0,98,10780.0,1078.0,26,25,10,9.8,27,93,5,0.9489795918367347,29,0.5058561643835617,Medium Moving,Medium Moving,0.010882759713201413,0.9748111182733727,0.014306122013425928
3024,SunSilk Soft & Smooth Conditioner 40ml,Personal Care,135.0,145.0,47,6815.0,470.0,31,31,17,2.764705882352941,7,26,21,0.5531914893617021,0,0.5057648401826484,Medium Moving,Medium Moving,0.0016986301369863012,0.9952671121142371,0.003034257748776509
3225,aei Power pocket lemon 30days,General Grocery,300.0,320.0,49,15680.0,980.0,23,23,17,2.8823529411764706,7,32,17,0.6530612244897959,3,0.5052168949771689,Medium Moving,Medium Moving,0.0,1.0,0.0
2919,KALO(Strawberry Cream 140g),Personal Care,270.0,300.0,53,15900.0,1590.0,29,29,17,3.1176470588235294,8,32,21,0.6037735849056604,30,0.5046004566210046,Medium Moving,Medium Moving,0.0,1.0,0.0
3171,Surf Excel 250g,General Grocery,120.0,150.0,56,8400.0,1680.0,27,27,15,3.7333333333333334,10,25,31,0.44642857142857145,4,0.5043378995433789,Medium Moving,Medium Moving,0.0,0.9949284253578732,0.005071574642126789
1051,Lacto Cream 43g,Personal Care,155.0,170.0,50,8500.0,750.0,28,28,16,3.125,7,26,24,0.52,1,0.5042922374429224,Medium Moving,Medium Moving,0.0025357873210633945,0.9944299549301602,0.003034257748776509
1243,Dreamron Deo Roll On (Charm),General Grocery,175.0,199.0,54,10746.0,1296.0,26,26,16,3.375,10,38,16,0.7037037037037037,7,0.5040639269406393,Medium Moving,Medium Moving,0.0,1.0,0.0
1533,E/H Ice Cream (Fruit & Nut) 2L,Personal Care,621.0,740.0,42,31080.0,4998.0,28,26,14,3.0,6,29,13,0.6904761904761905,0,0.5037100456621005,Medium Moving,Medium Moving,0.01155849616129048,0.98007651062297,0.008364993215739485
1620,Revello Fantasy Cashew 50g,General Grocery,300.0,350.0,51,17850.0,2550.0,25,25,17,3.0,7,32,19,0.6274509803921569,23,0.49852739726027395,Medium Moving,Medium Moving,0.0,1.0,0.0
1237,Dandex Anti Hair Fall 40ml,Personal Care,45.0,50.0,54,2700.0,270.0,34,34,19,2.8421052631578947,8,30,24,0.5555555555555556,9,0.4981050228310503,Medium Moving,Medium Moving,0.0,1.0,0.0
1685,Baby Cheramy (floral)100g,Baby & Kids,94.17,105.0,57,5985.0,617.3100000000001,30,30,16,3.5625,7,40,17,0.7017543859649122,10,0.4976826484018266,Medium Moving,Medium Moving,0.0,1.0,0.0
1325,Harpic Fresh 200ml,Cleaning & Household,85.0,95.0,54,5130.0,540.0,32,31,15,3.6,9,36,18,0.6666666666666666,2,0.49727168949771694,Medium Moving,Medium Moving,0.0,1.0,0.0
2799,Gold Wet Shine Hair Gel,Personal Care,205.97,235.0,47,11045.0,1364.41,28,27,16,2.9375,6,29,18,0.6170212765957447,4,0.4955022831050229,Medium Moving,Medium Moving,0.0,1.0,0.0
2976,Oie Cream soda 400ml,Personal Care,130.0,150.0,54,8100.0,1080.0,29,29,18,3.0,9,38,16,0.7037037037037037,27,0.49528538812785394,Medium Moving,Medium Moving,0.0,1.0,0.0
1264,LUX Sandal & Cream 100g,Personal Care,61.809999999999995,68.0,60,4080.0,371.40000000000003,35,34,17,3.5294117647058822,8,26,34,0.43333333333333335,40,0.4938812785388128,Medium Moving,Medium Moving,0.0,0.9966350067842606,0.003364993215739484
2301,Atlas CR Book Single Ruled (160p),Stationery,300.0,350.0,58,20300.0,2900.0,23,23,11,5.2727272727272725,15,49,9,0.8448275862068966,1,0.49376712328767125,Medium Moving,Medium Moving,0.020206772636979363,0.9768175632404525,0.0029756641225681755
2157,Philips Classic Tone 60w,General Grocery,90.0,100.0,56,5600.0,560.0,26,26,14,4.0,12,42,14,0.75,1,0.49371004566210047,Medium Moving,Medium Moving,0.0,1.0,0.0
1035,Baby Cheramy Cottonbuds,Baby & Kids,92.0,100.0,51,5100.0,408.0,32,31,15,3.4,8,33,18,0.6470588235294118,1,0.4926826484018265,Medium Moving,Medium Moving,0.0,1.0,0.0
1126,Vaseline Healthy 200ml,General Grocery,395.0,430.0,50,21500.0,1750.0,21,21,15,3.3333333333333335,9,33,17,0.66,5,0.49267123287671233,Medium Moving,Medium Moving,0.0,1.0,0.0
1824,Maliban Spicy Crackers 170g,General Grocery,135.0,150.0,58,8700.0,870.0,35,34,13,4.461538461538462,9,49,9,0.8448275862068966,17,0.49146118721461185,Medium Moving,Medium Moving,0.0,0.9916350067842604,0.008364993215739485
2759,Sunsilk Shampoo 80ml,Personal Care,112.1,125.0,53,6625.0,683.7,34,34,18,2.9444444444444446,6,31,22,0.5849056603773585,36,0.4903082191780822,Medium Moving,Medium Moving,0.002034454470877769,0.9979655455291223,0.0
2502,Magic Divul Ice Cream 75ml,Personal Care,25.2,30.0,53,1590.0,254.4,35,35,20,2.65,10,25,28,0.4716981132075472,18,0.4902283105022831,Medium Moving,Medium Moving,0.0,0.9920243358774319,0.007975664122568176
3124,Tamarind (Samuel's Product) 100g,General Grocery,100.0,135.0,55,7425.0,1925.0,25,24,17,3.235294117647059,8,30,25,0.5454545454545454,15,0.49007990867579904,Medium Moving,Medium Moving,0.0,0.9959310910582445,0.004068908941755538
2359,Iodex 18g,General Grocery,178.57,200.0,49,9800.0,1050.07,26,25,16,3.0625,11,30,19,0.6122448979591837,6,0.4899657534246576,Medium Moving,Medium Moving,0.0,1.0,0.0
3004,Sun Crush Bitter Lemon 250ml,General Grocery,140.0,150.0,49,7350.0,490.0,26,25,17,2.8823529411764706,7,27,22,0.5510204081632653,5,0.4885502283105023,Medium Moving,Medium Moving,0.0,0.996223350253807,0.0037766497461928935
2307,Passy Perfume Spray 22ml,Personal Care,175.0,220.0,52,11440.0,2340.0,32,30,16,3.25,9,35,17,0.6730769230769231,38,0.48811643835616436,Medium Moving,Medium Moving,0.0,1.0,0.0
2989,RL.Mango Flavoured Drinking Youghurt 180ml,General Grocery,120.0,150.0,51,7650.0,1530.0,26,26,17,3.0,9,24,27,0.47058823529411764,9,0.4880251141552512,Medium Moving,Medium Moving,0.0,0.994099219463197,0.005900780536802879
1492,Cerelac Mixed Fruits 250g,General Grocery,398.1000000000001,430.0,54,23220.0,1722.6,24,23,14,3.857142857142857,12,30,24,0.5555555555555556,38,0.48765981735159825,Medium Moving,Medium Moving,0.0,1.0,0.0
2423,Enchanteur Talc Romantic 50g,General Grocery,204.0,240.0,53,12720.0,1908.0,23,23,14,3.7857142857142856,9,48,5,0.9056603773584906,5,0.4873744292237443,Medium Moving,Medium Moving,0.0,0.9894885485563684,0.01051145144363157
1735,Rancrips CassavaChips (Hot&Spicy)100g,General Grocery,200.0,250.0,54,13500.0,2700.0,24,24,14,3.857142857142857,10,35,19,0.6481481481481481,11,0.4872831050228311,Medium Moving,Medium Moving,0.0,1.0,0.0
1520,"E/H Ice Cream (Fruit'n,Nut)80ml",Personal Care,42.25,50.0,53,2650.0,410.75,30,30,17,3.1176470588235294,7,31,22,0.5849056603773585,3,0.48654109589041095,Medium Moving,Medium Moving,0.0,1.0,0.0
1041,Baby Cheramy Floral Cream50ml,Baby & Kids,162.8,185.0,47,8695.0,1043.3999999999999,28,27,16,2.9375,6,31,16,0.6595744680851063,5,0.48623287671232884,Medium Moving,Medium Moving,0.0,1.0,0.0
1832,Maliban Gold Marie 230g,General Grocery,117.0,130.0,56,7280.0,728.0,26,26,15,3.7333333333333334,7,40,16,0.7142857142857143,14,0.4857534246575343,Medium Moving,Medium Moving,0.0,0.9974642126789367,0.0025357873210633945
2494,Yaha Posha 500g,General Grocery,175.5,195.0,55,10725.0,1072.5,25,24,14,3.9285714285714284,9,39,16,0.7090909090909091,13,0.4851141552511415,Medium Moving,Medium Moving,0.0,1.0,0.0
2424,Mint Paper Serviettes 100's,General Grocery,300.0,350.0,47,16450.0,2350.0,26,25,15,3.1333333333333333,8,34,13,0.723404255319149,14,0.48494292237442926,Medium Moving,Medium Moving,0.0,1.0,0.0
1045,Baby Cheramy Cologne 50ml,Baby & Kids,144.38,165.0,50,8250.0,1031.0,34,34,17,2.9411764705882355,5,31,19,0.62,34,0.48416666666666663,Medium Moving,Medium Moving,0.0,0.9710881522589547,0.028911847741045472
3019,Vaseline Kiss of Petals 100ml,General Grocery,524.01,600.0,46,27600.0,3495.54,24,22,14,3.2857142857142856,12,35,11,0.7608695652173914,11,0.483675799086758,Medium Moving,Medium Moving,0.0,1.0,0.0
2751,Face Was 50ml,General Grocery,139.4,170.0,53,9010.0,1621.8,26,23,14,3.7857142857142856,12,47,6,0.8867924528301887,7,0.48325342465753424,Medium Moving,Medium Moving,0.0,0.996223350253807,0.0037766497461928935
2408,E/H Ice Cream (Karutha Kolumban) 1L,Personal Care,346.5,400.0,46,18400.0,2461.0,28,27,13,3.5384615384615383,7,29,17,0.6304347826086957,5,0.48224885844748866,Medium Moving,Medium Moving,0.0,1.0,0.0
2298,Atlas CR Book Single Ruled (40p),Stationery,58.5,65.0,54,3510.0,351.0,32,32,18,3.0,7,37,17,0.6851851851851852,23,0.48178082191780824,Medium Moving,Medium Moving,0.0,1.0,0.0
1282,Health Soap 75g,Personal Care,52.0,60.0,53,3180.0,424.0,33,33,18,2.9444444444444446,8,30,23,0.5660377358490566,16,0.4817808219178082,Medium Moving,Medium Moving,0.0,1.0,0.0
1500,Tiara Swiss Roll (Vanilla)200g,General Grocery,170.0,200.0,49,9800.0,1470.0,29,28,14,3.5,10,36,13,0.7346938775510204,7,0.48118721461187214,Medium Moving,Medium Moving,0.0,0.9974642126789365,0.0025357873210633945
1293,Vim Lemon &Mint 100g,Cleaning & Household,21.0,25.0,57,1425.0,228.0,35,34,16,3.5625,13,42,15,0.7368421052631579,11,0.48089041095890417,Medium Moving,Medium Moving,0.0025357873210633945,0.9923926380368099,0.005071574642126789
1155,Lifebuoy(Strong&long) 80ml,General Grocery,115.0,130.0,48,6240.0,720.0,25,25,15,3.2,11,34,14,0.7083333333333334,1,0.48037671232876716,Medium Moving,Medium Moving,0.0,1.0,0.0
1302,Vim Dishwash (Extra+) 500ml,Cleaning & Household,200.0,230.0,50,11500.0,1500.0,26,26,16,3.125,7,25,25,0.5,25,0.48026255707762555,Medium Moving,Medium Moving,0.0,1.0,0.0
2291,Atlas Square Rule Book 80page,Stationery,65.0,80.0,47,3760.0,705.0,26,26,16,2.9375,9,32,15,0.6808510638297872,0,0.4799315068493151,Medium Moving,Medium Moving,0.0,1.0,0.0
1705,Clogard 40g,General Grocery,113.8,125.0,47,5875.0,526.4,25,24,18,2.611111111111111,5,32,15,0.6808510638297872,5,0.47977168949771687,Medium Moving,Medium Moving,0.0,0.9928220140515223,0.007177985948477752
2435,Golden Cow Baby Rusks (Banana) 70g,Baby & Kids,124.6,140.0,46,6440.0,708.4,31,30,19,2.4210526315789473,7,28,18,0.6086956521739131,21,0.4797602739726028,Medium Moving,Medium Moving,0.0033972602739726025,0.9877183437772554,0.008884395948772059
2339,Maliban Snackers 25g,General Grocery,22.5,25.0,65,1625.0,162.5,28,28,15,4.333333333333333,15,53,12,0.8153846153846154,17,0.47949771689497717,Medium Moving,Medium Moving,0.00929804081077548,0.9732412905921336,0.017460668597091125
1136,Glow & Handsome Cream 25g,Personal Care,218.34,250.0,57,14250.0,1804.6200000000001,25,24,13,4.384615384615385,9,47,10,0.8245614035087719,28,0.47940639269406393,Medium Moving,Medium Moving,0.0,0.995,0.005
2396,DCL Instant Yeast 11g,General Grocery,100.0,110.0,54,5940.0,540.0,29,28,14,3.857142857142857,8,36,18,0.6666666666666666,9,0.47708904109589045,Medium Moving,Medium Moving,0.0,1.0,0.0
3121,PoP-Corn (Samuel's Product) 150g,General Grocery,200.0,210.0,53,11130.0,530.0,24,23,14,3.7857142857142856,7,28,25,0.5283018867924528,14,0.4761301369863014,Medium Moving,Medium Moving,0.0025357873210633945,0.9961871786933548,0.0012770339855818743
2233,Siddhalepa Mahanarayana Oil 30ml,Health & Medicine,120.0,140.0,100,14000.0,2000.0,18,17,10,10.0,23,95,5,0.95,22,0.4758904109589041,Medium Moving,Medium Moving,0.014645702296139786,0.9668461552038673,0.018508142499993063
1919,Surf excel (Aloevera) 60g,General Grocery,18.0,20.0,55,1100.0,110.0,34,34,16,3.4375,11,42,13,0.7636363636363637,8,0.47477168949771686,Medium Moving,Medium Moving,0.0025357873210633945,0.9767335061535207,0.020730706525415876
2537,Dreamron Black Henna (5minutes),General Grocery,135.0,165.0,50,8250.0,1500.0,23,23,14,3.5714285714285716,9,36,14,0.72,2,0.47468036529680363,Medium Moving,Medium Moving,0.0,1.0,0.0
2789,Imorich Ice Cream,Personal Care,110.0,120.0,55,6600.0,550.0,30,28,15,3.6666666666666665,8,32,23,0.5818181818181818,39,0.4742351598173516,Medium Moving,Medium Moving,0.0,0.9974642126789365,0.0025357873210633945
2565,Atlas Glu Liquid 50ml,Stationery,28.0,35.0,61,2135.0,427.0,29,29,14,4.357142857142857,11,46,15,0.7540983606557377,11,0.4731506849315069,Medium Moving,Medium Moving,0.0,0.9974642126789367,0.0025357873210633945
1907,Sunlight Care naturals 200g,Cleaning & Household,45.0,50.0,50,2500.0,250.0,31,30,18,2.7777777777777777,8,31,19,0.62,10,0.47288812785388135,Medium Moving,Medium Moving,0.001682496607869742,0.9924005893262107,0.005916914065919439
1596,Dettol Hand Sanitizer 50ml,General Grocery,220.0,240.0,52,12480.0,1040.0,22,21,14,3.7142857142857144,7,41,11,0.7884615384615384,10,0.4727853881278539,Medium Moving,Medium Moving,0.0,1.0,0.0
2729,Royal Cashew Nut (Salted) 80g,General Grocery,352.0,440.0,46,20240.0,4048.0,22,22,13,3.5384615384615383,10,36,10,0.782608695652174,3,0.4727397260273972,Medium Moving,Medium Moving,0.0,1.0,0.0
2271,Highland Dairy Ice Cream (coffee)1L,Personal Care,340.0,350.0,41,14350.0,410.0,25,25,16,2.5625,7,28,13,0.6829268292682927,3,0.4718949771689498,Medium Moving,Medium Moving,0.0,0.9960865644724977,0.003913435527502254
2290,Atlas Single Ruled Book 80page,Stationery,70.0,80.0,47,3760.0,470.0,27,26,15,3.1333333333333333,9,34,13,0.723404255319149,1,0.47149543378995434,Medium Moving,Medium Moving,0.0,1.0,0.0
2511,Pears Baby Soap (Rathmal)95g,Baby & Kids,67.27,74.0,52,3848.0,349.96000000000004,34,34,18,2.888888888888889,7,23,29,0.4423076923076923,63,0.47116438356164386,Medium Moving,Medium Moving,0.0,0.987659750151047,0.012340249848952994
1717,Chicken Half (Pussalla) 1kg,"Meat, Fish & Frozen",510.0,570.0,45,25650.0,2700.0,20,20,14,3.2142857142857144,11,21,24,0.4666666666666667,3,0.4707762557077625,Medium Moving,Medium Moving,0.01177020477911309,0.9786956349370283,0.009534160283858659
1154,Sunsilk Conditioner 80ml,Personal Care,145.0,160.0,44,7040.0,660.0,26,26,16,2.75,7,34,10,0.7727272727272727,2,0.4707648401826484,Medium Moving,Medium Moving,0.0,1.0,0.0
2933,Ritsbwry Crispy 93g,General Grocery,240.0,270.0,55,14850.0,1650.0,22,22,13,4.230769230769231,11,30,25,0.5454545454545454,19,0.4707534246575343,Medium Moving,Medium Moving,0.0,0.9961233839145359,0.003876616085464053
1671,Delmege Essence (vanilla artificial)28ml,General Grocery,200.0,220.0,48,10560.0,960.0,25,25,14,3.4285714285714284,10,35,13,0.7291666666666666,9,0.47044520547945207,Medium Moving,Medium Moving,0.0,1.0,0.0
3091,Kellogg's Muesli Nuts Delight 240g,General Grocery,1363.9,1550.0,45,69750.0,8374.5,25,24,12,3.75,10,29,16,0.6444444444444445,18,0.4700684931506849,Medium Moving,Medium Moving,0.015329094410407506,0.9802828100636221,0.004388095525970507
1117,7Oil Black Seed 50ml,General Grocery,100.0,110.0,77,8470.0,770.0,19,19,11,7.0,23,68,9,0.8831168831168831,8,0.46978310502283105,Medium Moving,Medium Moving,0.005900780536802879,0.9839640214683443,0.010135197994852576
3132,Marvel WetWipes,General Grocery,259.0,360.0,49,17640.0,4949.0,24,21,13,3.769230769230769,8,32,17,0.6530612244897959,15,0.4690981735159817,Medium Moving,Medium Moving,0.0,1.0,0.0
2241,Siddhalepa Peenas Oil 30ml,Health & Medicine,100.0,115.0,77,8855.0,1155.0,18,18,13,5.923076923076923,15,62,15,0.8051948051948052,32,0.4678310502283105,Medium Moving,Medium Moving,0.0,0.9860558852007213,0.013944114799278587
1252,Chandanalepa Beauty Bar 100g,General Grocery,300.0,330.0,53,17490.0,1590.0,22,22,11,4.818181818181818,11,38,15,0.7169811320754716,2,0.46761415525114153,Medium Moving,Medium Moving,0.0,1.0,0.0
1299,Vim Floor Cleaner 200ml,Cleaning & Household,90.0,105.0,52,5460.0,780.0,27,26,14,3.7142857142857144,9,40,12,0.7692307692307693,8,0.4675913242009132,Medium Moving,Medium Moving,0.0,1.0,0.0
2665,Pure Dale Kirithe 400g,General Grocery,360.0,380.0,46,17480.0,920.0,22,21,15,3.066666666666667,9,31,15,0.6739130434782609,18,0.4669520547945205,Medium Moving,Medium Moving,0.0,1.0,0.0
2004,E.H Chicken Meat Balls 400g,"Meat, Fish & Frozen",275.0,300.0,44,13200.0,1100.0,24,24,14,3.142857142857143,8,27,17,0.6136363636363636,4,0.4655707762557078,Medium Moving,Medium Moving,0.0,0.9969657422512235,0.003034257748776509
1918,Surf excel (Aloevera) 30g,General Grocery,9.0,10.0,55,550.0,55.0,25,25,17,3.235294117647059,9,33,22,0.6,7,0.46442922374429224,Medium Moving,Medium Moving,0.0,0.9784732446494532,0.02152675535054684
1600,Godrej Hair Colour Powder 10g,Personal Care,180.0,200.0,45,9000.0,900.0,32,29,17,2.6470588235294117,12,32,13,0.7111111111111111,45,0.46381278538812787,Medium Moving,Medium Moving,0.0,0.9949284253578733,0.005071574642126789
3096,Candles 40pcs Sangeetha small,General Grocery,500.0,520.0,47,24440.0,940.0,23,23,13,3.6153846153846154,6,37,10,0.7872340425531915,24,0.46359589041095894,Medium Moving,Medium Moving,0.004022708840227088,0.9959772911597728,0.0
2302,Chamara CR Book Single Ruled (80p),Stationery,90.0,110.0,56,6160.0,1120.0,24,23,14,4.0,12,38,18,0.6785714285714286,23,0.46252283105022823,Medium Moving,Medium Moving,0.0,0.9983013698630137,0.0016986301369863012
2112,Kandos Cashewnut 45g,General Grocery,112.0,140.0,48,6720.0,1344.0,22,22,16,3.0,8,39,9,0.8125,8,0.461986301369863,Medium Moving,Medium Moving,0.0,0.9979655455291223,0.002034454470877769
1875,Little Lion Wafers (Choco-Vanilla)400g,General Grocery,216.0,240.0,48,11520.0,1152.0,21,19,12,4.0,19,40,8,0.8333333333333334,0,0.4605251141552511,Medium Moving,Medium Moving,0.0025357873210633945,0.9894169739142417,0.008047238764694964
2031,Prima Kottu-Mee (Masala) 78g,General Grocery,54.0,60.0,55,3300.0,330.0,26,25,14,3.9285714285714284,13,39,16,0.7090909090909091,12,0.45989726027397254,Medium Moving,Medium Moving,0.0,0.9974642126789365,0.0025357873210633945
2113,Kandos Cashewnut  100g,General Grocery,240.0,320.0,45,14400.0,3600.0,24,24,16,2.8125,12,25,20,0.5555555555555556,39,0.45981735159817355,Medium Moving,Medium Moving,0.0,1.0,0.0
3089,Kellogg's Muesli Fruit & Nut 240g,General Grocery,1363.9,1550.0,40,62000.0,7444.0,21,19,15,2.6666666666666665,6,23,17,0.575,14,0.4596118721461187,Medium Moving,Medium Moving,0.008105832390903298,0.9918941676090967,0.0
1070,P.Baby Talc 90g,Baby & Kids,92.0,100.0,43,4300.0,344.0,30,30,14,3.0714285714285716,6,32,11,0.7441860465116279,0,0.4592009132420091,Medium Moving,Medium Moving,0.0,0.9923926380368099,0.007607361963190185
1129,Vaseline Advanced 300ml,General Grocery,750.0,850.0,40,34000.0,4000.0,22,22,16,2.5,5,24,16,0.6,18,0.45915525114155253,Medium Moving,Medium Moving,0.0,0.9944247537775496,0.005575246222450354
1358,aer Pocket (bright) 10g,General Grocery,140.0,150.0,46,6900.0,460.0,22,21,14,3.2857142857142856,9,28,18,0.6086956521739131,1,0.45899543378995433,Medium Moving,Medium Moving,0.0,0.9974642126789365,0.0025357873210633945
2254,Soap Box,Personal Care,35.0,50.0,50,2500.0,750.0,33,33,17,2.9411764705882355,7,19,31,0.38,26,0.45871004566210044,Medium Moving,Medium Moving,0.0,0.9674547725118988,0.03254522748810125
2937,CHOC-A-NUT 30g,General Grocery,200.0,250.0,42,10500.0,2100.0,27,26,16,2.625,6,37,5,0.8809523809523809,14,0.4584474885844749,Medium Moving,Medium Moving,0.0027217324472173245,0.971112015958298,0.026166251594484602
2879,Aluminium Foil,General Grocery,1638.69,1960.0,66,129360.0,21206.46,18,18,10,6.6,17,55,11,0.8333333333333334,38,0.45844748858447487,Medium Moving,Medium Moving,0.01182388851088786,0.9527445855959984,0.035431525893113804
1062,P.Baby Cologne (Active)50ml,Baby & Kids,155.0,170.0,46,7820.0,690.0,25,24,18,2.5555555555555554,8,31,15,0.6739130434782609,47,0.45839041095890415,Medium Moving,Medium Moving,0.0,1.0,0.0
2462,Atlas Precise Ruler 6'',Stationery,16.0,20.0,53,1060.0,212.0,27,27,16,3.3125,12,43,10,0.8113207547169812,8,0.45827625570776254,Medium Moving,Medium Moving,0.0,0.9857418892920802,0.014258110707919882
3228,aei Power pocket berry rush 30days,General Grocery,300.0,320.0,43,13760.0,860.0,23,22,14,3.0714285714285716,5,30,13,0.6976744186046512,5,0.45803652968036523,Medium Moving,Medium Moving,0.0,1.0,0.0
1922,Surf excel (Aloevera) 1kg,General Grocery,260.0,280.0,41,11480.0,820.0,24,23,14,2.9285714285714284,9,32,9,0.7804878048780488,1,0.45751141552511415,Medium Moving,Medium Moving,0.0,0.995,0.005
1064,P.Baby Cream (Floral) 200ml,Baby & Kids,227.07,260.0,44,11440.0,1448.92,30,30,16,2.75,7,31,13,0.7045454545454546,58,0.457351598173516,Medium Moving,Medium Moving,0.0,0.9974642126789367,0.0025357873210633945
3143,Ninja Refill 60Nights 42ml,General Grocery,450.0,485.0,45,21825.0,1575.0,20,20,13,3.4615384615384617,7,31,14,0.6888888888888889,3,0.4570890410958904,Medium Moving,Medium Moving,0.0,0.9974642126789365,0.0025357873210633945
1230,N/S Body Lotion 50ml (Carrot),Personal Care,97.75,115.0,49,5635.0,845.25,27,27,15,3.2666666666666666,7,29,20,0.5918367346938775,23,0.4564840182648402,Medium Moving,Medium Moving,0.0,1.0,0.0
2807,Flora Toothpicks,General Grocery,64.0,75.0,45,3375.0,495.0,22,20,16,2.8125,6,27,18,0.6,0,0.45632420091324205,Medium Moving,Medium Moving,0.0,1.0,0.0
2407,E/H Ice Cream (Strawberry) 1L,Personal Care,520.0,600.0,40,24000.0,3200.0,25,25,15,2.6666666666666665,7,25,15,0.625,19,0.4561643835616439,Medium Moving,Medium Moving,0.005,0.9924642126789365,0.0025357873210633945
2820,Whole Gherkins 375g,General Grocery,214.28,300.0,45,13500.0,3857.4,19,18,15,3.0,10,37,8,0.8222222222222222,2,0.45545662100456624,Medium Moving,Medium Moving,0.0,0.9706572308593542,0.029342769140645753
1666,Delmege Colouring (rose pink)28ml,General Grocery,81.0,90.0,44,3960.0,396.0,22,22,16,2.75,10,31,13,0.7045454545454546,0,0.4547716894977169,Medium Moving,Medium Moving,0.0,1.0,0.0
1654,Motha Cocoa Powder 100g,General Grocery,1000.0,1050.0,44,46200.0,2200.0,22,21,13,3.3846153846153846,9,34,10,0.7727272727272727,30,0.4546575342465753,Medium Moving,Medium Moving,0.0,1.0,0.0
1178,Veet Dry Skin 25g,General Grocery,180.0,200.0,47,9400.0,940.0,20,20,14,3.357142857142857,6,27,20,0.574468085106383,2,0.45430365296803654,Medium Moving,Medium Moving,0.0,0.9936513913722915,0.006348608627708663
2300,Atlas CR Book Single Ruled (120p),Stationery,127.0,160.0,50,8000.0,1650.0,26,24,12,4.166666666666667,13,41,9,0.82,6,0.4540525114155251,Medium Moving,Medium Moving,0.0025357873210633945,0.9974642126789365,0.0
2207,Sapthami Incense Sticks,General Grocery,85.0,100.0,48,4800.0,720.0,24,24,15,3.2,10,35,13,0.7291666666666666,9,0.4537100456621005,Medium Moving,Medium Moving,0.0,1.0,0.0
1747,MD Mixed Fruit jam 895g,General Grocery,950.0,1050.0,41,43050.0,4100.0,20,19,12,3.4166666666666665,8,31,10,0.7560975609756098,0,0.45368721461187217,Medium Moving,Medium Moving,0.006558496161290483,0.9841534026488852,0.009288101189824462
1784,Farm House Chicken Sausages 450g,"Meat, Fish & Frozen",600.0,690.0,40,27600.0,3600.0,20,20,16,2.5,6,23,17,0.575,7,0.45305936073059366,Medium Moving,Medium Moving,0.0,0.9820243358774319,0.017975664122568177
1382,Siddhalepa Balm 50g,Health & Medicine,315.0,350.0,45,15750.0,1575.0,24,24,14,3.2142857142857144,7,27,18,0.6,30,0.4528196347031963,Medium Moving,Medium Moving,0.0,0.984578040195257,0.01542195980474308
1238,Rexona Men V8,General Grocery,376.88,450.0,44,19800.0,3217.28,21,21,14,3.142857142857143,7,25,19,0.5681818181818182,13,0.452648401826484,Medium Moving,Medium Moving,0.0,1.0,0.0
2599,Motha Custard Powder (Banana) 100g,General Grocery,68.09,75.0,47,3525.0,324.77,26,26,15,3.1333333333333333,8,33,14,0.7021276595744681,8,0.4522602739726027,Medium Moving,Medium Moving,0.0,1.0,0.0
2735,Kist Mango Jam 510g,General Grocery,301.5,335.0,46,15410.0,1541.0,23,23,14,3.2857142857142856,9,32,14,0.6956521739130435,34,0.45208904109589043,Medium Moving,Medium Moving,0.0,1.0,0.0
1182,Smart Pants (Softlove) 1pcs / XL,General Grocery,40.0,45.0,53,2385.0,265.0,25,25,15,3.533333333333333,9,44,9,0.8301886792452831,12,0.4515639269406393,Medium Moving,Medium Moving,0.0,0.9946005523133827,0.0053994476866172526
1508,E/H Wonder Bite (Vanilla),General Grocery,110.0,120.0,50,6000.0,500.0,21,20,14,3.5714285714285716,11,33,17,0.66,4,0.45143835616438355,Medium Moving,Medium Moving,0.0,0.9974642126789365,0.0025357873210633945
1213,Flora Paper Towels,General Grocery,680.0,695.0,52,36140.0,780.0,19,19,11,4.7272727272727275,14,38,14,0.7307692307692307,6,0.45139269406392696,Medium Moving,Medium Moving,0.027666554289345245,0.9593219942670231,0.01301145144363157
2943,My Juicee(Mix Fruit),General Grocery,100.0,120.0,45,5400.0,900.0,27,27,14,3.2142857142857144,7,36,9,0.8,5,0.451324200913242,Medium Moving,Medium Moving,0.0,1.0,0.0
2778,Mars Bars 51g,General Grocery,167.07,190.0,49,9310.0,1123.57,20,20,13,3.769230769230769,8,29,20,0.5918367346938775,2,0.4496118721461187,Medium Moving,Medium Moving,0.0,0.9919212335147194,0.008078766485280631
1006,Signal Herbal 70g,General Grocery,82.0,89.0,45,4005.0,315.0,23,23,15,3.0,12,17,28,0.37777777777777777,2,0.44829908675799085,Medium Moving,Medium Moving,0.005,0.9642128529324814,0.030787147067518617
1168,Gotukola Shampoo 80ml,Personal Care,190.0,210.0,42,8820.0,840.0,24,24,14,3.0,12,28,14,0.6666666666666666,3,0.4478424657534247,Medium Moving,Medium Moving,0.0,0.9983013698630137,0.0016986301369863012
2310,Absolute Red Perfume Spray 22ml,Personal Care,175.0,220.0,42,9240.0,1890.0,26,26,16,2.625,6,23,19,0.5476190476190477,21,0.4476826484018266,Medium Moving,Medium Moving,0.0,0.9933013698630137,0.006698630136986301
2455,Atlas Pastels 24,Stationery,140.0,160.0,45,7200.0,900.0,23,23,14,3.2142857142857144,10,29,16,0.6444444444444445,5,0.4476712328767123,Medium Moving,Medium Moving,0.0,1.0,0.0
3163,Sunlight 2in1 (Lemon Fresh) 50g,Cleaning & Household,15.0,25.0,54,1350.0,540.0,27,27,17,3.176470588235294,9,37,17,0.6851851851851852,52,0.44716894977168953,Medium Moving,Medium Moving,0.0,0.9878059359170261,0.012194064082973868
1366,Ninja Protector 300ml,General Grocery,368.0,395.0,42,16590.0,1134.0,20,20,15,2.8,8,25,17,0.5952380952380952,7,0.4462899543378996,Medium Moving,Medium Moving,0.0,0.993722966014418,0.006277033985581874
2826,CBL Savoury Nuts 170g,General Grocery,180.0,200.0,45,9000.0,900.0,24,24,14,3.2142857142857144,12,34,11,0.7555555555555555,14,0.44594748858447486,Medium Moving,Medium Moving,0.0,1.0,0.0
2929,Revello Fantasy Almond 50g,General Grocery,250.0,280.0,43,12040.0,1290.0,21,21,16,2.6875,4,30,13,0.6976744186046512,15,0.44510273972602743,Medium Moving,Medium Moving,0.0,0.9817589696142442,0.018241030385755874
2422,Enchanteur Talc Alluring 50g,General Grocery,204.0,240.0,44,10560.0,1584.0,23,23,16,2.75,6,24,20,0.5454545454545454,33,0.44455479452054797,Medium Moving,Medium Moving,0.0,0.99,0.01
2916,Catering Chicken Sausages 325g,"Meat, Fish & Frozen",450.0,520.0,40,20800.0,2800.0,21,20,15,2.6666666666666665,6,31,9,0.775,10,0.44452054794520546,Medium Moving,Medium Moving,0.0,0.9915451514920334,0.008454848507966628
1668,Delmege Colouring (green)28ml,General Grocery,81.0,90.0,51,4590.0,459.0,27,26,15,3.4,9,33,18,0.6470588235294118,119,0.4443493150684932,Medium Moving,Medium Moving,0.0,0.9611567115925236,0.038843288407476445
2253,Brush,General Grocery,30.0,35.0,46,1610.0,230.0,24,23,14,3.2857142857142856,8,37,9,0.8043478260869565,0,0.4435958904109589,Medium Moving,Medium Moving,0.0,0.9949363766472743,0.005063623352725786
2550,AURA Incense Sticks (Blue Lotus),General Grocery,80.0,100.0,45,4500.0,900.0,24,24,16,2.8125,8,33,12,0.7333333333333333,11,0.44318493150684934,Medium Moving,Medium Moving,0.0,1.0,0.0
2127,Sunlight 2in1 (Rose) 400g,Cleaning & Household,72.72,80.0,43,3440.0,313.04,29,27,17,2.5294117647058822,4,29,14,0.6744186046511628,14,0.44302511415525114,Medium Moving,Medium Moving,0.0,0.9480426593453091,0.05195734065469094
1636,Ritzbury  Chunky-Choc (Moments)360g,General Grocery,297.0,330.0,46,15180.0,1518.0,21,21,11,4.181818181818182,12,35,11,0.7608695652173914,1,0.4429794520547945,Medium Moving,Medium Moving,0.0,0.9911871786933547,0.008812821306645268
1240,Rexona Aloevera 25ml,General Grocery,225.0,250.0,39,9750.0,975.0,26,26,16,2.4375,8,31,8,0.7948717948717948,8,0.4422945205479452,Medium Moving,Medium Moving,0.0,0.9874642126789367,0.012535787321063394
2316,Blue For Lady Natural Spray 23ml,General Grocery,150.0,200.0,46,9200.0,2300.0,21,21,13,3.5384615384615383,7,37,9,0.8043478260869565,4,0.4418721461187215,Medium Moving,Medium Moving,0.0,0.9907118988101754,0.009288101189824462
1434,My Juicee 180ml (Apple),General Grocery,100.0,120.0,52,6240.0,1040.0,24,24,14,3.7142857142857144,10,41,11,0.7884615384615384,58,0.4414497716894977,Medium Moving,Medium Moving,0.0,0.9949284253578733,0.005071574642126789
3065,MD Mango Jam 300g,General Grocery,360.0,380.0,44,16720.0,880.0,22,21,13,3.3846153846153846,9,33,11,0.75,16,0.4411301369863013,Medium Moving,Medium Moving,0.0,1.0,0.0
1040,Baby Cheramy Baby Cream 50ml,Baby & Kids,162.8,185.0,39,7215.0,865.8,26,25,15,2.6,6,26,13,0.6666666666666666,2,0.4403538812785388,Medium Moving,Medium Moving,0.0012770339855818743,0.9852863981565518,0.013436567857866273
2380,Red Bull 355ml,General Grocery,413.06000000000006,550.0,40,22000.0,5477.6,20,20,14,2.857142857142857,9,30,10,0.75,4,0.44033105022831054,Medium Moving,Medium Moving,0.0,0.9974642126789365,0.002535787321063394
1758,Gingelly Rolls 25pcs (L),General Grocery,215.0,250.0,52,13000.0,1820.0,26,24,11,4.7272727272727275,11,37,15,0.7115384615384616,34,0.4399657534246576,Medium Moving,Medium Moving,0.0,1.0,0.0
3253,Sunquick 700ml,General Grocery,1200.0,1310.0,43,56330.0,4730.0,21,21,13,3.3076923076923075,10,37,6,0.8604651162790697,119,0.4397945205479452,Medium Moving,Medium Moving,0.005900780536802879,0.95465171942853,0.039447500034667154
2224,Sumudu Sambrani,General Grocery,45.0,60.0,46,2760.0,690.0,21,20,14,3.2857142857142856,8,31,15,0.6739130434782609,0,0.43931506849315066,Medium Moving,Medium Moving,0.0,0.9891888957829293,0.010811104217070662
1134,Fair&Lovely Ayurvedic 25g,General Grocery,215.0,240.0,41,9840.0,1025.0,20,19,14,2.9285714285714284,11,29,12,0.7073170731707317,0,0.43883561643835617,Medium Moving,Medium Moving,0.0,0.998976897689769,0.001023102310231023
2823,Imorre Choco Delight 90g,General Grocery,162.0,180.0,42,7560.0,756.0,21,21,15,2.8,6,19,23,0.4523809523809524,3,0.4385616438356164,Medium Moving,Medium Moving,0.0,0.9936513913722913,0.006348608627708663
2438,Keels Chunky Chicken 500g,"Meat, Fish & Frozen",1400.0,1460.0,46,67160.0,2760.0,19,18,11,4.181818181818182,9,41,5,0.8913043478260869,10,0.438013698630137,Medium Moving,Medium Moving,0.014289974602532481,0.9479660283612804,0.03774399703618706
1669,Delmege Colouring (red)28ml,General Grocery,81.0,90.0,46,4140.0,414.0,27,25,15,3.066666666666667,6,24,22,0.5217391304347826,30,0.4370662100456621,Medium Moving,Medium Moving,0.0,0.9933013698630137,0.006698630136986301
2067,CocaCola 400ml,General Grocery,182.0,200.0,47,9400.0,846.0,23,22,12,3.9166666666666665,15,33,14,0.7021276595744681,10,0.436175799086758,Medium Moving,Medium Moving,0.0,0.9949284253578732,0.005071574642126789
3173,Surf Excel 120g,General Grocery,80.0,100.0,51,5100.0,1020.0,26,26,13,3.923076923076923,9,36,15,0.7058823529411765,30,0.4359132420091324,Medium Moving,Medium Moving,0.0,1.0,0.0
2576,Atlas Permanent Marker,Stationery,80.0,85.0,42,3570.0,210.0,23,23,16,2.625,8,30,12,0.7142857142857143,3,0.43589041095890413,Medium Moving,Medium Moving,0.0016666666666666666,0.9856940078998235,0.012639325433509818
1204,Whisper Regular flow 10p,General Grocery,185.0,210.0,44,9240.0,1100.0,22,22,17,2.588235294117647,5,22,22,0.5,78,0.435810502283105,Medium Moving,Medium Moving,0.0,0.9624992265394349,0.0375007734605652
1138,Glow & Handsome Facewash 50g,General Grocery,233.33,280.0,44,12320.0,2053.48,20,19,15,2.933333333333333,5,30,14,0.6818181818181818,18,0.43504566210045664,Medium Moving,Medium Moving,0.0,0.995,0.005
1741,KIST Woodapple jam 200g,General Grocery,145.0,160.0,45,7200.0,675.0,23,22,14,3.2142857142857144,8,38,7,0.8444444444444444,16,0.4350456621004566,Medium Moving,Medium Moving,0.0,1.0,0.0
2613,CBL Wafers (Vanilla) 170g,General Grocery,108.0,120.0,50,6000.0,600.0,23,23,13,3.8461538461538463,11,38,12,0.76,20,0.43454337899543377,Medium Moving,Medium Moving,0.0,0.9899284253578733,0.010071574642126789
2607,Super Glue 3g,Stationery,60.0,75.0,44,3300.0,660.0,26,26,16,2.75,8,33,11,0.75,17,0.43353881278538814,Medium Moving,Medium Moving,0.0,1.0,0.0
2694,Bagrry's Corn Flakes 250g,General Grocery,488.21,560.0,41,22960.0,2943.3900000000003,22,22,11,3.727272727272727,8,37,4,0.9024390243902439,2,0.4334817351598174,Medium Moving,Medium Moving,0.005694218294063904,0.9617272981310171,0.032578483574919055
2987,Rasath Watalappan,General Grocery,100.0,120.0,44,5280.0,880.0,25,25,13,3.3846153846153846,9,35,9,0.7954545454545454,4,0.43325342465753425,Medium Moving,Medium Moving,0.0,0.9966350067842604,0.003364993215739484
2863,Dunhill Tube,General Grocery,162.61,170.0,46,7820.0,339.94,21,20,15,3.066666666666667,8,28,18,0.6086956521739131,30,0.43203196347031964,Medium Moving,Medium Moving,0.0,0.9974642126789367,0.0025357873210633945
2079,Portello 1.5L,General Grocery,190.0,200.0,54,10800.0,540.0,21,21,12,4.5,17,44,10,0.8148148148148148,49,0.4313013698630137,Medium Moving,Medium Moving,0.01,0.9765634321421338,0.013436567857866273
3198,Lux Rose Vitamin C & E 100g,Health & Medicine,160.0,170.0,46,7820.0,460.0,23,23,14,3.2857142857142856,10,30,16,0.6521739130434783,40,0.43113013698630137,Medium Moving,Medium Moving,0.0,0.9879430334109963,0.012056966589003596
2572,Atlas Adhesive Tape 1'',Stationery,37.5,45.0,50,2250.0,375.0,26,26,15,3.3333333333333335,8,37,13,0.74,46,0.43067351598173514,Medium Moving,Medium Moving,0.0,0.9932700135685211,0.006729986431478968
3159,Sunlight Rose Fresh 500g,Cleaning & Household,150.0,180.0,48,8640.0,1440.0,22,22,11,4.363636363636363,12,40,8,0.8333333333333334,4,0.4302397260273973,Medium Moving,Medium Moving,0.0,0.9934415038387095,0.006558496161290483
3212,Surf Excel Comfort 1kg,General Grocery,500.0,540.0,43,23220.0,1720.0,25,24,11,3.909090909090909,7,32,11,0.7441860465116279,22,0.43006849315068485,Medium Moving,Medium Moving,0.0,0.9706148180852374,0.029385181914762696
2682,Pond's Facewash 50g,General Grocery,208.33,250.0,41,10250.0,1708.47,21,21,15,2.7333333333333334,8,25,16,0.6097560975609756,11,0.42886986301369867,Medium Moving,Medium Moving,0.0,1.0,0.0
1956,MD Mango Chutney 300g,General Grocery,236.4,260.0,39,10140.0,920.4,22,22,15,2.6,6,26,13,0.6666666666666666,6,0.42857305936073065,Medium Moving,Medium Moving,0.0,0.9974642126789367,0.0025357873210633945
2888,Citronella Spray(AVANI)100g,General Grocery,330.0,375.0,41,15375.0,1845.0,24,24,13,3.1538461538461537,7,34,7,0.8292682926829268,23,0.4280365296803653,Medium Moving,Medium Moving,0.0,0.99,0.01
1356,aer Pocket (morning) 10g,General Grocery,140.0,150.0,48,7200.0,480.0,22,21,13,3.6923076923076925,10,39,9,0.8125,27,0.4272260273972603,Medium Moving,Medium Moving,0.0,0.9974642126789365,0.0025357873210633945
3037,Comfort Morning Fresh 860ml,General Grocery,1150.0,1160.0,36,41760.0,360.0,19,19,14,2.5714285714285716,6,25,11,0.6944444444444444,1,0.4272031963470319,Medium Moving,Medium Moving,0.015898245321057877,0.9078915173759329,0.07621023730300923
2400,Atlas Single Ruled 1'',Stationery,34.82,50.0,57,2850.0,865.26,28,27,12,4.75,11,45,12,0.7894736842105263,138,0.4257191780821918,Medium Moving,Medium Moving,0.0,0.9337085010804338,0.06629149891956634
2338,CBL Wafers (Vanilla) 400g,General Grocery,234.0,260.0,47,12220.0,1222.0,22,20,11,4.2727272727272725,10,42,5,0.8936170212765957,13,0.4257077625570776,Medium Moving,Medium Moving,0.0,0.9859113782749739,0.014088621725026342
2391,Peanut 1kg,General Grocery,800.0,1000.0,40,40000.0,8000.0,19,17,13,3.076923076923077,6,26,14,0.65,10,0.42537671232876717,Medium Moving,Medium Moving,0.0,0.9729329678687126,0.027067032131287486
2761,Pond's Day Cream 23g,Personal Care,229.16,275.0,40,11000.0,1833.6000000000001,24,24,14,2.857142857142857,6,30,10,0.75,18,0.4253767123287671,Medium Moving,Medium Moving,0.0,1.0,0.0
2243,Siddhalepa Gingelly Oil 30ml,Health & Medicine,88.0,100.0,70,7000.0,840.0,18,18,11,6.363636363636363,23,57,13,0.8142857142857143,33,0.42421232876712334,Medium Moving,Medium Moving,0.0,0.9777948544002253,0.02220514559977463
1544,Astra Fat-Spread 100g,General Grocery,200.0,230.0,47,10810.0,1410.0,20,20,14,3.357142857142857,10,21,26,0.44680851063829785,88,0.4238812785388128,Medium Moving,Medium Moving,0.0,0.9887672095791551,0.01123279042084496
2459,Atlas Super Glu 3g,Stationery,37.0,45.0,48,2160.0,384.0,26,24,14,3.4285714285714284,12,45,3,0.9375,28,0.4238698630136986,Medium Moving,Medium Moving,0.0016986301369863012,0.9025464031457264,0.0957549667172877
2818,Strawberry Topping 270ml,General Grocery,393.99000000000007,450.0,42,18900.0,2352.42,21,21,13,3.230769230769231,7,36,6,0.8571428571428571,30,0.4237100456621004,Medium Moving,Medium Moving,0.0,0.9886875629327437,0.011312437067256287
1522,ICE-MAN Tube Ice 1kg,General Grocery,140.0,300.0,47,14100.0,7520.0,21,21,11,4.2727272727272725,9,32,15,0.6808510638297872,14,0.42352739726027394,Medium Moving,Medium Moving,0.004022708840227088,0.9858158612254191,0.010161429934353932
2600,Motha Custard Powder (Strawberry) 100g,General Grocery,68.09,75.0,46,3450.0,317.86,26,26,13,3.5384615384615383,11,39,7,0.8478260869565217,16,0.4226712328767123,Medium Moving,Medium Moving,0.0,0.9677712159340804,0.032228784065919586
1643,Jelo Cocoa Powder 100g,General Grocery,220.0,245.0,42,10290.0,1050.0,22,22,14,3.0,8,22,20,0.5238095238095238,27,0.4225228310502283,Medium Moving,Medium Moving,0.005900780536802879,0.9907342262474576,0.003364993215739484
1289,Aroma Bathing Bar 24pcs,General Grocery,225.0,240.0,42,10080.0,630.0,20,20,14,3.0,8,32,10,0.7619047619047619,9,0.42213470319634705,Medium Moving,Medium Moving,0.0,0.9983013698630137,0.0016986301369863012
1246,Velvet 100g (Sandalwood),General Grocery,59.0,65.0,44,2860.0,264.0,26,26,16,2.75,6,25,19,0.5681818181818182,39,0.42078767123287675,Medium Moving,Medium Moving,0.0,0.9888599098603201,0.011140090139679808
3222,Nangrow 3/ 1-3 years children,General Grocery,1801.8,2000.0,37,74000.0,7333.4,20,20,15,2.466666666666667,7,29,8,0.7837837837837838,48,0.4206849315068493,Medium Moving,Medium Moving,0.011235174581392284,0.9685580527816283,0.02020677263697936
2395,DCL Instant Yeast 5/11g,General Grocery,100.0,110.0,47,5170.0,470.0,24,23,11,4.2727272727272725,12,32,15,0.6808510638297872,4,0.42051369863013704,Medium Moving,Medium Moving,0.0,0.986454290807592,0.01354570919240808
2221,Ganesha Incense Sticks,General Grocery,70.0,85.0,46,3910.0,690.0,21,21,14,3.2857142857142856,9,33,13,0.717391304347826,11,0.4204452054794521,Medium Moving,Medium Moving,0.0,0.9924642126789365,0.007535787321063394
1754,Pedigree (Adult) 400g,General Grocery,316.12,485.0,38,18430.0,6417.44,23,23,14,2.7142857142857144,6,22,16,0.5789473684210527,25,0.41933789954337897,Medium Moving,Medium Moving,0.0,0.989066952404964,0.010933047595036
1280,Lifebuoy (Promo),General Grocery,170.0,188.0,43,8084.0,774.0,19,19,16,2.6875,6,32,11,0.7441860465116279,15,0.4182990867579909,Medium Moving,Medium Moving,0.0,0.9836593426616923,0.01634065733830766
3201,Marmite Yeast Extract Spread 50g,General Grocery,380.0,395.0,42,16590.0,630.0,19,18,12,3.5,7,40,2,0.9523809523809523,3,0.4181164383561644,Medium Moving,Medium Moving,0.0,0.9167324631052183,0.08326753689478189
1338,Dettol 210ml,General Grocery,245.0,270.0,46,12420.0,1150.0,18,18,14,3.2857142857142856,8,25,21,0.5434782608695652,22,0.41807077625570777,Medium Moving,Medium Moving,0.0,0.9326450877045599,0.06735491229544013
2564,Atlas Glu Liquid Pen 40ml,Stationery,40.0,55.0,47,2585.0,705.0,23,22,13,3.6153846153846154,12,40,7,0.851063829787234,10,0.4176369863013699,Medium Moving,Medium Moving,0.0025357873210633945,0.9898747416260985,0.007589471052838161
2571,Atlas Big Mistakes,Stationery,32.0,40.0,46,1840.0,368.0,22,22,15,3.066666666666667,9,37,9,0.8043478260869565,14,0.4172945205479452,Medium Moving,Medium Moving,0.0,0.9861517756116804,0.013848224388319681
2384,Mars Bars 33g,General Grocery,118.71,135.0,45,6075.0,733.05,21,21,12,3.75,13,31,14,0.6888888888888889,4,0.4154109589041096,Medium Moving,Medium Moving,0.0,1.0,0.0
1339,Dettol 500ml,General Grocery,1000.0,1150.0,40,46000.0,6000.0,19,19,13,3.076923076923077,9,26,14,0.65,28,0.4151255707762557,Medium Moving,Medium Moving,0.0,0.9852862267304587,0.014713773269541146
2454,Atlas Pastels 12,Stationery,90.0,110.0,45,4950.0,900.0,23,22,12,3.75,12,30,15,0.6666666666666666,7,0.4149657534246575,Medium Moving,Medium Moving,0.0,0.994099219463197,0.005900780536802879
2551,AURA Incense Sticks (Kumudu),General Grocery,80.0,100.0,42,4200.0,840.0,24,23,14,3.0,7,35,7,0.8333333333333334,14,0.4148059360730594,Medium Moving,Medium Moving,0.0,0.9974642126789365,0.0025357873210633945
2053,Motha Cocoa Powder 50g,General Grocery,130.0,140.0,46,6440.0,460.0,26,25,12,3.8333333333333335,13,37,9,0.8043478260869565,46,0.4132990867579909,Medium Moving,Medium Moving,0.0,0.9798334457106549,0.020166554289345245
2392,CBL Choc Shock 30g,General Grocery,90.0,100.0,42,4200.0,420.0,21,21,14,3.0,7,30,12,0.7142857142857143,5,0.41323059360730585,Medium Moving,Medium Moving,0.0,0.9792817759193891,0.020718224080610935
1235,Dandex Cooling+ 40ml,General Grocery,45.0,65.0,41,2665.0,820.0,21,21,16,2.5625,6,27,14,0.6585365853658537,4,0.4131735159817352,Medium Moving,Medium Moving,0.0,0.9849284253578732,0.015071574642126788
1369,Mortein Mosquito Control Liquid 45ml,General Grocery,245.0,270.0,41,11070.0,1025.0,19,19,14,2.9285714285714284,5,21,20,0.5121951219512195,8,0.41311643835616435,Medium Moving,Medium Moving,0.0,0.9716181920713183,0.02838180792868171
2403,Nestomalt Tin 400g,General Grocery,400.94,425.0,43,18275.0,1034.58,20,20,12,3.5833333333333335,11,27,16,0.627906976744186,23,0.4122716894977168,Medium Moving,Medium Moving,0.0,1.0,0.0
2970,Mirinda 250ml,General Grocery,100.0,120.0,40,4800.0,800.0,21,21,16,2.5,5,24,16,0.6,8,0.4120547945205479,Medium Moving,Medium Moving,0.0,0.9833013698630136,0.0166986301369863
1244,Dreamron Deo Roll On (Aqua),General Grocery,175.0,199.0,39,7761.0,936.0,21,20,13,3.0,8,30,9,0.7692307692307693,1,0.41160958904109585,Medium Moving,Medium Moving,0.0,1.0,0.0
1868,CBL Ringo 50g,General Grocery,18.0,20.0,44,880.0,88.0,23,23,15,2.933333333333333,6,21,23,0.4772727272727273,9,0.41143835616438357,Medium Moving,Medium Moving,0.0,0.960929763719568,0.039070236280431964
3007,Sun Crush Orangena 250ml,General Grocery,140.0,150.0,41,6150.0,410.0,21,21,16,2.5625,9,22,19,0.5365853658536586,24,0.41081050228310506,Medium Moving,Medium Moving,0.0,0.9936007490354839,0.006399250964515993
3038,SurfExcel Matic 1L,General Grocery,1000.0,1050.0,38,39900.0,1900.0,20,20,13,2.923076923076923,8,26,12,0.6842105263157895,23,0.4106963470319635,Medium Moving,Medium Moving,0.0,1.0,0.0
1291,Rani Sandalwood 70g/5,General Grocery,215.0,235.0,43,10105.0,860.0,19,19,13,3.3076923076923075,11,30,13,0.6976744186046512,8,0.41041095890410956,Medium Moving,Medium Moving,0.0,0.9922782675527827,0.007721732447217324
2590,Star Vanilla Flavour 28ml,General Grocery,117.01,130.0,50,6500.0,649.5,24,24,10,5.0,13,44,6,0.88,13,0.4099657534246575,Medium Moving,Medium Moving,0.004234417458049695,0.9253466438881355,0.07041893865381484
3064,MD Mango Jam 150g,General Grocery,250.0,260.0,42,10920.0,420.0,19,19,12,3.5,8,32,10,0.7619047619047619,2,0.4096689497716895,Medium Moving,Medium Moving,0.0,0.9904297582080589,0.009570241791941164
1239,Rexona Men Quantum Dry 25ml,General Grocery,225.0,250.0,41,10250.0,1025.0,19,19,15,2.7333333333333334,6,29,12,0.7073170731707317,16,0.4094634703196347,Medium Moving,Medium Moving,0.0,0.9983013698630137,0.0016986301369863012
1125,Vaseline Healthy 100ml,General Grocery,215.0,240.0,38,9120.0,950.0,21,21,15,2.533333333333333,8,20,18,0.5263157894736842,9,0.4086643835616438,Medium Moving,Medium Moving,0.005900780536802879,0.9823692330317181,0.011729986431478968
1453,Bonlac (Non-fat) 400g,General Grocery,415.0,565.0,37,20905.0,5550.0,20,20,13,2.8461538461538463,11,29,8,0.7837837837837838,6,0.40730593607305937,Medium Moving,Medium Moving,0.0,0.9946005523133827,0.0053994476866172526
1776,Elephant House Back-Bacon 150g,General Grocery,900.0,1050.0,40,42000.0,6000.0,19,19,12,3.3333333333333335,8,28,12,0.7,23,0.40590182648401824,Medium Moving,Medium Moving,0.0,0.9974642126789367,0.0025357873210633945
3041,Sanitizer 50ml,General Grocery,210.0,220.0,39,8580.0,390.0,21,20,13,3.0,9,30,9,0.7692307692307693,4,0.4046689497716895,Medium Moving,Medium Moving,0.0,0.9940992194631971,0.005900780536802879
2578,Note Book,Stationery,22.5,35.0,44,1540.0,550.0,22,22,14,3.142857142857143,7,32,12,0.7272727272727273,9,0.40420091324200913,Medium Moving,Medium Moving,0.0,0.9761041697565986,0.02389583024340147
2679,Godrej Sanitizer Spray 85ml,General Grocery,271.82,299.0,41,12259.0,1114.38,21,21,13,3.1538461538461537,7,35,6,0.8536585365853658,35,0.4039611872146119,Medium Moving,Medium Moving,0.0,0.996223350253807,0.0037766497461928935
1445,Rich Life Set Kiri 500g,General Grocery,350.0,400.0,44,17600.0,2200.0,19,19,10,4.4,7,39,5,0.8863636363636364,3,0.4035958904109589,Medium Moving,Medium Moving,0.0,0.9532683908178755,0.04673160918212442
1128,Vaseline Intensive care 300ml,General Grocery,498.0,545.0,37,20165.0,1739.0,20,20,16,2.3125,9,19,18,0.5135135135135135,72,0.4021232876712329,Medium Moving,Medium Moving,0.0,0.9802267942248873,0.019773205775112677
2245,Siddhalepa Kolasleshma Oil 30ml,Health & Medicine,120.0,140.0,71,9940.0,1420.0,15,14,11,6.454545454545454,16,60,11,0.8450704225352113,37,0.4000228310502283,Medium Moving,Medium Moving,0.0,0.9730611023919922,0.026938897608007873
1183,Smart Pants (Softlove) 4pcs / L,General Grocery,190.0,225.0,35,7875.0,1225.0,23,23,16,2.1875,5,27,8,0.7714285714285715,7,0.4000114155251142,Medium Moving,Medium Moving,0.0,0.889727989188257,0.11027201081174276
1176,Veet Normal Skin 50g,General Grocery,255.0,280.0,37,10360.0,925.0,20,20,14,2.642857142857143,8,19,18,0.5135135135135135,4,0.3998059360730594,Medium Moving,Medium Moving,0.0,0.9907342262474576,0.009265773752542363
2962,Elephant House Soda 1l,General Grocery,160.0,180.0,45,8100.0,900.0,18,18,14,3.2142857142857144,8,33,12,0.7333333333333333,24,0.39979452054794523,Medium Moving,Medium Moving,0.0,0.9642817759193892,0.03571822408061093
2234,Siddhalepa Neelayadi Oil 30ml,Health & Medicine,75.0,85.0,71,6035.0,710.0,17,17,10,7.1,16,51,20,0.7183098591549296,31,0.39977168949771685,Medium Moving,Medium Moving,0.0025357873210633945,0.9298757153050655,0.06758849737387097
3140,Strepsils Soothing Honey & Lemon 24 Lozenges,General Grocery,700.0,720.0,36,25920.0,720.0,19,19,15,2.4,6,19,17,0.5277777777777778,22,0.398824200913242,Medium Moving,Medium Moving,0.0,0.9484345001418661,0.05156549985813398
3021,Vaseline Pretty as a peach 100ml,General Grocery,570.0,580.0,40,23200.0,400.0,19,19,13,3.076923076923077,8,20,20,0.5,42,0.39858447488584475,Medium Moving,Medium Moving,0.007607361963190185,0.9800925017409969,0.012300136295812898
3074,Goya Misty Green 65g,General Grocery,80.0,90.0,39,3510.0,390.0,20,20,15,2.6,8,22,17,0.5641025641025641,2,0.3985502283105023,Medium Moving,Medium Moving,0.0,0.9953257057404454,0.004674294259554477
1561,Good Knight (Advanced)45ml,General Grocery,380.0,400.0,35,14000.0,700.0,21,21,15,2.3333333333333335,5,14,21,0.4,10,0.3976255707762557,Medium Moving,Medium Moving,0.0,0.849400317920432,0.15059968207956795
1777,Elephant House Back-Bacon 1kg,General Grocery,8000.0,8110.0,37,300070.0,4070.0,16,16,13,2.8461538461538463,7,17,20,0.4594594594594595,6,0.3969406392694064,Medium Moving,Medium Moving,0.004234417458049696,0.8536588325937696,0.14210674994818068
2854,Lighter,General Grocery,40.0,80.0,42,3360.0,1680.0,21,21,13,3.230769230769231,9,32,10,0.7619047619047619,7,0.39643835616438355,Medium Moving,Medium Moving,0.0,0.9856978757145104,0.014302124285489666
2027,Verda Spaghetti 400g,General Grocery,601.97,720.0,47,33840.0,5547.41,18,18,9,5.222222222222222,8,34,13,0.723404255319149,16,0.39628995433789954,Medium Moving,Medium Moving,0.004234417458049696,0.9360789228591702,0.05968665968278021
1483,NAN 1(350g),General Grocery,1120.0,1200.0,36,43200.0,2880.0,19,19,15,2.4,7,26,10,0.7222222222222222,70,0.3960958904109589,Medium Moving,Medium Moving,0.0012770339855818743,0.9642181525666635,0.03450481344775484
2764,Signal Strong Teeth 160g,General Grocery,136.36,150.0,42,6300.0,572.88,20,20,13,3.230769230769231,9,35,7,0.8333333333333334,13,0.3959703196347032,Medium Moving,Medium Moving,0.0,0.9957655825419502,0.004234417458049696
2946,Lakmal Jaggery 250g,General Grocery,140.0,160.0,39,6240.0,780.0,20,20,15,2.6,5,22,17,0.5641025641025641,13,0.3939840182648402,Medium Moving,Medium Moving,0.0,0.9860961035483554,0.013903896451644464
1507,E/H Wonder Bar (Vanilla),General Grocery,43.25,50.0,42,2100.0,283.5,23,23,12,3.5,8,36,6,0.8571428571428571,3,0.39358447488584475,Medium Moving,Medium Moving,0.0,0.9659696548604747,0.03403034513952535
1649,Motha Custard Powder 100g,General Grocery,68.0,75.0,45,3375.0,315.0,23,22,9,5.0,10,33,12,0.7333333333333333,0,0.3933333333333333,Medium Moving,Medium Moving,0.014333828131838875,0.939534412050822,0.04613175981733915
2281,Red Split Lentils (Cup) 1kg,General Grocery,415.0,440.0,36,15840.0,900.0,21,21,14,2.5714285714285716,6,24,12,0.6666666666666666,23,0.3931506849315068,Medium Moving,Medium Moving,0.0,0.9829722754526062,0.01702772454739381
1607,Gillette Shaving Foam 98g,General Grocery,705.36,790.0,35,27650.0,2962.4,19,19,13,2.6923076923076925,7,19,16,0.5428571428571428,4,0.3926940639269407,Medium Moving,Medium Moving,0.0,0.9383000706257916,0.06169992937420857
2063,Maggi Chicken 73g,"Meat, Fish & Frozen",59.0,65.0,45,2925.0,270.0,19,19,13,3.4615384615384617,9,29,16,0.6444444444444445,6,0.39260273972602744,Medium Moving,Medium Moving,0.0,0.9445538092723456,0.05544619072765466
1217,Flora Toothpicks 200nos,General Grocery,75.0,85.0,42,3570.0,420.0,21,21,13,3.230769230769231,7,27,15,0.6428571428571429,12,0.39151826484018265,Medium Moving,Medium Moving,0.0,1.0,0.0
2286,ProMate (CR160=),General Grocery,192.0,240.0,38,9120.0,1824.0,21,21,12,3.1666666666666665,8,27,11,0.7105263157894737,3,0.39147260273972595,Medium Moving,Medium Moving,0.0,0.9849041095890411,0.015095890410958903
2658,Dettol Hand Sanitiser 50ml,General Grocery,218.17999999999998,240.0,37,8880.0,807.34,21,21,14,2.642857142857143,9,28,9,0.7567567567567568,12,0.39141552511415517,Medium Moving,Medium Moving,0.0,0.9957655825419504,0.004234417458049696
3261,Hit aerosol for cockroaches,General Grocery,600.0,695.0,44,30580.0,4180.0,18,17,10,4.4,8,27,17,0.6136363636363636,15,0.39135844748858445,Medium Moving,Medium Moving,0.0,0.9331932492096578,0.06680675079034223
1634,Ritzbury  Choco-Mo 100g,General Grocery,117.0,130.0,43,5590.0,559.0,21,21,12,3.5833333333333335,6,30,13,0.6976744186046512,15,0.39099315068493146,Medium Moving,Medium Moving,0.0,0.9949284253578732,0.005071574642126789
2501,Magic Fantastick 75ml,General Grocery,65.0,75.0,47,3525.0,470.0,19,19,11,4.2727272727272725,12,37,10,0.7872340425531915,2,0.39094748858447487,Medium Moving,Medium Moving,0.0,0.9566050320033175,0.043394967996682715
1488,Lactogen 2,General Grocery,565.0,580.0,41,23780.0,615.0,18,18,12,3.4166666666666665,7,35,6,0.8536585365853658,26,0.3905707762557078,Medium Moving,Medium Moving,0.0,0.9511868185534427,0.04881318144655745
1739,KIST Mixed Fruit jam 200g,General Grocery,153.0,170.0,39,6630.0,663.0,22,22,15,2.6,10,27,12,0.6923076923076923,90,0.3902853881278539,Medium Moving,Medium Moving,0.0,0.9807655825419502,0.019234417458049696
1365,Mortein Flying Insect Killer 250ml,General Grocery,362.0,385.0,38,14630.0,874.0,19,19,14,2.7142857142857144,5,24,14,0.631578947368421,22,0.39028538812785385,Medium Moving,Medium Moving,0.0,0.9789936262830166,0.021006373716983443
1156,Lifebuoy(Strong&long) 180ml,General Grocery,510.0,520.0,39,20280.0,390.0,20,19,12,3.25,10,20,19,0.5128205128205128,29,0.3899315068493151,Medium Moving,Medium Moving,0.005,0.9754582544029836,0.019541745597016432
2539,BIC Shaving Foam (2in1) 100ml,General Grocery,175.0,195.0,39,7605.0,780.0,20,20,13,3.0,10,31,8,0.7948717948717948,7,0.3897146118721461,Medium Moving,Medium Moving,0.0,0.9957655825419504,0.004234417458049696
2848,Peanuts,General Grocery,170.0,185.0,39,7215.0,585.0,21,20,12,3.25,7,30,9,0.7692307692307693,4,0.3894634703196347,Medium Moving,Medium Moving,0.0,0.9882778521117522,0.01172214788824773
3147,Dona Vita Spaghetti 300g,General Grocery,420.0,440.0,42,18480.0,840.0,17,16,11,3.8181818181818183,8,37,5,0.8809523809523809,3,0.3894406392694064,Medium Moving,Medium Moving,0.0,0.8709098845009138,0.12909011549908622
2146,Litro Gas Accessory Pack,General Grocery,1195.0,1340.0,40,53600.0,5800.0,18,18,12,3.3333333333333335,7,25,15,0.625,85,0.3894178082191781,Medium Moving,Medium Moving,0.0,0.9487932414193228,0.05120675858067737
1942,Harpc & Lysol (promo),General Grocery,350.0,395.0,35,13825.0,1575.0,20,19,13,2.6923076923076925,8,22,13,0.6285714285714286,2,0.3881164383561644,Medium Moving,Medium Moving,0.0,0.8865388520818009,0.11346114791819914
1714,Chicken Family Pack 400g,"Meat, Fish & Frozen",285.0,360.0,40,14400.0,3000.0,19,19,13,3.076923076923077,7,28,12,0.7,33,0.38808219178082193,Medium Moving,Medium Moving,0.0,0.9756303845470977,0.02436961545290227
2038,Raigam Deveni Batha 350g,General Grocery,300.0,330.0,39,12870.0,1170.0,21,20,13,3.0,8,24,15,0.6153846153846154,67,0.38781963470319636,Medium Moving,Medium Moving,0.0,0.9934252542781203,0.006574745721879598
2619,Surf Excel (Aloe vera) 120g,General Grocery,45.45,50.0,44,2200.0,200.2,21,19,12,3.6666666666666665,7,33,11,0.75,6,0.3870319634703196,Medium Moving,Medium Moving,0.0,0.9801641811776177,0.019835818822382265
1773,Keells Chicken Mini-Kievs 12pcs,"Meat, Fish & Frozen",355.0,390.0,34,13260.0,1190.0,21,21,16,2.125,6,24,10,0.7058823529411765,20,0.3869178082191781,Medium Moving,Medium Moving,0.0,0.9442464935525983,0.05575350644740182
2102,BunTalk Rusk 80g,General Grocery,90.0,100.0,42,4200.0,420.0,23,22,13,3.230769230769231,10,27,15,0.6428571428571429,55,0.38690639269406396,Medium Moving,Medium Moving,0.0,1.0,0.0
3090,Kellogg's Muesli Nuts Delight 500g,General Grocery,2552.0,2900.0,36,104400.0,12528.0,18,18,12,3.0,9,22,14,0.6111111111111112,13,0.38679223744292235,Medium Moving,Medium Moving,0.0025357873210633945,0.8866308436554161,0.11083336902352048
1058,Feeding Bottle 120ml (Blue),General Grocery,280.0,295.0,39,11505.0,585.0,21,20,13,3.0,7,32,7,0.8205128205128205,49,0.3864269406392694,Medium Moving,Medium Moving,0.0,1.0,0.0
1273,Kingdo 110g,General Grocery,45.0,50.0,40,2000.0,200.0,19,19,18,2.2222222222222223,5,20,20,0.5,13,0.3857648401826484,Medium Moving,Medium Moving,0.001682496607869742,0.8452544511320369,0.15306305226009337
1231,N/S Body Lotion 50ml (Aloevera),Personal Care,97.75,115.0,40,4600.0,690.0,22,22,14,2.857142857142857,5,25,15,0.625,39,0.3856963470319635,Medium Moving,Medium Moving,0.0,0.9852863981565518,0.014713601843448148
2563,Atlas Binder Glu 200g,Stationery,130.0,150.0,37,5550.0,740.0,22,22,12,3.0833333333333335,9,26,11,0.7027027027027027,1,0.38487442922374426,Medium Moving,Medium Moving,0.0,0.9585555009613325,0.04144449903866757
3106,Janet Pink Petals Deodorant 30ml,General Grocery,500.0,530.0,36,19080.0,1080.0,19,17,13,2.769230769230769,7,20,16,0.5555555555555556,9,0.384703196347032,Medium Moving,Medium Moving,0.0,0.9058071787098296,0.09419282129017051
3036,LifeBuoy BodyWash Stronger Skin  240ml,General Grocery,510.0,520.0,36,18720.0,360.0,19,18,16,2.25,6,18,18,0.5,72,0.3846118721461187,Medium Moving,Medium Moving,0.005063623352725786,0.8464761187025163,0.14846025794475803
2711,Atlas Highlighter Pen (Green),Stationery,46.41,65.0,45,2925.0,836.55,25,25,12,3.75,9,39,6,0.8666666666666667,205,0.3845091324200913,Medium Moving,Medium Moving,0.0,0.835251231804251,0.1647487681957491
2708,Silicon Teat (L),General Grocery,105.0,120.0,42,5040.0,630.0,19,19,14,3.0,6,24,18,0.5714285714285714,23,0.38445205479452055,Medium Moving,Medium Moving,0.0,0.9806757272497232,0.019324272750276837
1975,Edinborough Mayonnaise350g,General Grocery,385.0,395.0,36,14220.0,360.0,22,22,14,2.5714285714285716,6,22,14,0.6111111111111112,111,0.3842237442922374,Medium Moving,Medium Moving,0.0,0.9305600575284738,0.06943994247152627
2488,Ritzbury Pebbles 8g,General Grocery,9.0,10.0,45,450.0,45.0,21,21,13,3.4615384615384617,12,35,10,0.7777777777777778,14,0.38418949771689503,Medium Moving,Medium Moving,0.0,0.8848803336738559,0.11511966632614429
2238,Siddhalepa Batu Oil 30ml,Health & Medicine,100.0,115.0,79,9085.0,1185.0,15,13,8,9.875,27,73,6,0.9240506329113924,36,0.3840068493150685,Medium Moving,Medium Moving,0.0,0.9536255641193815,0.0463744358806186
2412,Camellia Parfum (Romantic) 22ml,General Grocery,161.5,190.0,36,6840.0,1026.0,23,23,14,2.5714285714285716,7,25,11,0.6944444444444444,15,0.3838698630136986,Medium Moving,Medium Moving,0.0,0.9573369659734852,0.042663034026514966
1612,Bic Sensitive 1,General Grocery,41.0,45.0,40,1800.0,160.0,21,21,14,2.857142857142857,7,33,7,0.825,7,0.3836643835616438,Medium Moving,Medium Moving,0.0025357873210633945,0.9570586186943788,0.040405593984557724
1954,MD Pineapple Jam 150g,General Grocery,218.18,240.0,42,10080.0,916.4399999999999,18,18,13,3.230769230769231,9,36,6,0.8571428571428571,25,0.3832648401826484,Medium Moving,Medium Moving,0.0,0.9679610405809446,0.03203895941905533
2381,Red Bull (Suger Free)250ml,General Grocery,758.68,900.0,35,31500.0,4946.2,20,20,13,2.6923076923076925,7,27,8,0.7714285714285715,27,0.38229452054794516,Medium Moving,Medium Moving,0.0,0.932473904612938,0.06752609538706221
2522,Denta Comfort (Medium),General Grocery,52.8,60.0,44,2640.0,316.8,23,23,12,3.6666666666666665,6,29,15,0.6590909090909091,27,0.3822602739726027,Medium Moving,Medium Moving,0.0,0.995,0.005
2283,ProMate (CR80#),General Grocery,104.0,130.0,39,5070.0,1014.0,19,19,15,2.6,6,20,19,0.5128205128205128,11,0.3817808219178082,Medium Moving,Medium Moving,0.0,0.960566761194372,0.03943323880562806
1210,Flora Facial Tissue 160s,General Grocery,404.0,475.0,40,19000.0,2840.0,20,19,11,3.6363636363636362,13,25,15,0.625,31,0.3817465753424658,Medium Moving,Medium Moving,0.0,0.9776597501510469,0.022340249848952994
2087,Elephant House Necto 500ml,General Grocery,180.0,200.0,41,8200.0,820.0,19,19,12,3.4166666666666665,10,23,18,0.5609756097560976,10,0.3809474885844749,Medium Moving,Medium Moving,0.0,0.9680945972260343,0.03190540277396567
1036,Baby Cheramy Baby Talc 100g,Baby & Kids,92.0,105.0,40,4200.0,520.0,24,23,11,3.6363636363636362,11,29,11,0.725,6,0.3804337899543379,Medium Moving,Medium Moving,0.0,0.9389234394673717,0.06107656053262823
1765,Keells Chicken Meatballs 100g,"Meat, Fish & Frozen",88.0,110.0,41,4510.0,902.0,21,21,12,3.4166666666666665,10,32,9,0.7804878048780488,11,0.38031963470319635,Medium Moving,Medium Moving,0.0,0.9873290146840838,0.012670985315915968
3067,MD Strawberry Melon Jam 500g,General Grocery,580.0,600.0,36,21600.0,720.0,20,20,13,2.769230769230769,5,21,15,0.5833333333333334,33,0.3802739726027397,Medium Moving,Medium Moving,0.0,0.9678191868909685,0.032180813109031585
1708,Hair Care Cool 100ml,Personal Care,315.0,350.0,37,12950.0,1295.0,21,21,13,2.8461538461538463,7,23,14,0.6216216216216216,35,0.38010273972602737,Medium Moving,Medium Moving,0.0,0.9874642126789365,0.012535787321063394
2244,Siddhalepa Sarwavishadi Oil 30ml,Health & Medicine,115.0,130.0,61,7930.0,915.0,14,13,12,5.083333333333333,16,50,11,0.819672131147541,22,0.38003424657534246,Medium Moving,Medium Moving,0.0,0.9294730703870542,0.07052692961294593
2177,Wijaya Roasted Chilly Powder 100g,General Grocery,115.0,128.0,40,5120.0,520.0,21,21,14,2.857142857142857,5,11,29,0.275,51,0.3797260273972602,Medium Moving,Medium Moving,0.0,0.9087939234560711,0.09120607654392897
2239,Siddhalepa Ghee Oil 30ml,Health & Medicine,115.0,130.0,59,7670.0,885.0,15,15,12,4.916666666666667,15,40,19,0.6779661016949152,29,0.37961187214611875,Medium Moving,Medium Moving,0.004234417458049696,0.941296688008127,0.054468894533823156
2812,Whisper Ultra XL+ 15s,General Grocery,401.79,450.0,37,16650.0,1783.77,20,20,11,3.3636363636363638,9,29,8,0.7837837837837838,5,0.37925799086757994,Medium Moving,Medium Moving,0.0,0.9535082420880377,0.04649175791196223
2295,Atlas Square Ruled Book 120page,Stationery,59.5,70.0,39,2730.0,409.5,24,23,13,3.0,6,28,11,0.717948717948718,14,0.37909817351598174,Medium Moving,Medium Moving,0.0,0.985,0.015
1034,Sudantha 80g,General Grocery,91.0,100.0,35,3500.0,315.0,23,23,14,2.5,6,28,7,0.8,2,0.3790753424657534,Medium Moving,Medium Moving,0.0,0.9393647855145844,0.06063521448541561
1625,Choco-La Kiddies 30g,General Grocery,27.0,30.0,42,1260.0,126.0,20,20,13,3.230769230769231,12,17,25,0.40476190476190477,5,0.37831050228310503,Medium Moving,Medium Moving,0.008011067204242588,0.8914395573066973,0.10054937548906015
1197,Eva Cotton Feel Wings 20p,General Grocery,262.22,295.0,36,10620.0,1180.08,19,19,17,2.1176470588235294,6,24,12,0.6666666666666666,35,0.3781164383561644,Medium Moving,Medium Moving,0.0,0.9218563812496747,0.07814361875032538
2235,Siddhalepa Castor Oil 30ml,Health & Medicine,90.0,110.0,61,6710.0,1220.0,15,15,12,5.083333333333333,10,42,19,0.6885245901639344,52,0.3762557077625571,Medium Moving,Medium Moving,0.0025357873210633945,0.8866563900533043,0.11080782262563227
2520,BIC Chrome Platinum 1Blade,General Grocery,18.75,25.0,40,1000.0,250.0,22,21,15,2.6666666666666665,8,29,11,0.725,27,0.3758561643835616,Medium Moving,Medium Moving,0.0,0.9604002423930893,0.039599757606910486
1788,Asiri Salted Peanuts 90g,General Grocery,96.0,120.0,45,5400.0,1080.0,17,17,15,3.0,5,25,20,0.5555555555555556,60,0.37577625570776263,Medium Moving,Medium Moving,0.0,0.7966951630181173,0.2033048369818829
1953,MD Strawberry Jam 300g,General Grocery,209.1,250.0,37,9250.0,1513.3,19,19,13,2.8461538461538463,7,22,15,0.5945945945945946,6,0.375662100456621,Medium Moving,Medium Moving,0.0,0.9932377465102878,0.006762253489712087
1511,E/H Choco Knight,General Grocery,52.0,60.0,44,2640.0,352.0,19,18,13,3.3846153846153846,6,30,14,0.6818181818181818,15,0.3756050228310502,Medium Moving,Medium Moving,0.0,0.9032075251804873,0.0967924748195128
2236,Siddhalepa Pas Oil 30ml,Health & Medicine,65.0,75.0,63,4725.0,630.0,17,17,10,6.3,14,50,13,0.7936507936507936,38,0.375,Medium Moving,Medium Moving,0.0016986301369863012,0.8470935007813423,0.15120786908167158
1392,Vicks VapoRub 10ml,General Grocery,90.0,100.0,41,4100.0,410.0,20,20,14,2.9285714285714284,7,24,17,0.5853658536585366,51,0.3740639269406393,Medium Moving,Medium Moving,0.0,0.9898648020051475,0.010135197994852574
2426,paper,General Grocery,10.0,15.0,36,540.0,180.0,22,22,15,2.4,8,24,12,0.6666666666666666,2,0.37366438356164383,Medium Moving,Medium Moving,0.0025357873210633945,0.843970520462047,0.1534936922168893
2977,Oie Zingo 400ml,General Grocery,130.0,150.0,42,6300.0,840.0,17,17,15,2.8,7,32,10,0.7619047619047619,31,0.3733333333333334,Medium Moving,Medium Moving,0.0,0.910886740258985,0.08911325974101512
2182,Wijaya Coriander Seeds 50g,General Grocery,33.0,38.0,44,1672.0,220.0,19,19,13,3.3846153846153846,9,34,10,0.7727272727272727,10,0.37304794520547946,Medium Moving,Medium Moving,0.0,0.9325879610483625,0.06741203895163754
3240,Spanish Blackn Olives 450g,General Grocery,1400.0,1480.0,35,51800.0,2800.0,17,17,13,2.6923076923076925,5,21,14,0.6,11,0.37234018264840185,Medium Moving,Medium Moving,0.0,0.8361153675842741,0.163884632415726
2447,Keels Frankie (Cheesy Blast)100g,General Grocery,171.0,200.0,40,8000.0,1160.0,20,19,13,3.076923076923077,6,30,10,0.75,137,0.3715296803652968,Medium Moving,Medium Moving,0.0,0.9538387630944429,0.046161236905557027
2612,Lysol (Citrus) 500ml,General Grocery,300.0,335.0,41,13735.0,1435.0,17,15,12,3.4166666666666665,6,31,10,0.7560975609756098,15,0.3714155251141552,Medium Moving,Medium Moving,0.0,0.8811536860900556,0.1188463139099444
2305,Atlas CR Book Square Ruled (160p),Stationery,165.0,195.0,40,7800.0,1200.0,20,18,11,3.6363636363636362,8,25,15,0.625,9,0.3711301369863014,Medium Moving,Medium Moving,0.0,0.8399456236458019,0.16005437635419792
2337,Hopper Mixture 400g,General Grocery,127.21999999999998,150.0,44,6600.0,1002.32,19,19,12,3.6666666666666665,10,31,13,0.7045454545454546,46,0.37094748858447485,Medium Moving,Medium Moving,0.0,0.9725961267983212,0.02740387320167878
2296,Atlas Square Ruled Book 160page,Stationery,73.0,85.0,38,3230.0,456.0,22,20,14,2.7142857142857144,10,31,7,0.8157894736842105,25,0.3706392694063927,Medium Moving,Medium Moving,0.0,0.9723210633946832,0.027678936605316968
1371,Mortein Mosquito Control Liquid+Machine,General Grocery,750.0,830.0,35,29050.0,2800.0,19,18,11,3.1818181818181817,6,27,8,0.7714285714285715,4,0.3706050228310503,Medium Moving,Medium Moving,0.0,0.8756512567655343,0.12434874323446557
1180,Smart Pants (Softlove) 1pcs /L,General Grocery,40.0,45.0,37,1665.0,185.0,20,20,15,2.466666666666667,4,24,13,0.6486486486486487,3,0.37041095890410963,Medium Moving,Medium Moving,0.0,0.8341009712346219,0.16589902876537774
1594,Medi Safe Hand Sanitizer 50ml,General Grocery,160.0,180.0,37,6660.0,740.0,20,20,13,2.8461538461538463,8,26,11,0.7027027027027027,9,0.37025114155251143,Medium Moving,Medium Moving,0.0,0.9821430695579301,0.017856930442069898
2921,Rollz Vanilla Flavoured 100g,General Grocery,270.0,300.0,35,10500.0,1050.0,21,21,13,2.6923076923076925,7,31,4,0.8857142857142857,13,0.3701027397260274,Medium Moving,Medium Moving,0.0,0.864141021132879,0.13585897886712095
3235,Sandani Gingelly Rolls 10 pieces,General Grocery,250.0,275.0,34,9350.0,850.0,21,20,16,2.125,6,22,12,0.6470588235294118,32,0.37,Medium Moving,Medium Moving,0.0,0.9349757838192128,0.06502421618078741
1127,Vaseline Deep 100ml,General Grocery,371.17,425.0,39,16575.0,2099.37,19,19,12,3.25,6,26,13,0.6666666666666666,51,0.36999999999999994,Medium Moving,Medium Moving,0.0,0.9840276448210703,0.015972355178929667
2566,Atlas Glu Liquid 20ml,Stationery,16.0,20.0,46,920.0,184.0,20,20,10,4.6,10,36,10,0.782608695652174,1,0.3699771689497717,Medium Moving,Medium Moving,0.005071574642126789,0.8943082665446359,0.10062015881323734
2346,Knorr Chicken Cubes 10g,"Meat, Fish & Frozen",50.0,60.0,40,2400.0,400.0,20,20,14,2.857142857142857,9,17,23,0.425,19,0.36932648401826484,Medium Moving,Medium Moving,0.0,0.9185942353909003,0.08140576460909944
1849,CBL Tifin Onion  125g,General Grocery,90.0,100.0,37,3700.0,370.0,20,20,14,2.642857142857143,7,26,11,0.7027027027027027,8,0.3684132420091324,Medium Moving,Medium Moving,0.0,0.9869889327957576,0.013011067204242588
1009,Signal 123 70g,General Grocery,90.0,100.0,33,3300.0,330.0,22,21,15,2.2,5,22,11,0.6666666666666666,2,0.36825342465753425,Medium Moving,Medium Moving,0.0,0.8342688983275647,0.16573110167243513
3172,Comfort Morning Fresh 54ml,General Grocery,70.0,80.0,34,2720.0,340.0,22,21,14,2.4285714285714284,6,27,7,0.7941176470588235,1,0.36792237442922376,Medium Moving,Medium Moving,0.0,0.8804871102725997,0.11951288972740053
2352,Dunhill Switch 1s,General Grocery,91.0,95.0,41,3895.0,164.0,22,22,12,3.4166666666666665,7,32,9,0.7804878048780488,41,0.3678196347031964,Medium Moving,Medium Moving,0.005689375506893754,0.9552282576688644,0.039082366824241946
2756,AXE Deodorant Bodyspray 150ml,General Grocery,619.76,740.0,37,27380.0,4448.88,17,17,13,2.8461538461538463,7,28,9,0.7567567567567568,27,0.36755707762557077,Medium Moving,Medium Moving,0.0,0.8864634009343924,0.11353659906560763
1173,Lifebuoy Bodywash (Charcoal)100ml,General Grocery,90.0,99.0,37,3663.0,333.0,19,19,13,2.8461538461538463,6,25,12,0.6756756756756757,1,0.36659817351598173,Medium Moving,Medium Moving,0.0,0.9323976108464701,0.06760238915352987
1771,Keells Cheeesy Blast 170g,General Grocery,265.0,300.0,39,11700.0,1365.0,17,16,12,3.25,7,32,7,0.8205128205128205,5,0.36607305936073053,Medium Moving,Medium Moving,0.0,0.852174236801909,0.14782576319809118
2673,Mr' Pop Snacks 25g,General Grocery,40.0,50.0,44,2200.0,440.0,21,20,10,4.4,10,35,9,0.7954545454545454,4,0.36602739726027395,Medium Moving,Medium Moving,0.0,0.9129673675595278,0.0870326324404722
1256,Champion (Red Energy) 90g,General Grocery,51.88,60.0,35,2100.0,284.2,25,25,16,2.1875,8,25,10,0.7142857142857143,20,0.36599315068493155,Medium Moving,Medium Moving,0.0,0.885846650103173,0.11415334989682684
1725,LankaSoy (chicken)90g,"Meat, Fish & Frozen",75.0,85.0,38,3230.0,380.0,21,20,15,2.533333333333333,7,21,17,0.5526315789473685,46,0.3654337899543379,Medium Moving,Medium Moving,0.0,0.9717691326059671,0.028230867394033035
2680,Vaseline Aloe 100ml,General Grocery,410.0,425.0,41,17425.0,615.0,17,17,12,3.4166666666666665,7,25,16,0.6097560975609756,44,0.365296803652968,Medium Moving,Medium Moving,0.0,0.9043531990161849,0.09564680098381513
2521,Denta Comfort (Soft),General Grocery,52.8,60.0,37,2220.0,266.4,21,20,13,2.8461538461538463,7,23,14,0.6216216216216216,3,0.3650342465753424,Medium Moving,Medium Moving,0.0,0.9203169139080739,0.07968308609192587
2090,Elephant House Orange Crush 500ml,General Grocery,180.0,200.0,39,7800.0,780.0,17,17,14,2.7857142857142856,7,24,15,0.6153846153846154,13,0.3646575342465753,Medium Moving,Medium Moving,0.0,0.8910939964294878,0.10890600357051211
2573,Adhesive Tape 2'' (brown),General Grocery,50.0,80.0,41,3280.0,1230.0,19,19,13,3.1538461538461537,9,34,7,0.8292682926829268,17,0.36461187214611873,Medium Moving,Medium Moving,0.004022708840227088,0.9605895880855674,0.03538770307420571
1798,Asiri Plums 100g,General Grocery,112.0,140.0,43,6020.0,1204.0,19,18,11,3.909090909090909,11,37,6,0.8604651162790697,17,0.36455479452054795,Medium Moving,Medium Moving,0.0,0.9024897208251872,0.09751027917481288
1858,CBL Tikiri Marie 80g,General Grocery,39.38,45.0,38,1710.0,213.56,20,20,16,2.375,5,28,10,0.7368421052631579,18,0.364189497716895,Medium Moving,Medium Moving,0.0,0.9488642583499253,0.05113574165007513
2085,Elephant House Soda 1.5L,General Grocery,225.0,250.0,37,9250.0,925.0,17,17,12,3.0833333333333335,6,21,16,0.5675675675675675,0,0.36319634703196346,Medium Moving,Medium Moving,0.0,0.8066987396273063,0.193301260372694
2185,Wijaya Sago 100g,General Grocery,42.0,50.0,40,2000.0,320.0,20,19,12,3.3333333333333335,8,27,13,0.675,4,0.36248858447488586,Medium Moving,Medium Moving,0.0,0.9412300059992903,0.058769994000709834
1785,Asiri Ddevilled Peanuts 75g,General Grocery,96.0,120.0,40,4800.0,960.0,18,16,14,2.857142857142857,7,31,9,0.775,24,0.36226027397260274,Medium Moving,Medium Moving,0.0,0.8086090184031872,0.1913909815968129
1742,KIST Woodapple jam 300g,General Grocery,200.0,220.0,36,7920.0,720.0,17,17,13,2.769230769230769,7,26,10,0.7222222222222222,0,0.36226027397260274,Medium Moving,Medium Moving,0.0,0.5975234896483456,0.4024765103516545
1192,Pampers Pants 4 / L,General Grocery,215.0,240.0,43,10320.0,1075.0,21,19,9,4.777777777777778,9,40,3,0.9302325581395349,41,0.36203196347031963,Medium Moving,Medium Moving,0.0016986301369863012,0.9216510352086932,0.07665033465432072
2627,Comfort Morning Fresh 220ml,General Grocery,245.0,285.0,36,10260.0,1440.0,19,19,13,2.769230769230769,5,26,10,0.7222222222222222,14,0.36181506849315065,Medium Moving,Medium Moving,0.0,0.9363754232864914,0.06362457671350867
1205,Whisper Regular flow 20p,General Grocery,325.0,360.0,34,12240.0,1190.0,18,18,14,2.4285714285714284,5,25,9,0.7352941176470589,6,0.3610159817351598,Medium Moving,Medium Moving,0.0,0.6594007408218951,0.3405992591781052
1514,E/H 2 Bar,General Grocery,26.0,30.0,38,1140.0,152.0,21,20,12,3.1666666666666665,11,28,10,0.7368421052631579,1,0.3607762557077625,Medium Moving,Medium Moving,0.0,0.9243056702352257,0.07569432976477426
2054,Kelloggs Corn flakes 120g,General Grocery,300.0,330.0,41,13530.0,1230.0,18,18,11,3.727272727272727,9,34,7,0.8292682926829268,33,0.36039954337899544,Medium Moving,Medium Moving,0.0,0.9621643162050595,0.03783568379494057
3082,Lovely Paper Serviettes 100sheets,General Grocery,280.0,295.0,39,11505.0,585.0,17,17,13,3.0,9,31,8,0.7948717948717948,23,0.3595091324200913,Medium Moving,Medium Moving,0.0,0.8782333149429284,0.12176668505707132
2720,Glucorasa Jujubes 40g,General Grocery,42.5,55.0,37,2035.0,462.5,20,18,13,2.8461538461538463,9,27,10,0.7297297297297297,2,0.3594634703196347,Medium Moving,Medium Moving,0.0,0.8344087924195263,0.1655912075804736
1272,Lifebuoy Total 10 50g,General Grocery,28.0,32.0,40,1280.0,160.0,19,19,14,2.857142857142857,6,20,20,0.5,12,0.35920091324200915,Medium Moving,Medium Moving,0.0,0.8682753592494521,0.13172464075054777
2554,AURA Incense Sticks (Rose),General Grocery,80.0,100.0,38,3800.0,760.0,21,20,13,2.923076923076923,7,32,6,0.8421052631578947,26,0.35863013698630136,Medium Moving,Medium Moving,0.0,0.9606940078998235,0.03930599210017648
3178,HyFum French Fries 1kg,General Grocery,1400.0,1600.0,36,57600.0,7200.0,16,16,12,3.0,7,23,13,0.6388888888888888,12,0.35841324200913244,Medium Moving,Medium Moving,0.0,0.8005639972343613,0.19943600276563864
1414,Tipi Tip Onion 13g,General Grocery,35.0,40.0,48,1920.0,240.0,21,21,10,4.8,13,33,15,0.6875,31,0.3578652968036529,Medium Moving,Medium Moving,0.0016986301369863012,0.9701850951458233,0.028116274717190585
2562,Atlas Binder Glu 100g,Stationery,70.0,85.0,41,3485.0,615.0,19,19,12,3.4166666666666665,8,35,6,0.8536585365853658,14,0.35763698630136986,Medium Moving,Medium Moving,0.0,0.8986126005791933,0.10138739942080673
1349,Air Wick Green Apple 475ml,General Grocery,350.0,380.0,32,12160.0,960.0,20,20,15,2.1333333333333333,5,19,13,0.59375,23,0.35641552511415525,Medium Moving,Medium Moving,0.0,0.8224980691296463,0.17750193087035374
3255,Jack Mackerel,General Grocery,480.0,560.0,34,19040.0,2720.0,16,16,15,2.2666666666666666,5,22,12,0.6470588235294118,7,0.3561529680365297,Medium Moving,Medium Moving,0.0,0.6668612781972587,0.3331387218027413
2686,Glucose-D,General Grocery,60.0,70.0,39,2730.0,390.0,20,20,14,2.7857142857142856,11,27,12,0.6923076923076923,40,0.35613013698630136,Medium Moving,Medium Moving,0.0,0.9916027397260274,0.008397260273972602
2904,Prima Sunrise Top(350g 4slices more),General Grocery,207.0,230.0,41,9430.0,943.0,18,18,9,4.555555555555555,10,32,9,0.7804878048780488,2,0.35606164383561645,Medium Moving,Medium Moving,0.0,0.8584779328181381,0.14152206718186214
3248,Edinborouah Mango Chutney 885g,General Grocery,1000.0,1050.0,32,33600.0,1600.0,20,19,12,2.6666666666666665,5,23,9,0.71875,22,0.35531963470319633,Medium Moving,Medium Moving,0.0,0.8059394942602716,0.19406050573972858
1311,BIO Clean (Floral) 500ml,General Grocery,204.55,225.0,38,8550.0,777.1,17,17,15,2.533333333333333,9,27,11,0.7105263157894737,38,0.3544406392694064,Medium Moving,Medium Moving,0.0,0.8250751480489181,0.17492485195108182
3141,Strepsils Original 24 Lozenges,General Grocery,700.0,720.0,33,23760.0,660.0,20,20,12,2.75,5,20,13,0.6060606060606061,24,0.3543264840182649,Medium Moving,Medium Moving,0.0,0.8757258446053077,0.12427415539469248
3095,Pahanthira,General Grocery,40.0,50.0,39,1950.0,390.0,18,17,13,3.0,8,25,14,0.6410256410256411,2,0.35426940639269405,Medium Moving,Medium Moving,0.0,0.7069314131217174,0.29306858687828263
2385,Snickers 50g,General Grocery,167.07,230.0,35,8050.0,2202.55,19,19,13,2.6923076923076925,5,26,9,0.7428571428571429,7,0.3541780821917809,Medium Moving,Medium Moving,0.0,0.8465936008929065,0.1534063991070933
2831,P.Baby (Aloevera) 100ml,Baby & Kids,150.0,170.0,34,5780.0,680.0,25,24,14,2.4285714285714284,6,20,14,0.5882352941176471,69,0.3540182648401826,Medium Moving,Medium Moving,0.0,0.8979205821362988,0.10207941786370155
2153,Singer AAA 1.5V,General Grocery,39.0,45.0,38,1710.0,228.0,22,22,14,2.7142857142857144,8,28,10,0.7368421052631579,47,0.3536986301369863,Medium Moving,Medium Moving,0.0,0.9827867823959409,0.017213217604059167
1347,Dettol (Original) 110g,General Grocery,70.0,78.0,39,3042.0,312.0,21,21,13,3.0,5,29,10,0.7435897435897436,55,0.3531392694063927,Medium Moving,Medium Moving,0.0,0.9517562643362183,0.04824373566378173
1979,Edinborough Oyster Sauce385g,General Grocery,340.0,350.0,41,14350.0,410.0,17,17,10,4.1,9,23,18,0.5609756097560976,10,0.3528082191780822,Medium Moving,Medium Moving,0.0,0.8210249256918546,0.1789750743081455
1360,aer Pocket (berry) 10g,General Grocery,140.0,150.0,37,5550.0,370.0,18,18,14,2.642857142857143,7,25,12,0.6756756756756757,14,0.3528082191780822,Medium Moving,Medium Moving,0.0,0.73138295264796,0.2686170473520401
1203,Fems Superior 8p,General Grocery,151.1,170.0,39,6630.0,737.1,18,17,13,3.0,7,23,16,0.5897435897435898,28,0.3520776255707762,Medium Moving,Medium Moving,0.0,0.9059721590242819,0.09402784097571805
1123,Vaseline Cocoa 100ml,General Grocery,810.0,820.0,31,25420.0,310.0,18,17,12,2.5833333333333335,5,17,14,0.5483870967741935,1,0.35174657534246573,Medium Moving,Medium Moving,0.0,0.5557811860610248,0.44421881393897533
2897,MD Woodapple jam 150g,General Grocery,218.18,240.0,38,9120.0,829.16,20,19,12,3.1666666666666665,8,23,15,0.6052631578947368,104,0.3516780821917808,Medium Moving,Medium Moving,0.0,0.9367930945855351,0.06320690541446489
2343,Maliban Chick Bits 30g,General Grocery,27.0,30.0,40,1200.0,120.0,17,17,13,3.076923076923077,6,19,21,0.475,1,0.3496461187214612,Medium Moving,Medium Moving,0.0,0.7160954985352888,0.28390450146471113
2712,Atlas Highlighter Pen (Orange),Stationery,46.41,65.0,40,2600.0,743.6,20,20,13,3.076923076923077,6,30,10,0.75,56,0.34957762557077626,Medium Moving,Medium Moving,0.0,0.9593039243841761,0.04069607561582376
1257,ayush Aloevera 100g,General Grocery,68.0,75.0,40,3000.0,280.0,18,18,13,3.076923076923077,9,32,8,0.8,15,0.34937214611872147,Medium Moving,Medium Moving,0.0,0.7552616544734319,0.24473834552656812
2463,Atlas Precise Ruler 12'',Stationery,70.0,80.0,37,2960.0,370.0,20,20,14,2.642857142857143,7,25,12,0.6756756756756757,28,0.34876712328767123,Medium Moving,Medium Moving,0.0,0.9498031669839717,0.05019683301602834
3102,Playing cards Plastic Coated,General Grocery,200.0,250.0,38,9500.0,1900.0,18,18,12,3.1666666666666665,6,31,7,0.8157894736842105,22,0.34819634703196345,Medium Moving,Medium Moving,0.0,0.8593580429454485,0.14064195705455154
1015,Closeup Black 120g,General Grocery,152.0,165.0,36,5940.0,468.0,19,19,13,2.769230769230769,5,28,8,0.7777777777777778,13,0.34754566210045656,Medium Moving,Medium Moving,0.0,0.7969193029400479,0.2030806970599522
2427,Disposable Protective Masks 1pcs,General Grocery,8.0,15.0,38,570.0,266.0,19,19,13,2.923076923076923,6,24,14,0.631578947368421,3,0.3471118721461187,Medium Moving,Medium Moving,0.0,0.8484055441223384,0.1515944558776617
2597,Kellogg's Corn Flakes 250g,General Grocery,440.0,500.0,35,17500.0,2100.0,19,19,12,2.9166666666666665,5,15,20,0.42857142857142855,34,0.34676940639269405,Medium Moving,Medium Moving,0.0,0.8639935934560277,0.13600640654397267
1054,Feeding Bottle 240ml (Blue),General Grocery,290.0,315.0,38,11970.0,950.0,17,16,11,3.4545454545454546,9,36,2,0.9473684210526315,6,0.34657534246575344,Medium Moving,Medium Moving,0.0,0.7393900266873803,0.26060997331261987
1755,Pedigree (Puppy) 400g,General Grocery,342.93,390.0,34,13260.0,1600.38,17,17,13,2.6153846153846154,7,22,12,0.6470588235294118,4,0.346472602739726,Medium Moving,Medium Moving,0.0,0.7230318015925572,0.27696819840744286
2829,Lux Jasmine 100g,General Grocery,72.0,80.0,35,2800.0,280.0,21,21,15,2.3333333333333335,7,23,12,0.6571428571428571,27,0.3463698630136986,Medium Moving,Medium Moving,0.0,0.8641197762978072,0.13588022370219288
2098,Marmite 55g,General Grocery,186.91,200.0,32,6400.0,418.88,21,21,15,2.1333333333333333,6,20,12,0.625,23,0.3457305936073059,Medium Moving,Medium Moving,0.0,0.724639857002983,0.2753601429970173
1201,Fems Ultra Dry 10p,General Grocery,142.22,160.0,38,6080.0,675.6400000000001,16,16,12,3.1666666666666665,7,20,18,0.5263157894736842,0,0.34571917808219177,Medium Moving,Medium Moving,0.0,0.6194525253418669,0.38054747465813316
1473,Nescafe Classic 50g,General Grocery,800.0,840.0,33,27720.0,1320.0,17,16,12,2.75,5,20,13,0.6060606060606061,6,0.34558219178082195,Medium Moving,Medium Moving,0.0,0.6471239269425547,0.35287607305744545
2811,Whisper Ultra XL 15s,General Grocery,348.21,390.0,36,14040.0,1504.44,19,18,12,3.0,6,28,8,0.7777777777777778,53,0.3451598173515982,Medium Moving,Medium Moving,0.0,0.8746227619482204,0.12537723805177975
1467,Nestomalt  600g,General Grocery,496.69,525.0,35,18375.0,990.85,16,16,12,2.9166666666666665,8,27,8,0.7714285714285715,2,0.34478310502283105,Medium Moving,Medium Moving,0.0,0.6306063478308659,0.3693936521691343
1848,CBL Tifin Original  125g,General Grocery,90.0,100.0,34,3400.0,340.0,20,20,17,2.0,5,23,11,0.6764705882352942,30,0.3446917808219178,Medium Moving,Medium Moving,0.0,0.8482450487280105,0.15175495127198935
2119,Rexona Powder Dry Whitening 50ml,General Grocery,376.88,450.0,33,14850.0,2412.96,18,18,14,2.357142857142857,4,20,13,0.6060606060606061,24,0.34458904109589045,Medium Moving,Medium Moving,0.0,0.7005223531963811,0.29947764680361905
2965,Elephant House Orange Crush 1.5L,General Grocery,380.0,400.0,35,14000.0,700.0,17,17,13,2.6923076923076925,6,23,12,0.6571428571428571,11,0.34450913242009135,Medium Moving,Medium Moving,0.0,0.7637350326881108,0.2362649673118895
3010,Sun crush Grapee Fizz 250ml,General Grocery,140.0,150.0,39,5850.0,390.0,18,18,13,3.0,7,29,10,0.7435897435897436,43,0.3440068493150685,Medium Moving,Medium Moving,0.0,0.729643110552294,0.27035688944770636
1550,Yaha Posha 200g,General Grocery,170.0,185.0,35,6475.0,525.0,20,20,14,2.5,5,22,13,0.6285714285714286,46,0.34394977168949775,Medium Moving,Medium Moving,0.0,0.9135206931631626,0.08647930683683759
1970,Mity Mushrooms425g,General Grocery,305.0,370.0,35,12950.0,2275.0,18,18,12,2.9166666666666665,6,24,11,0.6857142857142857,10,0.34359589041095895,Medium Moving,Medium Moving,0.0,0.7768556540040408,0.22314434599595942
1324,Lysol Jasmine 500ml,General Grocery,200.0,230.0,33,7590.0,990.0,19,19,12,2.75,6,19,14,0.5757575757575758,1,0.34328767123287673,Medium Moving,Medium Moving,0.0,0.6913911973640904,0.30860880263590973
1925,Surf excel Hygienic 30g,General Grocery,9.0,10.0,42,420.0,42.0,21,21,11,3.8181818181818183,11,19,23,0.4523809523809524,23,0.34289954337899536,Medium Moving,Medium Moving,0.0,0.8720339432862977,0.12796605671370195
2201,Aji-No-Moto 35g,General Grocery,67.0,75.0,41,3075.0,328.0,17,17,13,3.1538461538461537,7,22,19,0.5365853658536586,18,0.3426712328767123,Medium Moving,Medium Moving,0.0,0.793692119515492,0.20630788048450832
1241,Rexona Powder Dry 25ml,General Grocery,225.0,250.0,38,9500.0,950.0,19,19,11,3.4545454545454546,7,22,16,0.5789473684210527,26,0.3426141552511416,Medium Moving,Medium Moving,0.0,0.933834456459801,0.06616554354019905
1236,Dandex Nourished Shine 40ml,General Grocery,45.0,65.0,39,2535.0,780.0,18,17,13,3.0,7,19,20,0.48717948717948717,12,0.3423744292237443,Medium Moving,Medium Moving,0.0,0.8287719025918799,0.17122809740812028
1813,SCAN Jumbo Peanut 150g,General Grocery,279.0,310.0,35,10850.0,1085.0,19,18,12,2.9166666666666665,6,28,7,0.8,17,0.3421004566210046,Medium Moving,Medium Moving,0.0,0.8585507074667368,0.14144929253326338
2154,Singer R20P 1.5v,General Grocery,90.0,110.0,40,4400.0,800.0,18,17,13,3.076923076923077,9,22,18,0.55,64,0.3418264840182649,Medium Moving,Medium Moving,0.0,0.7926708024936289,0.20732919750637108
1011,Closeup Red 30g,General Grocery,50.0,55.0,36,1980.0,180.0,22,20,11,3.272727272727273,10,26,10,0.7222222222222222,2,0.34163242009132416,Medium Moving,Medium Moving,0.0,0.7577743235561742,0.2422256764438259
1920,Surf excel (Aloevera) 250g,General Grocery,90.0,99.0,37,3663.0,333.0,22,22,12,3.0833333333333335,10,29,8,0.7837837837837838,43,0.34133561643835614,Medium Moving,Medium Moving,0.0,0.9243040360409733,0.07569596395902654
1779,Keells French-Fries 500g,General Grocery,430.0,550.0,33,18150.0,3960.0,18,18,12,2.75,9,28,5,0.8484848484848485,10,0.3402853881278539,Medium Moving,Medium Moving,0.0,0.7120405086443243,0.28795949135567583
3028,Rexona Powder Dry 72H 50ml,General Grocery,840.0,850.0,31,26350.0,310.0,20,20,11,2.8181818181818183,6,24,7,0.7741935483870968,9,0.3402054794520548,Medium Moving,Medium Moving,0.008115305059042439,0.6531798670481994,0.3387048278927582
2969,Mirinda 400ml,General Grocery,180.0,200.0,35,7000.0,700.0,18,18,14,2.5,6,19,16,0.5428571428571428,18,0.3398173515981735,Medium Moving,Medium Moving,0.0,0.5815428217990112,0.4184571782009888
2209,Amritha Incense Sticks (sandalwood),General Grocery,85.0,100.0,37,3700.0,555.0,19,19,14,2.642857142857143,7,29,8,0.7837837837837838,53,0.338824200913242,Medium Moving,Medium Moving,0.0,0.9115080704341071,0.08849192956589294
3185,Comfort Lily Fresh 860ml,General Grocery,1100.0,1160.0,37,42920.0,2220.0,14,13,11,3.3636363636363638,5,20,17,0.5405405405405406,4,0.3382077625570777,Medium Moving,Medium Moving,0.0025,0.7112545357117984,0.2862454642882014
1071,K. Baby Cologne (venivel) 50ml,Baby & Kids,155.0,170.0,34,5780.0,510.0,23,23,11,3.090909090909091,5,21,13,0.6176470588235294,9,0.3368264840182648,Medium Moving,Medium Moving,0.0,0.82650795773942,0.17349204226058024
1876,CBL Wafers (Lemon) 400g,General Grocery,234.0,260.0,38,9880.0,988.0,18,17,12,3.1666666666666665,7,22,16,0.5789473684210527,208,0.3359931506849315,Medium Moving,Medium Moving,0.0,0.7635047164490268,0.23649528355097324
2035,Prima Stella Chicken 74g,"Meat, Fish & Frozen",54.0,60.0,32,1920.0,192.0,20,20,14,2.2857142857142856,6,20,12,0.625,1,0.3356050228310502,Medium Moving,Medium Moving,0.0,0.7048486315393514,0.29515136846064843
1208,Flora Tissue 15s,General Grocery,59.0,70.0,39,2730.0,429.0,20,20,12,3.25,9,27,12,0.6923076923076923,42,0.33551369863013697,Medium Moving,Medium Moving,0.0,0.963700450202988,0.03629954979701204
1762,Keells Chicken Sausages 150g,"Meat, Fish & Frozen",175.0,199.0,39,7761.0,936.0,20,20,10,3.9,8,29,10,0.7435897435897436,38,0.3349543378995433,Medium Moving,Medium Moving,0.0,0.9467263753492834,0.05327362465071651
3126,Nestle Nestomalt 28g,General Grocery,50.0,60.0,42,2520.0,420.0,16,16,13,3.230769230769231,6,32,10,0.7619047619047619,15,0.3343949771689498,Medium Moving,Medium Moving,0.0,0.7447611440952602,0.2552388559047397
1965,Edinborough Mango Chutney 200g,General Grocery,150.0,165.0,33,5445.0,495.0,19,18,12,2.75,6,24,9,0.7272727272727273,1,0.3341780821917808,Medium Moving,Medium Moving,0.0,0.5899219789698236,0.4100780210301764
1897,Comfort Anti Bacterial 220ml,General Grocery,230.0,280.0,33,9240.0,1650.0,19,19,12,2.75,6,22,11,0.6666666666666666,7,0.33410958904109594,Medium Moving,Medium Moving,0.0,0.7719889079105087,0.22801109208949114
2144,Litro Gas 5kg,General Grocery,1460.42,1532.47,32,49039.04,2305.6,19,18,11,2.909090909090909,7,27,5,0.84375,43,0.33291095890410966,Medium Moving,Medium Moving,0.0,0.7833429243247596,0.21665707567524017
2762,Vaseline Deep Restore 200ml,General Grocery,314.41,360.0,39,14040.0,1778.01,16,16,11,3.5454545454545454,12,27,12,0.6923076923076923,20,0.33207762557077625,Medium Moving,Medium Moving,0.0,0.7742914211957348,0.22570857880426531
3223,"Nestle Ceregrow Wheat,Honey & Dates 200g",General Grocery,824.64,870.0,36,31320.0,1632.96,19,19,9,4.0,9,29,7,0.8055555555555556,48,0.3317465753424657,Medium Moving,Medium Moving,0.004022708840227088,0.8727599871862686,0.12321730397350454
1764,Keells Chicken Sausages 500g,"Meat, Fish & Frozen",485.0,590.0,38,22420.0,3990.0,15,15,11,3.4545454545454546,6,34,4,0.8947368421052632,13,0.3315753424657534,Medium Moving,Medium Moving,0.0,0.7217861929899212,0.27821380701007886
1750,MD Strawberry jam 500g,General Grocery,850.0,900.0,36,32400.0,1800.0,15,15,12,3.0,8,25,11,0.6944444444444444,24,0.3299885844748858,Medium Moving,Medium Moving,0.0,0.6788130631667653,0.32118693683323457
1218,Flora Paper Cups 12's,General Grocery,80.0,90.0,36,3240.0,360.0,19,19,13,2.769230769230769,5,21,15,0.5833333333333334,21,0.32937214611872145,Medium Moving,Medium Moving,0.0,0.7788956141149167,0.22110438588508338
1074,Panda Baby Cream 100ml,Baby & Kids,150.0,165.0,32,5280.0,480.0,21,21,14,2.2857142857142856,4,21,11,0.65625,32,0.3291666666666666,Slow Moving,Slow Moving,0.0,0.3773509394028154,0.6226490605971848
3237,Freelan Maldives Fish Sambal 10g,"Meat, Fish & Frozen",20.0,30.0,39,1170.0,390.0,18,18,13,3.0,11,30,9,0.7692307692307693,18,0.328607305936073,Slow Moving,Slow Moving,0.0,0.3631341320523171,0.6368658679476829
1941,britol super 1kg,General Grocery,150.0,165.0,37,6105.0,555.0,17,17,14,2.642857142857143,9,18,19,0.4864864864864865,65,0.32842465753424654,Slow Moving,Slow Moving,0.0,0.36069883820692356,0.6393011617930765
1994,Edinborough Artificial Vinegar350ml,General Grocery,60.0,65.0,36,2340.0,180.0,20,20,13,2.769230769230769,7,24,12,0.6666666666666666,26,0.3282648401826484,Slow Moving,Slow Moving,0.0016666666666666666,0.40792719259334026,0.5904061407399931
1160,Lifebuoy(Strong&Thick)175ml,General Grocery,190.0,215.0,36,7740.0,900.0,17,16,13,2.769230769230769,7,25,11,0.6944444444444444,23,0.3277397260273972,Slow Moving,Slow Moving,0.0,0.2003683897799322,0.7996316102200679
1510,E/H Wonder Berry,General Grocery,52.0,60.0,36,2160.0,288.0,19,19,13,2.769230769230769,5,19,17,0.5277777777777778,13,0.32770547945205475,Slow Moving,Slow Moving,0.0,0.36952793699587194,0.6304720630041278
3152,GreenLand Button Mushrooms 425g,General Grocery,850.0,890.0,30,26700.0,1200.0,18,18,13,2.3076923076923075,5,21,9,0.7,18,0.3273287671232877,Slow Moving,Slow Moving,0.0,0.1806452786592542,0.8193547213407458
1476,Nescafe Classic 1.2g,General Grocery,20.0,25.0,36,900.0,180.0,21,21,11,3.272727272727273,6,27,9,0.75,3,0.3267579908675799,Slow Moving,Slow Moving,0.0,0.37823436312058456,0.6217656368794153
2110,Kandos Crispy Malt 105g,General Grocery,96.0,120.0,34,4080.0,816.0,18,17,13,2.6153846153846154,5,28,6,0.8235294117647058,4,0.32639269406392696,Slow Moving,Slow Moving,0.0,0.08098079462018155,0.9190192053798185
2490,Chandanalepa Lemongrass 100g,General Grocery,159.9,195.0,36,7020.0,1263.6,20,20,11,3.272727272727273,9,28,8,0.7777777777777778,31,0.3263584474885845,Slow Moving,Slow Moving,0.0,0.39786966432320836,0.6021303356767915
2865,Zero Cola 400ml,General Grocery,182.0,200.0,30,6000.0,540.0,20,20,15,2.0,5,16,14,0.5333333333333333,10,0.3263356164383562,Slow Moving,Slow Moving,0.0,0.15117583258361078,0.8488241674163893
2486,Ritzbury Choc-A-Nut 7g,General Grocery,9.0,10.0,38,380.0,38.0,18,18,14,2.7142857142857144,5,15,23,0.39473684210526316,23,0.32602739726027397,Slow Moving,Slow Moving,0.0,0.2596625250764531,0.7403374749235466
1736,KIST Strawberry Flavoured-Melon jam510g,General Grocery,275.0,300.0,36,10800.0,900.0,18,18,12,3.0,5,17,19,0.4722222222222222,126,0.32562785388127846,Slow Moving,Slow Moving,0.0,0.27886246294440975,0.7211375370555902
1002,Signal Strong Teeth 70g,General Grocery,80.9,93.0,36,3348.0,435.59999999999997,18,18,14,2.5714285714285716,7,25,11,0.6944444444444444,31,0.32507990867579906,Slow Moving,Slow Moving,0.0,0.1025199563799498,0.8974800436200501
3068,MD WoodApple Jam 225g,General Grocery,300.0,320.0,33,10560.0,660.0,18,17,11,3.0,8,23,10,0.696969696969697,3,0.3241552511415525,Slow Moving,Slow Moving,0.0,0.09188271798367001,0.9081172820163299
2021,Harischandra Thosai Mixture 400g,General Grocery,225.0,250.0,34,8500.0,850.0,18,18,10,3.4,6,24,10,0.7058823529411765,0,0.32412100456621,Slow Moving,Slow Moving,0.0,0.15795727209037608,0.8420427279096235
2650,Glow & Lovely  25g,General Grocery,235.8,270.0,36,9720.0,1231.2,16,16,14,2.5714285714285716,5,26,10,0.7222222222222222,44,0.3237214611872146,Slow Moving,Slow Moving,0.0,0.1530576007314063,0.8469423992685937
1489,Lactogrow 3,General Grocery,655.0,690.0,35,24150.0,1225.0,15,15,11,3.1818181818181817,5,30,5,0.8571428571428571,4,0.3229109589041096,Slow Moving,Slow Moving,0.0,0.12165352416373434,0.8783464758362656
2930,Revello Fantasy Peanut 50g,General Grocery,300.0,350.0,35,12250.0,1750.0,16,15,11,3.1818181818181817,10,27,8,0.7714285714285715,2,0.3212557077625571,Slow Moving,Slow Moving,0.0,0.10903219790140055,0.8909678020985994
1030,Supirivicky 40g,General Grocery,50.0,55.0,36,1980.0,180.0,18,18,15,2.4,5,25,11,0.6944444444444444,37,0.3210159817351598,Slow Moving,Slow Moving,0.0,0.08522531610286287,0.9147746838971372
2080,Lion Club Soda 400ml,General Grocery,92.0,100.0,36,3600.0,288.0,19,18,12,3.0,7,27,9,0.75,21,0.32101598173515977,Slow Moving,Slow Moving,0.0,0.2664657213336982,0.7335342786663017
2033,Prima Kottu-Mee (Chicken) 78g,"Meat, Fish & Frozen",54.0,60.0,37,2220.0,222.0,18,17,11,3.3636363636363638,9,35,2,0.9459459459459459,2,0.32082191780821917,Slow Moving,Slow Moving,0.0,0.1585834421905028,0.8414165578094972
1404,Kellogg's Chocos 110g,General Grocery,230.0,260.0,32,8320.0,960.0,19,19,13,2.4615384615384617,5,18,14,0.5625,23,0.3206963470319634,Slow Moving,Slow Moving,0.0,0.25208737809834164,0.7479126219016581
3188,Bubble Compact Aloe Vera 120g,General Grocery,60.0,70.0,36,2520.0,360.0,18,18,14,2.5714285714285716,5,30,6,0.8333333333333334,30,0.3202511415525114,Slow Moving,Slow Moving,0.0,0.11517899221515782,0.8848210077848419
2267,Rasath Watalappan 80ml,General Grocery,45.0,60.0,35,2100.0,525.0,19,18,13,2.6923076923076925,6,25,10,0.7142857142857143,11,0.32004566210045665,Slow Moving,Slow Moving,0.0,0.18922633555137913,0.8107736644486211
1871,Little Lion Batter Carol 270g,General Grocery,135.0,160.0,39,6240.0,975.0,17,16,10,3.9,9,23,16,0.5897435897435898,8,0.3196803652968036,Slow Moving,Slow Moving,0.0,0.260704464067017,0.7392955359329828
1032,Supirivicky mild 110g,General Grocery,108.0,120.0,39,4680.0,468.0,18,18,10,3.9,7,33,6,0.8461538461538461,11,0.31953196347031965,Slow Moving,Slow Moving,0.0,0.24124039073156656,0.758759609268433
1122,Vaseline Sun+ 100ml,General Grocery,864.62,990.0,32,31680.0,4012.16,17,17,12,2.6666666666666665,6,30,2,0.9375,38,0.3192694063926941,Slow Moving,Slow Moving,0.0025,0.14680315094367086,0.8506968490563289
3130,Nestle Nespray Everyday 18g,General Grocery,50.0,60.0,42,2520.0,420.0,18,18,11,3.8181818181818183,9,37,5,0.8809523809523809,83,0.3190981735159818,Slow Moving,Slow Moving,0.0,0.2565384089320082,0.7434615910679918
1672,Delmege Essence (pineapple artificial)28ml,General Grocery,81.0,90.0,42,3780.0,378.0,18,18,10,4.2,8,34,8,0.8095238095238095,44,0.31797945205479455,Slow Moving,Slow Moving,0.0,0.2033845941214479,0.7966154058785518
2676,Rancrisp Cashew 50g,General Grocery,190.0,210.0,31,6510.0,620.0,21,21,13,2.3846153846153846,5,23,8,0.7419354838709677,29,0.31778538812785384,Slow Moving,Slow Moving,0.0,0.20241543458308725,0.7975845654169129
1374,Ninja Mosquito Control Liquid+Machine,General Grocery,700.0,750.0,30,22500.0,1500.0,19,18,11,2.727272727272727,7,19,11,0.6333333333333333,9,0.31742009132420096,Slow Moving,Slow Moving,0.0,0.21459916810517835,0.7854008318948219
2709,Atlas Highlighter Pen (Pink),Stationery,46.41,65.0,34,2210.0,632.06,19,19,11,3.090909090909091,11,26,8,0.7647058823529411,0,0.31643835616438354,Slow Moving,Slow Moving,0.0,0.18127109575689684,0.8187289042431033
2931,Ritsbwry White 93g,General Grocery,200.0,230.0,35,8050.0,1050.0,18,18,12,2.9166666666666665,8,19,16,0.5428571428571428,31,0.31634703196347036,Slow Moving,Slow Moving,0.0,0.21304917070097174,0.7869508292990283
1133,Ponds White Beauty 23g,General Grocery,215.0,240.0,35,8400.0,875.0,17,17,12,2.9166666666666665,6,21,14,0.6,14,0.31623287671232875,Slow Moving,Slow Moving,0.0,0.15444010713670728,0.8455598928632925
1495,Ceregrow 4Grains 5Fruits,General Grocery,425.0,450.0,32,14400.0,800.0,18,17,11,2.909090909090909,8,27,5,0.84375,9,0.31581050228310503,Slow Moving,Slow Moving,0.0,0.07266195972702555,0.9273380402729745
1679,Marshmelos 50pcs,General Grocery,360.0,400.0,30,12000.0,1200.0,17,17,13,2.3076923076923075,5,21,9,0.7,2,0.3157420091324201,Slow Moving,Slow Moving,0.0,0.015765582541950304,0.9842344174580497
1385,Siddhalepa Cough Syrup 200ml,Health & Medicine,250.0,280.0,36,10080.0,1080.0,17,17,11,3.272727272727273,9,27,9,0.75,18,0.315445205479452,Slow Moving,Slow Moving,0.0,0.18228077636364706,0.8177192236363531
2623,Paspanguwa  1pkt,General Grocery,40.0,50.0,35,1750.0,350.0,19,19,12,2.9166666666666665,8,25,10,0.7142857142857143,5,0.3153424657534246,Slow Moving,Slow Moving,0.0,0.25307487742261736,0.7469251225773824
1364,Mortein Fast Kill 600ml,General Grocery,625.0,665.0,31,20615.0,1240.0,17,16,13,2.3846153846153846,6,21,10,0.6774193548387096,29,0.31519406392694066,Slow Moving,Slow Moving,0.0,0.06497672604698812,0.9350232739530121
3216,Nestomalt Malted Food 400g,General Grocery,728.48,780.0,31,24180.0,1597.1200000000001,17,17,10,3.1,8,24,7,0.7741935483870968,1,0.3151369863013698,Slow Moving,Slow Moving,0.0,0.053733426720404695,0.9462665732795954
2366,Maliban Kahata Poronduwa Tea100g,General Grocery,80.0,90.0,38,3420.0,380.0,18,18,11,3.4545454545454546,5,22,16,0.5789473684210527,19,0.3135045662100457,Slow Moving,Slow Moving,0.0,0.19132490056202855,0.8086750994379714
1751,MD Woodapple jam 500g,General Grocery,270.0,300.0,37,11100.0,1110.0,17,15,11,3.3636363636363638,9,31,6,0.8378378378378378,59,0.3134474885844749,Slow Moving,Slow Moving,0.0,0.3210479079064848,0.678952092093515
2485,Ritzbury Chit-Chat 10g,General Grocery,9.0,10.0,37,370.0,37.0,20,19,11,3.3636363636363638,6,30,7,0.8108108108108109,11,0.31297945205479455,Slow Moving,Slow Moving,0.0,0.38283556350314696,0.6171644364968527
2228,Britol Air Freshener (lavender)45g,General Grocery,100.0,120.0,33,3960.0,660.0,18,18,13,2.5384615384615383,7,25,8,0.7575757575757576,9,0.3122831050228311,Slow Moving,Slow Moving,0.0,0.04523360361843858,0.9547663963815615
1209,Flora Wet Wipes 10s,General Grocery,251.0,295.0,31,9145.0,1364.0,18,18,13,2.3846153846153846,5,18,13,0.5806451612903226,14,0.31141552511415527,Slow Moving,Slow Moving,0.0,0.059819280330027064,0.9401807196699729
2388,Pedigree (Puppy) 90g,General Grocery,83.53,95.0,34,3230.0,389.98,18,18,14,2.4285714285714284,7,17,17,0.5,25,0.31117579908675796,Slow Moving,Slow Moving,0.0,0.14756366179155236,0.8524363382084477
1901,Surf Excel Matic (Liquid)500ml,General Grocery,315.0,345.0,27,9315.0,810.0,19,18,14,1.9285714285714286,4,18,9,0.6666666666666666,1,0.3106050228310502,Slow Moving,Slow Moving,0.0016666666666666666,0.0878026316767023,0.910530701656631
2822,Maliban Krisco 170g,General Grocery,350.0,380.0,33,12540.0,990.0,19,19,11,3.0,7,22,11,0.6666666666666666,40,0.3105936073059361,Slow Moving,Slow Moving,0.0,0.2985618951488687,0.7014381048511309
1859,CBL Tikiri Marie 360g,General Grocery,162.0,180.0,34,6120.0,612.0,19,19,12,2.8333333333333335,7,22,12,0.6470588235294118,33,0.3105707762557077,Slow Moving,Slow Moving,0.0,0.2807980353922031,0.719201964607797
1624,Choco-La Kiddies 20g,General Grocery,16.0,20.0,36,720.0,144.0,18,18,14,2.5714285714285716,7,26,10,0.7222222222222222,32,0.308755707762557,Slow Moving,Slow Moving,0.0,0.08482316683152408,0.9151768331684758
2727,Royal Cashew Nut 50g,General Grocery,250.0,295.0,27,7965.0,1215.0,20,19,15,1.8,4,16,11,0.5925925925925926,6,0.30868721461187215,Slow Moving,Slow Moving,0.0,0.12610366671312861,0.8738963332868712
2062,Maggi Papare Kottu 77g,General Grocery,54.0,60.0,33,1980.0,198.0,18,18,12,2.75,9,22,11,0.6666666666666666,1,0.30618721461187215,Slow Moving,Slow Moving,0.0,0.047098210737682236,0.9529017892623179
3105,Janet Lilac Mist Deodorant 30ml,General Grocery,500.0,530.0,35,18550.0,1050.0,13,13,11,3.1818181818181817,5,26,9,0.7428571428571429,1,0.305296803652968,Slow Moving,Slow Moving,0.0,0.08477660399989158,0.9152233960001084
2078,Portello 1050ml,General Grocery,220.0,250.0,33,8250.0,990.0,15,15,14,2.357142857142857,5,22,11,0.6666666666666666,9,0.3041438356164384,Slow Moving,Slow Moving,0.0,0.07293393577045837,0.9270660642295416
1921,Surf excel (Aloevera) 500g,General Grocery,160.0,175.0,27,4725.0,405.0,20,19,15,1.8,5,18,9,0.6666666666666666,2,0.3038127853881279,Slow Moving,Slow Moving,0.0,0.11706143993649466,0.8829385600635052
2348,Glucorasa jujubes 100g,General Grocery,160.0,180.0,32,5760.0,640.0,17,17,12,2.6666666666666665,7,23,9,0.71875,2,0.3037214611872146,Slow Moving,Slow Moving,0.0,0.017062187029256517,0.9829378129707436
1737,KIST Strawberry Flavoured-Melon jam300g,General Grocery,216.0,240.0,41,9840.0,984.0,15,15,9,4.555555555555555,9,26,15,0.6341463414634146,15,0.3034132420091324,Slow Moving,Slow Moving,0.005,0.3565701315035183,0.6384298684964815
1317,Lysol Citronella 200ml,General Grocery,110.0,125.0,35,4375.0,525.0,17,17,13,2.6923076923076925,9,25,10,0.7142857142857143,26,0.30320776255707765,Slow Moving,Slow Moving,0.0,0.07166810288865481,0.9283318971113449
3111,Janet Lilac Mist Body Spray 75ml,General Grocery,980.0,1000.0,30,30000.0,600.0,16,16,13,2.3076923076923075,4,16,14,0.5333333333333333,23,0.3030821917808219,Slow Moving,Slow Moving,0.0,0.12976859160641366,0.8702314083935866
2868,egg,"Meat, Fish & Frozen",40.0,45.0,38,1710.0,190.0,17,17,11,3.4545454545454546,7,22,16,0.5789473684210527,7,0.30242009132420095,Slow Moving,Slow Moving,0.0,0.1307043085715263,0.8692956914284735
2730,Royal Cashew Nut (Hot & Spicy) 80g,General Grocery,352.0,440.0,35,15400.0,3080.0,16,16,10,3.5,14,26,9,0.7428571428571429,9,0.30221461187214615,Slow Moving,Slow Moving,0.0025,0.1439692731821113,0.8535307268178886
3035,LifeBuoy BodyWash Cool Fresh 240ml,General Grocery,510.0,520.0,31,16120.0,310.0,17,17,12,2.5833333333333335,8,19,12,0.6129032258064516,21,0.30165525114155245,Slow Moving,Slow Moving,0.0,0.10883944103071777,0.891160558969282
2757,AXE Deodorant Bodyspray 17ml,General Grocery,204.91,250.0,36,9000.0,1623.24,16,16,12,3.0,7,20,16,0.5555555555555556,42,0.3015068493150685,Slow Moving,Slow Moving,0.0,0.15314099836036402,0.8468590016396361
1760,Keells Chicken Sausages 70g,"Meat, Fish & Frozen",57.0,65.0,38,2470.0,304.0,17,16,12,3.1666666666666665,6,23,15,0.6052631578947368,32,0.3013584474885844,Slow Moving,Slow Moving,0.0,0.18212709722126033,0.8178729027787399
2559,Dettol Cool (Promo),General Grocery,103.61,130.0,32,4160.0,844.48,17,17,12,2.6666666666666665,6,18,14,0.5625,1,0.30110730593607304,Slow Moving,Slow Moving,0.0,0.02645959044177382,0.9735404095582261
3040,Comfort Lily Fresh 90ml,General Grocery,140.0,150.0,35,5250.0,350.0,17,17,12,2.9166666666666665,9,29,6,0.8285714285714286,18,0.3010730593607306,Slow Moving,Slow Moving,0.0,0.08849226130720712,0.9115077386927928
2297,Atlas Square Ruled Book 200page,Stationery,80.0,90.0,38,3420.0,380.0,21,21,9,4.222222222222222,12,34,4,0.8947368421052632,156,0.30093607305936065,Slow Moving,Slow Moving,0.005017766497461928,0.4293508813125213,0.5656313521900167
2902,Soda 300ml(glass bottle),General Grocery,93.0,100.0,33,3300.0,231.0,18,18,12,2.75,5,25,8,0.7575757575757576,8,0.29931506849315065,Slow Moving,Slow Moving,0.0,0.07178683769705906,0.928213162302941
3224,aei Power pocket lavender 30days,General Grocery,300.0,320.0,32,10240.0,640.0,21,21,10,3.2,5,30,2,0.9375,46,0.2990068493150685,Slow Moving,Slow Moving,0.0010172272354388844,0.3077232811020375,0.6912594916625232
2543,Link Samahan 30pkt,Health & Medicine,637.5,750.0,31,23250.0,3487.5,16,16,12,2.5833333333333335,6,19,12,0.6129032258064516,22,0.29886986301369856,Slow Moving,Slow Moving,0.0,0.07654470467532308,0.923455295324677
2289,Atlas Double Ruled Book 80page,Stationery,42.0,50.0,40,2000.0,320.0,17,17,10,4.0,13,30,10,0.75,13,0.2983561643835616,Slow Moving,Slow Moving,0.0,0.24281817239088357,0.7571818276091161
1406,Prima Crust Top Bread 400g,General Grocery,157.5,200.0,31,6200.0,1317.5,18,16,12,2.5833333333333335,4,17,14,0.5483870967741935,7,0.2982305936073059,Slow Moving,Slow Moving,0.0,0.0670001196966444,0.9329998803033555
2654,Dettol Cool 110g,General Grocery,71.56,78.0,31,2418.0,199.64000000000001,19,19,12,2.5833333333333335,7,26,5,0.8387096774193549,2,0.29819634703196346,Slow Moving,Slow Moving,0.0,0.09772088055996139,0.9022791194400385
3259,Panadol 240 Tablets,Health & Medicine,750.0,837.6,26,21777.6,2277.6,17,17,14,1.8571428571428572,5,15,11,0.5769230769230769,3,0.2980022831050228,Slow Moving,Slow Moving,0.0,0.07580980497984838,0.9241901950201517
2416,Camellia Parfum (Purity) 22ml,General Grocery,161.5,190.0,31,5890.0,883.5,20,19,11,2.8181818181818183,6,23,8,0.7419354838709677,10,0.2974771689497717,Slow Moving,Slow Moving,0.0,0.15554239713531698,0.8444576028646829
2464,Rathna Mathset 4pcs,General Grocery,90.0,110.0,32,3520.0,640.0,17,17,14,2.2857142857142856,5,19,13,0.59375,14,0.29626712328767124,Slow Moving,Slow Moving,0.0,0.019864802005147425,0.9801351979948525
2903,Tonic 300ml(glass bottle),General Grocery,136.5,150.0,38,5700.0,513.0,14,14,11,3.4545454545454546,8,20,18,0.5263157894736842,3,0.29625570776255705,Slow Moving,Slow Moving,0.0,0.1598327209046021,0.8401672790953981
3245,NoteBook A7,Stationery,30.0,40.0,36,1440.0,360.0,18,18,13,2.769230769230769,7,23,13,0.6388888888888888,102,0.2957305936073059,Slow Moving,Slow Moving,0.0,0.10420543752059949,0.8957945624794005
1344,Dettol (Cool) 70g,General Grocery,120.0,135.0,35,4725.0,525.0,18,18,12,2.9166666666666665,8,24,11,0.6857142857142857,98,0.29539954337899543,Slow Moving,Slow Moving,0.0,0.07173745919502827,0.9282625408049716
1628,Ritzbury Bubbles 90g,General Grocery,90.0,100.0,38,3800.0,380.0,17,17,11,3.4545454545454546,7,30,8,0.7894736842105263,41,0.2953881278538813,Slow Moving,Slow Moving,0.0,0.07953770697510976,0.9204622930248899
1673,Delmege Essence (orange artificial)28ml,General Grocery,81.0,90.0,37,3330.0,333.0,18,17,11,3.3636363636363638,9,28,9,0.7567567567567568,52,0.29527397260273974,Slow Moving,Slow Moving,0.0,0.13695100311946776,0.8630489968805323
2358,Iodex Head Fast 18g,General Grocery,205.36,230.0,31,7130.0,763.84,17,17,13,2.3846153846153846,6,22,9,0.7096774193548387,12,0.29521689497716896,Slow Moving,Slow Moving,0.0,0.015011685472000512,0.9849883145279996
1610,Gillette Blue Simple3,General Grocery,88.0,100.0,31,3100.0,372.0,19,19,14,2.2142857142857144,6,21,10,0.6774193548387096,31,0.2947716894977169,Slow Moving,Slow Moving,0.0,0.13927734065872552,0.8607226593412743
1494,"Ceregrow Wheat,Honey&dates",General Grocery,445.5,480.0,32,15360.0,1104.0,16,14,10,3.2,11,24,8,0.75,2,0.2947374429223744,Slow Moving,Slow Moving,0.0,0.010765582541950305,0.9892344174580496
3203,Clear Women Ice Cool Menthol 180ml,General Grocery,750.0,760.0,33,25080.0,330.0,17,17,10,3.3,7,27,6,0.8181818181818182,53,0.29457762557077627,Slow Moving,Slow Moving,0.0,0.13056569968064982,0.8694343003193498
3227,aei Power pocket sea breeze 30days,General Grocery,300.0,320.0,31,9920.0,620.0,17,17,13,2.3846153846153846,6,26,5,0.8387096774193549,28,0.2943721461187214,Slow Moving,Slow Moving,0.0,0.03732901468408403,0.962670985315916
3230,Abha Black henna natural black 10g,General Grocery,200.0,230.0,35,8050.0,1050.0,16,16,12,2.9166666666666665,5,18,17,0.5142857142857142,29,0.29407534246575345,Slow Moving,Slow Moving,0.0,0.08640534497444677,0.9135946550255531
1767,Keells Chicken Meatballs 500g,"Meat, Fish & Frozen",432.0,500.0,36,18000.0,2448.0,15,15,10,3.6,7,27,9,0.75,22,0.2936529680365296,Slow Moving,Slow Moving,0.0,0.17136394794689228,0.8286360520531076
3142,Ninja Refill 30Nights 25ml,General Grocery,350.0,375.0,33,12375.0,825.0,18,17,10,3.3,7,27,6,0.8181818181818182,27,0.2933219178082192,Slow Moving,Slow Moving,0.0,0.077904443903293,0.9220955560967067
1357,aer Pocket (violet) 10g,General Grocery,140.0,150.0,39,5850.0,390.0,17,17,10,3.9,8,29,10,0.7435897435897436,126,0.29316210045662094,Slow Moving,Slow Moving,0.0,0.24512336303644122,0.7548766369635588
1734,Rancrips CassavaChips (Kochchi)100g,General Grocery,200.0,250.0,34,8500.0,1700.0,15,15,13,2.6153846153846154,5,20,14,0.5882352941176471,19,0.2927853881278539,Slow Moving,Slow Moving,0.0,0.0593389793732056,0.9406610206267944
3000,E.H.Necto 1.5L,General Grocery,380.0,400.0,34,13600.0,680.0,14,14,11,3.090909090909091,5,22,12,0.6470588235294118,3,0.2918036529680365,Slow Moving,Slow Moving,0.0,0.07974599995376105,0.9202540000462386
1361,aer Pocket (floral) 10g,General Grocery,140.0,150.0,33,4950.0,330.0,19,19,12,2.75,9,28,5,0.8484848484848485,219,0.29116438356164387,Slow Moving,Slow Moving,0.0,0.2465727878363541,0.7534272121636456
1381,Siddhalepa Balm 25g,Health & Medicine,202.5,225.0,30,6750.0,675.0,17,17,14,2.142857142857143,3,25,5,0.8333333333333334,14,0.29100456621004567,Slow Moving,Slow Moving,0.0,0.011917358153630622,0.9880826418463694
1019,Clogard 160g,General Grocery,128.0,145.0,36,5220.0,612.0,16,16,10,3.6,7,21,15,0.5833333333333334,3,0.29092465753424657,Slow Moving,Slow Moving,0.0,0.06733527087119465,0.9326647291288055
1372,Mortein Rat Kill 25g,General Grocery,100.0,130.0,35,4550.0,1050.0,16,16,13,2.6923076923076925,9,29,6,0.8285714285714286,28,0.29085616438356166,Slow Moving,Slow Moving,0.0,0.0674788136726728,0.9325211863273272
2587,Playing Cards,General Grocery,80.0,125.0,33,4125.0,1485.0,20,20,11,3.0,6,13,20,0.3939393939393939,36,0.29058219178082195,Slow Moving,Slow Moving,0.0,0.23067813149865493,0.7693218685013449
2677,Laxapana Battery (AA),General Grocery,100.0,125.0,37,4625.0,925.0,16,16,10,3.7,8,24,13,0.6486486486486487,6,0.29041095890410956,Slow Moving,Slow Moving,0.0,0.08020134704775556,0.9197986529522444
3125,Harischandra Papadam 70g,General Grocery,120.0,140.0,38,5320.0,760.0,16,16,11,3.4545454545454546,7,31,7,0.8157894736842105,38,0.2903196347031963,Slow Moving,Slow Moving,0.0,0.21757912829955078,0.7824208717004493
2777,Robin Liquid Blue 75ml,General Grocery,72.73,80.0,38,3040.0,276.26,17,16,11,3.4545454545454546,7,25,13,0.6578947368421053,44,0.29014840182648405,Slow Moving,Slow Moving,0.0,0.06785847775295116,0.9321415222470487
1838,Maliban Lemon Puff 200g,General Grocery,136.0,140.0,37,5180.0,148.0,16,16,12,3.0833333333333335,7,18,19,0.4864864864864865,112,0.2899200913242009,Slow Moving,Slow Moving,0.0,0.15056718861331095,0.8494328113866889
1059,Feeding Bottle 120ml (Rose),General Grocery,280.0,295.0,29,8555.0,435.0,18,18,14,2.0714285714285716,4,17,12,0.5862068965517241,25,0.28952054794520543,Slow Moving,Slow Moving,0.0,0.029650078078767055,0.9703499219212328
2114,Kandos Choconuts 70g,General Grocery,64.0,80.0,30,2400.0,480.0,19,19,14,2.142857142857143,5,19,11,0.6333333333333333,14,0.28934931506849315,Slow Moving,Slow Moving,0.0,0.08598678820088963,0.9140132117991103
1397,Link Paspanguwa 23g,General Grocery,85.0,100.0,30,3000.0,450.0,19,19,14,2.142857142857143,5,24,6,0.8,21,0.28896118721461195,Slow Moving,Slow Moving,0.0,0.10187780317599456,0.8981221968240054
1541,Meadowlea Fat-Spread 100g,General Grocery,180.0,220.0,31,6820.0,1240.0,18,17,11,2.8181818181818183,5,23,8,0.7419354838709677,7,0.28892694063926944,Slow Moving,Slow Moving,0.0,0.03445719226187577,0.9655428077381244
1608,Gillette Blue2,General Grocery,58.04,65.0,36,2340.0,250.56,18,18,11,3.272727272727273,7,28,8,0.7777777777777778,25,0.2888470319634703,Slow Moving,Slow Moving,0.0,0.043953390987327375,0.9560466090126727
1839,Maliban Lemon Puff 400g,General Grocery,272.0,280.0,32,8960.0,256.0,16,16,13,2.4615384615384617,5,20,12,0.625,25,0.2887442922374429,Slow Moving,Slow Moving,0.0,0.02940262385277022,0.97059737614723
2089,Elephant House Necto 2L,General Grocery,235.0,250.0,36,9000.0,540.0,16,16,11,3.272727272727273,7,24,12,0.6666666666666666,50,0.2878881278538813,Slow Moving,Slow Moving,0.0,0.08697239430340221,0.9130276056965979
3066,MD WoodApple Jam 300g,General Grocery,360.0,380.0,28,10640.0,560.0,20,20,13,2.1538461538461537,4,21,7,0.75,41,0.2878196347031963,Slow Moving,Slow Moving,0.0,0.18767748374579707,0.8123225162542032
2926,Mister Potato Original 100g,General Grocery,820.0,840.0,28,23520.0,560.0,15,15,12,2.3333333333333335,4,18,10,0.6428571428571429,0,0.2877853881278539,Slow Moving,Slow Moving,0.0,0.02919591016582297,0.9708040898341771
1052,Feeding Bottle 240ml(blue),General Grocery,300.0,330.0,36,11880.0,1080.0,15,14,11,3.272727272727273,7,22,14,0.6111111111111112,36,0.2875,Slow Moving,Slow Moving,0.0,0.11782046161410797,0.8821795383858918
2770,Lifebuoy Kohomba 100g,General Grocery,56.7,63.0,34,2142.0,214.2,17,16,13,2.6153846153846154,6,20,14,0.5882352941176471,21,0.2862785388127853,Slow Moving,Slow Moving,0.0,0.022619047435190692,0.9773809525648093
2567,Atlas Correction Bottle,Stationery,65.0,80.0,36,2880.0,540.0,19,19,10,3.6,7,35,1,0.9722222222222222,34,0.285810502283105,Slow Moving,Slow Moving,0.0,0.2432350926926808,0.7567649073073192
2210,Amritha Incense Sticks (4in1),General Grocery,125.0,150.0,32,4800.0,800.0,17,17,12,2.6666666666666665,6,22,10,0.6875,10,0.2853196347031964,Slow Moving,Slow Moving,0.0,0.013125469152304812,0.9868745308476952
1995,Edinborough Tomato Sauce200g,General Grocery,80.0,85.0,32,2720.0,160.0,17,17,13,2.4615384615384617,4,16,16,0.5,10,0.28529680365296806,Slow Moving,Slow Moving,0.0,0.018623939580017925,0.9813760604199822
2954,Uswatte Glucorasa 70g,General Grocery,130.0,140.0,34,4760.0,340.0,17,17,11,3.090909090909091,6,25,9,0.7352941176470589,11,0.2852511415525114,Slow Moving,Slow Moving,0.0,0.031098548978921094,0.9689014510210788
1678,Marshmelos 25pcs,General Grocery,170.0,210.0,32,6720.0,1280.0,17,17,12,2.6666666666666665,6,22,10,0.6875,22,0.2851027397260274,Slow Moving,Slow Moving,0.0,0.006635006784260516,0.9933649932157393
2417,Yardley Body Spray (Navy),General Grocery,629.0,740.0,32,23680.0,3552.0,16,15,11,2.909090909090909,9,25,7,0.78125,67,0.2848972602739726,Slow Moving,Slow Moving,0.0,0.051584993884064324,0.9484150061159358
3179,Keells Chicken Burger Patty 6 Slices,"Meat, Fish & Frozen",500.0,525.0,30,15750.0,750.0,19,19,11,2.727272727272727,9,22,8,0.7333333333333333,124,0.2847602739726028,Slow Moving,Slow Moving,0.0,0.2193079436149281,0.780692056385072
2981,Astra Soft 100g,General Grocery,180.0,200.0,32,6400.0,640.0,17,17,13,2.4615384615384617,4,21,11,0.65625,58,0.2842123287671233,Slow Moving,Slow Moving,0.0,0.030151200161699282,0.9698487998383009
1407,Prima Family Bread 300g,General Grocery,175.0,190.0,29,5510.0,435.0,18,18,13,2.230769230769231,5,16,13,0.5517241379310345,7,0.2834132420091324,Slow Moving,Slow Moving,0.0,0.014075018613207004,0.9859249813867931
1757,Gingelly Rolls 25pcs,General Grocery,125.0,150.0,35,5250.0,875.0,15,14,11,3.1818181818181817,9,29,6,0.8285714285714286,3,0.28299086757990866,Slow Moving,Slow Moving,0.0,0.023973961089295562,0.9760260389107045
1363,Mortein Fast Kill 250ml,General Grocery,333.39,400.0,30,12000.0,1998.3,16,15,13,2.3076923076923075,6,17,13,0.5666666666666667,18,0.28251141552511416,Slow Moving,Slow Moving,0.0,0.025701959189224518,0.9742980408107756
2411,Camellia Parfum (ventura) 22ml,General Grocery,161.5,190.0,32,6080.0,912.0,16,15,13,2.4615384615384617,6,20,12,0.625,19,0.28237442922374434,Slow Moving,Slow Moving,0.0,0.013796286507594407,0.9862037134924058
1924,Surf excel Matic 1kg,General Grocery,650.0,680.0,31,21080.0,930.0,16,15,10,3.1,7,29,2,0.9354838709677419,9,0.2822488584474886,Slow Moving,Slow Moving,0.0,0.03853298514990226,0.9614670148500976
1206,Whisper Heavy flow 8p,General Grocery,185.0,210.0,32,6720.0,800.0,16,16,13,2.4615384615384617,6,23,9,0.71875,24,0.2820205479452055,Slow Moving,Slow Moving,0.0,0.019066952404964005,0.9809330475950361
1026,ayush anti cavity 40g,General Grocery,60.0,65.0,35,2275.0,175.0,16,16,11,3.1818181818181817,5,26,9,0.7428571428571429,2,0.2817579908675799,Slow Moving,Slow Moving,0.0,0.017704878393114694,0.9822951216068853
1316,Lysol Pine 500ml,General Grocery,450.0,500.0,33,16500.0,1650.0,17,15,10,3.3,8,25,8,0.7575757575757576,81,0.28172374429223745,Slow Moving,Slow Moving,0.0,0.07044675289816289,0.9295532471018373
3184,Comfort Morning Fresh 210ml,General Grocery,280.0,300.0,30,9000.0,600.0,17,17,10,3.0,9,22,8,0.7333333333333333,0,0.28172374429223745,Slow Moving,Slow Moving,0.0,0.021868841992337084,0.9781311580076628
2971,Sting 250ml,General Grocery,100.0,120.0,34,4080.0,680.0,17,17,12,2.8333333333333335,10,23,11,0.6764705882352942,33,0.28133561643835614,Slow Moving,Slow Moving,0.0,0.021765640690524488,0.9782343593094756
2580,Professional Decoration Balloons 50pcs,General Grocery,300.0,450.0,29,13050.0,4350.0,17,17,11,2.6363636363636362,5,20,9,0.6896551724137931,3,0.2811643835616438,Slow Moving,Slow Moving,0.0,0.0314425369647033,0.9685574630352966
1184,Smart Pants (Softlove) 9pcs /M,General Grocery,500.0,565.0,26,14690.0,1690.0,17,17,13,2.0,5,22,4,0.8461538461538461,2,0.28070776255707763,Slow Moving,Slow Moving,0.0,0.06630852133215433,0.9336914786678457
2313,Royal Marriage 22ml,General Grocery,150.0,200.0,32,6400.0,1600.0,18,18,11,2.909090909090909,5,28,4,0.875,25,0.2805593607305936,Slow Moving,Slow Moving,0.0,0.08201280754392076,0.9179871924560793
1181,Smart Pants (Softlove) 4pcs / M,General Grocery,190.0,260.0,31,8060.0,2170.0,15,15,12,2.5833333333333335,6,26,5,0.8387096774193549,2,0.28038812785388123,Slow Moving,Slow Moving,0.0,0.027226083747464574,0.9727739162525354
2968,Elephant House Dry Gingerale 500ml,General Grocery,180.0,200.0,33,6600.0,660.0,18,18,11,3.0,5,12,21,0.36363636363636365,61,0.2802397260273973,Slow Moving,Slow Moving,0.0,0.08946009199075386,0.9105399080092462
2912,Big Burger Bun,"Meat, Fish & Frozen",165.0,175.0,34,5950.0,340.0,15,15,10,3.4,6,33,1,0.9705882352941176,0,0.2796004566210045,Slow Moving,Slow Moving,0.0,0.07732123298157964,0.9226787670184202
2690,Dettol Plaster (10),Health & Medicine,64.0,80.0,30,2400.0,480.0,21,21,13,2.3076923076923075,6,16,14,0.5333333333333333,59,0.2796004566210045,Slow Moving,Slow Moving,0.0,0.17889221814126557,0.8211077818587341
1637,Ritzbury  Choco-Mo (Moments)220g,General Grocery,216.0,240.0,32,7680.0,768.0,16,16,10,3.2,10,23,9,0.71875,1,0.27947488584474883,Slow Moving,Slow Moving,0.0,0.0,1.0
3107,Janet Orange Bloom Deodorant 30ml,General Grocery,500.0,530.0,32,16960.0,960.0,14,14,12,2.6666666666666665,8,24,8,0.75,17,0.27890410958904116,Slow Moving,Slow Moving,0.0,0.0664385528561157,0.9335614471438843
1408,Prima Wholemeal Bread 350g,General Grocery,342.0,370.0,34,12580.0,952.0,16,16,10,3.4,7,24,10,0.7058823529411765,23,0.2786872146118721,Slow Moving,Slow Moving,0.0,0.08022210032210401,0.919777899677896
2598,Kellogg's Chocos 250g,General Grocery,440.0,500.0,34,17000.0,2040.0,14,14,10,3.4,7,25,9,0.7352941176470589,7,0.27819634703196344,Slow Moving,Slow Moving,0.0,0.06825644341314742,0.9317435565868527
1394,S P Balm 3g,Health & Medicine,25.0,30.0,30,900.0,150.0,19,19,15,2.0,5,17,13,0.5666666666666667,29,0.2781392694063928,Slow Moving,Slow Moving,0.001682496607869742,0.11872375149041335,0.879593751901717
2184,Wijaya Fenugreek 100g,General Grocery,42.0,50.0,32,1600.0,256.0,17,17,12,2.6666666666666665,6,26,6,0.8125,3,0.27810502283105026,Slow Moving,Slow Moving,0.0,0.00492842535787321,0.9950715746421268
2274,MDK Koththu Rotti 1kg,General Grocery,320.0,375.0,28,10500.0,1540.0,17,17,14,2.0,3,19,9,0.6785714285714286,19,0.2780479452054795,Slow Moving,Slow Moving,0.0,0.022677641061399023,0.977322358938601
1781,MDK Chinese Rolls (Fish) 5pcs,"Meat, Fish & Frozen",220.0,260.0,31,8060.0,1240.0,16,16,10,3.1,8,25,6,0.8064516129032258,0,0.27762557077625566,Slow Moving,Slow Moving,0.0,0.02822979522088691,0.9717702047791131
2719,Glucorasa Jujubes 250g,General Grocery,192.0,250.0,30,7500.0,1740.0,20,19,11,2.727272727272727,5,25,5,0.8333333333333334,38,0.27759132420091326,Slow Moving,Slow Moving,0.0,0.15583442618840318,0.8441655738115966
2430,Little Lion Batter Carol 360g,General Grocery,175.0,200.0,31,6200.0,775.0,17,17,13,2.3846153846153846,6,17,14,0.5483870967741935,44,0.27656392694063925,Slow Moving,Slow Moving,0.0,0.011032694656187494,0.9889673053438125
2992,Lipton Yellow Label 20Tea bag,General Grocery,330.0,345.0,31,10695.0,465.0,16,16,12,2.5833333333333335,4,17,14,0.5483870967741935,23,0.2762328767123287,Slow Moving,Slow Moving,0.0,0.030288629126559666,0.9697113708734403
2315,Cool Blue Natural Spray 23ml,General Grocery,150.0,200.0,31,6200.0,1550.0,16,16,13,2.3846153846153846,4,22,9,0.7096774193548387,16,0.27606164383561643,Slow Moving,Slow Moving,0.0,0.009099219463197122,0.990900780536803
2152,Orange AA 1.5V,General Grocery,35.0,40.0,35,1400.0,175.0,16,16,13,2.6923076923076925,5,19,16,0.5428571428571428,22,0.2758675799086758,Slow Moving,Slow Moving,0.0,0.0399169757324465,0.9600830242675537
2932,Ritsbwry White 45g,General Grocery,70.0,100.0,32,3200.0,960.0,16,16,13,2.4615384615384617,6,19,13,0.59375,10,0.2756963470319635,Slow Moving,Slow Moving,0.0,0.010653305183967203,0.9893466948160328
2369,Dry Fish 1kg,"Meat, Fish & Frozen",750.0,900.0,29,26100.0,4350.0,16,15,12,2.4166666666666665,4,17,12,0.5862068965517241,30,0.27497716894977164,Slow Moving,Slow Moving,0.0,0.04849187760860665,0.9515081223913934
1023,Sensodyne 40g,General Grocery,200.0,210.0,31,6510.0,310.0,17,17,12,2.5833333333333335,5,18,13,0.5806451612903226,23,0.27469178082191775,Slow Moving,Slow Moving,0.0,0.011088152258954532,0.9889118477410455
2418,Yardley Body Spray (Original),General Grocery,629.0,740.0,33,24420.0,3663.0,15,15,10,3.3,5,25,8,0.7575757575757576,34,0.27409817351598176,Slow Moving,Slow Moving,0.0,0.05091871822000658,0.9490812817799934
1395,S P Balm 7g,Health & Medicine,65.0,75.0,33,2475.0,330.0,18,18,10,3.3,8,25,8,0.7575757575757576,5,0.274041095890411,Slow Moving,Slow Moving,0.0,0.025084440785532194,0.9749155592144677
2232,Siddhalepa Bee-Honey 90ml,Health & Medicine,350.0,400.0,27,10800.0,1350.0,18,18,11,2.4545454545454546,5,24,3,0.8888888888888888,1,0.27389269406392697,Slow Moving,Slow Moving,0.0,0.05608658467323333,0.9439134153267668
3217,Nangrow 4/ 3-5 years children,General Grocery,1711.71,1900.0,28,53200.0,5272.12,17,17,10,2.8,7,20,8,0.7142857142857143,14,0.2737557077625571,Slow Moving,Slow Moving,0.0,0.06954271061521754,0.9304572893847823
2866,Marmite 100g,General Grocery,620.0,675.0,29,19575.0,1595.0,17,17,12,2.4166666666666665,5,22,7,0.7586206896551724,70,0.27343607305936074,Slow Moving,Slow Moving,0.0,0.025648275457449753,0.9743517245425504
1865,CBL Lemon Puff 100g,General Grocery,63.0,70.0,35,2450.0,245.0,16,16,13,2.6923076923076925,7,26,9,0.7428571428571429,52,0.2726826484018265,Slow Moving,Slow Moving,0.0,0.050832511156160116,0.94916748884384
1617,Clear Men (Menthol) 180ml,General Grocery,305.0,340.0,33,11220.0,1155.0,14,13,9,3.6666666666666665,8,29,4,0.8787878787878788,0,0.27087899543378996,Slow Moving,Slow Moving,0.0,0.07113955750747564,0.9288604424925242
2354,Dunhill Double Switch 1s,General Grocery,138.27,145.0,29,4205.0,195.17000000000002,17,17,12,2.4166666666666665,5,24,5,0.8275862068965517,1,0.27073059360730595,Slow Moving,Slow Moving,0.0,0.010734226247457637,0.9892657737525424
1004,Signal Strong Teeth (value pack),General Grocery,150.0,165.0,30,4950.0,450.0,16,16,14,2.142857142857143,5,18,12,0.6,14,0.2706963470319635,Slow Moving,Slow Moving,0.0,0.010765582541950305,0.9892344174580497
1451,Sustagen 400g,General Grocery,3521.45,3900.0,26,101400.0,9842.300000000001,16,16,12,2.1666666666666665,4,18,8,0.6923076923076923,17,0.2704109589041096,Slow Moving,Slow Moving,0.0,0.09235425412755119,0.9076457458724488
1539,Flora Fat Spread 250g,General Grocery,720.0,740.0,34,25160.0,680.0,13,12,10,3.4,7,26,8,0.7647058823529411,15,0.27041095890410954,Slow Moving,Slow Moving,0.0025,0.07834257699235404,0.9191574230076456
1194,Huggies Pants 5/M,General Grocery,250.0,280.0,33,9240.0,990.0,17,16,10,3.3,7,26,7,0.7878787878787878,35,0.2703424657534247,Slow Moving,Slow Moving,0.0,0.024066952404964006,0.9759330475950361
3009,Sun Crush Appifizz Green 250ml,General Grocery,140.0,150.0,32,4800.0,320.0,15,15,14,2.2857142857142856,5,19,13,0.59375,26,0.2701940639269407,Slow Moving,Slow Moving,0.0,0.018158220578760122,0.98184177942124
2223,Seedevi Candle Wicks,General Grocery,28.0,35.0,32,1120.0,224.0,18,17,11,2.909090909090909,5,18,14,0.5625,5,0.2701027397260274,Slow Moving,Slow Moving,0.0,0.038480790295764344,0.9615192097042358
2728,Royal Cashew Nut 100g,General Grocery,500.0,590.0,27,15930.0,2430.0,16,16,12,2.25,5,21,6,0.7777777777777778,2,0.2694406392694064,Slow Moving,Slow Moving,0.0,0.028094597226034336,0.9719054027739656
1752,MD Orange Marmalade 500g,General Grocery,390.0,435.0,31,13485.0,1395.0,15,15,11,2.8181818181818183,6,17,14,0.5483870967741935,10,0.26868721461187217,Slow Moving,Slow Moving,0.0,0.012329014684084032,0.987670985315916
1285,Rani Sandalwood,General Grocery,72.73,80.0,31,2480.0,225.36999999999998,18,18,12,2.5833333333333335,7,24,7,0.7741935483870968,18,0.26849315068493146,Slow Moving,Slow Moving,0.0,0.013579816730164548,0.9864201832698355
2349,Gold Leaf 12s,General Grocery,1857.3,1920.0,29,55680.0,1818.3,15,15,10,2.9,6,24,5,0.8275862068965517,7,0.26839041095890415,Slow Moving,Slow Moving,0.005,0.03432711862201449,0.9606728813779855
2557,AURA Incense Sticks (Kewada),General Grocery,80.0,100.0,32,3200.0,640.0,16,16,13,2.4615384615384617,6,19,13,0.59375,20,0.26815068493150684,Slow Moving,Slow Moving,0.0,0.0,1.0
3131,Nescafe 3 in 1 18g,General Grocery,63.93,70.0,29,2030.0,176.03,18,18,13,2.230769230769231,5,16,13,0.5517241379310345,5,0.2676826484018265,Slow Moving,Slow Moving,0.0,0.009910913186550817,0.9900890868134491
1691,Dandex (nourished)80ml,General Grocery,116.59,130.0,31,4030.0,415.71,17,17,11,2.8181818181818183,9,29,2,0.9354838709677419,6,0.2669748858447488,Slow Moving,Slow Moving,0.0,0.016151775611680318,0.9838482243883198
1783,MDK Patties (Fish) 5pcs,"Meat, Fish & Frozen",112.0,129.5,34,4403.0,595.0,15,15,11,3.090909090909091,6,28,6,0.8235294117647058,6,0.26676940639269403,Slow Moving,Slow Moving,0.0,0.019066952404964005,0.9809330475950361
2805,Rich Life Set Kiri 120g,General Grocery,90.0,110.0,30,3300.0,600.0,17,17,14,2.142857142857143,5,13,17,0.43333333333333335,29,0.2660502283105023,Slow Moving,Slow Moving,0.0,0.014099219463197121,0.9859007805368029
1973,Mity Green Peas400g,General Grocery,200.0,205.0,30,6150.0,150.0,17,17,12,2.5,5,20,10,0.6666666666666666,18,0.26517123287671235,Slow Moving,Slow Moving,0.0,0.02226737966290826,0.9777326203370917
1866,CBL Lemon Puff  200g,General Grocery,240.0,250.0,29,7250.0,290.0,16,16,11,2.6363636363636362,5,21,8,0.7241379310344828,0,0.2648287671232877,Slow Moving,Slow Moving,0.0,0.003301369863013699,0.9966986301369863
1993,Edinborough Lime Seasoning200ml,General Grocery,220.0,270.0,29,7830.0,1450.0,18,18,12,2.4166666666666665,5,15,14,0.5172413793103449,32,0.2642351598173516,Slow Moving,Slow Moving,0.0,0.024568963681557716,0.9754310363184423
1770,Keells Chicken Bockwurst 400g,"Meat, Fish & Frozen",455.0,499.0,29,14471.0,1276.0,17,16,12,2.4166666666666665,5,18,11,0.6206896551724138,87,0.26417808219178085,Slow Moving,Slow Moving,0.0,0.035694007899823514,0.9643059921001764
2885,Dona Vita Macaroni 300g,General Grocery,360.0,400.0,29,11600.0,1160.0,16,16,11,2.6363636363636362,5,27,2,0.9310344827586207,4,0.26315068493150684,Slow Moving,Slow Moving,0.0,0.01740058932621082,0.9825994106737893
2458,Rathna Stapler pins,General Grocery,27.0,35.0,28,980.0,224.0,18,18,14,2.0,6,21,7,0.75,4,0.2623972602739726,Slow Moving,Slow Moving,0.0,0.016044029409101154,0.9839559705908989
1446,Rich Life Set Kiri 900g,General Grocery,600.0,700.0,30,21000.0,3000.0,15,15,11,2.727272727272727,4,21,9,0.7,21,0.26234018264840187,Slow Moving,Slow Moving,0.0,0.0074005893262108205,0.992599410673789
3229,aei Power pocket rose fresh 30days,General Grocery,300.0,320.0,30,9600.0,600.0,16,16,11,2.727272727272727,7,22,8,0.7333333333333333,8,0.26230593607305935,Slow Moving,Slow Moving,0.0,0.0,1.0
1677,Marshmelos 24pcs,General Grocery,200.0,230.0,29,6670.0,870.0,17,17,11,2.6363636363636362,5,23,6,0.7931034482758621,3,0.26203196347031965,Slow Moving,Slow Moving,0.0,0.0036875629327437123,0.9963124370672563
2555,AURA Incense Sticks (Orchid),General Grocery,80.0,100.0,38,3800.0,760.0,17,15,8,4.75,10,28,10,0.7368421052631579,146,0.2618493150684932,Slow Moving,Slow Moving,0.0,0.1766636272575301,0.8233363727424701
1923,Surf excel Matic 500g,General Grocery,190.0,210.0,32,6720.0,640.0,16,16,11,2.909090909090909,5,20,12,0.625,21,0.26139269406392696,Slow Moving,Slow Moving,0.0,0.026881186593178244,0.9731188134068219
2147,Litro Gas Regulators,General Grocery,2000.0,2300.0,27,62100.0,8100.0,14,14,11,2.4545454545454546,5,21,6,0.7777777777777778,2,0.2612100456621005,Slow Moving,Slow Moving,0.0,0.03655257571629439,0.9634474242837057
2685,Maliban Chick Bits 80g,General Grocery,99.0,110.0,30,3300.0,330.0,17,17,11,2.727272727272727,10,23,7,0.7666666666666667,2,0.2608219178082192,Slow Moving,Slow Moving,0.0,0.0,1.0
2809,Lakspray,General Grocery,1180.0,1200.0,28,33600.0,560.0,14,14,10,2.8,9,17,11,0.6071428571428571,0,0.2597260273972603,Slow Moving,Slow Moving,0.0,0.047404972155504405,0.9525950278444957
2523,Denta Kid (Soft),General Grocery,52.8,60.0,30,1800.0,216.0,18,18,14,2.142857142857143,5,14,16,0.4666666666666667,72,0.2594292237442922,Slow Moving,Slow Moving,0.0,0.03127552398110618,0.9687244760188938
1131,Ponds BB+ 18g,General Grocery,420.0,460.0,28,12880.0,1120.0,15,15,11,2.5454545454545454,5,22,6,0.7857142857142857,0,0.25914383561643833,Slow Moving,Slow Moving,0.0,0.002464212678936605,0.9975357873210635
2041,Edinborough Rose Syrup,General Grocery,228.0,300.0,30,9000.0,2160.0,15,15,13,2.3076923076923075,5,17,13,0.5666666666666667,23,0.25904109589041097,Slow Moving,Slow Moving,0.0,0.021491857500006938,0.9785081424999931
1318,Lysol Citronella 500ml,General Grocery,218.18,240.0,31,7440.0,676.42,17,17,11,2.8181818181818183,9,23,8,0.7419354838709677,44,0.25876712328767126,Slow Moving,Slow Moving,0.0,0.01,0.99
2996,E.L EGB 1L,General Grocery,280.0,300.0,32,9600.0,640.0,16,16,11,2.909090909090909,8,20,12,0.625,82,0.2586872146118721,Slow Moving,Slow Moving,0.0,0.002464212678936605,0.9975357873210635
2695,Bagrry's Choco + 375g,General Grocery,693.07,795.0,26,20670.0,2650.1800000000003,17,17,13,2.0,5,19,7,0.7307692307692307,46,0.25863013698630133,Slow Moving,Slow Moving,0.0,0.026509748410358958,0.9734902515896411
1633,Ritzbury  Choco-Mo 40g,General Grocery,54.0,60.0,34,2040.0,204.0,15,15,11,3.090909090909091,7,27,7,0.7941176470588235,3,0.25837899543378995,Slow Moving,Slow Moving,0.0,0.010076510622970032,0.98992348937703
2469,Fevigum,General Grocery,40.0,60.0,35,2100.0,700.0,15,15,12,2.9166666666666665,7,25,10,0.7142857142857143,21,0.2581849315068493,Slow Moving,Slow Moving,0.0,0.040459393730822406,0.9595406062691775
2731,Royal Mixed Nut 50g,General Grocery,280.0,400.0,29,11600.0,3480.0,17,17,12,2.4166666666666665,5,14,15,0.4827586206896552,80,0.2580365296803653,Slow Moving,Slow Moving,0.0,0.06642355513985056,0.9335764448601496
1375,Ninja Power 10,General Grocery,170.0,180.0,27,4860.0,270.0,16,16,15,1.8,4,14,13,0.5185185185185185,5,0.257134703196347,Slow Moving,Slow Moving,0.0,0.021016577616827747,0.9789834223831722
2030,Prima Kottu-Mee (Hot'n'Spicy) 80g,General Grocery,58.5,70.0,36,2520.0,414.0,15,15,12,3.0,8,24,12,0.6666666666666666,128,0.2564155251141552,Slow Moving,Slow Moving,0.0,0.06831625198715821,0.9316837480128417
2091,Elephant House Orange Crush 1L,General Grocery,280.0,300.0,30,9000.0,600.0,16,16,12,2.5,4,19,11,0.6333333333333333,33,0.2553538812785388,Slow Moving,Slow Moving,0.0,0.0,1.0
1943,Sunquick Fruit-Cocktail 330ml,General Grocery,600.0,660.0,28,18480.0,1680.0,16,16,12,2.3333333333333335,5,18,10,0.6428571428571429,33,0.25496575342465755,Slow Moving,Slow Moving,0.0,0.021545919970811334,0.9784540800291885
1605,Abha Herbal Black Henna 10g,General Grocery,90.0,100.0,30,3000.0,300.0,17,16,12,2.5,7,24,6,0.8,13,0.25412100456621006,Slow Moving,Slow Moving,0.0,0.009928425357873211,0.9900715746421268
1255,ReeBonn Papaya Bodywash 100g,General Grocery,132.0,150.0,39,5850.0,702.0,14,13,9,4.333333333333333,11,14,25,0.358974358974359,39,0.25401826484018264,Slow Moving,Slow Moving,0.005344687753446878,0.18556150649229555,0.8090938057542576
1632,Ritzbury Tropica 26g,General Grocery,36.0,40.0,31,1240.0,124.0,17,17,12,2.5833333333333335,5,18,13,0.5806451612903226,12,0.2538926940639269,Slow Moving,Slow Moving,0.0,0.0036875629327437123,0.9963124370672561
3209,Vaseline Healthy bright 40ml,General Grocery,180.0,200.0,28,5600.0,560.0,16,16,14,2.0,4,16,12,0.5714285714285714,12,0.25359589041095887,Slow Moving,Slow Moving,0.0,0.0,1.0
1630,Ritzbury Champ 26g,General Grocery,36.0,40.0,35,1400.0,140.0,16,15,11,3.1818181818181817,9,21,14,0.6,22,0.25309360730593605,Slow Moving,Slow Moving,0.0,0.018158220578760122,0.9818417794212398
1383,Siddhalepa Inhaler,Health & Medicine,67.0,75.0,30,2250.0,240.0,20,19,11,2.727272727272727,8,23,7,0.7666666666666667,34,0.2530251141552512,Slow Moving,Slow Moving,0.0,0.09642792999958527,0.9035720700004145
1614,Bic 3,General Grocery,88.0,100.0,31,3100.0,372.0,16,16,11,2.8181818181818183,4,19,12,0.6129032258064516,4,0.25280821917808216,Slow Moving,Slow Moving,0.0,0.00492842535787321,0.9950715746421268
1731,Rancrips PotatoChips (Hot&Spicy)60g,General Grocery,225.0,300.0,28,8400.0,2100.0,17,17,10,2.8,9,17,11,0.6071428571428571,1,0.2526027397260274,Slow Moving,Slow Moving,0.0,0.03141587241735974,0.9685841275826402
1177,Veet Sensitive Skin 25g,General Grocery,180.0,200.0,27,5400.0,540.0,18,18,14,1.9285714285714286,6,17,10,0.6296296296296297,38,0.2524200913242009,Slow Moving,Slow Moving,0.0,0.03098040605637536,0.9690195939436247
1290,Khomba 70g/5,General Grocery,218.18,240.0,30,7200.0,654.6,14,14,12,2.5,6,22,8,0.7333333333333333,3,0.2523744292237443,Slow Moving,Slow Moving,0.0,0.00492842535787321,0.9950715746421268
1310,BIO Clean (Citrus) 500ml,General Grocery,204.55,225.0,26,5850.0,531.6999999999999,18,18,12,2.1666666666666665,5,18,8,0.6923076923076923,3,0.2519063926940639,Slow Moving,Slow Moving,0.0,0.01730355122336064,0.9826964487766392
2874,Mister Potato Crisps 100g(Original),General Grocery,700.0,790.0,34,26860.0,3060.0,12,12,10,3.4,7,33,1,0.9705882352941176,39,0.2514269406392694,Slow Moving,Slow Moving,0.0,0.16649693859089276,0.8335030614091073
1940,britol super 45g,General Grocery,9.0,10.0,32,320.0,32.0,17,16,11,2.909090909090909,7,24,8,0.75,9,0.250662100456621,Slow Moving,Slow Moving,0.0,0.007464212678936606,0.9925357873210635
2265,Rich Life Mixed Berry 200ml,General Grocery,66.5,75.0,28,2100.0,238.0,18,18,14,2.0,5,19,9,0.6785714285714286,23,0.2505593607305936,Slow Moving,Slow Moving,0.0,0.004905020352781547,0.9950949796472186
1951,MD Strawberry Jam 150g,General Grocery,218.0,240.0,30,7200.0,660.0,14,14,13,2.3076923076923075,6,19,11,0.6333333333333333,11,0.2504908675799087,Slow Moving,Slow Moving,0.0,0.019358380288033307,0.9806416197119667
2500,Heavenly Magic Cappuccino,General Grocery,92.4,110.0,33,3630.0,580.8000000000001,17,17,9,3.6666666666666665,12,25,8,0.7575757575757576,14,0.24986301369863015,Slow Moving,Slow Moving,0.0,0.023971860011575787,0.9760281399884241
1211,Flora Paper Serviettes 50s,General Grocery,175.0,200.0,34,6800.0,850.0,15,14,10,3.4,6,24,10,0.7058823529411765,23,0.24969178082191779,Slow Moving,Slow Moving,0.0,0.013651391372291337,0.9863486086277087
1242,Dreamron Deo Roll On (Fresco),General Grocery,175.0,199.0,31,6169.0,744.0,15,15,11,2.8181818181818183,7,19,12,0.6129032258064516,8,0.2496118721461187,Slow Moving,Slow Moving,0.0,0.005,0.995
1505,E/H Wonder Cone (Vanilla),General Grocery,79.0,100.0,29,2900.0,609.0,18,18,12,2.4166666666666665,6,25,4,0.8620689655172413,21,0.24778538812785386,Slow Moving,Slow Moving,0.0,0.01712906677145323,0.9828709332285469
1025,ayush whitening 40g,General Grocery,60.0,65.0,32,2080.0,160.0,16,16,13,2.4615384615384617,6,23,9,0.71875,90,0.2476027397260274,Slow Moving,Slow Moving,0.0,0.006490462368044296,0.9935095376319558
2947,Chupa Chups 40g,General Grocery,20.0,40.0,28,1120.0,560.0,18,18,13,2.1538461538461537,5,11,17,0.39285714285714285,8,0.2472260273972603,Slow Moving,Slow Moving,0.0,0.012794733685341836,0.9872052663146582
1811,SCAN Jumbo Peanut 40g,General Grocery,85.5,110.0,32,3520.0,784.0,17,17,11,2.909090909090909,7,14,18,0.4375,103,0.24659817351598176,Slow Moving,Slow Moving,0.0,0.05774170011911109,0.9422582998808887
2817,Lemon Swiss Roll 225g,General Grocery,280.0,325.0,31,10075.0,1395.0,16,15,10,3.1,8,25,6,0.8064516129032258,30,0.24648401826484018,Slow Moving,Slow Moving,0.0,0.008687562932743711,0.9913124370672561
1952,MD Strawberry Jam 225g,General Grocery,172.75,190.0,28,5320.0,483.0,16,16,11,2.5454545454545454,7,19,9,0.6785714285714286,0,0.24626712328767125,Slow Moving,Slow Moving,0.0,0.009066952404964003,0.9909330475950361
1794,Asiri Cocktail Mixture 60g,General Grocery,48.0,60.0,28,1680.0,336.0,17,17,13,2.1538461538461537,5,17,11,0.6071428571428571,4,0.2457990867579909,Slow Moving,Slow Moving,0.0,0.0036875629327437123,0.9963124370672561
2124,Vaseline Healthy Bright 100ml,General Grocery,218.34,260.0,28,7280.0,1166.48,16,16,13,2.1538461538461537,5,25,3,0.8928571428571429,20,0.24562785388127856,Slow Moving,Slow Moving,0.0,0.002464212678936605,0.9975357873210635
2449,Duracell Battery AA,General Grocery,195.0,210.0,28,5880.0,420.0,17,17,12,2.3333333333333335,5,20,8,0.7142857142857143,14,0.2453082191780822,Slow Moving,Slow Moving,0.0,0.0012233502538071066,0.9987766497461927
2219,Super Six Incense Sticks,General Grocery,17.0,20.0,32,640.0,96.0,16,16,13,2.4615384615384617,6,27,5,0.84375,38,0.24505707762557077,Slow Moving,Slow Moving,0.0,0.020267112114237193,0.9797328878857628
1388,Iodex Balm 2.5g,Health & Medicine,31.0,35.0,31,1085.0,124.0,19,19,11,2.8181818181818183,7,22,9,0.7096774193548387,49,0.24495433789954338,Slow Moving,Slow Moving,0.0,0.057539124377305885,0.942460875622694
3133,Marvel Tampons Heavy flow,General Grocery,693.0,900.0,29,26100.0,6003.0,16,15,10,2.9,9,20,9,0.6896551724137931,58,0.2447374429223744,Slow Moving,Slow Moving,0.0,0.06403430056655339,0.9359656994334467
1756,Gingelly Rolls 10pcs,General Grocery,125.0,150.0,31,4650.0,775.0,16,16,11,2.8181818181818183,8,21,10,0.6774193548387096,20,0.24408675799086757,Slow Moving,Slow Moving,0.0,0.012392638036809818,0.98760736196319
2361,Soorya Wax Matches,General Grocery,15.0,20.0,30,600.0,150.0,18,18,12,2.5,6,20,10,0.6666666666666666,23,0.24404109589041098,Slow Moving,Slow Moving,0.0,0.007464212678936606,0.9925357873210635
1396,Link Samahan 10pkt,Health & Medicine,225.0,300.0,24,7200.0,1800.0,17,17,14,1.7142857142857142,6,17,7,0.7083333333333334,7,0.24397260273972599,Slow Moving,Slow Moving,0.0,0.0232979648147076,0.9767020351852925
1872,Little Lion Batter Carol 95g,General Grocery,56.88,65.0,30,1950.0,243.6,16,15,11,2.727272727272727,10,20,10,0.6666666666666666,1,0.24356164383561646,Slow Moving,Slow Moving,0.0,0.002464212678936605,0.9975357873210635
2120,Rexona Passion 25ml,General Grocery,209.38,250.0,30,7500.0,1218.6,15,15,11,2.727272727272727,5,21,9,0.7,9,0.24242009132420092,Slow Moving,Slow Moving,0.0,0.003301369863013699,0.9966986301369863
1376,HitLine Chalk,General Grocery,72.0,80.0,31,2480.0,248.0,15,15,11,2.8181818181818183,6,17,14,0.5483870967741935,2,0.24238584474885844,Slow Moving,Slow Moving,0.0,0.0,1.0
1800,Asiri Dates 200g,General Grocery,128.0,160.0,32,5120.0,1024.0,16,15,11,2.909090909090909,6,16,16,0.5,110,0.24108447488584475,Slow Moving,Slow Moving,0.0,0.00526711211423719,0.9947328878857629
1346,Dettol (Original) 70g,General Grocery,60.0,65.0,33,2145.0,165.0,15,15,10,3.3,7,31,2,0.9393939393939394,3,0.24083333333333334,Slow Moving,Slow Moving,0.0,0.006563432142133727,0.9934365678578662
2953,Uswatte Fruity Jellies,General Grocery,130.0,140.0,30,4200.0,300.0,16,16,13,2.3076923076923075,6,19,11,0.6333333333333333,104,0.2406392694063927,Slow Moving,Slow Moving,0.0,0.007392638036809816,0.9926073619631901
1135,Glow & Lovely (malti vitamin)25g,Health & Medicine,205.0,225.0,33,7425.0,660.0,15,14,10,3.3,5,22,11,0.6666666666666666,38,0.23992009132420092,Slow Moving,Slow Moving,0.0,0.019864802005147425,0.9801351979948525
1485,Nangrow 3 (300g),General Grocery,945.95,1050.0,25,26250.0,2601.25,14,14,11,2.272727272727273,5,15,10,0.6,0,0.23945205479452059,Slow Moving,Slow Moving,0.0,0.011830544256370916,0.9881694557436291
1944,Sunquick Fruit-Cocktail 840ml,General Grocery,715.0,790.0,29,22910.0,2175.0,15,15,10,2.9,7,20,9,0.6896551724137931,23,0.23920091324200912,Slow Moving,Slow Moving,0.0,0.0031890925050305973,0.9968109074949695
1191,Pampers Pants 4/S,General Grocery,200.0,220.0,28,6160.0,560.0,16,16,14,2.0,4,22,6,0.7857142857142857,58,0.2391780821917808,Slow Moving,Slow Moving,0.0,0.008615988290616921,0.9913840117093831
2252,Steel Scourer 30g,General Grocery,50.0,60.0,28,1680.0,280.0,19,19,13,2.1538461538461537,8,23,5,0.8214285714285714,49,0.23882420091324202,Slow Moving,Slow Moving,0.0,0.0849658381571137,0.9150341618428861
1195,Eva Cotton Feel Wings 1p,General Grocery,12.0,15.0,32,480.0,96.0,17,17,11,2.909090909090909,7,27,5,0.84375,27,0.23788812785388128,Slow Moving,Slow Moving,0.0,0.013301369863013699,0.9866986301369863
1694,Dandex (deep clean)80ml,General Grocery,116.59,130.0,34,4420.0,455.94,16,16,9,3.7777777777777777,8,23,11,0.6764705882352942,30,0.23756849315068493,Slow Moving,Slow Moving,0.0,0.014785276073619633,0.9852147239263803
2222,Pooja Candle Wicks,General Grocery,8.0,10.0,33,330.0,66.0,17,16,11,3.0,7,26,7,0.7878787878787878,60,0.23753424657534247,Slow Moving,Slow Moving,0.0,0.0037229660144181254,0.996277033985582
1359,aer Pocket (fresh) 10g,General Grocery,140.0,150.0,27,4050.0,270.0,16,15,12,2.25,6,22,5,0.8148148148148148,1,0.23744292237442924,Slow Moving,Slow Moving,0.0,0.0,1.0
1200,Eva Dritex Wings 20p,General Grocery,271.11,305.0,30,9150.0,1016.7,16,15,11,2.727272727272727,6,18,12,0.6,112,0.23683789954337903,Slow Moving,Slow Moving,0.0,0.0012233502538071066,0.998776649746193
2851,BIC Lighter,General Grocery,92.4,120.0,26,3120.0,717.6,18,18,13,2.0,5,20,6,0.7692307692307693,12,0.23631278538812786,Slow Moving,Slow Moving,0.0016666666666666666,0.018599738730027807,0.9797335946033056
2355,Dunhill International 1s,General Grocery,67.32,75.0,33,2475.0,253.44,16,16,10,3.3,9,28,5,0.8484848484848485,19,0.2363013698630137,Slow Moving,Slow Moving,0.0,0.0012233502538071066,0.998776649746193
2081,Lion Club Soda 1050ml,General Grocery,160.0,180.0,29,5220.0,580.0,17,17,12,2.4166666666666665,6,20,9,0.6896551724137931,76,0.23602739726027394,Slow Moving,Slow Moving,0.0,0.0,1.0
2891,Food Cling Wrap (Flora),General Grocery,676.0,795.0,28,22260.0,3332.0,14,14,11,2.5454545454545454,4,21,7,0.75,15,0.2345776255707763,Slow Moving,Slow Moving,0.0,0.002464212678936605,0.9975357873210633
1955,MD Pineapple Jam 225g,General Grocery,300.0,320.0,28,8960.0,560.0,15,15,12,2.3333333333333335,7,19,9,0.6785714285714286,12,0.23404109589041097,Slow Moving,Slow Moving,0.0,0.008229795220886911,0.9917702047791132
2980,Mirinda 1.5L,General Grocery,380.0,400.0,29,11600.0,580.0,15,15,12,2.4166666666666665,4,17,12,0.5862068965517241,90,0.23366438356164385,Slow Moving,Slow Moving,0.0,0.012523211130584246,0.9874767888694158
1262,LUX Soft Touch 100g,General Grocery,58.0,65.0,36,2340.0,252.0,16,14,9,4.0,8,25,11,0.6944444444444444,105,0.23324200913242008,Slow Moving,Slow Moving,0.0,0.009593279450389833,0.9904067205496101
2849,Dessicut Nice 100g,General Grocery,60.0,70.0,26,1820.0,260.0,17,17,13,2.0,5,20,6,0.7692307692307693,2,0.23276255707762555,Slow Moving,Slow Moving,0.0,0.0,1.0
1715,Chicken Family Pack 700g,"Meat, Fish & Frozen",425.0,540.0,28,15120.0,3220.0,15,15,11,2.5454545454545454,8,17,11,0.6071428571428571,18,0.23261415525114157,Slow Moving,Slow Moving,0.0,0.021973366333896988,0.978026633666103
1713,Signal Triple Clean,General Grocery,45.0,55.0,35,1925.0,350.0,15,15,10,3.5,8,18,17,0.5142857142857142,22,0.231986301369863,Slow Moving,Slow Moving,0.0,0.016917358153630623,0.9830826418463694
1384,Siddhalepa Lakpeyawa,Health & Medicine,150.0,180.0,29,5220.0,870.0,17,16,11,2.6363636363636362,7,27,2,0.9310344827586207,29,0.2315525114155251,Slow Moving,Slow Moving,0.0,0.006187178693354731,0.9938128213066453
2506,Siddhalepa Bee Honey 30ml,Health & Medicine,120.0,150.0,31,4650.0,930.0,16,16,11,2.8181818181818183,5,17,14,0.5483870967741935,82,0.23132420091324202,Slow Moving,Slow Moving,0.0,0.03932199426702319,0.9606780057329769
2574,Fuji Tape pvc,General Grocery,45.0,60.0,31,1860.0,465.0,15,15,11,2.8181818181818183,8,22,9,0.7096774193548387,5,0.23066210045662097,Slow Moving,Slow Moving,0.0,0.0,1.0
1860,CBL Lite Marie 50g,General Grocery,22.5,25.0,29,725.0,72.5,18,18,12,2.4166666666666665,7,21,8,0.7241379310344828,28,0.23034246575342465,Slow Moving,Slow Moving,0.0,0.00626691539213593,0.993733084607864
2498,Imorich Wonder Cone (BiueBerry) 120ml,General Grocery,105.5,120.0,31,3720.0,449.5,15,15,11,2.8181818181818183,6,26,5,0.8387096774193549,17,0.23004566210045663,Slow Moving,Slow Moving,0.0,0.0,1.0
1547,Samaposha 200g,General Grocery,165.0,185.0,28,5180.0,560.0,17,16,12,2.3333333333333335,8,22,6,0.7857142857142857,39,0.2296917808219178,Slow Moving,Slow Moving,0.0,0.009928425357873211,0.9900715746421268
2402,Mortein Fast Kill 400ml,General Grocery,1200.0,1350.0,25,33750.0,3750.0,15,15,11,2.272727272727273,4,21,4,0.84,11,0.22950913242009136,Slow Moving,Slow Moving,0.0,0.02433406451920119,0.9756659354807988
1729,LankaSoy (fish)50g,"Meat, Fish & Frozen",50.0,60.0,32,1920.0,320.0,14,14,12,2.6666666666666665,5,26,6,0.8125,17,0.22785388127853884,Slow Moving,Slow Moving,0.0,0.0012233502538071066,0.998776649746193
2905,Dunhill Blue,General Grocery,162.61,170.0,30,5100.0,221.7,16,16,11,2.727272727272727,5,14,16,0.4666666666666667,35,0.22754566210045665,Slow Moving,Slow Moving,0.0,0.004099219463197122,0.9959007805368029
2357,Iodex Head Fast 9g,General Grocery,180.0,200.0,29,5800.0,580.0,17,17,11,2.6363636363636362,8,21,8,0.7241379310344828,65,0.2270205479452055,Slow Moving,Slow Moving,0.0,0.002464212678936605,0.9975357873210633
1220,Flora Paper Plates 10nos,General Grocery,110.0,130.0,30,3900.0,600.0,14,14,10,3.0,9,23,7,0.7666666666666667,0,0.22680365296803656,Slow Moving,Slow Moving,0.0,0.009928425357873211,0.9900715746421268
1627,Ritzbury Bubbles 40g,General Grocery,45.0,50.0,30,1500.0,150.0,14,14,13,2.3076923076923075,4,16,14,0.5333333333333333,7,0.2267694063926941,Slow Moving,Slow Moving,0.0,0.002464212678936605,0.9975357873210635
3174,Surf Excel 30g,General Grocery,10.0,20.0,32,640.0,320.0,18,17,10,3.2,9,20,12,0.625,340,0.22625570776255707,Slow Moving,Slow Moving,0.0,0.07408537019639311,0.9259146298036067
1812,SCAN Jumbo Peanut 80g,General Grocery,157.50999999999996,175.0,30,5250.0,524.6999999999999,15,15,11,2.727272727272727,4,24,6,0.8,17,0.22570776255707764,Slow Moving,Slow Moving,0.0,0.0,1.0
1697,Paris Talc (sandalwood)85g,General Grocery,89.69,100.0,26,2600.0,268.06,16,16,14,1.8571428571428572,4,19,7,0.7307692307692307,7,0.22555936073059363,Slow Moving,Slow Moving,0.0,0.0,1.0
1008,Signal 123 40g,General Grocery,60.0,65.0,30,1950.0,150.0,16,16,11,2.727272727272727,6,16,14,0.5333333333333333,10,0.22487442922374432,Slow Moving,Slow Moving,0.0,0.0,1.0
1546,Astra Fat-Spread 500g,General Grocery,980.0,1080.0,23,24840.0,2300.0,15,15,12,1.9166666666666667,4,12,11,0.5217391304347826,9,0.2245776255707763,Slow Moving,Slow Moving,0.0,0.007024335877431825,0.9929756641225683
2092,Elephant House Orange Crush 2L,General Grocery,235.0,250.0,30,7500.0,450.0,14,14,12,2.5,8,18,12,0.6,48,0.2243835616438356,Slow Moving,Slow Moving,0.0,0.006988932795757411,0.9930110672042426
2948,Sesame Curls 10pieces,General Grocery,230.0,250.0,30,7500.0,600.0,14,14,12,2.5,5,21,9,0.7,50,0.2240296803652968,Slow Moving,Slow Moving,0.0,0.003301369863013699,0.9966986301369863
1216,Flora Toothpicks 500nos,General Grocery,251.0,295.0,30,8850.0,1320.0,16,16,9,3.3333333333333335,6,24,6,0.8,25,0.22389269406392695,Slow Moving,Slow Moving,0.0,0.028731806497480625,0.9712681935025194
1157,Lifebuoy(anti dandruff)80ml,General Grocery,270.0,300.0,32,9600.0,960.0,14,14,10,3.2,5,23,9,0.71875,92,0.22345890410958905,Slow Moving,Slow Moving,0.0,0.004083653001336697,0.9959163469986634
1613,Bic Easy 2,General Grocery,130.0,150.0,30,4500.0,600.0,16,16,11,2.727272727272727,5,25,5,0.8333333333333334,43,0.22328767123287674,Slow Moving,Slow Moving,0.0,0.0,1.0
2934,ChokyBix 43g,General Grocery,70.0,100.0,33,3300.0,990.0,15,15,10,3.3,6,24,9,0.7272727272727273,34,0.22247716894977168,Slow Moving,Slow Moving,0.0,0.008301369863013698,0.9916986301369863
1817,Astra Fat-Spread 1kg,General Grocery,1500.0,1700.0,28,47600.0,5600.0,14,14,10,2.8,6,21,7,0.75,50,0.2224543378995434,Slow Moving,Slow Moving,0.0,0.00865934266169234,0.9913406573383077
2813,Velvet 100g (Rose),General Grocery,65.76,72.0,31,2232.0,193.44,15,15,12,2.5833333333333335,9,18,13,0.5806451612903226,42,0.22149543378995432,Slow Moving,Slow Moving,0.0,0.001965742251223491,0.9980342577487765
2212,Amritha Incense Sticks (Jasmine),General Grocery,72.0,85.0,28,2380.0,364.0,16,16,11,2.5454545454545454,5,17,11,0.6071428571428571,2,0.2209246575342466,Slow Moving,Slow Moving,0.0,0.0,1.0
1591,Lifebuoy Hand Sanitizer 90ml,General Grocery,327.17,375.0,25,9375.0,1195.75,15,15,12,2.0833333333333335,8,19,6,0.76,3,0.22092465753424656,Slow Moving,Slow Moving,0.0,0.009066952404964003,0.9909330475950361
3238,Kellogg's Corn Flakes with Real Honey 300g,General Grocery,1200.0,1250.0,30,37500.0,1500.0,14,14,8,3.75,6,25,5,0.8333333333333334,208,0.22090182648401832,Slow Moving,Slow Moving,0.0,0.10785696774847547,0.8921430322515246
2653,Dettol Orange Burst 110g,General Grocery,71.56,78.0,28,2184.0,180.32,15,15,14,2.0,3,16,12,0.5714285714285714,15,0.2209018264840183,Slow Moving,Slow Moving,0.0,0.0,1.0
2208,Asoka Super7 Incense Sticks,General Grocery,80.0,90.0,29,2610.0,290.0,17,17,11,2.6363636363636362,7,24,5,0.8275862068965517,25,0.21998858447488587,Slow Moving,Slow Moving,0.0,0.005,0.995
1556,Vaseline Intensive Care 100ml,General Grocery,310.0,355.0,28,9940.0,1260.0,15,15,11,2.5454545454545454,7,17,11,0.6071428571428571,20,0.2198173515981735,Slow Moving,Slow Moving,0.0,0.0018415690269994902,0.9981584309730005
2206,Knorr Buriyani Mix,General Grocery,85.0,100.0,29,2900.0,435.0,17,17,10,2.9,6,20,9,0.6896551724137931,11,0.2193835616438356,Slow Moving,Slow Moving,0.0,0.0,1.0
1373,Ninja Mosquito Control Liquid 30Nights 35ml,General Grocery,375.0,425.0,29,12325.0,1450.0,15,15,9,3.2222222222222223,7,23,6,0.7931034482758621,13,0.21926940639269404,Slow Moving,Slow Moving,0.0,0.0016350067842605157,0.9983649932157393
2217,Anarva Incense Sticks,General Grocery,70.0,80.0,29,2320.0,290.0,16,16,13,2.230769230769231,4,19,10,0.6551724137931034,71,0.2192579908675799,Slow Moving,Slow Moving,0.0,0.0,1.0
1493,Cerelac Mixed Cereals,General Grocery,398.1,420.0,26,10920.0,569.4,14,14,11,2.3636363636363638,5,21,5,0.8076923076923077,1,0.21900684931506847,Slow Moving,Slow Moving,0.0,0.010701959189224518,0.9892980408107757
2100,Prima Swiss Roll 225g,General Grocery,280.0,325.0,28,9100.0,1260.0,15,15,12,2.3333333333333335,5,15,13,0.5357142857142857,48,0.21860730593607305,Slow Moving,Slow Moving,0.0,0.0,1.0
1593,My Doc Hand Sanitizer 150ml,General Grocery,260.0,300.0,27,8100.0,1080.0,15,15,13,2.076923076923077,8,15,12,0.5555555555555556,44,0.2175684931506849,Slow Moving,Slow Moving,0.0,0.018883100404854112,0.9811168995951458
1387,Siddhalepa Peenas Thailaya 100ml,Health & Medicine,260.0,300.0,26,7800.0,1040.0,16,16,11,2.3636363636363638,4,20,6,0.7692307692307693,7,0.2174086757990868,Slow Moving,Slow Moving,0.0,0.005,0.995
3072,Goya Pretty pink 65g,General Grocery,80.0,90.0,28,2520.0,280.0,16,16,13,2.1538461538461537,4,18,10,0.6428571428571429,30,0.21730593607305937,Slow Moving,Slow Moving,0.0,0.0,1.0
2887,Pedigree (Adult)370g,General Grocery,700.0,730.0,29,21170.0,870.0,15,15,9,3.2222222222222223,10,24,5,0.8275862068965517,76,0.21718036529680365,Slow Moving,Slow Moving,0.0,0.02498730344349122,0.9750126965565087
1746,MD Mixed Fruit jam 500g,General Grocery,550.0,600.0,27,16200.0,1350.0,13,13,11,2.4545454545454546,5,20,7,0.7407407407407407,6,0.21703196347031967,Slow Moving,Slow Moving,0.0,0.002464212678936605,0.9975357873210635
2548,CBL Samaposha 500g,General Grocery,380.0,420.0,27,11340.0,1080.0,16,16,10,2.7,5,23,4,0.8518518518518519,15,0.2163584474885845,Slow Moving,Slow Moving,0.0,0.00492842535787321,0.9950715746421268
2034,Prima Toppz 80g,General Grocery,55.0,62.0,30,1860.0,210.0,17,17,10,3.0,8,20,10,0.6666666666666666,21,0.21606164383561643,Slow Moving,Slow Moving,0.0,0.005,0.995
2285,ProMate (CR120#),General Grocery,148.0,185.0,27,4995.0,999.0,18,18,11,2.4545454545454546,5,15,12,0.5555555555555556,50,0.21585616438356164,Slow Moving,Slow Moving,0.0,0.009936376647274214,0.9900636233527257
2216,Amaa Incense Sticks,General Grocery,42.0,50.0,26,1300.0,208.0,18,18,12,2.1666666666666665,5,19,7,0.7307692307692307,10,0.2155593607305936,Slow Moving,Slow Moving,0.0,0.004099219463197122,0.9959007805368029
2115,Kandos Choconuts 90g,General Grocery,80.0,100.0,32,3200.0,640.0,14,14,10,3.2,7,27,5,0.84375,13,0.21551369863013697,Slow Moving,Slow Moving,0.0,0.0,1.0
2470,Atlas BIG,Stationery,8.0,10.0,30,300.0,60.0,17,17,11,2.727272727272727,4,25,5,0.8333333333333334,33,0.21546803652968038,Slow Moving,Slow Moving,0.0,0.0,1.0
2704,BIO Clean (Green) 200ML,General Grocery,104.54,115.0,29,3335.0,303.34000000000003,16,16,9,3.2222222222222223,10,22,7,0.7586206896551724,2,0.21543378995433787,Slow Moving,Slow Moving,0.0,0.011952761235305033,0.9880472387646949
1957,MD Mango Chutney 460g,General Grocery,300.0,330.0,23,7590.0,690.0,17,17,14,1.6428571428571428,4,13,10,0.5652173913043478,60,0.21542237442922377,Slow Moving,Slow Moving,0.0016666666666666666,0.00492842535787321,0.9934049079754601
1336,Dettol  60ml,General Grocery,200.0,210.0,30,6300.0,300.0,14,13,9,3.3333333333333335,8,23,7,0.7666666666666667,3,0.21502283105022835,Slow Moving,Slow Moving,0.0,0.007464212678936606,0.9925357873210633
2577,Sun Thread  200m,General Grocery,40.0,50.0,29,1450.0,290.0,17,17,11,2.6363636363636362,5,25,4,0.8620689655172413,21,0.2149771689497717,Slow Moving,Slow Moving,0.0,0.0,1.0
2231,Mosq-Guard  55ml,General Grocery,300.0,375.0,21,7875.0,1575.0,16,16,12,1.75,6,14,7,0.6666666666666666,0,0.21442922374429224,Slow Moving,Slow Moving,0.0,0.01438952212196823,0.9856104778780319
2672,Britol Hand Sanitizer 100ml,General Grocery,225.0,250.0,29,7250.0,725.0,15,15,11,2.6363636363636362,5,23,6,0.7931034482758621,34,0.2142351598173516,Slow Moving,Slow Moving,0.0,0.002464212678936605,0.9975357873210635
1379,Siddhalepa Balm 10g,Health & Medicine,94.5,105.0,27,2835.0,283.5,17,16,12,2.25,7,21,6,0.7777777777777778,24,0.2140182648401826,Slow Moving,Slow Moving,0.0,0.0,1.0
3039,Comfort Morning Fresh 90ml,General Grocery,140.0,150.0,30,4500.0,300.0,15,15,9,3.3333333333333335,6,21,9,0.7,5,0.21352739726027398,Slow Moving,Slow Moving,0.0,0.0,1.0
2088,Elephant House Necto 1L,General Grocery,280.0,300.0,28,8400.0,560.0,14,14,9,3.111111111111111,7,25,3,0.8928571428571429,0,0.21347031963470323,Slow Moving,Slow Moving,0.0,0.0,1.0
2368,Onion 1kg,General Grocery,250.0,280.0,26,7280.0,780.0,14,14,11,2.3636363636363638,6,17,9,0.6538461538461539,0,0.21287671232876715,Slow Moving,Slow Moving,0.0,0.003301369863013699,0.9966986301369863
2804,Royal Cashew Nut 200g,General Grocery,720.0,900.0,28,25200.0,5040.0,13,13,11,2.5454545454545454,7,17,11,0.6071428571428571,75,0.21287671232876712,Slow Moving,Slow Moving,0.0,0.01463148744638162,0.9853685125536183
3002,Sun Crush Lemon Lime 250ml,General Grocery,140.0,150.0,28,4200.0,280.0,16,16,12,2.3333333333333335,5,19,9,0.6785714285714286,42,0.21272831050228308,Slow Moving,Slow Moving,0.0,0.0016350067842605157,0.9983649932157396
3186,Comfort Royale 850ml,General Grocery,1500.0,1550.0,28,43400.0,1400.0,12,12,10,2.8,4,20,8,0.7142857142857143,22,0.21215753424657538,Slow Moving,Slow Moving,0.0,0.008529174393357217,0.9914708256066427
2638,Champion (Cool Mint) 90g,General Grocery,51.88,55.0,26,1430.0,81.12,18,18,13,2.0,3,16,10,0.6153846153846154,36,0.21203196347031963,Slow Moving,Slow Moving,0.0,0.014027644821070334,0.9859723551789297
2726,Royal Cashew Nuts 30g,General Grocery,130.0,160.0,28,4480.0,840.0,16,16,12,2.3333333333333335,6,12,16,0.42857142857142855,56,0.21150684931506847,Slow Moving,Slow Moving,0.0,0.002464212678936605,0.9975357873210635
1353,Air Wick Rose Dew (4in1) 50g,General Grocery,204.54,225.0,26,5850.0,531.96,17,17,9,2.888888888888889,6,20,6,0.7692307692307693,2,0.20970319634703194,Slow Moving,Slow Moving,0.0,0.01322979522088691,0.986770204779113
1003,Signal Strong Teeth 120g,General Grocery,115.0,124.0,26,3224.0,234.0,16,16,14,1.8571428571428572,5,13,13,0.5,41,0.20850456621004568,Slow Moving,Slow Moving,0.0,0.0,1.0
1795,Asiri Cocktail Mixture 100g,General Grocery,80.0,100.0,29,2900.0,580.0,15,15,10,2.9,10,15,14,0.5172413793103449,3,0.20799086757990864,Slow Moving,Slow Moving,0.0,0.010694007899823514,0.9893059921001764
2915,SanRemo Spaghetti,General Grocery,900.0,990.0,22,21780.0,1980.0,14,14,13,1.6923076923076923,4,14,8,0.6363636363636364,16,0.20796803652968038,Slow Moving,Slow Moving,0.0,0.018237746510287912,0.981762253489712
1268,Lifebuoy Lemon Fresh 100g,General Grocery,64.19,70.0,30,2100.0,174.29999999999998,15,15,10,3.0,5,21,9,0.7,6,0.20781963470319634,Slow Moving,Slow Moving,0.0,0.0,1.0
1611,Gillette Blue3 Comfort,General Grocery,126.0,150.0,30,4500.0,720.0,15,15,11,2.727272727272727,7,24,6,0.8,89,0.2077625570776256,Slow Moving,Slow Moving,0.0,0.0,1.0
2797,Prima Semolina 500g,General Grocery,117.0,130.0,24,3120.0,312.0,16,16,12,2.0,4,14,10,0.5833333333333334,1,0.2071917808219178,Slow Moving,Slow Moving,0.0,0.005765582541950305,0.9942344174580496
1743,KIST Pineapple jam 510g,General Grocery,300.0,335.0,26,8710.0,910.0,15,15,11,2.3636363636363638,5,13,13,0.5,8,0.2070662100456621,Slow Moving,Slow Moving,0.0,0.0,1.0
1345,Dettol (Skincare) 70g,General Grocery,58.57,65.0,30,1950.0,192.89999999999998,15,15,12,2.5,4,21,9,0.7,50,0.20697488584474888,Slow Moving,Slow Moving,0.0,0.0,1.0
2626,Comfort Lily Fresh 220ml,General Grocery,225.0,230.0,28,6440.0,140.0,14,14,9,3.111111111111111,10,25,3,0.8928571428571429,0,0.20664383561643837,Slow Moving,Slow Moving,0.0,0.013579816730164548,0.9864201832698355
1308,BIO Clean (Aqua) 200ml,General Grocery,104.54,115.0,30,3450.0,313.8,14,14,12,2.5,4,12,18,0.4,49,0.20654109589041098,Slow Moving,Slow Moving,0.0,0.0,1.0
1947,Sunquick Guava & Strawberry 330ml,General Grocery,387.0,430.0,27,11610.0,1161.0,16,16,10,2.7,6,23,4,0.8518518518518519,37,0.20641552511415526,Slow Moving,Slow Moving,0.0,0.00492842535787321,0.9950715746421268
1738,KIST Strawberry Flavoured-Melon jam200g,General Grocery,145.0,160.0,30,4800.0,450.0,14,14,11,2.727272727272727,6,17,13,0.5666666666666667,29,0.20626712328767124,Slow Moving,Slow Moving,0.0,0.0,1.0
1475,Nescafe Classic 200g,General Grocery,1550.0,1745.0,25,43625.0,4875.0,10,10,10,2.5,5,17,8,0.68,0,0.20601598173515984,Slow Moving,Slow Moving,0.0,0.054256875947411576,0.9457431240525885
1251,Velvet 100g (Lavender),General Grocery,65.76,72.0,28,2016.0,174.72,17,16,10,2.8,5,24,4,0.8571428571428571,9,0.20529680365296804,Slow Moving,Slow Moving,0.0,0.0,1.0
1487,Lactogen 1,General Grocery,560.0,590.0,30,17700.0,900.0,14,14,8,3.75,7,23,7,0.7666666666666667,127,0.2051826484018265,Slow Moving,Slow Moving,0.0,0.008600749035484006,0.9913992509645161
1946,Sunquick Orange 840ml,General Grocery,715.0,790.0,25,19750.0,1875.0,13,12,10,2.5,8,17,8,0.68,1,0.20492009132420091,Slow Moving,Slow Moving,0.0,0.00526711211423719,0.9947328878857629
3030,Rexona Men 72H 25ml,General Grocery,460.0,470.0,26,12220.0,260.0,15,15,11,2.3636363636363638,5,10,16,0.38461538461538464,23,0.20458904109589043,Slow Moving,Slow Moving,0.0,0.03420779629737212,0.9657922037026279
2082,Lion Club Soda 1.5L,General Grocery,140.0,150.0,26,3900.0,260.0,16,16,11,2.3636363636363638,4,20,6,0.7692307692307693,5,0.20400684931506852,Slow Moving,Slow Moving,0.0,0.0,1.0
1598,dash Hand Sanitizer 500ml,General Grocery,640.0,690.0,29,20010.0,1450.0,13,13,8,3.625,7,23,6,0.7931034482758621,16,0.2039840182648402,Slow Moving,Slow Moving,0.0,0.03257471012477957,0.9674252898752205
2042,Edinborough Eazy Cheezy (Cheddar)260g,General Grocery,308.01,350.0,25,8750.0,1049.75,15,15,12,2.0833333333333335,4,17,8,0.68,14,0.20384703196347032,Slow Moving,Slow Moving,0.0,0.0,1.0
2050,Delmage Essence 200ml,General Grocery,280.0,290.0,30,8700.0,300.0,13,13,9,3.3333333333333335,7,19,11,0.6333333333333333,9,0.2036986301369863,Slow Moving,Slow Moving,0.0,0.005765582541950305,0.9942344174580497
3231,Clorex 250ml,General Grocery,150.0,180.0,28,5040.0,840.0,16,15,11,2.5454545454545454,6,19,9,0.6785714285714286,44,0.2035958904109589,Slow Moving,Slow Moving,0.0,0.0,1.0
2794,New Fenol 750ml,General Grocery,252.0,280.0,25,7000.0,700.0,14,14,11,2.272727272727273,4,19,6,0.76,0,0.20283105022831052,Slow Moving,Slow Moving,0.0,0.006988932795757411,0.9930110672042426
3109,Janet Pink Petals Body Spray 75ml,General Grocery,980.0,1000.0,28,28000.0,560.0,13,13,9,3.111111111111111,6,16,12,0.5714285714285714,24,0.20238584474885843,Slow Moving,Slow Moving,0.0,0.023860179767984643,0.9761398202320153
1013,Closeup Blue 30g,General Grocery,50.0,55.0,30,1650.0,150.0,16,16,11,2.727272727272727,7,22,8,0.7333333333333333,93,0.20221461187214615,Slow Moving,Slow Moving,0.0,0.002464212678936605,0.9975357873210635
3088,Kellogg's Muesli Fruit & Nut 500g,General Grocery,2800.0,2900.0,27,78300.0,2700.0,12,12,10,2.7,5,13,14,0.48148148148148145,45,0.2011073059360731,Slow Moving,Slow Moving,0.005,0.08512656327865255,0.9098734367213476
1542,Meadowlea Fat-Spread 250g,General Grocery,270.0,300.0,25,7500.0,750.0,16,16,12,2.0833333333333335,3,14,11,0.56,35,0.20026255707762558,Slow Moving,Slow Moving,0.0016666666666666666,0.0,0.9983333333333333
2145,Litro Gas 2.4kg,General Grocery,692.58,727.1,28,20358.8,966.5600000000001,14,14,9,3.111111111111111,5,20,8,0.7142857142857143,35,0.2001826484018265,Slow Moving,Slow Moving,0.0,0.006187178693354731,0.9938128213066452
1772,Keells Chicken Ham 150g,"Meat, Fish & Frozen",620.0,700.0,21,14700.0,1680.0,16,16,12,1.75,3,11,10,0.5238095238095238,21,0.1999543378995434,Slow Moving,Slow Moving,0.0,0.007464212678936606,0.9925357873210635
2652,Dettol Lasting Fresh 110g,General Grocery,71.56,78.0,28,2184.0,180.32000000000002,17,17,11,2.5454545454545454,4,24,4,0.8571428571428571,48,0.19940639269406393,Slow Moving,Slow Moving,0.0,0.00492842535787321,0.9950715746421268
1618,Lifebuoy Cool Fresh 100g,General Grocery,54.1,59.0,29,1711.0,142.1,14,14,12,2.4166666666666665,7,19,10,0.6551724137931034,13,0.19908675799086756,Slow Moving,Slow Moving,0.0,0.007893970886995443,0.9921060291130044
1368,Mortein Mosquito Control Liquid 35ml,General Grocery,440.0,490.0,25,12250.0,1250.0,15,14,10,2.5,5,21,4,0.84,6,0.19897260273972603,Slow Moving,Slow Moving,0.0,0.0,1.0
2142,Litro Gas 12.5kg,General Grocery,3596.0,3773.7799999999997,24,90570.72,4266.72,13,13,11,2.1818181818181817,4,20,4,0.8333333333333334,42,0.19897260273972603,Slow Moving,Slow Moving,0.0,0.04926524112033821,0.9507347588796616
1307,BIO Clean (Floral) 200ml,General Grocery,104.54,115.0,29,3335.0,303.34000000000003,16,16,9,3.2222222222222223,5,15,14,0.5172413793103449,13,0.19842465753424654,Slow Moving,Slow Moving,0.0,0.0,1.0
2230,Britol Air Freshener (gardenia)45g,General Grocery,100.0,120.0,24,2880.0,480.0,15,15,13,1.8461538461538463,4,17,7,0.7083333333333334,3,0.1977511415525114,Slow Moving,Slow Moving,0.0,0.0,1.0
2428,K.N 95 Masks,General Grocery,28.0,50.0,31,1550.0,682.0,14,14,9,3.4444444444444446,6,12,19,0.3870967741935484,4,0.1977054794520548,Slow Moving,Slow Moving,0.0025,0.02491830676442727,0.9725816932355726
1768,Keells Chunky  Chicken 210g,"Meat, Fish & Frozen",216.0,260.0,26,6760.0,1144.0,14,14,12,2.1666666666666665,5,20,6,0.7692307692307693,11,0.1975570776255708,Slow Moving,Slow Moving,0.0,0.00492842535787321,0.9950715746421268
2608,Half Chicken 1kg,"Meat, Fish & Frozen",520.0,570.0,26,14820.0,1300.0,15,15,10,2.6,6,14,12,0.5384615384615384,24,0.19706621004566208,Slow Moving,Slow Moving,0.0,0.009864802005147427,0.9901351979948526
3073,Goya Sandal Touch 65g,General Grocery,80.0,90.0,29,2610.0,290.0,16,15,11,2.6363636363636362,7,21,8,0.7241379310344828,231,0.1961986301369863,Slow Moving,Slow Moving,0.0,0.012368322267977704,0.9876316777320223
1787,Asiri Roasted Peanuts 90g,General Grocery,200.0,220.0,22,4840.0,440.0,16,16,12,1.8333333333333333,5,16,6,0.7272727272727273,3,0.19542237442922372,Slow Moving,Slow Moving,0.0,0.0,1.0
1207,O B,General Grocery,550.0,700.0,22,15400.0,3300.0,14,14,11,2.0,7,17,5,0.7727272727272727,2,0.19527397260273974,Slow Moving,Slow Moving,0.0,0.002464212678936605,0.9975357873210633
2907,Back Bacon 150g,General Grocery,1250.0,1390.0,22,30580.0,3080.0,13,13,10,2.2,6,12,10,0.5454545454545454,1,0.19457762557077624,Slow Moving,Slow Moving,0.0,0.018073180552492685,0.9819268194475075
1740,KIST Mixed Fruit jam 300g,General Grocery,216.0,240.0,28,6720.0,672.0,15,15,11,2.5454545454545454,9,10,18,0.35714285714285715,180,0.19445205479452055,Slow Moving,Slow Moving,0.0,0.015993059865566314,0.9840069401344336
2938,CHOCO-LA Crispy 45g,General Grocery,70.0,100.0,26,2600.0,780.0,15,15,13,2.0,5,15,11,0.5769230769230769,18,0.19345890410958905,Slow Moving,Slow Moving,0.0,0.006635006784260516,0.9933649932157396
1193,Pampers Pants 4/M,General Grocery,210.0,230.0,29,6670.0,580.0,13,13,11,2.6363636363636362,4,20,9,0.6896551724137931,30,0.19308219178082192,Slow Moving,Slow Moving,0.0,0.0,1.0
2225,Royal Candles (large),General Grocery,200.0,320.0,23,7360.0,2760.0,16,16,13,1.7692307692307692,3,13,10,0.5652173913043478,64,0.19259132420091324,Slow Moving,Slow Moving,0.0,0.02743688160154673,0.9725631183984531
1831,Maliban Gold Marie 75g,General Grocery,40.5,50.0,27,1350.0,256.5,17,17,11,2.4545454545454546,9,20,7,0.7407407407407407,24,0.19227168949771686,Slow Moving,Slow Moving,0.0,0.0012233502538071066,0.998776649746193
2450,Duracell Battery AAA,General Grocery,83.61,120.0,30,3600.0,1091.7,16,16,9,3.3333333333333335,6,12,18,0.4,140,0.19213470319634707,Slow Moving,Slow Moving,0.0,0.009928425357873211,0.9900715746421268
1761,Keells Chicken Sausages 100g,"Meat, Fish & Frozen",88.0,100.0,24,2400.0,288.0,15,15,13,1.8461538461538463,4,16,8,0.6666666666666666,4,0.19198630136986303,Slow Moving,Slow Moving,0.0,0.0,1.0
1028,Clogard Chooty 40g,General Grocery,100.0,110.0,30,3300.0,300.0,13,13,11,2.727272727272727,6,19,11,0.6333333333333333,24,0.1917123287671233,Slow Moving,Slow Moving,0.0,0.0,1.0
3246,NewsPaper SundayTimes,General Grocery,170.0,180.0,28,5040.0,280.0,15,15,11,2.5454545454545454,9,21,7,0.75,45,0.1916095890410959,Slow Moving,Slow Moving,0.0,0.0,1.0
1719,LankaSoy (chicken)50g,"Meat, Fish & Frozen",30.0,35.0,29,1015.0,145.0,16,16,11,2.6363636363636362,7,19,10,0.6551724137931034,42,0.19159817351598174,Slow Moving,Slow Moving,0.0,0.005,0.995
1390,Iodex Balm 9g,Health & Medicine,150.0,190.0,27,5130.0,1080.0,14,14,10,2.7,6,19,8,0.7037037037037037,2,0.1909703196347032,Slow Moving,Slow Moving,0.0,0.002464212678936605,0.9975357873210633
2547,Panadol Liquid 10ml,Health & Medicine,380.0,400.0,26,10400.0,520.0,14,14,12,2.1666666666666665,6,14,12,0.5384615384615384,76,0.19054794520547946,Slow Moving,Slow Moving,0.0,0.013976897689768977,0.9860231023102309
2675,Dash Sanitizer Liquid 500ml,General Grocery,621.0,690.0,22,15180.0,1518.0,15,15,10,2.2,6,17,5,0.7727272727272727,3,0.19019406392694066,Slow Moving,Slow Moving,0.0,0.0,1.0
1631,Ritzbury Rave 26g,General Grocery,36.0,40.0,31,1240.0,124.0,15,14,10,3.1,7,25,6,0.8064516129032258,45,0.19015981735159815,Slow Moving,Slow Moving,0.0,0.0,1.0
2116,Kandos Promises 120g,General Grocery,296.0,370.0,21,7770.0,1554.0,16,16,12,1.75,3,16,5,0.7619047619047619,10,0.18968036529680365,Slow Moving,Slow Moving,0.0,0.0,1.0
2624,CBL Lankasoy (Fish Flavour) 50g,"Meat, Fish & Frozen",54.0,60.0,30,1800.0,180.0,13,13,11,2.727272727272727,4,24,6,0.8,14,0.18810502283105024,Slow Moving,Slow Moving,0.0,0.0,1.0
2198,Freelan Papadam 60g,General Grocery,72.0,80.0,28,2240.0,224.0,16,15,10,2.8,9,22,6,0.7857142857142857,16,0.1878881278538813,Slow Moving,Slow Moving,0.0,0.0012233502538071066,0.998776649746193
2188,Wijaya Pappadam 70g,General Grocery,130.0,150.0,29,4350.0,580.0,15,15,10,2.9,6,28,1,0.9655172413793104,40,0.1878310502283105,Slow Moving,Slow Moving,0.0,0.003301369863013699,0.9966986301369863
1580,Ran Kahata 50g,General Grocery,40.0,45.0,25,1125.0,125.0,16,16,13,1.9230769230769231,4,19,6,0.76,16,0.1878310502283105,Slow Moving,Slow Moving,0.0,0.0,1.0
2237,Siddhalepa Siddhartha Oil 30ml,Health & Medicine,110.0,125.0,35,4375.0,525.0,10,9,8,4.375,8,24,11,0.6857142857142857,27,0.18751141552511416,Slow Moving,Slow Moving,0.0,0.03377855987571427,0.9662214401242858
1393,Vicks Inhaler  0.5ml,Health & Medicine,88.0,95.0,24,2280.0,168.0,16,15,12,2.0,4,17,7,0.7083333333333334,7,0.1873744292237443,Slow Moving,Slow Moving,0.0,0.0,1.0
1012,Closeup Red 120g,General Grocery,152.0,165.0,29,4785.0,377.0,15,14,10,2.9,6,25,4,0.8620689655172413,52,0.18732876712328766,Slow Moving,Slow Moving,0.0,0.0,1.0
2925,Mister Potato Original 40g,General Grocery,450.0,480.0,27,12960.0,810.0,14,13,10,2.7,7,19,8,0.7037037037037037,36,0.18700913242009135,Slow Moving,Slow Moving,0.0,0.0,1.0
1007,Signal Herbal 160g,General Grocery,132.0,145.0,23,3335.0,299.0,14,14,13,1.7692307692307692,4,14,9,0.6086956521739131,2,0.18598173515981734,Slow Moving,Slow Moving,0.0,0.0,1.0
3110,Janet Green Garden Body Spray 75ml,General Grocery,980.0,1000.0,25,25000.0,500.0,12,12,9,2.7777777777777777,9,18,7,0.72,3,0.18476027397260275,Slow Moving,Slow Moving,0.0,0.0,1.0
1215,Flora Plastic Cups,General Grocery,72.0,85.0,31,2635.0,403.0,14,14,9,3.4444444444444446,9,19,12,0.6129032258064516,27,0.18440639269406392,Slow Moving,Slow Moving,0.0,0.0,1.0
2183,Wijaya Fenugreek 50g,General Grocery,25.0,35.0,25,875.0,250.0,15,15,12,2.0833333333333335,4,14,11,0.56,2,0.18396118721461188,Slow Moving,Slow Moving,0.0,0.0,1.0
1403,Kellogg's Chocos 26g,General Grocery,36.0,40.0,31,1240.0,124.0,13,13,11,2.8181818181818183,7,23,8,0.7419354838709677,38,0.1837214611872146,Slow Moving,Slow Moving,0.0,0.003301369863013699,0.9966986301369863
2707,Valmelix Cough Syrup 100ml,Health & Medicine,170.0,190.0,25,4750.0,500.0,16,16,10,2.5,6,19,6,0.76,7,0.18353881278538814,Slow Moving,Slow Moving,0.0,0.007464212678936606,0.9925357873210633
1676,Marshmelos 12pcs,General Grocery,100.0,120.0,31,3720.0,620.0,14,14,9,3.4444444444444446,10,22,9,0.7096774193548387,66,0.1832876712328767,Slow Moving,Slow Moving,0.0,0.0,1.0
1515,E/H Necto,General Grocery,17.0,20.0,28,560.0,84.0,16,16,10,2.8,6,20,8,0.7142857142857143,11,0.1830022831050228,Slow Moving,Slow Moving,0.0,0.0,1.0
1266,Lifebuoy Mild Care 100g,General Grocery,48.0,53.0,30,1590.0,150.0,13,13,9,3.3333333333333335,7,27,3,0.9,2,0.18275114155251143,Slow Moving,Slow Moving,0.0,0.005734226247457636,0.9942657737525424
1348,Air Wick Lavender 475ml,General Grocery,800.0,830.0,27,22410.0,810.0,13,13,9,3.0,7,24,3,0.8888888888888888,36,0.18263698630136987,Slow Moving,Slow Moving,0.0,0.004524720116820806,0.9954752798831792
2246,Siddhalepa Vatha Oil 30ml,Health & Medicine,105.0,120.0,31,3720.0,465.0,7,7,6,5.166666666666667,12,30,1,0.967741935483871,0,0.18204337899543377,Slow Moving,Slow Moving,0.0025,0.1482821461549425,0.8492178538450572
1733,Rancrips CassavaChips (Sea Solted)100g,General Grocery,100.0,120.0,29,3480.0,580.0,14,14,10,2.9,8,26,3,0.896551724137931,19,0.1819292237442922,Slow Moving,Slow Moving,0.0,0.0,1.0
1960,MD Tomato Puree245g,General Grocery,245.0,270.0,26,7020.0,650.0,16,16,9,2.888888888888889,10,21,5,0.8076923076923077,18,0.18149543378995436,Slow Moving,Slow Moving,0.0,0.0,1.0
2199,Freelan Rasam 90g,General Grocery,80.0,90.0,27,2430.0,270.0,15,15,10,2.7,8,17,10,0.6296296296296297,5,0.18041095890410958,Slow Moving,Slow Moving,0.0,0.0,1.0
2151,Laxapana 9v,General Grocery,308.0,350.0,27,9450.0,1134.0,14,14,10,2.7,5,16,11,0.5925925925925926,30,0.17978310502283107,Slow Moving,Slow Moving,0.0,0.0,1.0
2118,Signal Deep Clean (T.B),General Grocery,62.040000000000006,73.0,26,1898.0,284.96000000000004,17,17,11,2.3636363636363638,6,21,5,0.8076923076923077,40,0.1796461187214612,Slow Moving,Slow Moving,0.0,0.0,1.0
3221,Maggi Chicken Flavoured Noodels 73g,"Meat, Fish & Frozen",105.02,115.0,26,2990.0,259.48,16,15,10,2.6,7,21,5,0.8076923076923077,10,0.1790525114155251,Slow Moving,Slow Moving,0.0,0.0,1.0
2651,Lifebuoy Venivel 100g,General Grocery,54.1,59.0,27,1593.0,132.3,15,14,12,2.25,6,15,12,0.5555555555555556,29,0.17900684931506847,Slow Moving,Slow Moving,0.0,0.0,1.0
2284,ProMate (CR120=),General Grocery,148.0,185.0,26,4810.0,962.0,14,14,12,2.1666666666666665,5,11,15,0.4230769230769231,27,0.17850456621004568,Slow Moving,Slow Moving,0.0,0.002464212678936605,0.9975357873210635
2288,Atlas Blank Book 80page,Stationery,42.0,50.0,30,1500.0,240.0,15,15,10,3.0,6,22,8,0.7333333333333333,68,0.17848173515981736,Slow Moving,Slow Moving,0.0,0.0,1.0
3139,Strepsils Cool 24 Lozenges,General Grocery,700.0,720.0,24,17280.0,480.0,11,11,10,2.4,5,17,7,0.7083333333333334,1,0.17820776255707763,Slow Moving,Slow Moving,0.0,0.008189092505030597,0.9918109074949695
3001,Spinner Beverage 250ml,General Grocery,340.0,350.0,24,8400.0,240.0,15,15,10,2.4,5,13,11,0.5416666666666666,8,0.17799086757990867,Slow Moving,Slow Moving,0.0,0.014172435161879377,0.9858275648381206
3104,Janet Green Garden Deodorant 30ml,General Grocery,500.0,530.0,26,13780.0,780.0,15,14,9,2.888888888888889,7,18,8,0.6923076923076923,48,0.17781963470319634,Slow Moving,Slow Moving,0.0,0.0,1.0
3137,Edinborouah Mayonnaise 180g,General Grocery,700.0,715.0,26,18590.0,390.0,12,12,10,2.6,5,19,7,0.7307692307692307,20,0.17710045662100457,Slow Moving,Slow Moving,0.0,0.007392638036809816,0.9926073619631901
3226,aei Power pocket jasmine 30days,General Grocery,300.0,320.0,20,6400.0,400.0,16,16,14,1.4285714285714286,3,13,7,0.65,93,0.17705479452054798,Slow Moving,Slow Moving,0.0,0.002464212678936605,0.9975357873210635
1247,Velvet 100g (Jasmine),General Grocery,65.76,72.0,27,1944.0,168.48000000000002,14,14,12,2.25,4,9,18,0.3333333333333333,17,0.17703196347031966,Slow Moving,Slow Moving,0.0,0.0,1.0
1774,Keells Chicken Drumsticks 6pcs,"Meat, Fish & Frozen",352.0,400.0,29,11600.0,1392.0,12,12,9,3.2222222222222223,10,17,12,0.5862068965517241,34,0.17618721461187214,Slow Moving,Slow Moving,0.0,0.0401427891443414,0.9598572108556586
1199,Eva Dritex Wings 10p,General Grocery,140.0,155.0,27,4185.0,405.0,15,15,10,2.7,9,22,5,0.8148148148148148,22,0.1746118721461187,Slow Moving,Slow Moving,0.0,0.0,1.0
2213,Amritha Incense Sticks,General Grocery,125.0,150.0,27,4050.0,675.0,15,15,11,2.4545454545454546,5,10,17,0.37037037037037035,85,0.1745662100456621,Slow Moving,Slow Moving,0.0,0.0,1.0
3254,Sunquick Orange 700ml,General Grocery,1250.0,1310.0,24,31440.0,1440.0,12,12,10,2.4,8,13,11,0.5416666666666666,19,0.173972602739726,Slow Moving,Slow Moving,0.0,0.017634072229765867,0.9823659277702341
3079,Velvet Orange & Honey 70g,General Grocery,110.0,125.0,29,3625.0,435.0,13,13,11,2.6363636363636362,8,11,18,0.3793103448275862,63,0.17348173515981732,Slow Moving,Slow Moving,0.0,0.0,1.0
2519,Viva 400g,General Grocery,394.36,475.0,25,11875.0,2016.0,13,13,9,2.7777777777777777,4,21,4,0.84,3,0.17335616438356166,Slow Moving,Slow Moving,0.0,0.003301369863013699,0.9966986301369863
2374,Plums 1kg,General Grocery,600.0,800.0,23,18400.0,4600.0,13,13,11,2.090909090909091,6,15,8,0.6521739130434783,26,0.17188356164383561,Slow Moving,Slow Moving,0.0,0.00492842535787321,0.9950715746421268
2282,ProMate (CR80=),General Grocery,104.0,130.0,28,3640.0,728.0,15,14,10,2.8,6,23,5,0.8214285714285714,58,0.17174657534246573,Slow Moving,Slow Moving,0.0,0.0,1.0
2852,BIC Lighter (mini),General Grocery,160.0,180.0,27,4860.0,540.0,14,13,11,2.4545454545454546,5,12,15,0.4444444444444444,41,0.17147260273972603,Slow Moving,Slow Moving,0.0,0.0,1.0
1674,Sriposha 400g,General Grocery,149.0,175.0,22,3850.0,572.0,14,14,12,1.8333333333333333,5,19,3,0.8636363636363636,2,0.17142694063926942,Slow Moving,Slow Moving,0.0,0.0,1.0
3083,Flora Cotton Balls 100pcs,General Grocery,580.0,595.0,21,12495.0,315.0,13,13,10,2.1,5,16,5,0.7619047619047619,0,0.17106164383561645,Slow Moving,Slow Moving,0.0,0.0,1.0
2306,Atlas CR Book Square Ruled (200p),Stationery,200.0,240.0,26,6240.0,1040.0,17,17,8,3.25,9,24,2,0.9230769230769231,82,0.17102739726027397,Slow Moving,Slow Moving,0.0,0.028660231855353838,0.9713397681446462
1490,Lactogrow 4,General Grocery,647.0,680.0,23,15640.0,759.0,14,14,11,2.090909090909091,7,9,14,0.391304347826087,46,0.17046803652968037,Slow Moving,Slow Moving,0.0,0.009912858896012787,0.9900871411039871
2001,Bulerias Black Olives358ml,General Grocery,460.0,470.0,27,12690.0,270.0,12,11,8,3.375,8,26,1,0.9629629629629629,8,0.17010273972602744,Slow Moving,Slow Moving,0.0,0.004501202365559377,0.9954987976344405
2939,KSsuper,General Grocery,70.0,100.0,25,2500.0,750.0,17,17,11,2.272727272727273,8,21,4,0.84,140,0.16979452054794522,Slow Moving,Slow Moving,0.0,0.023775354202274945,0.9762246457977249
1595,Medi Safe Hand Sanitizer 100ml,General Grocery,250.0,280.0,25,7000.0,750.0,14,14,10,2.5,7,21,4,0.84,8,0.16917808219178085,Slow Moving,Slow Moving,0.0,0.0,1.0
2889,MosAway(siddhalepa)60ml,Health & Medicine,330.0,370.0,21,7770.0,840.0,15,15,11,1.9090909090909092,5,14,7,0.6666666666666666,8,0.16883561643835618,Slow Moving,Slow Moving,0.0,0.005765582541950305,0.9942344174580497
3108,Janet Orange Bloom Body Spray 75ml,General Grocery,980.0,1000.0,27,27000.0,540.0,12,12,8,3.375,5,18,9,0.6666666666666666,53,0.16864155251141555,Slow Moving,Slow Moving,0.0,0.016853734800904838,0.9831462651990951
2625,Moldivefish (Dry) 1kg,General Grocery,1700.0,1900.0,22,41800.0,4400.0,14,14,10,2.2,6,17,5,0.7727272727272727,244,0.16819634703196348,Slow Moving,Slow Moving,0.0,0.0690453878793957,0.9309546121206043
1472,Nescafe 3in1 18g,General Grocery,26.5,35.0,27,945.0,229.5,15,14,10,2.7,9,15,12,0.5555555555555556,7,0.16815068493150687,Slow Moving,Slow Moving,0.0,0.0,1.0
3220,Maggi Family Meal Pack 335g,General Grocery,316.74,350.0,27,9450.0,898.02,13,13,10,2.7,7,19,8,0.7037037037037037,36,0.1681164383561644,Slow Moving,Slow Moving,0.0,0.0,1.0
2615,3 Ply Face Mask 50pcs,General Grocery,300.0,350.0,28,9800.0,1400.0,12,12,10,2.8,6,25,3,0.8928571428571429,45,0.168013698630137,Slow Moving,Slow Moving,0.0,0.0012233502538071066,0.9987766497461927
2795,BIO Clean (Green) 500ml,General Grocery,204.55,225.0,29,6525.0,593.05,14,13,8,3.625,8,18,11,0.6206896551724138,62,0.16778538812785387,Slow Moving,Slow Moving,0.0,0.005742064790688877,0.994257935209311
3219,Nestomalt 400g,General Grocery,728.4800000000001,770.0,24,18480.0,996.48,14,14,10,2.4,4,13,11,0.5416666666666666,75,0.16736301369863013,Slow Moving,Slow Moving,0.0,0.0012233502538071066,0.9987766497461927
2830,Glucose-D 100g,General Grocery,80.0,100.0,28,2800.0,560.0,15,14,10,2.8,7,20,8,0.7142857142857143,58,0.16651826484018262,Slow Moving,Slow Moving,0.0,0.0016350067842605157,0.9983649932157396
3075,Goya Creamy Bliss 65g,General Grocery,80.0,90.0,30,2700.0,300.0,14,14,9,3.3333333333333335,9,18,12,0.6,65,0.16622146118721462,Slow Moving,Slow Moving,0.0,0.0,1.0
1469,Nestomalt 175g,General Grocery,150.0,165.0,26,4290.0,390.0,15,15,9,2.888888888888889,5,25,1,0.9615384615384616,9,0.1658904109589041,Slow Moving,Slow Moving,0.0,0.002464212678936605,0.9975357873210633
2372,Staples No10,General Grocery,22.0,25.0,26,650.0,78.0,15,15,11,2.3636363636363638,5,22,4,0.8461538461538461,10,0.16577625570776255,Slow Moving,Slow Moving,0.0,0.0,1.0
1284,Khomba,General Grocery,72.73,80.0,26,2080.0,189.01999999999998,15,15,12,2.1666666666666665,3,13,13,0.5,77,0.16510273972602738,Slow Moving,Slow Moving,0.0,0.0,1.0
2497,E/H Wonder Cone (Berry) 120ml,General Grocery,79.0,90.0,29,2610.0,319.0,14,14,10,2.9,8,23,6,0.7931034482758621,59,0.16457762557077626,Slow Moving,Slow Moving,0.0,0.0,1.0
1728,LankaSoy (devilled prawn)90g,General Grocery,75.0,85.0,29,2465.0,290.0,14,14,10,2.9,5,16,13,0.5517241379310345,50,0.16414383561643833,Slow Moving,Slow Moving,0.0,0.0,1.0
3033,Rexona Shower Fresh 72H 25ml,General Grocery,460.0,470.0,25,11750.0,250.0,14,14,10,2.5,5,16,9,0.64,52,0.16263698630136988,Slow Moving,Slow Moving,0.0,0.006151775611680317,0.9938482243883197
1667,Delmege Colouring (blue)28ml,General Grocery,81.0,90.0,26,2340.0,234.0,15,14,10,2.6,4,12,14,0.46153846153846156,11,0.16184931506849315,Slow Moving,Slow Moving,0.0,0.0,1.0
1340,Dettol  1L,General Grocery,795.0,850.0,24,20400.0,1320.0,12,12,11,2.1818181818181817,6,18,6,0.75,224,0.1617808219178082,Slow Moving,Slow Moving,0.0,0.008722966014418125,0.9912770339855819
1540,Meadowlea Fat-Spread 40g,General Grocery,41.0,45.0,29,1305.0,116.0,13,13,9,3.2222222222222223,7,28,1,0.9655172413793104,6,0.1614611872146119,Slow Moving,Slow Moving,0.0,0.002464212678936605,0.9975357873210635
2553,AURA Incense Sticks (Night Queen),General Grocery,80.0,100.0,25,2500.0,500.0,14,14,11,2.272727272727273,6,20,5,0.8,7,0.16106164383561644,Slow Moving,Slow Moving,0.0,0.0,1.0
2218,Sadew Incense Sticks,General Grocery,42.0,50.0,26,1300.0,208.0,15,15,9,2.888888888888889,5,23,3,0.8846153846153846,2,0.16083333333333333,Slow Moving,Slow Moving,0.0,0.0,1.0
1398,Siddhalepa Asamodagam 385ml,Health & Medicine,95.0,110.0,28,3080.0,420.0,14,14,10,2.8,6,14,14,0.5,38,0.16059360730593608,Slow Moving,Slow Moving,0.0,0.0064411103687055824,0.9935588896312945
1895,Comfort  Safe & Soft 860ml,General Grocery,720.0,780.0,23,17940.0,1380.0,14,13,10,2.3,7,19,4,0.8260869565217391,65,0.16021689497716896,Slow Moving,Slow Moving,0.0,0.0,1.0
3197,Lux Black Orchild 100g,General Grocery,160.0,170.0,28,4760.0,280.0,12,12,11,2.5454545454545454,7,23,5,0.8214285714285714,51,0.16010273972602743,Slow Moving,Slow Moving,0.0,0.002464212678936605,0.9975357873210633
1441,Happy Cow Alpine 150g,General Grocery,1300.0,1440.0,21,30240.0,2940.0,13,13,7,3.0,6,20,1,0.9523809523809523,4,0.1599771689497717,Slow Moving,Slow Moving,0.0,0.02405907111441493,0.975940928885585
1642,Jelo Cocoa Powder 50g,General Grocery,110.0,125.0,26,3250.0,390.0,15,15,11,2.3636363636363638,4,10,16,0.38461538461538464,119,0.15978310502283105,Slow Moving,Slow Moving,0.0,0.0032700135685210315,0.996729986431479
1903,All Out Liquid (Floral) 500ml,General Grocery,315.0,345.0,27,9315.0,810.0,12,12,6,4.5,11,24,3,0.8888888888888888,6,0.1596689497716895,Slow Moving,Slow Moving,0.0,0.013034542208186183,0.9869654577918138
1699,Paris Talc (jasmine)85g,General Grocery,85.21,95.0,27,2565.0,264.33,12,12,10,2.7,6,21,6,0.7777777777777778,2,0.15923515981735162,Slow Moving,Slow Moving,0.0,0.0,1.0
1048,Silicon Teat (M),General Grocery,92.0,100.0,28,2800.0,224.0,14,14,10,2.8,5,17,11,0.6071428571428571,39,0.1586986301369863,Slow Moving,Slow Moving,0.0,0.0,1.0
1014,Closeup Blue 120g,General Grocery,154.55,170.0,27,4590.0,417.15000000000003,12,12,11,2.4545454545454546,5,17,10,0.6296296296296297,23,0.15849315068493153,Slow Moving,Slow Moving,0.0,0.0,1.0
2942,Tomato Puree 600g,General Grocery,750.0,800.0,23,18400.0,1150.0,13,13,10,2.3,6,18,5,0.782608695652174,29,0.1583904109589041,Slow Moving,Slow Moving,0.0,0.0,1.0
2640,MyDoc Sanitizer Liquid 500ml,General Grocery,630.75,725.0,23,16675.0,2167.75,11,11,11,2.090909090909091,5,17,6,0.7391304347826086,18,0.15776255707762557,Slow Moving,Slow Moving,0.0,0.0,1.0
1749,MD pineapple jam 500g,General Grocery,850.0,930.0,25,23250.0,2000.0,12,12,9,2.7777777777777777,5,20,5,0.8,33,0.1576027397260274,Slow Moving,Slow Moving,0.0,0.005765582541950305,0.9942344174580496
2755,Cloth Clips 12,General Grocery,50.0,70.0,28,1960.0,560.0,15,14,10,2.8,5,20,8,0.7142857142857143,151,0.1575228310502283,Slow Moving,Slow Moving,0.0,0.0,1.0
2387,Pedigree (Adult) 90g,General Grocery,83.53,95.0,27,2565.0,309.69,14,14,11,2.4545454545454546,6,25,2,0.9259259259259259,50,0.15736301369863012,Slow Moving,Slow Moving,0.0,0.0,1.0
2936,CHOC-A-NUT 50g,General Grocery,100.0,120.0,30,3600.0,600.0,13,11,8,3.75,6,22,8,0.7333333333333333,52,0.15730593607305937,Slow Moving,Slow Moving,0.0,0.005,0.995
1966,Edinborough Lime Pickle200g,General Grocery,280.0,295.0,22,6490.0,330.0,14,14,12,1.8333333333333333,4,12,10,0.5454545454545454,28,0.15631278538812785,Slow Moving,Slow Moving,0.0,0.0,1.0
1557,Vaseline Aloe Fresh 200ml,General Grocery,314.41,360.0,27,9720.0,1230.93,11,11,10,2.7,5,15,12,0.5555555555555556,28,0.1560730593607306,Slow Moving,Slow Moving,0.0,0.014700905286939368,0.9852990947130607
1693,Dandex (cooling)80ml,General Grocery,116.59,130.0,24,3120.0,321.84000000000003,13,13,11,2.1818181818181817,5,18,6,0.75,3,0.15585616438356165,Slow Moving,Slow Moving,0.0,0.0,1.0
1961,Edinborough Tomato370g,General Grocery,241.15000000000003,275.0,23,6325.0,778.5500000000001,13,13,10,2.3,6,17,6,0.7391304347826086,2,0.1553538812785388,Slow Moving,Slow Moving,0.0,0.0,1.0
1538,Flora Fat Spread 100g,General Grocery,300.0,310.0,23,7130.0,230.0,12,12,10,2.3,6,21,2,0.9130434782608695,1,0.15334474885844748,Slow Moving,Slow Moving,0.0,0.0012233502538071066,0.998776649746193
1484,NAN 2 (350g),General Grocery,1120.0,1200.0,23,27600.0,1840.0,12,12,9,2.5555555555555554,7,6,17,0.2608695652173913,22,0.15327625570776257,Slow Moving,Slow Moving,0.0,0.053232542770846374,0.9467674572291535
1759,CBL Choc-Shock 90g,General Grocery,270.0,300.0,28,8400.0,840.0,12,12,9,3.111111111111111,5,17,11,0.6071428571428571,46,0.1532191780821918,Slow Moving,Slow Moving,0.0,0.0,1.0
1959,MD Tomato Paste 250g,General Grocery,265.0,290.0,24,6960.0,600.0,12,12,11,2.1818181818181817,5,17,7,0.7083333333333334,10,0.15315068493150685,Slow Moving,Slow Moving,0.0,0.0,1.0
1486,Nangrow 4 (300g),General Grocery,900.0,950.0,24,22800.0,1200.0,12,12,10,2.4,5,12,12,0.5,115,0.15276255707762557,Slow Moving,Slow Moving,0.0,0.0,1.0
2200,Knorr mix 8g,General Grocery,22.0,25.0,30,750.0,90.0,13,13,10,3.0,7,21,9,0.7,197,0.15205479452054796,Slow Moving,Slow Moving,0.0,0.009152724222476961,0.9908472757775231
1322,Lysol Lavender 500ml,General Grocery,218.17999999999998,240.0,26,6240.0,567.3199999999999,12,12,10,2.6,5,9,17,0.34615384615384615,12,0.15190639269406395,Slow Moving,Slow Moving,0.0,0.0012233502538071066,0.9987766497461927
2026,San Remo Spaghetti 500g,General Grocery,385.0,425.0,24,10200.0,960.0,13,13,10,2.4,4,16,8,0.6666666666666666,23,0.15109589041095892,Slow Moving,Slow Moving,0.0,0.0,1.0
1482,Nestomolt 28g,General Grocery,23.58,25.0,28,700.0,39.76,12,12,10,2.8,5,16,12,0.5714285714285714,5,0.15081050228310505,Slow Moving,Slow Moving,0.0,0.0037229660144181254,0.9962770339855819
3020,Vaseline Ice cool 100ml,General Grocery,371.17,425.0,22,9350.0,1184.26,13,13,12,1.8333333333333333,3,10,12,0.45454545454545453,52,0.15027397260273972,Slow Moving,Slow Moving,0.0,0.005,0.995
3218,Lactogrow 3/ 1-3 years children,General Grocery,1137.44,1200.0,22,26400.0,1376.3200000000002,11,11,10,2.2,5,16,6,0.7272727272727273,20,0.15003424657534245,Slow Moving,Slow Moving,0.0,0.008301369863013698,0.9916986301369863
2983,Astra 50g,General Grocery,100.0,130.0,27,3510.0,810.0,12,12,8,3.375,9,23,4,0.8518518518518519,2,0.14947488584474888,Slow Moving,Slow Moving,0.0,0.0012233502538071066,0.998776649746193
1983,KIST Tomato Sauce865g,General Grocery,580.0,600.0,24,14400.0,480.0,14,14,8,3.0,5,15,9,0.625,38,0.14881278538812787,Slow Moving,Slow Moving,0.0,0.0008136394328156652,0.9991863605671845
1159,Lifebuoy(Herbal)80ml,General Grocery,115.0,130.0,28,3640.0,420.0,14,13,9,3.111111111111111,8,16,12,0.5714285714285714,141,0.14820776255707765,Slow Moving,Slow Moving,0.0,0.0,1.0
2158,Philips Classic Tone 75w,General Grocery,90.0,100.0,26,2600.0,260.0,13,13,12,2.1666666666666665,5,17,9,0.6538461538461539,96,0.14802511415525116,Slow Moving,Slow Moving,0.0,0.0,1.0
2419,Yardley Body Spray (Classic),General Grocery,629.0,740.0,23,17020.0,2553.0,13,13,10,2.3,4,16,7,0.6956521739130435,99,0.1474657534246575,Slow Moving,Slow Moving,0.0,0.0,1.0
1718,LankaSoy (cuttlefish) 50g,General Grocery,30.0,35.0,26,910.0,130.0,15,15,11,2.3636363636363638,5,9,17,0.34615384615384615,64,0.14713470319634703,Slow Moving,Slow Moving,0.0,0.0,1.0
1367,Mortein Mosquito Control Liquid 25ml,General Grocery,400.0,455.0,24,10920.0,1320.0,12,12,10,2.4,8,16,8,0.6666666666666666,19,0.14684931506849316,Slow Moving,Slow Moving,0.0,0.0,1.0
2160,Red Bull 250ml,General Grocery,700.0,750.0,21,15750.0,1050.0,13,13,9,2.3333333333333335,5,20,1,0.9523809523809523,8,0.14643835616438355,Slow Moving,Slow Moving,0.0,0.0,1.0
2480,Ritzbury Chunky Choc 60g,General Grocery,63.0,70.0,25,1750.0,175.0,14,14,10,2.5,5,19,6,0.76,5,0.14641552511415526,Slow Moving,Slow Moving,0.0,0.0,1.0
1389,Iodex Balm 5g,Health & Medicine,60.0,65.0,20,1300.0,100.0,14,14,12,1.6666666666666667,3,14,6,0.7,1,0.14613013698630137,Slow Moving,Slow Moving,0.0,0.0,1.0
2043,Edinborough Eazy Cheezy 260g,General Grocery,360.8,440.0,22,9680.0,1742.4,14,13,10,2.2,5,13,9,0.5909090909090909,23,0.14562785388127855,Slow Moving,Slow Moving,0.0,0.001965742251223491,0.9980342577487765
3097,Candles 40pcs Ruhunu small,General Grocery,700.0,720.0,21,15120.0,420.0,13,13,10,2.1,6,18,3,0.8571428571428571,19,0.14488584474885843,Slow Moving,Slow Moving,0.0,0.00492842535787321,0.9950715746421268
3232,Clorex 1L,General Grocery,500.0,520.0,25,13000.0,500.0,13,13,9,2.7777777777777777,6,7,18,0.28,70,0.14481735159817352,Slow Moving,Slow Moving,0.0,0.011988932795757412,0.9880110672042426
2375,Flora Paper Serviettes 25's,General Grocery,43.0,60.0,25,1500.0,425.0,15,15,9,2.7777777777777777,7,20,5,0.8,6,0.14452054794520547,Slow Moving,Slow Moving,0.0,0.0,1.0
3123,Cardamon (Samuel's Product) 6g,General Grocery,120.0,145.0,27,3915.0,675.0,14,13,9,3.0,5,18,9,0.6666666666666666,45,0.14425799086757993,Slow Moving,Slow Moving,0.0,0.0,1.0
1592,My Doc Hand Sanitizer 50ml,General Grocery,185.0,220.0,26,5720.0,910.0,12,12,9,2.888888888888889,5,11,15,0.4230769230769231,8,0.14399543378995436,Slow Moving,Slow Moving,0.0,0.007664460622512689,0.9923355393774872
1984,KIST Tomato Sauce400g,General Grocery,450.0,490.0,18,8820.0,720.0,14,14,12,1.5,3,9,9,0.5,25,0.14293378995433792,Slow Moving,Slow Moving,0.0,0.005,0.995
2518,Horlicks 400g,General Grocery,446.01,475.0,23,10925.0,666.77,13,13,10,2.3,5,15,8,0.6521739130434783,31,0.14273972602739726,Slow Moving,Slow Moving,0.0,0.0,1.0
2725,Pebbles 8g,General Grocery,8.0,10.0,21,210.0,42.0,15,15,13,1.6153846153846154,3,11,10,0.5238095238095238,24,0.14191780821917804,Slow Moving,Slow Moving,0.0,0.002464212678936605,0.9975357873210633
1391,Iodex Headfast 4g,General Grocery,65.0,75.0,25,1875.0,250.0,14,14,11,2.272727272727273,4,18,7,0.72,24,0.14180365296803654,Slow Moving,Slow Moving,0.0,0.0,1.0
2150,Maggi Seasoning Powder 500g,General Grocery,1189.9,1250.0,22,27500.0,1322.2,11,11,9,2.4444444444444446,9,14,8,0.6363636363636364,18,0.14175799086757992,Slow Moving,Slow Moving,0.0,0.002858357038067622,0.9971416429619324
2161,Kist Ride 250ml,General Grocery,340.0,350.0,25,8750.0,250.0,13,13,10,2.5,5,15,10,0.6,107,0.1416324200913242,Slow Moving,Slow Moving,0.0,0.0,1.0
1219,Flora Paper Cups 10's,General Grocery,80.0,90.0,30,2700.0,300.0,10,10,8,3.75,11,29,1,0.9666666666666667,22,0.14157534246575346,Slow Moving,Slow Moving,0.0,0.03261931734285514,0.9673806826571449
3027,Rexona Shower Fresh 72H 50ml,General Grocery,840.0,850.0,26,22100.0,260.0,11,11,7,3.7142857142857144,7,16,10,0.6153846153846154,148,0.14154109589041095,Slow Moving,Slow Moving,0.0,0.06387922745944113,0.9361207725405588
2155,Multi Plug,General Grocery,180.0,220.0,23,5060.0,920.0,13,13,11,2.090909090909091,5,18,5,0.782608695652174,17,0.14126712328767124,Slow Moving,Slow Moving,0.0,0.0,1.0
2356,Gold Leaf Cool 12s,General Grocery,759.24,780.0,20,15600.0,415.20000000000005,13,13,11,1.8181818181818181,3,14,6,0.7,47,0.14065068493150687,Slow Moving,Slow Moving,0.0,0.0,1.0
1024,Sensodyne75g,General Grocery,354.55,390.0,24,9360.0,850.8,12,12,10,2.4,5,18,6,0.75,22,0.14029680365296804,Slow Moving,Slow Moving,0.0,0.0,1.0
1606,Amin's Black Henna 10g,General Grocery,115.0,125.0,29,3625.0,290.0,12,12,9,3.2222222222222223,8,18,11,0.6206896551724138,135,0.13998858447488582,Slow Moving,Slow Moving,0.0,0.005,0.995
1017,Clogard 70g,General Grocery,180.0,200.0,23,4600.0,460.0,15,15,10,2.3,4,20,3,0.8695652173913043,31,0.13980593607305936,Slow Moving,Slow Moving,0.0,0.0,1.0
3233,Eno Orange 1 Box,General Grocery,2000.0,2100.0,20,42000.0,2000.0,13,13,9,2.2222222222222223,3,17,3,0.85,51,0.13971461187214612,Slow Moving,Slow Moving,0.0,0.003301369863013699,0.9966986301369863
1158,Lifebuoy(anty dandruff)175ml,General Grocery,210.75999999999996,235.0,26,6110.0,630.24,11,11,10,2.6,5,20,6,0.7692307692307693,18,0.13968036529680367,Slow Moving,Slow Moving,0.0,0.0,1.0
1775,Keells Kochchi-Bite 16pcs,General Grocery,285.0,320.0,21,6720.0,735.0,13,13,9,2.3333333333333335,8,10,11,0.47619047619047616,1,0.13819634703196346,Slow Moving,Slow Moving,0.0,0.008229795220886911,0.9917702047791132
1837,Maliban Lemon Puff 100g,General Grocery,67.5,75.0,22,1650.0,165.0,15,14,9,2.4444444444444446,6,15,7,0.6818181818181818,1,0.13792237442922373,Slow Moving,Slow Moving,0.0,0.0,1.0
1780,Farm Frites  French-Fries 1kg,General Grocery,870.0,1405.0,21,29505.0,11235.0,13,13,9,2.3333333333333335,4,13,8,0.6190476190476191,107,0.13789954337899543,Slow Moving,Slow Moving,0.0,0.008615988290616923,0.9913840117093833
1214,Flora Straws,General Grocery,115.0,130.0,22,2860.0,330.0,15,14,11,2.0,3,19,3,0.8636363636363636,28,0.13773972602739726,Slow Moving,Slow Moving,0.0,0.0,1.0
2390,Bite Cassava 1kg,General Grocery,500.0,700.0,17,11900.0,3400.0,13,13,12,1.4166666666666667,3,12,5,0.7058823529411765,25,0.13768264840182648,Slow Moving,Slow Moving,0.0,0.005765582541950305,0.9942344174580496
1409,Prima Burger Bun 130g,"Meat, Fish & Frozen",188.0,200.0,23,4600.0,276.0,15,15,10,2.3,5,20,3,0.8695652173913043,39,0.1374200913242009,Slow Moving,Slow Moving,0.0,0.0,1.0
1581,Ran Kahata 100g,General Grocery,91.0,100.0,26,2600.0,234.0,12,12,9,2.888888888888889,6,18,8,0.6923076923076923,3,0.13715753424657534,Slow Moving,Slow Moving,0.0,0.0,1.0
1615,Bic Flex 3,General Grocery,136.0,150.0,21,3150.0,294.0,13,13,12,1.75,3,15,6,0.7142857142857143,10,0.13692922374429226,Slow Moving,Slow Moving,0.0,0.0,1.0
3249,Bag black,General Grocery,15.0,20.0,27,540.0,135.0,14,14,10,2.7,5,18,9,0.6666666666666666,40,0.13546803652968037,Slow Moving,Slow Moving,0.0,0.002464212678936605,0.9975357873210633
2666,Sausages,General Grocery,320.0,410.0,21,8610.0,1890.0,11,11,11,1.9090909090909092,3,14,7,0.6666666666666666,8,0.1351255707762557,Slow Moving,Slow Moving,0.0,0.0,1.0
2444,Pfanner Green Apple 1L,General Grocery,1500.0,1590.0,20,31800.0,1800.0,11,11,7,2.857142857142857,8,20,0,1.0,6,0.13486301369863013,Slow Moving,Slow Moving,0.0,0.025187371722151655,0.9748126282778483
2448,Keels Kochchi (Chicken sausages)200g,"Meat, Fish & Frozen",234.0,260.0,22,5720.0,572.0,14,14,10,2.2,4,18,4,0.8181818181818182,17,0.13463470319634704,Slow Moving,Slow Moving,0.0,0.0,1.0
2741,Black Knight 50ml,General Grocery,397.32,445.0,24,10680.0,1144.32,12,12,10,2.4,5,17,7,0.7083333333333334,64,0.13353881278538812,Slow Moving,Slow Moving,0.0,0.0,1.0
1778,Keells French-Fries 225g,General Grocery,500.0,560.0,17,9520.0,1020.0,12,12,10,1.7,4,13,4,0.7647058823529411,0,0.13284246575342468,Slow Moving,Slow Moving,0.0,0.0,1.0
2389,Bite mixture 1kg,General Grocery,450.0,600.0,20,12000.0,3000.0,12,12,10,2.0,4,8,12,0.4,8,0.1327283105022831,Slow Moving,Slow Moving,0.0,0.006732217401486782,0.9932677825985131
2415,Camellia Parfum (Energy) 22ml,General Grocery,161.5,190.0,26,4940.0,741.0,12,12,9,2.888888888888889,6,22,4,0.8461538461538461,18,0.1313812785388128,Slow Moving,Slow Moving,0.0,0.0,1.0
3183,Comfort Lily Fresh 210ml,General Grocery,280.0,300.0,20,6000.0,400.0,15,15,11,1.8181818181818181,4,12,8,0.6,87,0.13136986301369863,Slow Moving,Slow Moving,0.0,0.0,1.0
1748,MD Mango jam 500g,General Grocery,300.0,390.0,25,9750.0,2250.0,12,12,9,2.7777777777777777,6,19,6,0.76,39,0.1312442922374429,Slow Moving,Slow Moving,0.0,0.003976897689768976,0.996023102310231
1597,Dettol Hand Sanitizer 200ml,General Grocery,720.0,780.0,21,16380.0,1260.0,10,10,8,2.625,4,18,3,0.8571428571428571,3,0.13001141552511414,Slow Moving,Slow Moving,0.0,0.002464212678936605,0.9975357873210635
1233,N/S Aloe 94% Gel 50ml,General Grocery,289.0,340.0,23,7820.0,1173.0,13,13,9,2.5555555555555554,4,16,7,0.6956521739130435,20,0.12904109589041096,Slow Moving,Slow Moving,0.0,0.0,1.0
2978,Mountan dew 400ml,General Grocery,180.0,200.0,26,5200.0,520.0,12,12,9,2.888888888888889,7,23,3,0.8846153846153846,26,0.12762557077625572,Slow Moving,Slow Moving,0.0,0.002464212678936605,0.9975357873210635
1948,MD Mixed Fruit Jam 150g,General Grocery,250.0,260.0,22,5720.0,220.0,14,14,10,2.2,6,16,6,0.7272727272727273,30,0.12740867579908677,Slow Moving,Slow Moving,0.0,0.002464212678936605,0.9975357873210635
2940,Kinley Soda 400ml,General Grocery,93.0,100.0,19,1900.0,133.0,13,13,12,1.5833333333333333,3,13,6,0.6842105263157895,3,0.1273972602739726,Slow Moving,Slow Moving,0.0,0.0,1.0
2982,Astra 90g,General Grocery,160.0,175.0,18,3150.0,270.0,13,13,11,1.6363636363636365,4,12,6,0.6666666666666666,1,0.12715753424657536,Slow Moving,Slow Moving,0.0,0.0,1.0
1323,Lysol Citrus 200ml,General Grocery,110.0,125.0,23,2875.0,345.0,13,13,12,1.9166666666666667,5,14,9,0.6086956521739131,112,0.12711187214611872,Slow Moving,Slow Moving,0.0,0.0,1.0
2552,AURA Incense Sticks (Sandalwood),General Grocery,80.0,100.0,23,2300.0,460.0,14,14,10,2.3,5,16,7,0.6956521739130435,13,0.12700913242009132,Slow Moving,Slow Moving,0.0,0.002464212678936605,0.9975357873210635
1337,Dettol 110ml,General Grocery,135.0,150.0,24,3600.0,360.0,14,14,9,2.6666666666666665,5,20,4,0.8333333333333334,22,0.12623287671232875,Slow Moving,Slow Moving,0.0,0.0,1.0
3101,Birthday candle number 5,General Grocery,100.0,120.0,23,2760.0,460.0,14,14,11,2.090909090909091,3,18,5,0.782608695652174,76,0.1252054794520548,Slow Moving,Slow Moving,0.0,0.0,1.0
2973,7Up 250ml,General Grocery,100.0,120.0,25,3000.0,500.0,12,12,11,2.272727272727273,5,18,7,0.72,44,0.12461187214611873,Slow Moving,Slow Moving,0.0,0.0,1.0
3258,Khomba original Budget Pack,General Grocery,100.0,125.0,25,3125.0,625.0,13,13,10,2.5,4,14,11,0.56,34,0.12438356164383561,Slow Moving,Slow Moving,0.0,0.0,1.0
1354,aer Pocket (power) 10g,General Grocery,140.0,150.0,25,3750.0,250.0,13,13,9,2.7777777777777777,6,23,2,0.92,22,0.12425799086757991,Slow Moving,Slow Moving,0.0,0.0,1.0
2229,Britol Air Freshener (Rose)45g,General Grocery,100.0,120.0,27,3240.0,540.0,12,12,9,3.0,6,19,8,0.7037037037037037,38,0.12345890410958905,Slow Moving,Slow Moving,0.0,0.0,1.0
2275,MDK Parata Rotti 500g,General Grocery,160.0,170.0,23,3910.0,230.0,12,12,12,1.9166666666666667,5,16,7,0.6956521739130435,158,0.12343607305936073,Slow Moving,Slow Moving,0.0,0.0,1.0
1018,Clogard 120g,General Grocery,230.0,240.0,24,5760.0,240.0,12,12,10,2.4,6,20,4,0.8333333333333334,31,0.12196347031963471,Slow Moving,Slow Moving,0.0,0.0,1.0
1196,Eva Cotton Feel Wings 10p,General Grocery,145.0,165.0,20,3300.0,400.0,12,12,10,2.0,4,16,4,0.8,0,0.1219406392694064,Slow Moving,Slow Moving,0.0,0.0,1.0
1031,Supirivicky mild 70g,General Grocery,81.0,90.0,26,2340.0,234.0,10,10,8,3.25,11,25,1,0.9615384615384616,2,0.12127853881278541,Slow Moving,Slow Moving,0.0,0.02192844546647292,0.9780715545335272
1549,Sriposha 200g,General Grocery,77.0,90.0,26,2340.0,338.0,12,12,9,2.888888888888889,5,15,11,0.5769230769230769,13,0.12126712328767124,Slow Moving,Slow Moving,0.0,0.0,1.0
2546,Morison Gripe Mixture 100ml,General Grocery,127.5,150.0,18,2700.0,405.0,15,15,12,1.5,3,9,9,0.5,46,0.12079908675799088,Slow Moving,Slow Moving,0.0,0.0,1.0
2908,M D Kithul Treacle 750ml,General Grocery,1200.0,1400.0,18,25200.0,3600.0,11,11,9,2.0,4,11,7,0.6111111111111112,14,0.12039954337899544,Slow Moving,Slow Moving,0.0,0.0012233502538071066,0.998776649746193
1319,Lysol Floral 200ml,General Grocery,118.18,130.0,23,2990.0,271.86,12,12,10,2.3,5,17,6,0.7391304347826086,7,0.12005707762557077,Slow Moving,Slow Moving,0.0,0.0,1.0
2373,Dates 1kg,General Grocery,430.0,600.0,17,10200.0,2890.0,14,13,10,1.7,4,15,2,0.8823529411764706,23,0.11973744292237443,Slow Moving,Slow Moving,0.0,0.002464212678936605,0.9975357873210633
2061,Maggi Papare Spicy Chicken 74g,"Meat, Fish & Frozen",59.36,65.0,27,1755.0,152.28,13,13,7,3.857142857142857,11,17,10,0.6296296296296297,23,0.11972602739726029,Slow Moving,Slow Moving,0.0,0.011894167609096703,0.9881058323909033
1027,ayush anti cavity 70g,General Grocery,91.0,105.0,27,2835.0,378.0,11,10,10,2.7,5,11,16,0.4074074074074074,77,0.11947488584474888,Slow Moving,Slow Moving,0.0,0.006399535423925668,0.9936004645760744
2949,Prima Hot Dog Bun 100g,General Grocery,180.0,200.0,26,5200.0,520.0,13,13,8,3.25,7,23,3,0.8846153846153846,266,0.11945205479452056,Slow Moving,Slow Moving,0.0,0.017464212678936605,0.9825357873210635
2314,9X Natural Spray 22ml,General Grocery,150.0,200.0,24,4800.0,1200.0,13,13,9,2.6666666666666665,7,19,5,0.7916666666666666,27,0.11897260273972604,Slow Moving,Slow Moving,0.0,0.006187178693354731,0.9938128213066452
2534,CBL Lemon Wafers 85g,General Grocery,66.0,75.0,20,1500.0,180.0,14,14,10,2.0,4,16,4,0.8,2,0.11878995433789954,Slow Moving,Slow Moving,0.0,0.0,1.0
1055,Feeding Bottle 240ml (Rose),General Grocery,290.0,315.0,21,6615.0,525.0,12,12,10,2.1,4,14,7,0.6666666666666666,11,0.11868721461187215,Slow Moving,Slow Moving,0.0,0.0,1.0
2890,Round Facial Cotton (Flora),General Grocery,506.0,595.0,22,13090.0,1958.0,12,11,8,2.75,7,17,5,0.7727272727272727,26,0.11855022831050228,Slow Moving,Slow Moving,0.0,0.0,1.0
1343,Dettol (Lasting Fresh) 70g,General Grocery,58.57,65.0,24,1560.0,154.32,14,14,10,2.4,5,14,10,0.5833333333333334,31,0.11762557077625571,Slow Moving,Slow Moving,0.0,0.00492842535787321,0.9950715746421268
2364,Fems Aya 10p,General Grocery,88.0,99.0,25,2475.0,275.0,13,13,10,2.5,5,16,9,0.64,44,0.11757990867579908,Slow Moving,Slow Moving,0.0,0.0,1.0
2530,Habala Flakes 1kg,General Grocery,160.0,180.0,21,3780.0,420.0,14,14,11,1.9090909090909092,6,16,5,0.7619047619047619,119,0.11696347031963472,Slow Moving,Slow Moving,0.0,0.0,1.0
1999,Astra Mayonnaise295ml,General Grocery,485.0,495.0,23,11385.0,230.0,11,11,9,2.5555555555555554,5,20,3,0.8695652173913043,34,0.116837899543379,Slow Moving,Slow Moving,0.0,0.005748070370627912,0.9942519296293721
3013,Spinner Booster Shot 180ml,General Grocery,180.0,200.0,19,3800.0,380.0,14,14,10,1.9,4,14,5,0.7368421052631579,8,0.11668949771689499,Slow Moving,Slow Moving,0.0,0.0,1.0
1355,aer Pocket (pteal) 10g,General Grocery,140.0,150.0,26,3900.0,260.0,11,11,9,2.888888888888889,9,12,14,0.46153846153846156,25,0.11560502283105023,Slow Moving,Slow Moving,0.0,0.0,1.0
1745,MD jam cup 100g,General Grocery,45.0,50.0,23,1150.0,115.0,13,13,10,2.3,5,19,4,0.8260869565217391,8,0.11547945205479453,Slow Moving,Slow Moving,0.0,0.0,1.0
2974,7Up 1L,General Grocery,280.0,300.0,20,6000.0,400.0,12,12,11,1.8181818181818181,3,9,11,0.45,20,0.1149543378995434,Slow Moving,Slow Moving,0.0,0.0,1.0
1202,Fems Cotton Feel  10p,General Grocery,124.44,145.0,22,3190.0,452.32,13,13,10,2.2,5,12,10,0.5454545454545454,15,0.11447488584474884,Slow Moving,Slow Moving,0.0,0.0,1.0
1723,LankaSoy (cuttlefish)90g,General Grocery,75.0,85.0,23,1955.0,230.0,14,14,10,2.3,4,22,1,0.9565217391304348,30,0.11397260273972602,Slow Moving,Slow Moving,0.0,0.0,1.0
2413,Camellia Parfum (Sunny) 22ml,General Grocery,161.5,190.0,23,4370.0,655.5,12,12,9,2.5555555555555554,8,17,6,0.7391304347826086,10,0.11312785388127855,Slow Moving,Slow Moving,0.0,0.0,1.0
1352,Air Wick Lavender (4in1) 50g,General Grocery,195.0,225.0,20,4500.0,600.0,13,13,10,2.0,4,10,10,0.5,10,0.11261415525114155,Slow Moving,Slow Moving,0.0,0.0,1.0
1342,Dettol (Orange Burst) 70g,General Grocery,60.0,65.0,20,1300.0,100.0,13,13,10,2.0,4,17,3,0.85,1,0.11228310502283106,Slow Moving,Slow Moving,0.0,0.0,1.0
1609,Gillette Blue2 Plus,General Grocery,62.5,70.0,24,1680.0,180.0,14,14,10,2.4,5,18,6,0.75,69,0.11214611872146119,Slow Moving,Slow Moving,0.0,0.0,1.0
1271,Lifebuoy Total 10 100g,General Grocery,48.0,53.0,25,1325.0,125.0,14,14,9,2.7777777777777777,4,19,6,0.76,35,0.11199771689497717,Slow Moving,Slow Moving,0.0,0.0,1.0
1377,Good knight Advanced,General Grocery,750.0,830.0,23,19090.0,1840.0,10,10,7,3.2857142857142856,7,14,9,0.6086956521739131,161,0.11135844748858446,Slow Moving,Slow Moving,0.0,0.009012078359209908,0.9909879216407902
2429,Jaggery 250g,General Grocery,70.0,90.0,21,1890.0,420.0,13,13,11,1.9090909090909092,5,14,7,0.6666666666666666,19,0.10907534246575343,Slow Moving,Slow Moving,0.0,0.0,1.0
1351,Air Wick Rose 475ml,General Grocery,770.0,830.0,18,14940.0,1080.0,11,11,10,1.8,4,10,8,0.5555555555555556,25,0.10872146118721461,Slow Moving,Slow Moving,0.0,0.0,1.0
3251,aer air freshener 3in1 Jasmine,General Grocery,750.0,800.0,19,15200.0,950.0,11,11,10,1.9,3,11,8,0.5789473684210527,39,0.10787671232876711,Slow Moving,Slow Moving,0.0,0.0016350067842605157,0.9983649932157396
2227,Cavadi Camphor,General Grocery,300.0,350.0,19,6650.0,950.0,12,12,10,1.9,4,13,6,0.6842105263157895,10,0.10756849315068492,Slow Moving,Slow Moving,0.0,0.0,1.0
1623,Choco-La Kiddies 12g,General Grocery,8.0,10.0,24,240.0,48.0,14,14,9,2.6666666666666665,5,21,3,0.875,22,0.10746575342465753,Slow Moving,Slow Moving,0.0,0.0,1.0
1232,N/S Aloe 94% Gel 100ml,General Grocery,560.0,620.0,21,13020.0,1260.0,12,12,9,2.3333333333333335,5,14,7,0.6666666666666666,169,0.10731735159817352,Slow Moving,Slow Moving,0.0,0.0016350067842605157,0.9983649932157396
2214,Amritha Incense Sticks (Red-Rose),General Grocery,125.0,150.0,21,3150.0,525.0,13,13,10,2.1,4,9,12,0.42857142857142855,17,0.10680365296803654,Slow Moving,Slow Moving,0.0,0.0,1.0
1744,MD jam cup100g,General Grocery,45.0,50.0,25,1250.0,125.0,13,13,9,2.7777777777777777,5,17,8,0.68,24,0.1065296803652968,Slow Moving,Slow Moving,0.0,0.0,1.0
1320,Lysol Floral 500ml,General Grocery,218.18,240.0,23,5520.0,501.86,10,10,9,2.5555555555555554,5,14,9,0.6086956521739131,11,0.10585616438356164,Slow Moving,Slow Moving,0.0,0.0,1.0
3135,Marvel Panty Liners,General Grocery,280.0,330.0,19,6270.0,950.0,12,12,11,1.7272727272727273,3,12,7,0.631578947368421,30,0.10550228310502283,Slow Moving,Slow Moving,0.0,0.0,1.0
3115,Bag (Large size),General Grocery,8.0,10.0,23,230.0,46.0,12,12,12,1.9166666666666667,4,10,13,0.43478260869565216,69,0.1053310502283105,Slow Moving,Slow Moving,0.0,0.002464212678936605,0.9975357873210633
2362,Burj Lighter,General Grocery,30.0,50.0,26,1300.0,520.0,13,13,9,2.888888888888889,5,13,13,0.5,92,0.10531963470319636,Slow Moving,Slow Moving,0.0,0.0,1.0
1716,Chicken Family Pack 900g,"Meat, Fish & Frozen",545.0,590.0,18,10620.0,810.0,10,10,9,2.0,4,7,11,0.3888888888888889,4,0.10482876712328767,Slow Moving,Slow Moving,0.0,0.009742480231719282,0.9902575197682808
2040,Edinborough Nelli Syrup 750ml,General Grocery,285.89,360.0,22,7920.0,1630.42,12,12,7,3.142857142857143,6,11,11,0.5,21,0.10441780821917808,Slow Moving,Slow Moving,0.0,0.001965742251223491,0.9980342577487765
1709,Denta Zig Zag (soft),General Grocery,54.0,60.0,24,1440.0,144.0,10,10,8,3.0,9,15,9,0.625,1,0.1040296803652968,Slow Moving,Slow Moving,0.0,0.01442178918020135,0.9855782108197988
1005,Signal Herbal 40g,General Grocery,49.09,54.0,22,1188.0,108.02000000000001,13,12,9,2.4444444444444446,8,15,7,0.6818181818181818,5,0.10361872146118721,Slow Moving,Slow Moving,0.0,0.0,1.0
1212,Flora Paper Serviettes 100s,General Grocery,336.0,395.0,22,8690.0,1298.0,10,10,7,3.142857142857143,6,19,3,0.8636363636363636,10,0.10352739726027396,Slow Moving,Slow Moving,0.0,0.0,1.0
2493,Giniraja Balm 10g,Health & Medicine,82.0,100.0,21,2100.0,378.0,12,12,12,1.75,5,15,6,0.7142857142857143,47,0.10323059360730592,Slow Moving,Slow Moving,0.0,0.0,1.0
1474,Nescafe Classic 100g,General Grocery,1826.48,2000.0,16,32000.0,2776.3199999999997,8,8,8,2.0,4,13,3,0.8125,14,0.10255707762557079,Slow Moving,Slow Moving,0.0,0.002464212678936605,0.9975357873210635
2529,Brown Suger 1kg,General Grocery,240.0,280.0,20,5600.0,800.0,13,13,9,2.2222222222222223,6,17,3,0.85,16,0.10221461187214613,Slow Moving,Slow Moving,0.0,0.0,1.0
2202,Bawani Pappadam 70g,General Grocery,73.0,83.0,25,2075.0,250.0,12,12,9,2.7777777777777777,5,18,7,0.72,25,0.10198630136986302,Slow Moving,Slow Moving,0.0,0.0,1.0
3114,Bag (Medium size),General Grocery,3.0,5.0,23,115.0,46.0,13,13,11,2.090909090909091,5,8,15,0.34782608695652173,98,0.1010730593607306,Slow Moving,Slow Moving,0.0,0.002464212678936605,0.9975357873210633
1304,Clorex  500ml,General Grocery,185.0,220.0,25,5500.0,875.0,12,11,7,3.5714285714285716,8,24,1,0.96,140,0.10075342465753424,Slow Moving,Slow Moving,0.0,0.0,1.0
2215,Amritha Incense Sticks (gia),General Grocery,85.0,100.0,24,2400.0,360.0,12,12,9,2.6666666666666665,6,16,8,0.6666666666666666,21,0.10049086757990867,Slow Moving,Slow Moving,0.0,0.0,1.0
1629,Ritzbury  Choco-la(Peanut) 50g,General Grocery,54.0,60.0,20,1200.0,120.0,13,12,10,2.0,6,16,4,0.8,5,0.10034246575342466,Slow Moving,Slow Moving,0.0,0.0,1.0
1169,Head & Shoulders 70ml,General Grocery,200.0,230.0,24,5520.0,720.0,11,11,9,2.6666666666666665,5,12,12,0.5,50,0.09966894977168948,Slow Moving,Slow Moving,0.0,0.0,1.0
2386,Snickers 32g,General Grocery,118.71,135.0,25,3375.0,407.25,12,12,9,2.7777777777777777,8,12,13,0.48,193,0.09965753424657534,Slow Moving,Slow Moving,0.0,0.0016350067842605157,0.9983649932157396
2772,Wijaya Coriander Seeds 100g,General Grocery,66.0,75.0,20,1500.0,180.0,14,14,9,2.2222222222222223,6,14,6,0.7,7,0.09882420091324201,Slow Moving,Slow Moving,0.0,0.0,1.0
2549,AURA Incense Sticks (Araliya),General Grocery,80.0,100.0,23,2300.0,460.0,12,12,10,2.3,6,16,7,0.6956521739130435,29,0.0984931506849315,Slow Moving,Slow Moving,0.0,0.0,1.0
2117,Signal Fighter (T.B),General Grocery,51.0,62.0,25,1550.0,275.0,13,13,9,2.7777777777777777,8,20,5,0.8,84,0.09811643835616438,Slow Moving,Slow Moving,0.0,0.0,1.0
2663,Dialog,General Grocery,48.0,50.0,24,1200.0,48.0,12,12,8,3.0,5,20,4,0.8333333333333334,8,0.09775114155251143,Slow Moving,Slow Moving,0.0,0.003301369863013699,0.9966986301369863
2631,Prima KottuMee (Cup) 64g,General Grocery,94.5,105.0,22,2310.0,231.0,13,13,8,2.75,5,12,10,0.5454545454545454,10,0.09761415525114156,Slow Moving,Slow Moving,0.0,0.0,1.0
2483,Ritzbury Black Magic 20g,General Grocery,18.0,20.0,25,500.0,50.0,13,13,9,2.7777777777777777,7,23,2,0.92,50,0.09571917808219177,Slow Moving,Slow Moving,0.0,0.0,1.0
1545,Astra Fat-Spread 250g,General Grocery,530.0,580.0,19,11020.0,950.0,10,10,8,2.375,6,13,6,0.6842105263157895,10,0.09522831050228311,Slow Moving,Slow Moving,0.0,0.0,1.0
1049,Lacto Calamine powder 70g,General Grocery,320.0,360.0,19,6840.0,760.0,13,13,9,2.111111111111111,5,16,3,0.8421052631578947,32,0.09393835616438356,Slow Moving,Slow Moving,0.0,0.0,1.0
1945,Sunquick Orange 330ml,General Grocery,350.0,420.0,18,7560.0,1260.0,14,14,9,2.0,5,14,4,0.7777777777777778,228,0.09343607305936075,Slow Moving,Slow Moving,0.0,0.0029430334109964026,0.9970569665890037
2487,Ritzbury Popit 9g,General Grocery,9.0,10.0,23,230.0,23.0,12,12,11,2.090909090909091,3,13,10,0.5652173913043478,67,0.09340182648401825,Slow Moving,Slow Moving,0.0,0.002464212678936605,0.9975357873210633
2156,Philips Classic Tone 40W,General Grocery,90.0,100.0,21,2100.0,210.0,12,12,10,2.1,4,16,5,0.7619047619047619,14,0.09305936073059361,Slow Moving,Slow Moving,0.0,0.0,1.0
2149,Prima Kottu Mee 67g,General Grocery,100.0,105.0,21,2205.0,105.0,13,12,8,2.625,8,18,3,0.8571428571428571,9,0.091837899543379,Slow Moving,Slow Moving,0.0,0.0,1.0
1000,signal strong teeth 40g,General Grocery,50.89999999999999,56.0,21,1176.0,107.1,13,13,11,1.9090909090909092,3,5,16,0.23809523809523808,87,0.0916095890410959,Slow Moving,Slow Moving,0.0,0.0032700135685210315,0.996729986431479
1415,Tipi Tip Onion 50g,General Grocery,88.0,100.0,20,2000.0,240.0,13,13,11,1.8181818181818181,4,13,7,0.65,53,0.09156392694063926,Slow Moving,Slow Moving,0.0,0.0,1.0
2734,Kist Mixed Fruit Jam 510g,General Grocery,301.5,335.0,22,7370.0,737.0,11,11,8,2.75,5,17,5,0.7727272727272727,37,0.09114155251141551,Slow Moving,Slow Moving,0.0,0.0,1.0
2898,Samahan(30pkt),Health & Medicine,1600.0,1800.0,14,25200.0,2800.0,8,8,8,1.75,5,6,8,0.42857142857142855,23,0.0906164383561644,Slow Moving,Slow Moving,0.0,0.005734226247457636,0.9942657737525424
2414,Camellia Parfum (Classy) 22ml,General Grocery,161.5,190.0,22,4180.0,627.0,13,13,8,2.75,7,16,6,0.7272727272727273,75,0.08864155251141553,Slow Moving,Slow Moving,0.0,0.0,1.0
2999,P.7Up 1.5L,General Grocery,380.0,400.0,21,8400.0,420.0,10,10,9,2.3333333333333335,5,12,9,0.5714285714285714,58,0.08619863013698631,Slow Moving,Slow Moving,0.0,0.0,1.0
1198,Eva Dritex Wings 1p,General Grocery,12.0,15.0,24,360.0,72.0,12,12,10,2.4,7,19,5,0.7916666666666666,124,0.086175799086758,Slow Moving,Slow Moving,0.0,0.0,1.0
1710,Denta Zig Zag (medium),General Grocery,100.0,130.0,22,2860.0,660.0,13,13,9,2.4444444444444446,5,13,9,0.5909090909090909,114,0.08608447488584475,Slow Moving,Slow Moving,0.0,0.0,1.0
2159,Philips Classic Tone 100w,General Grocery,90.0,100.0,23,2300.0,230.0,12,12,8,2.875,6,20,3,0.8695652173913043,23,0.08581050228310502,Slow Moving,Slow Moving,0.0,0.0,1.0
1033,Sudantha 45g,General Grocery,64.0,70.0,26,1820.0,156.0,11,10,6,4.333333333333333,6,20,6,0.7692307692307693,46,0.08542237442922375,Slow Moving,Slow Moving,0.0,0.006151775611680317,0.9938482243883198
2211,Amritha Incense Sticks (Lavender),General Grocery,120.0,150.0,20,3000.0,600.0,13,13,10,2.0,6,17,3,0.85,101,0.08401826484018265,Slow Moving,Slow Moving,0.0,0.0,1.0
2648,Link Samahan 1pkt,Health & Medicine,22.5,25.0,20,500.0,50.0,12,12,9,2.2222222222222223,6,16,4,0.8,3,0.0830365296803653,Slow Moving,Slow Moving,0.0,0.0,1.0
3134,Marvel Tampons Regular Flow,General Grocery,616.0,800.0,17,13600.0,3128.0,10,10,9,1.8888888888888888,3,9,8,0.5294117647058824,39,0.08236301369863012,Slow Moving,Slow Moving,0.0,0.002464212678936605,0.9975357873210633
1727,LankaSoy (devilled chicken)90g,"Meat, Fish & Frozen",80.0,90.0,20,1800.0,200.0,12,12,10,2.0,4,16,4,0.8,16,0.08213470319634704,Slow Moving,Slow Moving,0.0,0.0,1.0
3103,Birthday Candle,General Grocery,100.0,120.0,20,2400.0,400.0,12,11,9,2.2222222222222223,6,18,2,0.9,10,0.0819406392694064,Slow Moving,Slow Moving,0.0,0.0,1.0
2834,Signal New Formula 40g,General Grocery,50.0,56.0,20,1120.0,120.0,11,11,9,2.2222222222222223,4,19,1,0.95,2,0.08113013698630137,Slow Moving,Slow Moving,0.0,0.0,1.0
3100,Birthday candle number 4,General Grocery,100.0,120.0,21,2520.0,420.0,11,11,10,2.1,5,20,1,0.9523809523809523,28,0.08065068493150684,Slow Moving,Slow Moving,0.0,0.0,1.0
1512,E/H Bubble Gummy,General Grocery,52.0,60.0,22,1320.0,176.0,13,13,9,2.4444444444444446,5,14,8,0.6363636363636364,43,0.08042237442922374,Slow Moving,Slow Moving,0.0,0.0,1.0
1309,BIO Clean (Aqua) 500ml,General Grocery,185.0,215.0,22,4730.0,660.0,10,10,8,2.75,5,17,5,0.7727272727272727,25,0.08014840182648401,Slow Moving,Slow Moving,0.0,0.0,1.0
1786,Asiri Ddevilled Peanuts 100g,General Grocery,108.0,135.0,19,2565.0,513.0,12,12,10,1.9,5,9,10,0.47368421052631576,24,0.07740867579908677,Slow Moving,Slow Moving,0.0,0.0,1.0
2376,Flora Paper Plates 7'',General Grocery,72.0,125.0,17,2125.0,901.0,11,11,8,2.125,4,11,6,0.6470588235294118,0,0.07713470319634703,Slow Moving,Slow Moving,0.0,0.0,1.0
1896,Comfort Shine & Freshness 220ml,General Grocery,210.0,230.0,20,4600.0,400.0,11,11,9,2.2222222222222223,5,11,9,0.55,24,0.07711187214611873,Slow Moving,Slow Moving,0.0,0.0,1.0
2610,Wijaya Roasted Fenugreek 100g,General Grocery,60.0,70.0,20,1400.0,200.0,12,12,9,2.2222222222222223,4,11,9,0.55,9,0.07690639269406394,Slow Moving,Slow Moving,0.0,0.0,1.0
1315,Lysol Pine 200ml,General Grocery,110.0,125.0,21,2625.0,315.0,12,11,9,2.3333333333333335,5,10,11,0.47619047619047616,39,0.07474885844748858,Slow Moving,Slow Moving,0.0,0.0,1.0
2287,ProMate (CR200=),General Grocery,232.0,290.0,20,5800.0,1160.0,11,11,8,2.5,4,13,7,0.65,27,0.07470319634703196,Slow Moving,Slow Moving,0.0,0.0,1.0
3084,Flora Cotton Buds 100 paper stems,General Grocery,210.0,225.0,20,4500.0,300.0,10,10,9,2.2222222222222223,5,15,5,0.75,21,0.07465753424657534,Slow Moving,Slow Moving,0.0,0.0,1.0
2060,Maggi Chicken Cubes 4g,"Meat, Fish & Frozen",10.0,25.0,17,425.0,255.0,11,11,9,1.8888888888888888,4,13,4,0.7647058823529411,0,0.07447488584474886,Slow Moving,Slow Moving,0.0,0.0,1.0
1726,LankaSoy (devilled cuttlefish)90g,General Grocery,80.0,90.0,22,1980.0,220.0,11,11,9,2.4444444444444446,5,14,8,0.6363636363636364,27,0.07351598173515983,Slow Moving,Slow Moving,0.0,0.0,1.0
1950,MD Mixed Fruit Jam 300g,General Grocery,227.5,250.0,21,5250.0,472.5,10,10,8,2.625,5,17,4,0.8095238095238095,33,0.07287671232876713,Slow Moving,Slow Moving,0.0,0.0,1.0
1405,Prima White Bread 500g,General Grocery,445.5,495.0,18,8910.0,891.0,10,10,9,2.0,4,12,6,0.6666666666666666,49,0.07238584474885845,Slow Moving,Slow Moving,0.0,0.0,1.0
3005,Sun Crush Appifuz Red 250ml,General Grocery,140.0,150.0,23,3450.0,230.0,10,10,8,2.875,6,18,5,0.782608695652174,65,0.07226027397260273,Slow Moving,Slow Moving,0.0,0.0,1.0
2491,Chandanalepa Charcoal 100g,General Grocery,159.9,195.0,18,3510.0,631.8000000000001,11,11,10,1.8,4,8,10,0.4444444444444444,27,0.0709931506849315,Slow Moving,Slow Moving,0.0,0.0,1.0
3098,Candles 8pcs Large Sangeetha,General Grocery,500.0,520.0,19,9880.0,380.0,9,9,8,2.375,7,17,2,0.8947368421052632,64,0.0696689497716895,Slow Moving,Slow Moving,0.0,0.002464212678936605,0.9975357873210633
1990,KIST Kithul Treacle340ml,General Grocery,270.0,280.0,22,6160.0,220.0,9,9,7,3.142857142857143,5,13,9,0.5909090909090909,256,0.06926940639269405,Slow Moving,Slow Moving,0.0,0.007464212678936606,0.9925357873210633
1263,LUX Nature Pure 100g,General Grocery,58.0,65.0,18,1170.0,126.0,9,9,8,2.25,4,6,12,0.3333333333333333,0,0.0690068493150685,Slow Moving,Slow Moving,0.0,0.002464212678936605,0.9975357873210635
1796,Asiri Hot-Mix 60g,General Grocery,48.0,60.0,16,960.0,192.0,12,12,8,2.0,4,15,1,0.9375,1,0.06832191780821918,Slow Moving,Slow Moving,0.0,0.0,1.0
2187,Wijaya Garcinia 50g,General Grocery,40.0,45.0,18,810.0,90.0,12,12,10,1.8,5,12,6,0.6666666666666666,16,0.06768264840182649,Slow Moving,Slow Moving,0.0,0.0,1.0
3031,Rexona Aloe Vera 72H 25ml,General Grocery,460.0,470.0,18,8460.0,180.0,8,8,7,2.5714285714285716,5,11,7,0.6111111111111112,25,0.06478310502283105,Slow Moving,Slow Moving,0.0,0.002464212678936605,0.9975357873210633
2886,Pedigree (puppy)370g,General Grocery,615.52,700.0,18,12600.0,1520.6399999999999,6,6,6,3.0,5,7,11,0.3888888888888889,79,0.06471461187214612,Slow Moving,Slow Moving,0.0,0.023656975465882916,0.976343024534117
1590,Lifebuoy Hand Sanitizer 50ml,General Grocery,145.0,175.0,20,3500.0,600.0,10,10,7,2.857142857142857,5,19,1,0.95,15,0.06461187214611872,Slow Moving,Slow Moving,0.0,0.002464212678936605,0.9975357873210635
1258,ayush Saffron 100g,General Grocery,68.0,75.0,18,1350.0,126.0,11,11,10,1.8,4,12,6,0.6666666666666666,16,0.06353881278538813,Slow Moving,Slow Moving,0.0,0.0,1.0
2446,Keels Frankie (Chicken sausages)100g,"Meat, Fish & Frozen",135.0,150.0,20,3000.0,300.0,11,11,8,2.5,5,14,6,0.7,24,0.0630365296803653,Slow Moving,Slow Moving,0.0,0.0,1.0
1711,Clogard Chooty (tooth-brush),General Grocery,45.0,50.0,21,1050.0,105.0,12,11,9,2.3333333333333335,6,19,2,0.9047619047619048,50,0.0620662100456621,Slow Moving,Slow Moving,0.0,0.0,1.0
1132,Ponds BB+ 9g,General Grocery,260.0,290.0,20,5800.0,600.0,10,9,6,3.3333333333333335,7,19,1,0.95,42,0.06146118721461187,Slow Moving,Slow Moving,0.0,0.0,1.0
2086,Elephant House Tonic 500ml,General Grocery,180.0,200.0,17,3400.0,340.0,12,12,6,2.8333333333333335,5,7,10,0.4117647058823529,14,0.06052511415525115,Slow Moving,Slow Moving,0.0,0.004936376647274214,0.9950636233527257
1047,Silicon Teat (s) new,General Grocery,108.0,120.0,17,2040.0,204.0,9,9,9,1.8888888888888888,3,11,6,0.6470588235294118,4,0.06045662100456622,Slow Moving,Slow Moving,0.0,0.0,1.0
1698,Paris Talc (floral)85g,General Grocery,89.69,100.0,19,1900.0,195.89,9,9,9,2.111111111111111,5,11,8,0.5789473684210527,9,0.060342465753424654,Slow Moving,Slow Moving,0.0,0.0,1.0
1029,Kekulu 40g,General Grocery,91.0,100.0,19,1900.0,171.0,12,12,10,1.9,3,15,4,0.7894736842105263,268,0.06004566210045662,Slow Moving,Slow Moving,0.0,0.0016350067842605157,0.9983649932157393
1985,KIST Tomato Sauce200g,General Grocery,160.0,170.0,19,3230.0,190.0,12,11,9,2.111111111111111,4,15,4,0.7894736842105263,209,0.05958904109589041,Slow Moving,Slow Moving,0.0,0.0,1.0
2857,Flora Facial Tissue,General Grocery,80.0,90.0,20,1800.0,200.0,10,10,8,2.5,5,15,5,0.75,11,0.05938356164383562,Slow Moving,Slow Moving,0.0,0.0,1.0
1380,Siddhalepa Balm 15g,Health & Medicine,139.5,155.0,20,3100.0,310.0,12,11,8,2.5,5,12,8,0.6,332,0.05796803652968037,Slow Moving,Slow Moving,0.0,0.02111560405122794,0.978884395948772
1763,Keells Chicken Sausages 250g,"Meat, Fish & Frozen",295.0,335.0,17,5695.0,680.0,12,12,8,2.125,6,12,5,0.7058823529411765,95,0.05772831050228311,Slow Moving,Slow Moving,0.0,0.0,1.0
2558,Dettol Original (Promo),General Grocery,103.6,130.0,18,2340.0,475.2,11,11,9,2.0,7,13,5,0.7222222222222222,20,0.05764840182648402,Slow Moving,Slow Moving,0.0,0.0,1.0
2753,Plastic Cloth Clips 24,General Grocery,100.0,130.0,21,2730.0,630.0,11,11,8,2.625,5,11,10,0.5238095238095238,108,0.057591324200913244,Slow Moving,Slow Moving,0.0,0.0,1.0
1509,E/H Wonder Choc Shock,General Grocery,52.0,60.0,19,1140.0,152.0,9,9,7,2.7142857142857144,4,15,4,0.7894736842105263,3,0.05713470319634703,Slow Moving,Slow Moving,0.0,0.005,0.995
1616,Bic Twin Lady,General Grocery,58.0,65.0,20,1300.0,140.0,11,11,10,2.0,3,10,10,0.5,93,0.05703196347031963,Slow Moving,Slow Moving,0.0,0.0,1.0
1175,Veet Normal Skin 25g,General Grocery,180.0,200.0,21,4200.0,420.0,8,8,7,3.0,6,21,0,1.0,51,0.056849315068493146,Slow Moving,Slow Moving,0.0,0.0012233502538071066,0.998776649746193
2601,Eno (Orange) 5g,General Grocery,60.0,70.0,19,1330.0,190.0,11,11,8,2.375,5,12,7,0.631578947368421,10,0.05681506849315069,Slow Moving,Slow Moving,0.0,0.0,1.0
2377,Shanthi Sambarani 50g,General Grocery,33.33,50.0,20,1000.0,333.4,11,11,9,2.2222222222222223,5,17,3,0.85,23,0.056792237442922375,Slow Moving,Slow Moving,0.0,0.0,1.0
2405,Maggi Daiya (Spicy Blast) 76g,General Grocery,63.93,70.0,19,1330.0,115.33000000000001,12,12,9,2.111111111111111,4,12,7,0.631578947368421,31,0.056095890410958915,Slow Moving,Slow Moving,0.0,0.0,1.0
1949,MD Mixed Fruit Jam 225g,General Grocery,300.0,320.0,13,4160.0,260.0,10,10,7,1.8571428571428572,4,10,3,0.7692307692307693,9,0.054212328767123286,Slow Moving,Slow Moving,0.0,0.0,1.0
2084,Elephant House Soda 500ml,General Grocery,105.0,120.0,15,1800.0,225.0,9,9,8,1.875,5,14,1,0.9333333333333333,2,0.05418949771689498,Slow Moving,Slow Moving,0.0,0.0,1.0
2793,Laxapana Alkaline AA,General Grocery,74.83,85.0,20,1700.0,203.4,11,11,7,2.857142857142857,4,16,4,0.8,20,0.05372146118721461,Slow Moving,Slow Moving,0.0,0.002464212678936605,0.9975357873210635
3120,Chickpeas (Samuel's Product) 250g,General Grocery,150.0,165.0,17,2805.0,255.0,10,10,7,2.4285714285714284,6,5,12,0.29411764705882354,8,0.05367579908675799,Slow Moving,Slow Moving,0.0,0.0,1.0
3122,White Kawpi (Samuel's Product) 250g,General Grocery,200.0,230.0,18,4140.0,540.0,11,11,8,2.25,4,13,5,0.7222222222222222,44,0.0528310502283105,Slow Moving,Slow Moving,0.0,0.0,1.0
1283,Shield 100g,General Grocery,48.0,53.0,22,1166.0,110.0,11,11,6,3.6666666666666665,6,14,8,0.6363636363636364,46,0.052545662100456615,Slow Moving,Slow Moving,0.0,0.0,1.0
1378,Siddhalepa Balm 5g,Health & Medicine,54.0,60.0,20,1200.0,120.0,12,12,9,2.2222222222222223,5,15,5,0.75,132,0.052500000000000005,Slow Moving,Slow Moving,0.0,0.0,1.0
1046,Silicon Teat (s),General Grocery,92.0,100.0,19,1900.0,152.0,11,11,8,2.375,7,17,2,0.8947368421052632,21,0.05186073059360731,Slow Moving,Slow Moving,0.0,0.014785276073619633,0.9852147239263802
2998,P.7Up 400ml,General Grocery,180.0,200.0,17,3400.0,340.0,10,10,7,2.4285714285714284,4,16,1,0.9411764705882353,13,0.05181506849315069,Slow Moving,Slow Moving,0.0,0.0,1.0
1245,Rexona Men Ice Cool 25ml,General Grocery,225.0,250.0,17,4250.0,425.0,11,11,9,1.8888888888888888,5,11,6,0.6470588235294118,224,0.04933789954337899,Slow Moving,Slow Moving,0.0,0.0,1.0
2220,Soorya Incense Sticks,General Grocery,70.0,80.0,20,1600.0,200.0,10,10,7,2.857142857142857,6,15,5,0.75,21,0.04844748858447489,Slow Moving,Slow Moving,0.0,0.00492842535787321,0.9950715746421268
2833,Signal New Formula 160g,General Grocery,145.0,160.0,18,2880.0,270.0,12,12,8,2.25,7,13,5,0.7222222222222222,164,0.04801369863013699,Slow Moving,Slow Moving,0.0,0.0,1.0
3113,Bag (Chicken Size),"Meat, Fish & Frozen",2.0,3.0,18,54.0,18.0,11,11,8,2.25,4,10,8,0.5555555555555556,11,0.047363013698630135,Slow Moving,Slow Moving,0.0,0.0,1.0
3008,Sun Crush Mangaa Fizz 250ml,General Grocery,140.0,150.0,20,3000.0,200.0,10,10,8,2.5,5,10,10,0.5,166,0.04707762557077626,Slow Moving,Slow Moving,0.0,0.0,1.0
1730,FortuneSoya (chicken)90g,"Meat, Fish & Frozen",65.0,75.0,17,1275.0,170.0,9,9,8,2.125,4,10,7,0.5882352941176471,6,0.046358447488584476,Slow Moving,Slow Moving,0.0,0.0,1.0
1179,Voodoo Talc 100g,General Grocery,105.0,135.0,17,2295.0,510.0,8,8,6,2.8333333333333335,6,11,6,0.6470588235294118,7,0.045559360730593614,Slow Moving,Slow Moving,0.0,0.005765582541950305,0.9942344174580497
1976,Edinborough Fish Sauce350ml,"Meat, Fish & Frozen",340.0,350.0,17,5950.0,170.0,9,9,8,2.125,4,9,8,0.5294117647058824,101,0.04521689497716895,Slow Moving,Slow Moving,0.0,0.0,1.0
1810,SCAN Jumbo Peanut 15g,General Grocery,50.0,60.0,21,1260.0,210.0,11,10,7,3.0,6,13,8,0.6190476190476191,112,0.044486301369863014,Slow Moving,Slow Moving,0.0,0.0,1.0
1782,MDK Chinese Rolls (Chicken) 5pcs,"Meat, Fish & Frozen",125.0,144.0,20,2880.0,380.0,9,9,8,2.5,3,15,5,0.75,113,0.0443607305936073,Slow Moving,Slow Moving,0.0,0.003301369863013699,0.9966986301369863
2824,Dimo Lumin AA,General Grocery,37.83,55.0,18,990.0,309.06,11,11,9,2.0,4,11,7,0.6111111111111112,30,0.043664383561643844,Slow Moving,Slow Moving,0.0,0.0,1.0
3099,Candles 8pcs Large star,General Grocery,380.0,400.0,17,6800.0,340.0,8,8,6,2.8333333333333335,4,7,10,0.4117647058823529,119,0.04256849315068493,Slow Moving,Slow Moving,0.0,0.0016350067842605157,0.9983649932157396
1321,Lysol Lavender 200ml,General Grocery,110.0,125.0,18,2250.0,270.0,8,8,6,3.0,7,16,2,0.8888888888888888,17,0.03993150684931507,Slow Moving,Slow Moving,0.0,0.0,1.0
1010,Signal 123 120g,General Grocery,135.0,150.0,17,2550.0,255.0,8,8,7,2.4285714285714284,5,11,6,0.6470588235294118,18,0.038002283105022835,Slow Moving,Slow Moving,0.0,0.002464212678936605,0.9975357873210635
1249,Velvet 100g (Kohomba & Aloe),General Grocery,59.0,65.0,17,1105.0,102.0,12,12,9,1.8888888888888888,4,14,3,0.8235294117647058,237,0.0367351598173516,Slow Moving,Slow Moving,0.0,0.0,1.0
2148,Hose,General Grocery,700.0,800.0,9,7200.0,900.0,6,6,5,1.8,3,6,3,0.6666666666666666,123,0.03628995433789954,Slow Moving,Slow Moving,0.0,0.0,1.0
1106,B K After Shave 50ml,General Grocery,320.0,340.0,16,5440.0,320.0,7,7,7,2.2857142857142856,5,14,2,0.875,240,0.03264840182648402,Slow Moving,Slow Moving,0.0,0.0,1.0
2505,Happydent Chewing Gum,General Grocery,65.0,75.0,18,1350.0,180.0,9,9,6,3.0,6,18,0,1.0,24,0.031632420091324207,Slow Moving,Slow Moving,0.0,0.0013995354239256677,0.9986004645760744
2855,Laxapana AAA,General Grocery,100.0,125.0,18,2250.0,450.0,10,10,7,2.5714285714285716,4,15,3,0.8333333333333334,182,0.029463470319634703,Slow Moving,Slow Moving,0.0,0.0,1.0
1833,Maliban Gold Marie 330g,General Grocery,157.5,210.0,17,3570.0,892.5,8,8,7,2.4285714285714284,5,10,7,0.5882352941176471,231,0.028573059360730593,Slow Moving,Slow Moving,0.0,0.0,1.0
1543,Astra Fat-Spread 40g,General Grocery,80.0,100.0,17,1700.0,340.0,10,10,8,2.125,3,13,4,0.7647058823529411,49,0.027773972602739724,Slow Moving,Slow Moving,0.0,0.0,1.0
2846,Heavenly Crunch Cone,General Grocery,92.4,110.0,18,1980.0,316.8,10,10,7,2.5714285714285716,6,15,3,0.8333333333333334,250,0.02704337899543379,Slow Moving,Slow Moving,0.0,0.0,1.0
2363,Nail Clippers,General Grocery,50.0,70.0,16,1120.0,320.0,10,9,8,2.0,7,11,5,0.6875,29,0.02664383561643836,Slow Moving,Slow Moving,0.0,0.0,1.0
2955,Uswatte March Mallows 50g,General Grocery,80.0,100.0,14,1400.0,280.0,10,10,8,1.75,4,9,5,0.6428571428571429,31,0.02615296803652968,Slow Moving,Slow Moving,0.0,0.0,1.0
2705,BIC Shaving Foam (Sensitive) 100ml,General Grocery,450.0,500.0,9,4500.0,450.0,8,8,5,1.8,4,8,1,0.8888888888888888,249,0.02506849315068493,Slow Moving,Slow Moving,0.0,0.0,1.0
2481,Ritzbury Chunky Choc 120g,General Grocery,117.0,130.0,17,2210.0,221.0,8,8,8,2.125,5,10,7,0.5882352941176471,76,0.0246689497716895,Slow Moving,Slow Moving,0.0,0.0,1.0
1707,ayush whitening 120g,General Grocery,150.0,165.0,16,2640.0,240.0,9,9,8,2.0,7,15,1,0.9375,212,0.02453196347031963,Slow Moving,Slow Moving,0.0,0.0,1.0
1267,Lifebuoy Herbal 100g,General Grocery,48.0,53.0,17,901.0,85.0,9,9,8,2.125,6,9,8,0.5294117647058824,34,0.02417808219178082,Slow Moving,Slow Moving,0.0,0.0,1.0
1261,LUX Rose & Vitamin E 100g,Health & Medicine,72.0,80.0,16,1280.0,128.0,6,6,6,2.6666666666666665,5,12,4,0.75,20,0.022785388127853884,Slow Moving,Slow Moving,0.0,0.012410528947161839,0.9875894710528382
2894,Gold Marie 165g,General Grocery,153.0,170.0,17,2890.0,289.0,8,8,5,3.4,10,16,1,0.9411764705882353,215,0.022739726027397263,Slow Moving,Slow Moving,0.0,0.005765582541950305,0.9942344174580497
1259,LUX Aloevera & Camellia 100g,General Grocery,62.0,70.0,14,980.0,112.0,9,9,8,1.75,4,8,6,0.5714285714285714,27,0.02271689497716895,Slow Moving,Slow Moving,0.0,0.0,1.0
1712,Clogard Smart-Plus,General Grocery,52.0,57.0,14,798.0,70.0,10,10,9,1.5555555555555556,4,7,7,0.5,101,0.02166666666666667,Slow Moving,Slow Moving,0.0,0.0,1.0
1281,Lifebuoy Mild Care 200g,General Grocery,90.0,96.0,14,1344.0,84.0,9,9,9,1.5555555555555556,3,7,7,0.5,129,0.020936073059360728,Slow Moving,Slow Moving,0.0,0.0,1.0
1766,Keells Chicken Meatballs 200g,"Meat, Fish & Frozen",185.0,210.0,12,2520.0,300.0,8,8,7,1.7142857142857142,3,5,7,0.4166666666666667,75,0.018812785388127855,Slow Moving,Slow Moving,0.0,0.002464212678936605,0.9975357873210635
2350,Gold Leaf 1s,General Grocery,154.78,160.0,14,2240.0,73.08,9,8,7,2.0,4,8,6,0.5714285714285714,149,0.017420091324200915,Slow Moving,Slow Moving,0.0,0.0,1.0
2351,J.P. Gold 1s,General Grocery,43.6,45.0,17,765.0,23.8,8,8,7,2.4285714285714284,4,17,0,1.0,58,0.014771689497716895,Slow Moving,Slow Moving,0.0,0.0,1.0
